timestamp,elapsed_sec,cycle_index,finger,stage,max_temp_c,mean_temp_c,chunk_index,m01_temp_c,m02_temp_c,m03_temp_c,m04_temp_c,m05_temp_c,m06_temp_c,m07_temp_c,m08_temp_c,m09_temp_c,m10_temp_c,m11_temp_c,m12_temp_c,m13_temp_c,m14_temp_c,m15_temp_c,m16_temp_c
2025-12-25T09:11:10.172559,0.309,0,Init,open,48.0,33.9375,0,31.0,30.0,29.0,30.0,30.0,28.0,29.0,29.0,29.0,31.0,31.0,48.0,45.0,41.0,42.0,40.0
2025-12-25T09:11:10.572525,0.705,1,Thumb,motor_13_flexed,48.0,33.875,0,31.0,30.0,29.0,30.0,30.0,28.0,29.0,29.0,29.0,31.0,31.0,48.0,45.0,41.0,42.0,39.0
2025-12-25T09:11:12.460447,2.601,1,Thumb,motor_13_open,48.0,33.875,0,31.0,30.0,29.0,30.0,30.0,28.0,29.0,29.0,29.0,31.0,31.0,48.0,45.0,41.0,42.0,39.0
2025-12-25T09:11:13.356395,3.496,2,Thumb,motor_14_flexed,48.0,33.8125,0,31.0,30.0,29.0,30.0,30.0,28.0,29.0,29.0,29.0,31.0,31.0,48.0,45.0,40.0,42.0,39.0
2025-12-25T09:11:15.244293,5.38,2,Thumb,motor_14_open,48.0,33.8125,0,31.0,30.0,29.0,30.0,30.0,28.0,29.0,29.0,29.0,31.0,31.0,48.0,45.0,40.0,42.0,39.0
2025-12-25T09:11:16.140247,6.276,3,Thumb,motor_12_flexed,48.0,33.875,0,31.0,30.0,29.0,30.0,30.0,28.0,29.0,29.0,29.0,31.0,31.0,48.0,45.0,40.0,41.0,41.0
2025-12-25T09:11:18.028143,8.167,3,Thumb,motor_12_open,48.0,33.8125,0,31.0,30.0,29.0,30.0,30.0,28.0,29.0,29.0,29.0,31.0,31.0,48.0,45.0,40.0,42.0,39.0
2025-12-25T09:11:18.924118,9.062,4,Index,motor_2_flexed,48.0,33.875,0,31.0,30.0,29.0,30.0,30.0,28.0,29.0,29.0,29.0,31.0,31.0,48.0,45.0,40.0,42.0,40.0
2025-12-25T09:11:20.812021,10.947,4,Index,motor_2_open,48.0,33.8125,0,31.0,30.0,29.0,30.0,30.0,28.0,29.0,29.0,29.0,31.0,31.0,48.0,45.0,40.0,42.0,39.0
2025-12-25T09:11:21.707976,11.846,5,Index,motor_1_flexed,48.0,34.0,0,31.0,30.0,29.0,30.0,30.0,28.0,29.0,29.0,29.0,31.0,31.0,48.0,45.0,41.0,43.0,40.0
2025-12-25T09:11:23.595863,13.734,5,Index,motor_1_open,48.0,34.0,0,31.0,30.0,29.0,30.0,30.0,28.0,29.0,29.0,29.0,31.0,31.0,48.0,46.0,41.0,43.0,39.0
2025-12-25T09:11:24.491821,14.632,6,Index,motor_3_flexed,48.0,34.0,0,31.0,30.0,29.0,29.0,30.0,28.0,29.0,29.0,29.0,31.0,31.0,48.0,46.0,41.0,43.0,40.0
2025-12-25T09:11:26.379709,16.515,6,Index,motor_3_open,48.0,34.0625,0,31.0,30.0,29.0,30.0,30.0,28.0,29.0,29.0,29.0,31.0,31.0,48.0,46.0,41.0,43.0,40.0
2025-12-25T09:11:27.275652,17.412,7,Middle,motor_11_flexed,48.0,34.0625,0,31.0,30.0,29.0,30.0,30.0,28.0,29.0,29.0,29.0,31.0,31.0,48.0,46.0,41.0,44.0,39.0
2025-12-25T09:11:29.163552,19.303,7,Middle,motor_11_open,48.0,34.0,0,31.0,30.0,29.0,30.0,30.0,28.0,29.0,29.0,29.0,31.0,31.0,48.0,46.0,41.0,43.0,39.0
2025-12-25T09:11:30.059502,20.199,8,Middle,motor_10_flexed,48.0,34.0625,0,31.0,30.0,29.0,30.0,30.0,28.0,29.0,29.0,29.0,31.0,31.0,48.0,46.0,41.0,43.0,40.0
2025-12-25T09:11:31.947394,22.086,8,Middle,motor_10_open,48.0,34.0,0,31.0,30.0,29.0,30.0,30.0,28.0,29.0,29.0,29.0,31.0,31.0,48.0,46.0,41.0,43.0,39.0
2025-12-25T09:11:32.843352,22.981,9,Ring,motor_4_flexed,48.0,33.9375,0,31.0,30.0,29.0,30.0,30.0,28.0,29.0,29.0,29.0,31.0,31.0,48.0,46.0,41.0,42.0,39.0
2025-12-25T09:11:34.731252,24.866,9,Ring,motor_4_open,48.0,33.9375,0,31.0,30.0,29.0,30.0,30.0,28.0,29.0,29.0,29.0,31.0,31.0,48.0,46.0,41.0,42.0,39.0
2025-12-25T09:11:35.627213,25.761,10,Ring,motor_5_flexed,49.0,34.125,0,31.0,30.0,29.0,30.0,30.0,28.0,29.0,29.0,29.0,31.0,31.0,49.0,46.0,41.0,43.0,40.0
2025-12-25T09:11:37.515105,27.654,10,Ring,motor_5_open,49.0,34.0,0,31.0,30.0,29.0,30.0,30.0,28.0,29.0,29.0,29.0,31.0,31.0,49.0,46.0,41.0,42.0,39.0
2025-12-25T09:11:38.411055,28.55,11,Ring,motor_6_flexed,49.0,34.0625,0,31.0,30.0,29.0,30.0,30.0,28.0,29.0,29.0,29.0,31.0,31.0,49.0,46.0,41.0,43.0,39.0
2025-12-25T09:11:40.298967,30.438,11,Ring,motor_6_open,49.0,34.1875,0,31.0,30.0,29.0,30.0,30.0,28.0,30.0,29.0,29.0,31.0,31.0,49.0,46.0,41.0,43.0,40.0
2025-12-25T09:11:41.194911,31.334,12,Pinky,motor_7_flexed,49.0,34.0625,0,31.0,30.0,29.0,30.0,30.0,28.0,29.0,29.0,29.0,31.0,31.0,49.0,46.0,41.0,43.0,39.0
2025-12-25T09:11:43.098805,33.238,12,Pinky,motor_7_open,49.0,34.125,0,31.0,30.0,29.0,30.0,30.0,28.0,29.0,29.0,29.0,31.0,31.0,49.0,46.0,41.0,43.0,40.0
2025-12-25T09:11:43.994747,34.128,13,Pinky,motor_8_flexed,49.0,34.125,0,31.0,30.0,29.0,30.0,30.0,28.0,29.0,29.0,29.0,31.0,31.0,49.0,46.0,41.0,43.0,40.0
2025-12-25T09:11:45.882643,36.014,13,Pinky,motor_8_open,49.0,34.125,0,31.0,30.0,29.0,30.0,30.0,28.0,29.0,29.0,29.0,31.0,31.0,49.0,46.0,41.0,43.0,40.0
2025-12-25T09:11:46.778609,36.914,14,Pinky,motor_9_flexed,49.0,34.125,0,31.0,30.0,29.0,30.0,30.0,28.0,29.0,29.0,29.0,31.0,31.0,49.0,47.0,41.0,43.0,39.0
2025-12-25T09:11:48.666509,38.806,14,Pinky,motor_9_open,49.0,34.25,0,31.0,30.0,29.0,30.0,30.0,28.0,30.0,29.0,29.0,31.0,31.0,49.0,47.0,41.0,43.0,40.0
2025-12-25T09:11:49.562474,39.7,15,Thumb,motor_13_flexed,49.0,34.25,0,31.0,30.0,29.0,30.0,30.0,28.0,30.0,29.0,29.0,31.0,31.0,49.0,47.0,41.0,43.0,40.0
2025-12-25T09:11:51.450354,41.582,15,Thumb,motor_13_open,49.0,34.1875,0,31.0,30.0,29.0,30.0,30.0,28.0,30.0,29.0,29.0,31.0,31.0,49.0,47.0,41.0,43.0,39.0
2025-12-25T09:11:52.346311,42.484,16,Thumb,motor_14_flexed,49.0,34.25,0,31.0,30.0,29.0,30.0,30.0,28.0,30.0,29.0,29.0,31.0,31.0,49.0,47.0,41.0,43.0,40.0
2025-12-25T09:11:54.234210,44.371,16,Thumb,motor_14_open,49.0,34.25,0,31.0,30.0,29.0,30.0,30.0,28.0,30.0,29.0,29.0,31.0,31.0,49.0,47.0,41.0,43.0,40.0
2025-12-25T09:11:55.130162,45.266,17,Thumb,motor_12_flexed,49.0,34.25,0,31.0,30.0,29.0,30.0,30.0,28.0,30.0,29.0,29.0,31.0,31.0,49.0,47.0,41.0,43.0,40.0
2025-12-25T09:11:57.018059,47.155,17,Thumb,motor_12_open,49.0,34.125,0,31.0,30.0,29.0,30.0,30.0,28.0,29.0,29.0,29.0,31.0,31.0,49.0,47.0,41.0,43.0,39.0
2025-12-25T09:11:57.914005,48.049,18,Index,motor_2_flexed,49.0,34.1875,0,31.0,30.0,29.0,30.0,30.0,28.0,29.0,29.0,29.0,31.0,31.0,49.0,47.0,41.0,43.0,40.0
2025-12-25T09:11:59.801896,49.94,18,Index,motor_2_open,49.0,34.1875,0,31.0,30.0,29.0,30.0,30.0,28.0,30.0,29.0,29.0,31.0,31.0,49.0,47.0,41.0,43.0,39.0
2025-12-25T09:12:00.697856,50.836,19,Index,motor_1_flexed,49.0,34.25,0,31.0,30.0,29.0,30.0,30.0,28.0,30.0,29.0,29.0,31.0,31.0,49.0,47.0,41.0,43.0,40.0
2025-12-25T09:12:02.585754,52.723,19,Index,motor_1_open,49.0,34.125,0,31.0,30.0,29.0,30.0,30.0,28.0,29.0,29.0,29.0,31.0,31.0,49.0,47.0,41.0,43.0,39.0
2025-12-25T09:12:03.481706,53.62,20,Index,motor_3_flexed,49.0,34.1875,0,31.0,30.0,29.0,30.0,30.0,28.0,29.0,29.0,29.0,31.0,31.0,49.0,47.0,41.0,43.0,40.0
2025-12-25T09:12:05.369604,55.51,20,Index,motor_3_open,49.0,34.25,0,31.0,30.0,29.0,30.0,30.0,28.0,29.0,29.0,29.0,31.0,31.0,49.0,47.0,41.0,44.0,40.0
2025-12-25T09:12:06.265558,56.406,21,Middle,motor_11_flexed,49.0,34.1875,0,31.0,30.0,29.0,30.0,30.0,28.0,30.0,29.0,29.0,31.0,31.0,49.0,47.0,41.0,43.0,39.0
2025-12-25T09:12:08.153456,58.292,21,Middle,motor_11_open,49.0,34.25,0,31.0,30.0,29.0,30.0,30.0,28.0,30.0,29.0,29.0,31.0,31.0,49.0,47.0,41.0,43.0,40.0
2025-12-25T09:12:09.049410,59.188,22,Middle,motor_10_flexed,49.0,34.125,0,31.0,30.0,29.0,30.0,30.0,28.0,29.0,29.0,29.0,31.0,31.0,49.0,47.0,41.0,43.0,39.0
2025-12-25T09:12:10.137357,60.276,22,Middle,motor_10_flex_hold,50.0,34.25,0,31.0,30.0,29.0,30.0,30.0,28.0,29.0,29.0,29.0,31.0,31.0,50.0,47.0,41.0,43.0,40.0
2025-12-25T09:12:10.937331,61.076,22,Middle,motor_10_open,50.0,34.3125,0,31.0,30.0,29.0,30.0,30.0,28.0,30.0,29.0,29.0,31.0,31.0,50.0,47.0,41.0,43.0,40.0
2025-12-25T09:12:11.833268,61.972,23,Ring,motor_4_flexed,50.0,34.25,0,31.0,30.0,29.0,30.0,30.0,28.0,30.0,29.0,29.0,31.0,31.0,50.0,47.0,41.0,42.0,40.0
2025-12-25T09:12:13.721166,63.86,23,Ring,motor_4_open,50.0,34.3125,0,31.0,30.0,29.0,30.0,30.0,28.0,30.0,29.0,29.0,31.0,31.0,50.0,47.0,41.0,44.0,39.0
2025-12-25T09:12:14.617117,64.754,24,Ring,motor_5_flexed,50.0,34.3125,0,31.0,30.0,29.0,30.0,30.0,28.0,30.0,29.0,29.0,31.0,31.0,50.0,47.0,41.0,43.0,40.0
2025-12-25T09:12:16.505015,66.644,24,Ring,motor_5_open,50.0,34.3125,0,31.0,30.0,29.0,30.0,30.0,28.0,29.0,29.0,29.0,31.0,31.0,50.0,47.0,41.0,44.0,40.0
2025-12-25T09:12:17.400968,67.54,25,Ring,motor_6_flexed,50.0,34.1875,0,31.0,30.0,29.0,30.0,30.0,28.0,29.0,29.0,29.0,31.0,31.0,50.0,47.0,41.0,43.0,39.0
2025-12-25T09:12:19.288899,69.429,25,Ring,motor_6_open,50.0,34.1875,0,31.0,30.0,29.0,30.0,30.0,28.0,29.0,29.0,29.0,31.0,31.0,50.0,47.0,41.0,43.0,39.0
2025-12-25T09:12:20.184847,70.321,26,Pinky,motor_7_flexed,50.0,34.3125,0,31.0,30.0,29.0,30.0,30.0,28.0,30.0,29.0,29.0,31.0,31.0,50.0,47.0,41.0,43.0,40.0
2025-12-25T09:12:22.072717,72.212,26,Pinky,motor_7_open,50.0,34.3125,0,31.0,30.0,29.0,30.0,30.0,28.0,30.0,29.0,29.0,31.0,31.0,50.0,47.0,41.0,43.0,40.0
2025-12-25T09:12:22.968658,73.108,27,Pinky,motor_8_flexed,50.0,34.3125,0,31.0,30.0,29.0,30.0,30.0,28.0,30.0,29.0,29.0,31.0,31.0,50.0,47.0,41.0,43.0,40.0
2025-12-25T09:12:24.856550,74.991,27,Pinky,motor_8_open,50.0,34.3125,0,31.0,30.0,29.0,30.0,30.0,28.0,30.0,29.0,29.0,31.0,31.0,50.0,47.0,41.0,44.0,39.0
2025-12-25T09:12:25.752530,75.889,28,Pinky,motor_9_flexed,50.0,34.25,0,31.0,30.0,29.0,30.0,30.0,28.0,29.0,29.0,29.0,31.0,31.0,50.0,47.0,41.0,43.0,40.0
2025-12-25T09:12:27.640409,77.78,28,Pinky,motor_9_open,50.0,34.375,0,31.0,30.0,29.0,30.0,30.0,28.0,30.0,29.0,29.0,31.0,31.0,50.0,47.0,41.0,44.0,40.0
2025-12-25T09:12:28.536387,78.673,29,Thumb,motor_13_flexed,50.0,34.3125,0,31.0,30.0,29.0,30.0,30.0,28.0,30.0,29.0,29.0,31.0,31.0,50.0,47.0,41.0,43.0,40.0
2025-12-25T09:12:30.424289,80.566,29,Thumb,motor_13_open,50.0,34.3125,0,31.0,30.0,29.0,30.0,30.0,28.0,30.0,29.0,29.0,31.0,31.0,50.0,47.0,41.0,43.0,40.0
2025-12-25T09:12:31.320242,81.458,30,Thumb,motor_14_flexed,50.0,34.3125,0,31.0,30.0,29.0,30.0,30.0,28.0,29.0,29.0,29.0,31.0,31.0,50.0,47.0,41.0,44.0,40.0
2025-12-25T09:12:33.208148,83.347,30,Thumb,motor_14_open,50.0,34.3125,0,31.0,30.0,29.0,30.0,30.0,28.0,30.0,29.0,29.0,31.0,31.0,50.0,47.0,41.0,43.0,40.0
2025-12-25T09:12:34.104092,84.243,31,Thumb,motor_12_flexed,50.0,34.25,0,31.0,30.0,29.0,30.0,30.0,28.0,30.0,29.0,29.0,31.0,31.0,50.0,47.0,41.0,43.0,39.0
2025-12-25T09:12:35.991976,86.133,31,Thumb,motor_12_open,50.0,34.3125,0,31.0,30.0,29.0,30.0,30.0,28.0,30.0,29.0,29.0,31.0,31.0,50.0,47.0,41.0,43.0,40.0
2025-12-25T09:12:36.887941,87.029,32,Index,motor_2_flexed,50.0,34.3125,0,31.0,30.0,29.0,30.0,30.0,28.0,30.0,29.0,29.0,31.0,31.0,50.0,47.0,41.0,43.0,40.0
2025-12-25T09:12:38.775841,88.915,32,Index,motor_2_open,50.0,34.3125,0,31.0,30.0,29.0,30.0,30.0,28.0,30.0,29.0,29.0,31.0,31.0,50.0,47.0,41.0,43.0,40.0
2025-12-25T09:12:39.671795,89.812,33,Index,motor_1_flexed,50.0,34.375,0,31.0,30.0,29.0,30.0,30.0,28.0,30.0,29.0,29.0,31.0,31.0,50.0,47.0,41.0,44.0,40.0
2025-12-25T09:12:41.559676,91.698,33,Index,motor_1_open,50.0,34.375,0,31.0,30.0,29.0,30.0,30.0,28.0,30.0,29.0,29.0,31.0,31.0,50.0,47.0,41.0,44.0,40.0
2025-12-25T09:12:42.455653,92.595,34,Index,motor_3_flexed,50.0,34.3125,0,31.0,30.0,29.0,30.0,30.0,28.0,30.0,29.0,29.0,31.0,31.0,50.0,47.0,41.0,43.0,40.0
2025-12-25T09:12:44.343542,94.484,34,Index,motor_3_open,50.0,34.375,0,31.0,30.0,29.0,30.0,30.0,28.0,30.0,29.0,29.0,31.0,31.0,50.0,47.0,41.0,44.0,40.0
2025-12-25T09:12:45.239495,95.378,35,Middle,motor_11_flexed,50.0,34.3125,0,31.0,30.0,29.0,30.0,30.0,28.0,30.0,29.0,29.0,31.0,31.0,50.0,47.0,41.0,43.0,40.0
2025-12-25T09:12:47.127394,97.265,35,Middle,motor_11_open,50.0,34.3125,0,31.0,30.0,29.0,30.0,30.0,28.0,29.0,29.0,29.0,31.0,31.0,50.0,47.0,41.0,44.0,40.0
2025-12-25T09:12:48.023351,98.163,36,Middle,motor_10_flexed,50.0,34.3125,0,31.0,30.0,29.0,30.0,30.0,28.0,30.0,29.0,29.0,31.0,31.0,50.0,47.0,41.0,43.0,40.0
2025-12-25T09:12:49.911255,100.046,36,Middle,motor_10_open,50.0,34.3125,0,31.0,30.0,29.0,30.0,30.0,28.0,29.0,29.0,29.0,31.0,31.0,50.0,47.0,41.0,44.0,40.0
2025-12-25T09:12:50.807211,100.944,37,Ring,motor_4_flexed,50.0,34.1875,0,31.0,30.0,29.0,30.0,30.0,28.0,29.0,29.0,29.0,31.0,31.0,50.0,47.0,41.0,43.0,39.0
2025-12-25T09:12:52.695064,102.832,37,Ring,motor_4_open,50.0,34.25,0,31.0,30.0,29.0,30.0,30.0,28.0,29.0,29.0,29.0,31.0,31.0,50.0,47.0,41.0,43.0,40.0
2025-12-25T09:12:53.591017,103.722,38,Ring,motor_5_flexed,50.0,34.375,0,31.0,30.0,29.0,30.0,30.0,28.0,30.0,29.0,29.0,31.0,31.0,50.0,47.0,41.0,44.0,40.0
2025-12-25T09:12:55.478927,105.612,38,Ring,motor_5_open,50.0,34.3125,0,31.0,30.0,29.0,30.0,30.0,28.0,30.0,29.0,29.0,31.0,31.0,50.0,47.0,41.0,43.0,40.0
2025-12-25T09:12:56.374894,106.512,39,Ring,motor_6_flexed,50.0,34.25,0,31.0,30.0,29.0,30.0,30.0,28.0,29.0,29.0,29.0,31.0,31.0,50.0,47.0,41.0,43.0,40.0
2025-12-25T09:12:58.262776,108.4,39,Ring,motor_6_open,50.0,34.25,0,31.0,30.0,29.0,30.0,30.0,28.0,29.0,29.0,29.0,31.0,31.0,50.0,47.0,41.0,43.0,40.0
2025-12-25T09:12:59.158722,109.296,40,Pinky,motor_7_flexed,50.0,34.3125,0,31.0,30.0,29.0,30.0,30.0,28.0,29.0,29.0,29.0,31.0,31.0,50.0,47.0,41.0,44.0,40.0
2025-12-25T09:13:01.046619,111.177,40,Pinky,motor_7_open,50.0,34.375,0,31.0,30.0,29.0,30.0,30.0,28.0,30.0,29.0,29.0,31.0,31.0,50.0,47.0,41.0,44.0,40.0
2025-12-25T09:13:01.942581,112.079,41,Pinky,motor_8_flexed,50.0,34.3125,0,31.0,30.0,29.0,30.0,30.0,28.0,30.0,29.0,29.0,31.0,31.0,50.0,47.0,41.0,43.0,40.0
2025-12-25T09:13:03.830477,113.968,41,Pinky,motor_8_open,50.0,34.4375,0,31.0,30.0,29.0,30.0,30.0,28.0,30.0,29.0,29.0,31.0,31.0,50.0,47.0,41.0,44.0,41.0
2025-12-25T09:13:04.726427,114.862,42,Pinky,motor_9_flexed,50.0,34.25,0,31.0,30.0,29.0,30.0,30.0,28.0,29.0,29.0,29.0,31.0,31.0,50.0,47.0,41.0,43.0,40.0
2025-12-25T09:13:06.614329,116.753,42,Pinky,motor_9_open,50.0,34.375,0,31.0,30.0,29.0,30.0,30.0,28.0,30.0,29.0,29.0,31.0,31.0,50.0,47.0,41.0,44.0,40.0
2025-12-25T09:13:07.510282,117.648,43,Thumb,motor_13_flexed,50.0,34.375,0,31.0,30.0,29.0,30.0,30.0,28.0,30.0,29.0,29.0,31.0,31.0,50.0,47.0,41.0,44.0,40.0
2025-12-25T09:13:09.398177,119.535,43,Thumb,motor_13_open,50.0,34.375,0,31.0,30.0,29.0,30.0,30.0,28.0,30.0,29.0,29.0,31.0,31.0,50.0,47.0,41.0,44.0,40.0
2025-12-25T09:13:09.990152,120.124,43,Thumb,motor_13_open_hold,50.0,34.375,0,31.0,30.0,29.0,30.0,30.0,28.0,30.0,29.0,29.0,31.0,31.0,50.0,47.0,41.0,43.0,41.0
2025-12-25T09:13:10.390127,120.525,44,Thumb,motor_14_flexed,50.0,34.25,0,31.0,30.0,29.0,30.0,30.0,28.0,30.0,29.0,29.0,31.0,31.0,50.0,47.0,41.0,43.0,39.0
2025-12-25T09:13:12.278027,122.415,44,Thumb,motor_14_open,50.0,34.3125,0,31.0,30.0,29.0,30.0,30.0,28.0,30.0,29.0,29.0,31.0,31.0,50.0,47.0,41.0,43.0,40.0
2025-12-25T09:13:13.173999,123.315,45,Thumb,motor_12_flexed,50.0,34.3125,0,31.0,30.0,29.0,30.0,30.0,28.0,29.0,29.0,29.0,31.0,31.0,50.0,47.0,41.0,44.0,40.0
2025-12-25T09:13:15.061898,125.199,45,Thumb,motor_12_open,50.0,34.375,0,31.0,30.0,29.0,30.0,30.0,28.0,30.0,29.0,29.0,31.0,31.0,50.0,47.0,41.0,44.0,40.0
2025-12-25T09:13:15.957828,126.094,46,Index,motor_2_flexed,50.0,34.3125,0,31.0,30.0,29.0,30.0,30.0,28.0,30.0,29.0,29.0,31.0,31.0,50.0,47.0,41.0,43.0,40.0
2025-12-25T09:13:17.845716,127.979,46,Index,motor_2_open,50.0,34.375,0,31.0,30.0,29.0,30.0,30.0,28.0,29.0,29.0,29.0,31.0,31.0,50.0,47.0,41.0,44.0,41.0
2025-12-25T09:13:18.741679,128.878,47,Index,motor_1_flexed,50.0,34.3125,0,31.0,30.0,29.0,30.0,30.0,28.0,30.0,29.0,29.0,31.0,31.0,50.0,47.0,41.0,43.0,40.0
2025-12-25T09:13:20.629569,130.767,47,Index,motor_1_open,50.0,34.375,0,31.0,30.0,29.0,30.0,30.0,28.0,30.0,29.0,29.0,31.0,31.0,50.0,47.0,41.0,44.0,40.0
2025-12-25T09:13:21.525538,131.664,48,Index,motor_3_flexed,50.0,34.25,0,31.0,30.0,29.0,30.0,30.0,28.0,29.0,29.0,29.0,31.0,31.0,50.0,47.0,41.0,43.0,40.0
2025-12-25T09:13:23.413427,133.55,48,Index,motor_3_open,50.0,34.375,0,31.0,30.0,29.0,30.0,30.0,28.0,29.0,29.0,29.0,31.0,31.0,50.0,47.0,42.0,44.0,40.0
2025-12-25T09:13:24.309380,134.449,49,Middle,motor_11_flexed,50.0,34.5,0,31.0,30.0,29.0,30.0,30.0,28.0,30.0,29.0,29.0,31.0,31.0,50.0,47.0,42.0,44.0,41.0
2025-12-25T09:13:26.197289,136.338,49,Middle,motor_11_open,50.0,34.375,0,31.0,30.0,29.0,30.0,30.0,28.0,30.0,29.0,29.0,31.0,31.0,50.0,47.0,42.0,43.0,40.0
2025-12-25T09:13:27.093222,137.231,50,Middle,motor_10_flexed,50.0,34.4375,0,31.0,30.0,29.0,30.0,30.0,28.0,30.0,29.0,29.0,31.0,31.0,50.0,47.0,42.0,44.0,40.0
2025-12-25T09:13:28.981128,139.117,50,Middle,motor_10_open,50.0,34.375,0,31.0,30.0,29.0,30.0,30.0,28.0,29.0,29.0,29.0,31.0,31.0,50.0,47.0,42.0,44.0,40.0
2025-12-25T09:13:29.877083,140.015,51,Ring,motor_4_flexed,50.0,34.375,0,31.0,30.0,29.0,30.0,30.0,28.0,29.0,29.0,29.0,31.0,31.0,50.0,47.0,42.0,44.0,40.0
2025-12-25T09:13:31.764979,141.898,51,Ring,motor_4_open,50.0,34.375,0,31.0,30.0,29.0,30.0,30.0,28.0,29.0,29.0,29.0,31.0,31.0,50.0,47.0,42.0,44.0,40.0
2025-12-25T09:13:32.660919,142.797,52,Ring,motor_5_flexed,50.0,34.3125,0,31.0,30.0,29.0,30.0,30.0,28.0,30.0,29.0,29.0,31.0,31.0,50.0,47.0,42.0,43.0,39.0
2025-12-25T09:13:34.548828,144.686,52,Ring,motor_5_open,50.0,34.375,0,31.0,30.0,29.0,30.0,30.0,28.0,29.0,29.0,29.0,31.0,31.0,50.0,47.0,42.0,43.0,41.0
2025-12-25T09:13:35.444795,145.583,53,Ring,motor_6_flexed,50.0,34.375,0,31.0,30.0,29.0,30.0,30.0,28.0,29.0,29.0,29.0,31.0,31.0,50.0,47.0,42.0,44.0,40.0
2025-12-25T09:13:37.332682,147.471,53,Ring,motor_6_open,50.0,34.3125,0,31.0,30.0,29.0,30.0,30.0,28.0,29.0,29.0,29.0,31.0,31.0,50.0,47.0,41.0,44.0,40.0
2025-12-25T09:13:38.228630,148.367,54,Pinky,motor_7_flexed,50.0,34.3125,0,31.0,30.0,29.0,30.0,30.0,28.0,30.0,29.0,29.0,31.0,31.0,50.0,47.0,41.0,43.0,40.0
2025-12-25T09:13:40.116540,150.253,54,Pinky,motor_7_open,50.0,34.3125,0,31.0,30.0,29.0,30.0,30.0,28.0,29.0,29.0,29.0,31.0,31.0,50.0,47.0,41.0,43.0,41.0
2025-12-25T09:13:41.012472,151.148,55,Pinky,motor_8_flexed,50.0,34.25,0,31.0,30.0,29.0,30.0,30.0,28.0,29.0,29.0,29.0,31.0,31.0,50.0,47.0,41.0,43.0,40.0
2025-12-25T09:13:42.900372,153.039,55,Pinky,motor_8_open,50.0,34.3125,0,31.0,30.0,29.0,30.0,30.0,28.0,30.0,29.0,29.0,31.0,31.0,50.0,47.0,41.0,43.0,40.0
2025-12-25T09:13:43.796327,153.934,56,Pinky,motor_9_flexed,50.0,34.3125,0,31.0,30.0,29.0,30.0,30.0,28.0,29.0,29.0,29.0,31.0,31.0,50.0,47.0,41.0,43.0,41.0
2025-12-25T09:13:45.684234,155.822,56,Pinky,motor_9_open,50.0,34.3125,0,31.0,30.0,29.0,30.0,30.0,28.0,30.0,29.0,29.0,31.0,31.0,50.0,47.0,41.0,43.0,40.0
2025-12-25T09:13:46.580185,156.716,57,Thumb,motor_13_flexed,50.0,34.375,0,31.0,30.0,29.0,30.0,30.0,28.0,30.0,29.0,29.0,31.0,31.0,50.0,47.0,41.0,43.0,41.0
2025-12-25T09:13:48.468078,158.608,57,Thumb,motor_13_open,50.0,34.3125,0,31.0,30.0,29.0,30.0,30.0,28.0,30.0,29.0,29.0,31.0,31.0,50.0,47.0,41.0,43.0,40.0
2025-12-25T09:13:49.364055,159.503,58,Thumb,motor_14_flexed,50.0,34.375,0,31.0,30.0,29.0,30.0,30.0,28.0,30.0,29.0,29.0,31.0,31.0,50.0,47.0,41.0,43.0,41.0
2025-12-25T09:13:51.251936,161.392,58,Thumb,motor_14_open,50.0,34.375,0,31.0,30.0,29.0,30.0,30.0,28.0,30.0,29.0,29.0,31.0,31.0,50.0,47.0,41.0,43.0,41.0
2025-12-25T09:13:52.147888,162.285,59,Thumb,motor_12_flexed,50.0,34.3125,0,31.0,30.0,29.0,30.0,30.0,28.0,30.0,29.0,29.0,31.0,31.0,50.0,47.0,41.0,43.0,40.0
2025-12-25T09:13:54.035771,164.174,59,Thumb,motor_12_open,50.0,34.25,0,31.0,30.0,29.0,30.0,30.0,28.0,29.0,29.0,29.0,31.0,31.0,50.0,47.0,41.0,43.0,40.0
2025-12-25T09:13:54.931728,165.07,60,Index,motor_2_flexed,50.0,34.3125,0,31.0,30.0,29.0,30.0,30.0,28.0,30.0,29.0,29.0,31.0,31.0,50.0,47.0,41.0,43.0,40.0
2025-12-25T09:13:56.819638,166.958,60,Index,motor_2_open,50.0,34.3125,0,31.0,30.0,29.0,30.0,30.0,28.0,30.0,29.0,29.0,31.0,31.0,50.0,47.0,41.0,43.0,40.0
2025-12-25T09:13:57.715580,167.853,61,Index,motor_1_flexed,50.0,34.375,0,31.0,30.0,29.0,30.0,30.0,28.0,30.0,29.0,29.0,31.0,31.0,50.0,47.0,41.0,43.0,41.0
2025-12-25T09:13:59.603477,169.741,61,Index,motor_1_open,50.0,34.3125,0,31.0,30.0,29.0,30.0,30.0,28.0,30.0,29.0,29.0,31.0,31.0,50.0,47.0,41.0,43.0,40.0
2025-12-25T09:14:00.499428,170.637,62,Index,motor_3_flexed,50.0,34.3125,0,31.0,30.0,29.0,30.0,30.0,28.0,30.0,29.0,29.0,31.0,31.0,50.0,47.0,41.0,43.0,40.0
2025-12-25T09:14:02.387329,172.524,62,Index,motor_3_open,50.0,34.4375,0,31.0,30.0,29.0,30.0,30.0,28.0,30.0,29.0,29.0,31.0,31.0,50.0,47.0,42.0,43.0,41.0
2025-12-25T09:14:03.283290,173.421,63,Middle,motor_11_flexed,50.0,34.4375,0,31.0,30.0,29.0,30.0,30.0,28.0,30.0,29.0,29.0,31.0,31.0,50.0,47.0,42.0,43.0,41.0
2025-12-25T09:14:05.171181,175.308,63,Middle,motor_11_open,50.0,34.4375,0,31.0,30.0,29.0,30.0,30.0,28.0,30.0,29.0,29.0,31.0,31.0,50.0,47.0,42.0,43.0,41.0
2025-12-25T09:14:06.067131,176.207,64,Middle,motor_10_flexed,50.0,34.5,0,31.0,30.0,29.0,30.0,30.0,28.0,30.0,29.0,29.0,31.0,31.0,50.0,47.0,42.0,44.0,41.0
2025-12-25T09:14:07.955037,178.094,64,Middle,motor_10_open,50.0,34.375,0,31.0,30.0,29.0,30.0,30.0,28.0,30.0,29.0,29.0,31.0,31.0,50.0,47.0,42.0,43.0,40.0
2025-12-25T09:14:08.850989,178.99,65,Ring,motor_4_flexed,50.0,34.4375,0,31.0,30.0,29.0,30.0,30.0,28.0,30.0,29.0,29.0,31.0,31.0,50.0,47.0,42.0,44.0,40.0
2025-12-25T09:14:09.938939,180.077,65,Ring,motor_4_flex_hold,50.0,34.4375,0,31.0,30.0,29.0,30.0,30.0,28.0,29.0,29.0,29.0,31.0,31.0,50.0,47.0,42.0,44.0,41.0
2025-12-25T09:14:10.738887,180.876,65,Ring,motor_4_open,50.0,34.375,0,31.0,30.0,29.0,30.0,30.0,28.0,29.0,29.0,29.0,31.0,31.0,50.0,47.0,42.0,44.0,40.0
2025-12-25T09:14:11.634842,181.773,66,Ring,motor_5_flexed,50.0,34.4375,0,31.0,30.0,29.0,30.0,30.0,28.0,30.0,29.0,29.0,31.0,31.0,50.0,47.0,42.0,44.0,40.0
2025-12-25T09:14:13.522739,183.659,66,Ring,motor_5_open,50.0,34.4375,0,31.0,30.0,29.0,30.0,30.0,28.0,30.0,29.0,29.0,31.0,31.0,50.0,47.0,42.0,43.0,41.0
2025-12-25T09:14:14.418693,184.554,67,Ring,motor_6_flexed,50.0,34.4375,0,31.0,30.0,29.0,30.0,30.0,28.0,30.0,29.0,29.0,31.0,31.0,50.0,47.0,42.0,43.0,41.0
2025-12-25T09:14:16.306581,186.443,67,Ring,motor_6_open,50.0,34.375,0,31.0,30.0,29.0,30.0,30.0,28.0,29.0,29.0,29.0,31.0,31.0,50.0,47.0,42.0,44.0,40.0
2025-12-25T09:14:17.202531,187.34,68,Pinky,motor_7_flexed,50.0,34.4375,0,31.0,30.0,29.0,30.0,30.0,28.0,30.0,29.0,29.0,31.0,31.0,50.0,47.0,42.0,44.0,40.0
2025-12-25T09:14:19.090434,189.227,68,Pinky,motor_7_open,50.0,34.3125,0,31.0,30.0,29.0,30.0,30.0,28.0,29.0,29.0,29.0,31.0,31.0,50.0,47.0,42.0,43.0,40.0
2025-12-25T09:14:19.986381,190.122,69,Pinky,motor_8_flexed,50.0,34.375,0,31.0,30.0,29.0,30.0,30.0,28.0,30.0,29.0,29.0,31.0,31.0,50.0,47.0,42.0,43.0,40.0
2025-12-25T09:14:21.874274,192.011,69,Pinky,motor_8_open,50.0,34.375,0,31.0,30.0,29.0,30.0,30.0,28.0,30.0,29.0,29.0,31.0,31.0,50.0,47.0,42.0,43.0,40.0
2025-12-25T09:14:22.770233,192.906,70,Pinky,motor_9_flexed,50.0,34.4375,0,31.0,30.0,29.0,30.0,30.0,28.0,30.0,29.0,29.0,31.0,31.0,50.0,47.0,42.0,44.0,40.0
2025-12-25T09:14:24.658129,194.795,70,Pinky,motor_9_open,50.0,34.375,0,31.0,30.0,29.0,30.0,30.0,28.0,30.0,29.0,29.0,31.0,31.0,50.0,47.0,42.0,43.0,40.0
2025-12-25T09:14:25.554082,195.691,71,Thumb,motor_13_flexed,50.0,34.375,0,31.0,30.0,29.0,30.0,30.0,28.0,30.0,29.0,29.0,31.0,31.0,50.0,47.0,42.0,43.0,40.0
2025-12-25T09:14:27.441980,197.579,71,Thumb,motor_13_open,50.0,34.375,0,31.0,30.0,29.0,30.0,30.0,28.0,30.0,29.0,29.0,31.0,31.0,50.0,47.0,42.0,43.0,40.0
2025-12-25T09:14:28.337939,198.474,72,Thumb,motor_14_flexed,50.0,34.5,0,31.0,30.0,29.0,30.0,30.0,28.0,30.0,29.0,29.0,31.0,31.0,50.0,47.0,42.0,44.0,41.0
2025-12-25T09:14:30.225831,200.363,72,Thumb,motor_14_open,50.0,34.375,0,31.0,30.0,29.0,30.0,30.0,28.0,30.0,29.0,29.0,31.0,31.0,50.0,47.0,42.0,43.0,40.0
2025-12-25T09:14:31.121784,201.258,73,Thumb,motor_12_flexed,50.0,34.375,0,31.0,30.0,29.0,30.0,30.0,28.0,30.0,29.0,29.0,31.0,31.0,50.0,47.0,42.0,43.0,40.0
2025-12-25T09:14:33.009692,203.149,73,Thumb,motor_12_open,50.0,34.375,0,31.0,30.0,29.0,30.0,30.0,28.0,30.0,29.0,29.0,31.0,31.0,50.0,47.0,42.0,43.0,40.0
2025-12-25T09:14:33.905645,204.043,74,Index,motor_2_flexed,50.0,34.4375,0,31.0,30.0,29.0,30.0,30.0,28.0,30.0,29.0,29.0,31.0,31.0,50.0,47.0,42.0,43.0,41.0
2025-12-25T09:14:35.793545,205.931,74,Index,motor_2_open,50.0,34.375,0,31.0,30.0,29.0,30.0,30.0,28.0,30.0,29.0,29.0,31.0,31.0,50.0,47.0,42.0,43.0,40.0
2025-12-25T09:14:36.689495,206.832,75,Index,motor_1_flexed,50.0,34.375,0,31.0,30.0,29.0,30.0,30.0,28.0,30.0,29.0,29.0,31.0,31.0,50.0,47.0,42.0,43.0,40.0
2025-12-25T09:14:38.577396,208.716,75,Index,motor_1_open,50.0,34.375,0,31.0,30.0,29.0,30.0,30.0,28.0,30.0,29.0,29.0,31.0,31.0,50.0,47.0,42.0,43.0,40.0
2025-12-25T09:14:39.473346,209.612,76,Index,motor_3_flexed,50.0,34.3125,0,31.0,30.0,29.0,30.0,30.0,28.0,29.0,29.0,29.0,31.0,31.0,50.0,47.0,42.0,43.0,40.0
2025-12-25T09:14:41.361243,211.501,76,Index,motor_3_open,50.0,34.375,0,31.0,30.0,29.0,30.0,30.0,28.0,30.0,29.0,29.0,31.0,31.0,50.0,47.0,42.0,43.0,40.0
2025-12-25T09:14:42.257211,212.395,77,Middle,motor_11_flexed,50.0,34.375,0,31.0,30.0,29.0,30.0,30.0,28.0,30.0,29.0,29.0,31.0,31.0,50.0,47.0,42.0,43.0,40.0
2025-12-25T09:14:44.145094,214.282,77,Middle,motor_11_open,50.0,34.5,0,31.0,30.0,29.0,30.0,30.0,28.0,30.0,29.0,29.0,31.0,31.0,50.0,47.0,42.0,44.0,41.0
2025-12-25T09:14:45.041047,215.177,78,Middle,motor_10_flexed,50.0,34.4375,0,31.0,30.0,29.0,30.0,30.0,28.0,30.0,29.0,29.0,31.0,31.0,50.0,47.0,42.0,44.0,40.0
2025-12-25T09:14:46.928962,217.068,78,Middle,motor_10_open,50.0,34.375,0,31.0,30.0,29.0,30.0,30.0,28.0,30.0,29.0,29.0,31.0,31.0,50.0,47.0,42.0,43.0,40.0
2025-12-25T09:14:47.824899,217.964,79,Ring,motor_4_flexed,50.0,34.4375,0,31.0,30.0,29.0,30.0,30.0,28.0,30.0,29.0,29.0,31.0,31.0,50.0,47.0,42.0,43.0,41.0
2025-12-25T09:14:49.712796,219.851,79,Ring,motor_4_open,50.0,34.4375,0,31.0,30.0,29.0,30.0,30.0,28.0,30.0,29.0,29.0,31.0,31.0,50.0,47.0,42.0,44.0,40.0
2025-12-25T09:14:50.608749,220.744,80,Ring,motor_5_flexed,50.0,34.375,0,31.0,30.0,29.0,30.0,30.0,28.0,30.0,29.0,29.0,31.0,31.0,50.0,47.0,42.0,43.0,40.0
2025-12-25T09:14:52.496647,222.635,80,Ring,motor_5_open,50.0,34.375,0,31.0,30.0,29.0,30.0,30.0,28.0,30.0,29.0,29.0,31.0,31.0,50.0,47.0,42.0,43.0,40.0
2025-12-25T09:14:53.392598,223.531,81,Ring,motor_6_flexed,50.0,34.375,0,31.0,30.0,29.0,30.0,30.0,28.0,29.0,29.0,29.0,31.0,31.0,50.0,47.0,42.0,44.0,40.0
2025-12-25T09:14:55.280500,225.419,81,Ring,motor_6_open,50.0,34.375,0,31.0,30.0,29.0,30.0,30.0,28.0,30.0,29.0,29.0,31.0,31.0,50.0,47.0,42.0,43.0,40.0
2025-12-25T09:14:56.176469,226.314,82,Pinky,motor_7_flexed,50.0,34.375,0,31.0,30.0,29.0,30.0,30.0,28.0,30.0,29.0,29.0,31.0,31.0,50.0,47.0,42.0,43.0,40.0
2025-12-25T09:14:58.064348,228.203,82,Pinky,motor_7_open,50.0,34.375,0,31.0,30.0,29.0,30.0,30.0,28.0,30.0,29.0,29.0,31.0,31.0,50.0,47.0,42.0,43.0,40.0
2025-12-25T09:14:58.960294,229.1,83,Pinky,motor_8_flexed,50.0,34.4375,0,31.0,30.0,29.0,30.0,30.0,29.0,30.0,29.0,29.0,31.0,31.0,50.0,47.0,42.0,43.0,40.0
2025-12-25T09:15:00.848202,230.987,83,Pinky,motor_8_open,50.0,34.4375,0,31.0,30.0,29.0,30.0,30.0,29.0,30.0,29.0,29.0,31.0,31.0,50.0,47.0,42.0,43.0,40.0
2025-12-25T09:15:01.744150,231.883,84,Pinky,motor_9_flexed,50.0,34.375,0,31.0,30.0,29.0,30.0,30.0,28.0,30.0,29.0,29.0,31.0,31.0,50.0,47.0,41.0,44.0,40.0
2025-12-25T09:15:03.632046,233.773,84,Pinky,motor_9_open,50.0,34.25,0,31.0,30.0,29.0,30.0,30.0,28.0,30.0,29.0,29.0,31.0,31.0,50.0,47.0,41.0,42.0,40.0
2025-12-25T09:15:04.528031,234.667,85,Thumb,motor_13_flexed,50.0,34.375,0,31.0,30.0,29.0,30.0,30.0,28.0,30.0,29.0,29.0,31.0,31.0,50.0,47.0,41.0,44.0,40.0
2025-12-25T09:15:06.415932,236.556,85,Thumb,motor_13_open,50.0,34.375,0,31.0,30.0,29.0,30.0,30.0,28.0,30.0,29.0,29.0,31.0,31.0,50.0,47.0,41.0,43.0,41.0
2025-12-25T09:15:07.311883,237.451,86,Thumb,motor_14_flexed,50.0,34.375,0,31.0,30.0,29.0,30.0,30.0,28.0,30.0,29.0,29.0,31.0,31.0,50.0,47.0,41.0,43.0,41.0
2025-12-25T09:15:09.215777,239.354,86,Thumb,motor_14_open,50.0,34.375,0,31.0,30.0,29.0,30.0,30.0,28.0,30.0,29.0,29.0,31.0,31.0,50.0,47.0,41.0,44.0,40.0
2025-12-25T09:15:10.111731,240.248,87,Thumb,motor_12_flexed,50.0,34.375,0,31.0,30.0,29.0,30.0,30.0,28.0,29.0,29.0,29.0,31.0,31.0,50.0,47.0,41.0,44.0,41.0
2025-12-25T09:15:11.999637,242.14,87,Thumb,motor_12_open,50.0,34.375,0,31.0,30.0,29.0,30.0,30.0,28.0,30.0,29.0,29.0,31.0,31.0,50.0,47.0,41.0,43.0,41.0
2025-12-25T09:15:12.895584,243.036,88,Index,motor_2_flexed,50.0,34.3125,0,31.0,30.0,29.0,30.0,30.0,28.0,30.0,29.0,29.0,31.0,31.0,50.0,47.0,41.0,43.0,40.0
2025-12-25T09:15:14.783486,244.925,88,Index,motor_2_open,50.0,34.375,0,31.0,30.0,29.0,30.0,30.0,28.0,30.0,29.0,29.0,31.0,31.0,50.0,47.0,41.0,43.0,41.0
2025-12-25T09:15:15.679435,245.815,89,Index,motor_1_flexed,50.0,34.4375,0,31.0,30.0,29.0,30.0,30.0,28.0,30.0,29.0,29.0,31.0,31.0,50.0,47.0,41.0,44.0,41.0
2025-12-25T09:15:17.567338,247.708,89,Index,motor_1_open,50.0,34.25,0,31.0,30.0,29.0,30.0,30.0,28.0,29.0,29.0,29.0,31.0,31.0,50.0,47.0,41.0,43.0,40.0
2025-12-25T09:15:18.463285,248.6,90,Index,motor_3_flexed,50.0,34.25,0,31.0,30.0,29.0,30.0,30.0,28.0,29.0,29.0,29.0,31.0,31.0,50.0,47.0,41.0,43.0,40.0
2025-12-25T09:15:20.351182,250.484,90,Index,motor_3_open,50.0,34.3125,0,31.0,30.0,29.0,30.0,30.0,28.0,29.0,29.0,29.0,31.0,31.0,50.0,47.0,41.0,43.0,41.0
2025-12-25T09:15:21.247137,251.385,91,Middle,motor_11_flexed,50.0,34.25,0,31.0,30.0,29.0,30.0,30.0,28.0,29.0,29.0,29.0,31.0,31.0,50.0,47.0,41.0,43.0,40.0
2025-12-25T09:15:23.135027,253.274,91,Middle,motor_11_open,50.0,34.375,0,31.0,30.0,29.0,30.0,30.0,28.0,30.0,29.0,29.0,31.0,31.0,50.0,47.0,41.0,43.0,41.0
2025-12-25T09:15:24.030982,254.17,92,Middle,motor_10_flexed,50.0,34.3125,0,31.0,30.0,29.0,30.0,30.0,28.0,30.0,29.0,29.0,31.0,31.0,50.0,47.0,41.0,43.0,40.0
2025-12-25T09:15:25.918889,256.056,92,Middle,motor_10_open,50.0,34.3125,0,31.0,30.0,29.0,30.0,30.0,28.0,30.0,29.0,29.0,31.0,31.0,50.0,47.0,41.0,43.0,40.0
2025-12-25T09:15:26.814836,256.953,93,Ring,motor_4_flexed,50.0,34.375,0,31.0,30.0,29.0,30.0,30.0,28.0,30.0,29.0,29.0,31.0,31.0,50.0,47.0,41.0,43.0,41.0
2025-12-25T09:15:28.702737,258.839,93,Ring,motor_4_open,50.0,34.25,0,31.0,30.0,29.0,30.0,30.0,28.0,29.0,29.0,29.0,31.0,31.0,50.0,47.0,41.0,43.0,40.0
2025-12-25T09:15:29.598659,259.736,94,Ring,motor_5_flexed,50.0,34.3125,0,31.0,30.0,29.0,30.0,30.0,28.0,30.0,29.0,29.0,31.0,31.0,50.0,47.0,41.0,43.0,40.0
2025-12-25T09:15:31.486583,261.617,94,Ring,motor_5_open,50.0,34.25,0,31.0,30.0,29.0,30.0,30.0,28.0,29.0,29.0,29.0,31.0,31.0,50.0,47.0,41.0,43.0,40.0
2025-12-25T09:15:32.382536,262.52,95,Ring,motor_6_flexed,50.0,34.3125,0,31.0,30.0,29.0,30.0,30.0,28.0,29.0,29.0,29.0,31.0,31.0,50.0,47.0,41.0,44.0,40.0
2025-12-25T09:15:34.270434,264.41,95,Ring,motor_6_open,50.0,34.3125,0,31.0,30.0,29.0,30.0,30.0,28.0,29.0,29.0,29.0,31.0,31.0,50.0,47.0,41.0,43.0,41.0
2025-12-25T09:15:35.166368,265.307,96,Pinky,motor_7_flexed,50.0,34.3125,0,31.0,30.0,29.0,30.0,30.0,28.0,30.0,29.0,29.0,31.0,31.0,50.0,47.0,41.0,43.0,40.0
2025-12-25T09:15:37.054283,267.194,96,Pinky,motor_7_open,50.0,34.3125,0,31.0,30.0,29.0,30.0,30.0,28.0,30.0,29.0,29.0,31.0,31.0,50.0,47.0,41.0,43.0,40.0
2025-12-25T09:15:37.950225,268.088,97,Pinky,motor_8_flexed,50.0,34.3125,0,31.0,30.0,29.0,30.0,30.0,28.0,30.0,29.0,29.0,31.0,31.0,50.0,47.0,41.0,43.0,40.0
2025-12-25T09:15:39.838149,269.977,97,Pinky,motor_8_open,50.0,34.4375,0,31.0,30.0,29.0,30.0,30.0,29.0,30.0,29.0,29.0,31.0,31.0,50.0,47.0,41.0,43.0,41.0
2025-12-25T09:15:40.734088,270.874,98,Pinky,motor_9_flexed,50.0,34.4375,0,31.0,30.0,29.0,30.0,30.0,28.0,30.0,29.0,29.0,31.0,31.0,50.0,47.0,41.0,44.0,41.0
2025-12-25T09:15:42.621988,272.761,98,Pinky,motor_9_open,50.0,34.3125,0,31.0,30.0,29.0,30.0,30.0,28.0,30.0,29.0,29.0,31.0,31.0,50.0,47.0,41.0,43.0,40.0
2025-12-25T09:15:43.517940,273.654,99,Thumb,motor_13_flexed,50.0,34.3125,0,31.0,30.0,29.0,30.0,30.0,28.0,29.0,29.0,29.0,31.0,31.0,50.0,47.0,41.0,43.0,41.0
2025-12-25T09:15:45.405826,275.543,99,Thumb,motor_13_open,50.0,34.375,0,31.0,30.0,29.0,30.0,30.0,28.0,30.0,29.0,29.0,31.0,31.0,50.0,47.0,41.0,44.0,40.0
2025-12-25T09:15:46.301774,276.439,100,Thumb,motor_14_flexed,50.0,34.375,0,31.0,30.0,29.0,30.0,30.0,28.0,30.0,29.0,29.0,31.0,31.0,50.0,47.0,41.0,44.0,40.0
2025-12-25T09:15:48.205673,278.346,100,Thumb,motor_14_open,50.0,34.3125,0,31.0,30.0,29.0,30.0,30.0,28.0,30.0,29.0,29.0,31.0,31.0,50.0,47.0,41.0,43.0,40.0
2025-12-25T09:15:49.101637,279.24,101,Thumb,motor_12_flexed,50.0,34.3125,0,31.0,30.0,29.0,30.0,30.0,28.0,29.0,29.0,29.0,31.0,31.0,50.0,47.0,41.0,44.0,40.0
2025-12-25T09:15:50.989522,281.127,101,Thumb,motor_12_open,50.0,34.3125,0,31.0,30.0,29.0,30.0,30.0,28.0,30.0,29.0,29.0,31.0,31.0,50.0,47.0,41.0,43.0,40.0
2025-12-25T09:15:51.885472,282.023,102,Index,motor_2_flexed,50.0,34.375,0,31.0,30.0,29.0,30.0,30.0,28.0,30.0,29.0,29.0,31.0,31.0,50.0,47.0,41.0,43.0,41.0
2025-12-25T09:15:53.773388,283.912,102,Index,motor_2_open,50.0,34.25,0,31.0,30.0,29.0,30.0,30.0,28.0,29.0,29.0,29.0,31.0,31.0,50.0,47.0,41.0,43.0,40.0
2025-12-25T09:15:54.669338,284.808,103,Index,motor_1_flexed,50.0,34.375,0,31.0,30.0,29.0,30.0,30.0,28.0,30.0,29.0,29.0,31.0,31.0,50.0,47.0,41.0,44.0,40.0
2025-12-25T09:15:56.557236,286.697,103,Index,motor_1_open,50.0,34.375,0,31.0,30.0,29.0,30.0,30.0,28.0,30.0,29.0,29.0,31.0,31.0,50.0,47.0,41.0,44.0,40.0
2025-12-25T09:15:57.453186,287.588,104,Index,motor_3_flexed,50.0,34.4375,0,31.0,30.0,29.0,30.0,30.0,28.0,30.0,29.0,29.0,31.0,31.0,50.0,47.0,41.0,44.0,41.0
2025-12-25T09:15:59.341090,289.481,104,Index,motor_3_open,50.0,34.375,0,31.0,30.0,29.0,30.0,30.0,28.0,30.0,29.0,29.0,31.0,31.0,50.0,47.0,41.0,44.0,40.0
2025-12-25T09:16:00.237034,290.377,105,Middle,motor_11_flexed,50.0,34.25,0,31.0,30.0,29.0,30.0,30.0,28.0,30.0,29.0,29.0,31.0,31.0,50.0,47.0,41.0,43.0,39.0
2025-12-25T09:16:02.124936,292.263,105,Middle,motor_11_open,50.0,34.3125,0,31.0,30.0,29.0,30.0,30.0,28.0,30.0,29.0,29.0,31.0,31.0,50.0,47.0,41.0,43.0,40.0
2025-12-25T09:16:03.020890,293.159,106,Middle,motor_10_flexed,50.0,34.4375,0,31.0,30.0,29.0,30.0,30.0,28.0,30.0,29.0,29.0,31.0,31.0,50.0,47.0,42.0,44.0,40.0
2025-12-25T09:16:04.908784,295.048,106,Middle,motor_10_open,50.0,34.3125,0,31.0,30.0,29.0,30.0,30.0,28.0,29.0,29.0,29.0,31.0,31.0,50.0,47.0,42.0,43.0,40.0
2025-12-25T09:16:05.804745,295.944,107,Ring,motor_4_flexed,50.0,34.4375,0,31.0,30.0,29.0,30.0,30.0,28.0,29.0,29.0,29.0,31.0,31.0,50.0,47.0,42.0,44.0,41.0
2025-12-25T09:16:07.692613,297.832,107,Ring,motor_4_open,50.0,34.4375,0,31.0,30.0,29.0,30.0,30.0,28.0,30.0,29.0,29.0,31.0,31.0,50.0,47.0,42.0,44.0,40.0
2025-12-25T09:16:08.588589,298.727,108,Ring,motor_5_flexed,50.0,34.4375,0,31.0,30.0,29.0,30.0,30.0,28.0,30.0,29.0,29.0,31.0,31.0,50.0,47.0,42.0,44.0,40.0
2025-12-25T09:16:10.172494,300.315,108,Ring,motor_5_flex_hold,50.0,34.4375,0,31.0,30.0,29.0,30.0,30.0,28.0,30.0,29.0,29.0,31.0,31.0,50.0,47.0,42.0,44.0,40.0
2025-12-25T09:16:10.572471,300.71,108,Ring,motor_5_open,50.0,34.4375,0,31.0,30.0,29.0,30.0,30.0,28.0,30.0,29.0,29.0,31.0,31.0,50.0,47.0,42.0,44.0,40.0
2025-12-25T09:16:11.468419,301.607,109,Ring,motor_6_flexed,50.0,34.3125,0,31.0,30.0,29.0,30.0,30.0,28.0,29.0,29.0,29.0,31.0,31.0,50.0,47.0,42.0,43.0,40.0
2025-12-25T09:16:13.356314,303.497,109,Ring,motor_6_open,50.0,34.375,0,31.0,30.0,29.0,30.0,30.0,28.0,30.0,29.0,29.0,31.0,31.0,50.0,47.0,42.0,43.0,40.0
2025-12-25T09:16:14.252269,304.393,110,Pinky,motor_7_flexed,50.0,34.4375,0,31.0,30.0,29.0,30.0,30.0,28.0,30.0,29.0,29.0,31.0,31.0,50.0,47.0,42.0,43.0,41.0
2025-12-25T09:16:16.140178,306.28,110,Pinky,motor_7_open,50.0,34.4375,0,31.0,30.0,29.0,30.0,30.0,28.0,30.0,29.0,29.0,31.0,31.0,50.0,47.0,42.0,43.0,41.0
2025-12-25T09:16:17.036124,307.175,111,Pinky,motor_8_flexed,50.0,34.4375,0,31.0,30.0,29.0,30.0,30.0,28.0,30.0,29.0,29.0,31.0,31.0,50.0,47.0,42.0,43.0,41.0
2025-12-25T09:16:18.924009,309.062,111,Pinky,motor_8_open,50.0,34.4375,0,31.0,30.0,29.0,30.0,30.0,29.0,30.0,29.0,29.0,31.0,31.0,50.0,47.0,42.0,43.0,40.0
2025-12-25T09:16:19.819955,309.955,112,Pinky,motor_9_flexed,50.0,34.375,0,31.0,30.0,29.0,30.0,30.0,28.0,30.0,29.0,29.0,31.0,31.0,50.0,47.0,42.0,43.0,40.0
2025-12-25T09:16:21.707853,311.847,112,Pinky,motor_9_open,50.0,34.375,0,31.0,30.0,29.0,30.0,30.0,28.0,30.0,29.0,29.0,31.0,31.0,50.0,47.0,42.0,43.0,40.0
2025-12-25T09:16:22.603805,312.742,113,Thumb,motor_13_flexed,50.0,34.4375,0,31.0,30.0,29.0,30.0,30.0,28.0,30.0,29.0,29.0,31.0,31.0,50.0,47.0,42.0,43.0,41.0
2025-12-25T09:16:24.491702,314.631,113,Thumb,motor_13_open,50.0,34.3125,0,31.0,30.0,29.0,30.0,30.0,28.0,29.0,29.0,29.0,31.0,31.0,50.0,47.0,42.0,43.0,40.0
2025-12-25T09:16:25.387657,315.526,114,Thumb,motor_14_flexed,50.0,34.4375,0,31.0,30.0,29.0,30.0,30.0,28.0,30.0,29.0,29.0,31.0,31.0,50.0,47.0,42.0,44.0,40.0
2025-12-25T09:16:27.275554,317.413,114,Thumb,motor_14_open,50.0,34.4375,0,31.0,30.0,29.0,30.0,30.0,28.0,30.0,29.0,29.0,31.0,31.0,50.0,47.0,42.0,44.0,40.0
2025-12-25T09:16:28.171514,318.31,115,Thumb,motor_12_flexed,50.0,34.4375,0,31.0,30.0,29.0,30.0,30.0,28.0,30.0,29.0,29.0,31.0,31.0,50.0,47.0,42.0,44.0,40.0
2025-12-25T09:16:30.059403,320.198,115,Thumb,motor_12_open,50.0,34.4375,0,31.0,30.0,29.0,30.0,30.0,28.0,30.0,29.0,29.0,31.0,31.0,50.0,47.0,42.0,43.0,41.0
2025-12-25T09:16:30.955357,321.092,116,Index,motor_2_flexed,50.0,34.375,0,31.0,30.0,29.0,30.0,30.0,28.0,30.0,29.0,29.0,31.0,31.0,50.0,47.0,42.0,43.0,40.0
2025-12-25T09:16:32.843267,322.981,116,Index,motor_2_open,50.0,34.4375,0,31.0,30.0,29.0,30.0,30.0,28.0,30.0,29.0,29.0,31.0,31.0,50.0,47.0,42.0,44.0,40.0
2025-12-25T09:16:33.739208,323.874,117,Index,motor_1_flexed,50.0,34.3125,0,31.0,30.0,29.0,30.0,30.0,28.0,29.0,29.0,29.0,31.0,31.0,50.0,47.0,42.0,43.0,40.0
2025-12-25T09:16:35.627105,325.765,117,Index,motor_1_open,50.0,34.4375,0,31.0,30.0,29.0,30.0,30.0,28.0,30.0,29.0,29.0,31.0,31.0,50.0,47.0,42.0,44.0,40.0
2025-12-25T09:16:36.523056,326.661,118,Index,motor_3_flexed,50.0,34.375,0,31.0,30.0,29.0,30.0,30.0,28.0,30.0,29.0,29.0,31.0,31.0,50.0,47.0,42.0,43.0,40.0
2025-12-25T09:16:38.410958,328.546,118,Index,motor_3_open,50.0,34.3125,0,31.0,30.0,29.0,30.0,30.0,28.0,29.0,29.0,29.0,31.0,31.0,50.0,47.0,42.0,43.0,40.0
2025-12-25T09:16:39.306908,329.445,119,Middle,motor_11_flexed,50.0,34.375,0,31.0,30.0,29.0,30.0,30.0,28.0,29.0,29.0,29.0,31.0,31.0,50.0,47.0,42.0,43.0,41.0
2025-12-25T09:16:41.194807,331.331,119,Middle,motor_11_open,50.0,34.375,0,31.0,30.0,29.0,30.0,30.0,28.0,29.0,29.0,29.0,31.0,31.0,50.0,47.0,42.0,44.0,40.0
2025-12-25T09:16:42.090772,332.229,120,Middle,motor_10_flexed,50.0,34.4375,0,31.0,30.0,29.0,30.0,30.0,28.0,30.0,29.0,29.0,31.0,31.0,50.0,47.0,42.0,44.0,40.0
2025-12-25T09:16:43.978658,334.115,120,Middle,motor_10_open,50.0,34.375,0,31.0,30.0,29.0,30.0,30.0,28.0,29.0,29.0,29.0,31.0,31.0,50.0,47.0,42.0,44.0,40.0
2025-12-25T09:16:44.874612,335.011,121,Ring,motor_4_flexed,50.0,34.3125,0,31.0,30.0,29.0,30.0,30.0,28.0,29.0,29.0,29.0,31.0,31.0,50.0,47.0,42.0,43.0,40.0
2025-12-25T09:16:46.762524,336.899,121,Ring,motor_4_open,50.0,34.3125,0,31.0,30.0,29.0,30.0,30.0,28.0,29.0,29.0,29.0,31.0,31.0,50.0,47.0,42.0,43.0,40.0
2025-12-25T09:16:47.658457,337.796,122,Ring,motor_5_flexed,50.0,34.4375,0,31.0,30.0,29.0,30.0,30.0,28.0,30.0,29.0,29.0,31.0,31.0,50.0,47.0,42.0,43.0,41.0
2025-12-25T09:16:49.546347,339.683,122,Ring,motor_5_open,50.0,34.4375,0,31.0,30.0,29.0,30.0,30.0,28.0,30.0,29.0,29.0,31.0,31.0,50.0,47.0,42.0,43.0,41.0
2025-12-25T09:16:50.442297,340.574,123,Ring,motor_6_flexed,50.0,34.4375,0,31.0,30.0,29.0,30.0,30.0,28.0,30.0,29.0,29.0,31.0,31.0,50.0,47.0,42.0,44.0,40.0
2025-12-25T09:16:52.330196,342.462,123,Ring,motor_6_open,50.0,34.4375,0,31.0,30.0,29.0,30.0,30.0,28.0,29.0,29.0,29.0,31.0,31.0,50.0,47.0,42.0,44.0,41.0
2025-12-25T09:16:53.226148,343.359,124,Pinky,motor_7_flexed,50.0,34.3125,0,31.0,30.0,29.0,30.0,30.0,28.0,29.0,29.0,29.0,31.0,31.0,50.0,47.0,42.0,43.0,40.0
2025-12-25T09:16:55.114060,345.251,124,Pinky,motor_7_open,50.0,34.5,0,31.0,30.0,29.0,30.0,30.0,28.0,30.0,29.0,29.0,31.0,31.0,50.0,47.0,42.0,44.0,41.0
2025-12-25T09:16:56.010029,346.148,125,Pinky,motor_8_flexed,50.0,34.5,0,31.0,30.0,29.0,30.0,30.0,29.0,30.0,29.0,29.0,31.0,31.0,50.0,47.0,42.0,44.0,40.0
2025-12-25T09:16:57.897908,348.033,125,Pinky,motor_8_open,50.0,34.4375,0,31.0,30.0,29.0,30.0,30.0,29.0,30.0,29.0,29.0,31.0,31.0,50.0,47.0,42.0,43.0,40.0
2025-12-25T09:16:58.793865,348.933,126,Pinky,motor_9_flexed,50.0,34.4375,0,31.0,30.0,29.0,30.0,30.0,28.0,30.0,29.0,29.0,31.0,31.0,50.0,47.0,42.0,43.0,41.0
2025-12-25T09:17:00.681762,350.821,126,Pinky,motor_9_open,50.0,34.4375,0,31.0,30.0,29.0,30.0,30.0,28.0,30.0,29.0,29.0,31.0,31.0,50.0,47.0,42.0,44.0,40.0
2025-12-25T09:17:01.577712,351.716,127,Thumb,motor_13_flexed,50.0,34.4375,0,31.0,30.0,29.0,30.0,30.0,28.0,30.0,29.0,29.0,31.0,31.0,50.0,47.0,42.0,44.0,40.0
2025-12-25T09:17:03.465608,353.602,127,Thumb,motor_13_open,50.0,34.375,0,31.0,30.0,29.0,30.0,30.0,28.0,30.0,29.0,29.0,31.0,31.0,50.0,47.0,42.0,43.0,40.0
2025-12-25T09:17:04.361561,354.5,128,Thumb,motor_14_flexed,50.0,34.4375,0,31.0,30.0,29.0,30.0,30.0,28.0,30.0,29.0,29.0,31.0,31.0,50.0,47.0,42.0,44.0,40.0
2025-12-25T09:17:06.249460,356.388,128,Thumb,motor_14_open,50.0,34.375,0,31.0,30.0,29.0,30.0,30.0,28.0,30.0,29.0,29.0,31.0,31.0,50.0,47.0,42.0,42.0,41.0
2025-12-25T09:17:07.145412,357.282,129,Thumb,motor_12_flexed,50.0,34.375,0,31.0,30.0,29.0,30.0,30.0,28.0,30.0,29.0,29.0,31.0,31.0,50.0,47.0,42.0,43.0,40.0
2025-12-25T09:17:09.033311,359.172,129,Thumb,motor_12_open,50.0,34.4375,0,31.0,30.0,29.0,30.0,30.0,28.0,30.0,29.0,29.0,31.0,31.0,50.0,47.0,42.0,44.0,40.0
2025-12-25T09:17:09.929261,360.066,130,Index,motor_2_flexed,50.0,34.4375,0,31.0,30.0,29.0,30.0,30.0,28.0,30.0,29.0,29.0,31.0,31.0,50.0,47.0,42.0,43.0,41.0
2025-12-25T09:17:11.817162,361.955,130,Index,motor_2_open,50.0,34.4375,0,31.0,30.0,29.0,30.0,30.0,28.0,30.0,29.0,29.0,31.0,31.0,50.0,47.0,42.0,44.0,40.0
2025-12-25T09:17:12.713112,362.851,131,Index,motor_1_flexed,50.0,34.4375,0,31.0,30.0,29.0,30.0,30.0,28.0,30.0,29.0,29.0,31.0,31.0,50.0,47.0,42.0,43.0,41.0
2025-12-25T09:17:14.601012,364.735,131,Index,motor_1_open,50.0,34.375,0,31.0,30.0,29.0,30.0,30.0,28.0,30.0,29.0,29.0,31.0,31.0,50.0,47.0,42.0,43.0,40.0
2025-12-25T09:17:15.496962,365.634,132,Index,motor_3_flexed,50.0,34.4375,0,31.0,30.0,29.0,30.0,30.0,28.0,29.0,29.0,29.0,31.0,31.0,50.0,47.0,42.0,44.0,41.0
2025-12-25T09:17:17.384862,367.524,132,Index,motor_3_open,50.0,34.3125,0,31.0,30.0,29.0,30.0,30.0,28.0,29.0,29.0,29.0,31.0,31.0,50.0,47.0,42.0,43.0,40.0
2025-12-25T09:17:18.280814,368.421,133,Middle,motor_11_flexed,50.0,34.5,0,31.0,30.0,29.0,30.0,30.0,28.0,30.0,29.0,29.0,31.0,31.0,50.0,47.0,42.0,44.0,41.0
2025-12-25T09:17:20.168713,370.305,133,Middle,motor_11_open,50.0,34.3125,0,31.0,30.0,29.0,30.0,30.0,28.0,29.0,29.0,29.0,31.0,31.0,50.0,47.0,42.0,43.0,40.0
2025-12-25T09:17:21.064663,371.202,134,Middle,motor_10_flexed,50.0,34.5,0,31.0,30.0,29.0,30.0,30.0,28.0,30.0,29.0,29.0,31.0,31.0,50.0,47.0,42.0,44.0,41.0
2025-12-25T09:17:22.952558,373.091,134,Middle,motor_10_open,50.0,34.4375,0,31.0,30.0,29.0,30.0,30.0,28.0,30.0,29.0,29.0,31.0,31.0,50.0,47.0,42.0,44.0,40.0
2025-12-25T09:17:23.848511,373.989,135,Ring,motor_4_flexed,50.0,34.4375,0,31.0,30.0,29.0,30.0,30.0,28.0,30.0,29.0,29.0,31.0,31.0,50.0,47.0,42.0,44.0,40.0
2025-12-25T09:17:25.736406,375.872,135,Ring,motor_4_open,50.0,34.3125,0,31.0,30.0,29.0,30.0,30.0,28.0,29.0,29.0,29.0,31.0,31.0,50.0,47.0,42.0,43.0,40.0
2025-12-25T09:17:26.632365,376.771,136,Ring,motor_5_flexed,50.0,34.4375,0,31.0,30.0,29.0,30.0,30.0,28.0,30.0,29.0,29.0,31.0,31.0,50.0,47.0,42.0,44.0,40.0
2025-12-25T09:17:28.520256,378.661,136,Ring,motor_5_open,50.0,34.375,0,31.0,30.0,29.0,30.0,30.0,28.0,30.0,29.0,29.0,31.0,31.0,50.0,47.0,42.0,43.0,40.0
2025-12-25T09:17:29.416215,379.557,137,Ring,motor_6_flexed,50.0,34.4375,0,31.0,30.0,29.0,30.0,30.0,28.0,30.0,29.0,29.0,31.0,31.0,50.0,47.0,42.0,44.0,40.0
2025-12-25T09:17:31.304112,381.441,137,Ring,motor_6_open,50.0,34.4375,0,31.0,30.0,29.0,30.0,30.0,28.0,29.0,29.0,29.0,31.0,31.0,50.0,47.0,42.0,44.0,41.0
2025-12-25T09:17:32.200064,382.339,138,Pinky,motor_7_flexed,50.0,34.4375,0,31.0,30.0,29.0,30.0,30.0,28.0,29.0,29.0,29.0,31.0,31.0,50.0,47.0,42.0,44.0,41.0
2025-12-25T09:17:34.087963,384.228,138,Pinky,motor_7_open,50.0,34.4375,0,31.0,30.0,29.0,30.0,30.0,28.0,30.0,29.0,29.0,31.0,31.0,50.0,47.0,42.0,43.0,41.0
2025-12-25T09:17:34.983923,385.121,139,Pinky,motor_8_flexed,50.0,34.4375,0,31.0,30.0,29.0,30.0,30.0,28.0,30.0,29.0,29.0,31.0,31.0,50.0,47.0,42.0,43.0,41.0
2025-12-25T09:17:36.871825,387.011,139,Pinky,motor_8_open,50.0,34.4375,0,31.0,30.0,29.0,30.0,30.0,28.0,30.0,29.0,29.0,31.0,31.0,50.0,47.0,42.0,43.0,41.0
2025-12-25T09:17:37.767767,387.906,140,Pinky,motor_9_flexed,50.0,34.375,0,31.0,30.0,29.0,30.0,30.0,28.0,30.0,29.0,29.0,31.0,31.0,50.0,47.0,42.0,44.0,39.0
2025-12-25T09:17:39.655712,389.796,140,Pinky,motor_9_open,50.0,34.4375,0,31.0,30.0,29.0,30.0,30.0,28.0,30.0,29.0,29.0,31.0,31.0,50.0,47.0,42.0,44.0,40.0
2025-12-25T09:17:40.551653,390.692,141,Thumb,motor_13_flexed,50.0,34.4375,0,31.0,30.0,29.0,30.0,30.0,28.0,30.0,29.0,29.0,31.0,31.0,50.0,47.0,42.0,44.0,40.0
2025-12-25T09:17:42.439554,392.581,141,Thumb,motor_13_open,50.0,34.3125,0,31.0,30.0,29.0,30.0,30.0,28.0,30.0,29.0,29.0,31.0,31.0,50.0,47.0,42.0,44.0,38.0
2025-12-25T09:17:43.335504,393.471,142,Thumb,motor_14_flexed,50.0,34.4375,0,31.0,30.0,29.0,30.0,30.0,28.0,30.0,29.0,29.0,31.0,31.0,50.0,47.0,42.0,44.0,40.0
2025-12-25T09:17:45.223353,395.362,142,Thumb,motor_14_open,50.0,34.5,0,31.0,30.0,29.0,30.0,30.0,28.0,30.0,29.0,29.0,31.0,31.0,50.0,47.0,42.0,44.0,41.0
2025-12-25T09:17:46.119319,396.258,143,Thumb,motor_12_flexed,50.0,34.5,0,31.0,30.0,29.0,30.0,30.0,28.0,30.0,29.0,29.0,31.0,31.0,50.0,47.0,42.0,44.0,41.0
2025-12-25T09:17:48.007216,398.145,143,Thumb,motor_12_open,50.0,34.5,0,31.0,30.0,29.0,30.0,30.0,28.0,30.0,29.0,29.0,31.0,31.0,50.0,47.0,42.0,44.0,41.0
2025-12-25T09:17:48.903176,399.044,144,Index,motor_2_flexed,50.0,34.375,0,31.0,30.0,29.0,30.0,30.0,28.0,30.0,29.0,29.0,31.0,31.0,50.0,47.0,42.0,43.0,40.0
2025-12-25T09:17:50.791066,400.93,144,Index,motor_2_open,50.0,34.5,0,31.0,30.0,29.0,30.0,30.0,28.0,30.0,29.0,29.0,31.0,31.0,50.0,47.0,42.0,44.0,41.0
2025-12-25T09:17:51.687018,401.827,145,Index,motor_1_flexed,50.0,34.4375,0,31.0,30.0,29.0,30.0,30.0,28.0,30.0,29.0,29.0,31.0,31.0,50.0,47.0,42.0,43.0,41.0
2025-12-25T09:17:53.590927,403.719,145,Index,motor_1_open,50.0,34.4375,0,31.0,30.0,29.0,30.0,30.0,28.0,30.0,29.0,29.0,31.0,31.0,50.0,47.0,42.0,44.0,40.0
2025-12-25T09:17:54.486866,404.625,146,Index,motor_3_flexed,50.0,34.375,0,31.0,30.0,29.0,30.0,30.0,28.0,30.0,29.0,29.0,31.0,31.0,50.0,47.0,42.0,43.0,40.0
2025-12-25T09:17:56.390799,406.528,146,Index,motor_3_open,50.0,34.5,0,31.0,30.0,29.0,30.0,30.0,28.0,30.0,29.0,29.0,31.0,31.0,50.0,47.0,42.0,44.0,41.0
2025-12-25T09:17:57.286750,407.426,147,Middle,motor_11_flexed,50.0,34.5,0,31.0,30.0,29.0,30.0,30.0,28.0,30.0,29.0,29.0,31.0,31.0,50.0,47.0,42.0,44.0,41.0
2025-12-25T09:17:59.174654,409.313,147,Middle,motor_11_open,50.0,34.375,0,31.0,30.0,29.0,30.0,30.0,28.0,30.0,29.0,29.0,31.0,31.0,50.0,47.0,42.0,43.0,40.0
2025-12-25T09:18:00.070604,410.209,148,Middle,motor_10_flexed,50.0,34.375,0,31.0,30.0,29.0,30.0,30.0,28.0,30.0,29.0,29.0,31.0,31.0,50.0,47.0,42.0,43.0,40.0
2025-12-25T09:18:01.958500,412.096,148,Middle,motor_10_open,50.0,34.5,0,31.0,30.0,29.0,30.0,30.0,28.0,30.0,29.0,29.0,31.0,31.0,50.0,47.0,42.0,44.0,41.0
2025-12-25T09:18:02.854470,412.995,149,Ring,motor_4_flexed,50.0,34.4375,0,31.0,30.0,29.0,30.0,30.0,28.0,29.0,29.0,29.0,31.0,31.0,50.0,47.0,42.0,44.0,41.0
2025-12-25T09:18:04.742322,414.881,149,Ring,motor_4_open,50.0,34.4375,0,31.0,30.0,29.0,30.0,30.0,28.0,30.0,29.0,29.0,31.0,31.0,50.0,47.0,42.0,44.0,40.0
2025-12-25T09:18:05.638303,415.775,150,Ring,motor_5_flexed,50.0,34.375,0,31.0,30.0,29.0,30.0,30.0,28.0,30.0,29.0,29.0,31.0,31.0,50.0,47.0,42.0,43.0,40.0
2025-12-25T09:18:07.526202,417.664,150,Ring,motor_5_open,50.0,34.4375,0,31.0,30.0,29.0,30.0,30.0,28.0,30.0,29.0,29.0,31.0,31.0,50.0,47.0,42.0,43.0,41.0
2025-12-25T09:18:08.422152,418.558,151,Ring,motor_6_flexed,50.0,34.4375,0,31.0,30.0,29.0,30.0,30.0,28.0,30.0,29.0,29.0,31.0,31.0,50.0,47.0,42.0,43.0,41.0
2025-12-25T09:18:10.006068,420.148,151,Ring,motor_6_flex_hold,50.0,34.4375,0,31.0,30.0,29.0,30.0,30.0,28.0,30.0,29.0,29.0,31.0,31.0,50.0,47.0,42.0,43.0,41.0
2025-12-25T09:18:10.406050,420.543,151,Ring,motor_6_open,50.0,34.375,0,31.0,30.0,29.0,30.0,30.0,28.0,29.0,29.0,29.0,31.0,31.0,50.0,47.0,42.0,44.0,40.0
2025-12-25T09:18:11.302001,421.441,152,Pinky,motor_7_flexed,50.0,34.4375,0,31.0,30.0,29.0,30.0,30.0,28.0,30.0,29.0,29.0,31.0,31.0,50.0,47.0,42.0,43.0,41.0
2025-12-25T09:18:13.189898,423.329,152,Pinky,motor_7_open,50.0,34.4375,0,31.0,30.0,29.0,30.0,30.0,28.0,30.0,29.0,29.0,31.0,31.0,50.0,47.0,42.0,43.0,41.0
2025-12-25T09:18:14.085848,424.223,153,Pinky,motor_8_flexed,50.0,34.375,0,31.0,30.0,29.0,30.0,30.0,28.0,30.0,29.0,29.0,31.0,31.0,50.0,47.0,42.0,43.0,40.0
2025-12-25T09:18:15.973748,426.112,153,Pinky,motor_8_open,50.0,34.4375,0,31.0,30.0,29.0,30.0,30.0,28.0,30.0,29.0,29.0,31.0,31.0,50.0,47.0,42.0,43.0,41.0
2025-12-25T09:18:16.869700,427.01,154,Pinky,motor_9_flexed,50.0,34.4375,0,31.0,30.0,29.0,30.0,30.0,28.0,30.0,29.0,29.0,31.0,31.0,50.0,47.0,42.0,44.0,40.0
2025-12-25T09:18:18.757604,428.898,154,Pinky,motor_9_open,50.0,34.5,0,31.0,30.0,29.0,30.0,30.0,28.0,30.0,29.0,29.0,31.0,31.0,50.0,47.0,42.0,44.0,41.0
2025-12-25T09:18:19.653523,429.79,155,Thumb,motor_13_flexed,50.0,34.375,0,31.0,30.0,29.0,30.0,30.0,28.0,29.0,29.0,29.0,31.0,31.0,50.0,47.0,42.0,44.0,40.0
2025-12-25T09:18:21.541447,431.681,155,Thumb,motor_13_open,50.0,34.4375,0,31.0,30.0,29.0,30.0,30.0,28.0,30.0,29.0,29.0,31.0,31.0,50.0,47.0,42.0,43.0,41.0
2025-12-25T09:18:22.437399,432.575,156,Thumb,motor_14_flexed,50.0,34.4375,0,31.0,30.0,29.0,30.0,30.0,28.0,30.0,29.0,29.0,31.0,31.0,50.0,47.0,42.0,44.0,40.0
2025-12-25T09:18:24.325280,434.465,156,Thumb,motor_14_open,50.0,34.375,0,31.0,30.0,29.0,30.0,30.0,28.0,30.0,29.0,29.0,31.0,31.0,50.0,47.0,42.0,43.0,40.0
2025-12-25T09:18:25.221232,435.361,157,Thumb,motor_12_flexed,50.0,34.4375,0,31.0,30.0,29.0,30.0,30.0,28.0,30.0,29.0,29.0,31.0,31.0,50.0,47.0,42.0,43.0,41.0
2025-12-25T09:18:27.109131,437.247,157,Thumb,motor_12_open,50.0,34.5,0,31.0,30.0,29.0,30.0,30.0,28.0,30.0,29.0,29.0,31.0,31.0,50.0,47.0,42.0,44.0,41.0
2025-12-25T09:18:28.005089,438.144,158,Index,motor_2_flexed,50.0,34.4375,0,31.0,30.0,29.0,30.0,30.0,28.0,30.0,29.0,29.0,31.0,31.0,50.0,47.0,42.0,44.0,40.0
2025-12-25T09:18:29.892980,440.034,158,Index,motor_2_open,50.0,34.375,0,31.0,30.0,29.0,30.0,30.0,28.0,30.0,29.0,29.0,31.0,31.0,50.0,47.0,42.0,43.0,40.0
2025-12-25T09:18:30.788931,440.929,159,Index,motor_1_flexed,50.0,34.375,0,31.0,30.0,29.0,30.0,30.0,28.0,30.0,29.0,29.0,31.0,31.0,50.0,47.0,42.0,43.0,40.0
2025-12-25T09:18:32.676840,442.816,159,Index,motor_1_open,50.0,34.375,0,31.0,30.0,29.0,30.0,30.0,28.0,30.0,29.0,29.0,31.0,31.0,50.0,47.0,42.0,43.0,40.0
2025-12-25T09:18:33.572782,443.71,160,Index,motor_3_flexed,50.0,34.375,0,31.0,30.0,29.0,30.0,30.0,28.0,30.0,29.0,29.0,31.0,31.0,50.0,47.0,42.0,43.0,40.0
2025-12-25T09:18:35.476678,445.614,160,Index,motor_3_open,50.0,34.4375,0,31.0,30.0,29.0,30.0,30.0,28.0,30.0,29.0,29.0,31.0,31.0,50.0,47.0,42.0,44.0,40.0
2025-12-25T09:18:36.388629,446.516,161,Middle,motor_11_flexed,50.0,34.5,0,31.0,30.0,29.0,30.0,30.0,28.0,30.0,29.0,29.0,31.0,31.0,50.0,47.0,42.0,44.0,41.0
2025-12-25T09:18:38.276530,448.415,161,Middle,motor_11_open,50.0,34.5625,0,31.0,30.0,29.0,30.0,30.0,28.0,30.0,29.0,29.0,31.0,32.0,50.0,47.0,42.0,44.0,41.0
2025-12-25T09:18:39.172483,449.311,162,Middle,motor_10_flexed,50.0,34.4375,0,31.0,30.0,29.0,30.0,30.0,28.0,30.0,29.0,29.0,31.0,31.0,50.0,47.0,42.0,43.0,41.0
2025-12-25T09:18:41.060379,451.196,162,Middle,motor_10_open,50.0,34.4375,0,31.0,30.0,29.0,30.0,30.0,28.0,30.0,29.0,29.0,31.0,31.0,50.0,47.0,42.0,43.0,41.0
2025-12-25T09:18:41.956342,452.097,163,Ring,motor_4_flexed,50.0,34.4375,0,31.0,30.0,29.0,30.0,30.0,28.0,30.0,29.0,29.0,31.0,32.0,50.0,47.0,42.0,43.0,40.0
2025-12-25T09:18:43.844228,453.985,163,Ring,motor_4_open,50.0,34.4375,0,31.0,30.0,29.0,30.0,30.0,28.0,30.0,29.0,29.0,31.0,31.0,50.0,47.0,42.0,44.0,40.0
2025-12-25T09:18:44.740179,454.879,164,Ring,motor_5_flexed,50.0,34.4375,0,31.0,30.0,29.0,30.0,30.0,28.0,30.0,29.0,29.0,31.0,31.0,50.0,47.0,42.0,44.0,40.0
2025-12-25T09:18:46.628081,456.767,164,Ring,motor_5_open,50.0,34.5,0,31.0,30.0,29.0,30.0,30.0,28.0,30.0,29.0,29.0,31.0,32.0,50.0,47.0,42.0,44.0,40.0
2025-12-25T09:18:47.524015,457.662,165,Ring,motor_6_flexed,50.0,34.375,0,31.0,30.0,29.0,30.0,30.0,28.0,30.0,29.0,29.0,31.0,31.0,50.0,47.0,42.0,43.0,40.0
2025-12-25T09:18:49.411929,459.551,165,Ring,motor_6_open,50.0,34.5,0,31.0,30.0,29.0,30.0,30.0,28.0,30.0,29.0,29.0,31.0,32.0,50.0,47.0,42.0,44.0,40.0
2025-12-25T09:18:50.307880,460.449,166,Pinky,motor_7_flexed,50.0,34.5,0,31.0,30.0,29.0,30.0,30.0,28.0,30.0,29.0,29.0,31.0,32.0,50.0,47.0,42.0,43.0,41.0
2025-12-25T09:18:52.195777,462.335,166,Pinky,motor_7_open,50.0,34.375,0,31.0,30.0,29.0,30.0,30.0,28.0,30.0,29.0,29.0,31.0,31.0,50.0,47.0,42.0,43.0,40.0
2025-12-25T09:18:53.091732,463.228,167,Pinky,motor_8_flexed,50.0,34.5,0,31.0,30.0,29.0,30.0,30.0,28.0,30.0,29.0,29.0,31.0,32.0,50.0,47.0,42.0,43.0,41.0
2025-12-25T09:18:54.995614,465.134,167,Pinky,motor_8_open,50.0,34.375,0,31.0,30.0,29.0,30.0,30.0,28.0,30.0,29.0,29.0,31.0,31.0,50.0,47.0,42.0,43.0,40.0
2025-12-25T09:18:55.891581,466.03,168,Pinky,motor_9_flexed,50.0,34.5,0,31.0,30.0,29.0,30.0,30.0,28.0,30.0,29.0,29.0,31.0,32.0,50.0,47.0,42.0,44.0,40.0
2025-12-25T09:18:57.779478,467.919,168,Pinky,motor_9_open,50.0,34.4375,0,31.0,30.0,29.0,30.0,30.0,28.0,30.0,29.0,29.0,31.0,31.0,50.0,47.0,42.0,43.0,41.0
2025-12-25T09:18:58.675432,468.812,169,Thumb,motor_13_flexed,50.0,34.5,0,31.0,30.0,29.0,30.0,30.0,28.0,30.0,29.0,29.0,31.0,32.0,50.0,47.0,42.0,44.0,40.0
2025-12-25T09:19:00.563325,470.705,169,Thumb,motor_13_open,50.0,34.5625,0,31.0,30.0,29.0,30.0,30.0,28.0,30.0,29.0,29.0,31.0,32.0,50.0,47.0,42.0,44.0,41.0
2025-12-25T09:19:01.459281,471.601,170,Thumb,motor_14_flexed,50.0,34.4375,0,31.0,30.0,29.0,30.0,30.0,28.0,30.0,29.0,29.0,31.0,31.0,50.0,47.0,42.0,43.0,41.0
2025-12-25T09:19:03.347180,473.486,170,Thumb,motor_14_open,50.0,34.4375,0,31.0,30.0,29.0,30.0,30.0,28.0,30.0,29.0,29.0,31.0,32.0,50.0,47.0,42.0,43.0,40.0
2025-12-25T09:19:04.243128,474.376,171,Thumb,motor_12_flexed,50.0,34.5,0,31.0,30.0,29.0,30.0,30.0,28.0,30.0,29.0,29.0,31.0,31.0,50.0,47.0,42.0,44.0,41.0
2025-12-25T09:19:06.131027,476.267,171,Thumb,motor_12_open,50.0,34.4375,0,31.0,30.0,29.0,30.0,30.0,28.0,30.0,29.0,29.0,31.0,31.0,50.0,47.0,42.0,43.0,41.0
2025-12-25T09:19:07.026980,477.168,172,Index,motor_2_flexed,50.0,34.5,0,31.0,30.0,29.0,30.0,30.0,28.0,30.0,29.0,29.0,31.0,32.0,50.0,47.0,42.0,43.0,41.0
2025-12-25T09:19:08.914881,479.052,172,Index,motor_2_open,50.0,34.4375,0,31.0,30.0,29.0,30.0,30.0,28.0,30.0,29.0,29.0,31.0,31.0,50.0,47.0,42.0,44.0,40.0
2025-12-25T09:19:09.810834,479.946,173,Index,motor_1_flexed,50.0,34.4375,0,31.0,30.0,29.0,30.0,30.0,28.0,30.0,29.0,29.0,31.0,31.0,50.0,47.0,42.0,43.0,41.0
2025-12-25T09:19:10.898773,481.037,173,Index,motor_1_flex_hold,50.0,34.375,0,31.0,30.0,29.0,30.0,30.0,28.0,30.0,29.0,29.0,31.0,31.0,50.0,47.0,42.0,43.0,40.0
2025-12-25T09:19:11.698730,481.836,173,Index,motor_1_open,50.0,34.375,0,31.0,30.0,29.0,30.0,30.0,28.0,30.0,29.0,29.0,31.0,31.0,50.0,47.0,42.0,43.0,40.0
2025-12-25T09:19:12.594681,482.731,174,Index,motor_3_flexed,50.0,34.4375,0,31.0,30.0,29.0,30.0,30.0,28.0,30.0,29.0,29.0,31.0,31.0,50.0,47.0,42.0,43.0,41.0
2025-12-25T09:19:14.482582,484.623,174,Index,motor_3_open,50.0,34.375,0,31.0,30.0,29.0,30.0,30.0,28.0,30.0,29.0,29.0,31.0,31.0,50.0,47.0,42.0,43.0,40.0
2025-12-25T09:19:15.378531,485.518,175,Middle,motor_11_flexed,50.0,34.5,0,31.0,30.0,29.0,30.0,30.0,28.0,30.0,29.0,29.0,31.0,31.0,50.0,47.0,42.0,44.0,41.0
2025-12-25T09:19:17.266431,487.405,175,Middle,motor_11_open,50.0,34.4375,0,31.0,30.0,29.0,30.0,30.0,28.0,30.0,29.0,29.0,31.0,31.0,50.0,47.0,42.0,44.0,40.0
2025-12-25T09:19:18.162369,488.302,176,Middle,motor_10_flexed,50.0,34.375,0,31.0,30.0,29.0,30.0,30.0,28.0,30.0,29.0,29.0,31.0,31.0,50.0,47.0,42.0,43.0,40.0
2025-12-25T09:19:20.050283,490.189,176,Middle,motor_10_open,50.0,34.4375,0,31.0,30.0,29.0,30.0,30.0,28.0,30.0,29.0,29.0,31.0,31.0,50.0,47.0,42.0,43.0,41.0
2025-12-25T09:19:20.946234,491.083,177,Ring,motor_4_flexed,50.0,34.4375,0,31.0,30.0,29.0,30.0,30.0,28.0,30.0,29.0,29.0,31.0,31.0,50.0,47.0,42.0,43.0,41.0
2025-12-25T09:19:22.834127,492.975,177,Ring,motor_4_open,50.0,34.4375,0,31.0,30.0,29.0,30.0,30.0,28.0,30.0,29.0,29.0,31.0,31.0,50.0,47.0,42.0,43.0,41.0
2025-12-25T09:19:23.730084,493.871,178,Ring,motor_5_flexed,50.0,34.5,0,31.0,30.0,29.0,30.0,30.0,28.0,30.0,29.0,29.0,31.0,32.0,50.0,47.0,42.0,43.0,41.0
2025-12-25T09:19:25.617986,495.756,178,Ring,motor_5_open,50.0,34.4375,0,31.0,30.0,29.0,30.0,30.0,28.0,30.0,29.0,29.0,31.0,31.0,50.0,47.0,42.0,44.0,40.0
2025-12-25T09:19:26.513929,496.652,179,Ring,motor_6_flexed,50.0,34.5,0,31.0,30.0,29.0,30.0,30.0,28.0,30.0,29.0,29.0,31.0,31.0,50.0,47.0,42.0,44.0,41.0
2025-12-25T09:19:28.401829,498.54,179,Ring,motor_6_open,50.0,34.4375,0,31.0,30.0,29.0,30.0,30.0,28.0,30.0,29.0,29.0,31.0,31.0,50.0,47.0,42.0,44.0,40.0
2025-12-25T09:19:29.297791,499.437,180,Pinky,motor_7_flexed,50.0,34.4375,0,31.0,30.0,29.0,30.0,30.0,28.0,30.0,29.0,29.0,31.0,31.0,50.0,47.0,42.0,44.0,40.0
2025-12-25T09:19:31.185660,501.325,180,Pinky,motor_7_open,50.0,34.5,0,31.0,30.0,29.0,30.0,30.0,28.0,30.0,29.0,29.0,31.0,31.0,50.0,47.0,42.0,44.0,41.0
2025-12-25T09:19:32.081615,502.224,181,Pinky,motor_8_flexed,50.0,34.4375,0,31.0,30.0,29.0,30.0,30.0,28.0,30.0,29.0,29.0,31.0,31.0,50.0,47.0,42.0,43.0,41.0
2025-12-25T09:19:33.969512,504.105,181,Pinky,motor_8_open,50.0,34.5625,0,31.0,30.0,29.0,30.0,30.0,28.0,30.0,29.0,29.0,31.0,32.0,50.0,47.0,42.0,44.0,41.0
2025-12-25T09:19:34.865468,505.005,182,Pinky,motor_9_flexed,50.0,34.5,0,31.0,30.0,29.0,30.0,30.0,28.0,30.0,29.0,29.0,31.0,32.0,50.0,47.0,42.0,44.0,40.0
2025-12-25T09:19:36.753360,506.892,182,Pinky,motor_9_open,50.0,34.3125,0,31.0,30.0,29.0,30.0,30.0,28.0,30.0,29.0,29.0,31.0,31.0,50.0,47.0,41.0,43.0,40.0
2025-12-25T09:19:37.649311,507.787,183,Thumb,motor_13_flexed,50.0,34.375,0,31.0,30.0,29.0,30.0,30.0,28.0,30.0,29.0,29.0,31.0,31.0,50.0,47.0,41.0,43.0,41.0
2025-12-25T09:19:39.537223,509.675,183,Thumb,motor_13_open,50.0,34.375,0,31.0,30.0,29.0,30.0,30.0,28.0,30.0,29.0,29.0,31.0,31.0,50.0,47.0,41.0,44.0,40.0
2025-12-25T09:19:40.433164,510.572,184,Thumb,motor_14_flexed,50.0,34.4375,0,31.0,30.0,29.0,30.0,30.0,28.0,30.0,29.0,29.0,31.0,32.0,50.0,47.0,41.0,43.0,41.0
2025-12-25T09:19:42.321059,512.459,184,Thumb,motor_14_open,50.0,34.4375,0,31.0,30.0,29.0,30.0,30.0,28.0,30.0,29.0,29.0,31.0,31.0,50.0,47.0,41.0,44.0,41.0
2025-12-25T09:19:43.217012,513.357,185,Thumb,motor_12_flexed,50.0,34.4375,0,31.0,30.0,29.0,30.0,30.0,28.0,30.0,29.0,29.0,31.0,32.0,50.0,47.0,41.0,44.0,40.0
2025-12-25T09:19:45.104910,515.243,185,Thumb,motor_12_open,50.0,34.375,0,31.0,30.0,29.0,30.0,30.0,28.0,30.0,29.0,29.0,31.0,31.0,50.0,47.0,41.0,43.0,41.0
2025-12-25T09:19:46.000867,516.138,186,Index,motor_2_flexed,50.0,34.375,0,31.0,30.0,29.0,30.0,30.0,28.0,30.0,29.0,29.0,31.0,31.0,50.0,47.0,41.0,43.0,41.0
2025-12-25T09:19:47.888760,518.027,186,Index,motor_2_open,50.0,34.3125,0,31.0,30.0,29.0,30.0,30.0,28.0,30.0,29.0,29.0,31.0,31.0,50.0,47.0,41.0,43.0,40.0
2025-12-25T09:19:48.784725,518.925,187,Index,motor_1_flexed,50.0,34.375,0,31.0,30.0,29.0,30.0,30.0,28.0,30.0,29.0,29.0,31.0,31.0,50.0,47.0,41.0,43.0,41.0
2025-12-25T09:19:50.672610,520.811,187,Index,motor_1_open,50.0,34.375,0,31.0,30.0,29.0,30.0,30.0,28.0,30.0,29.0,29.0,31.0,31.0,50.0,47.0,41.0,44.0,40.0
2025-12-25T09:19:51.568547,521.706,188,Index,motor_3_flexed,50.0,34.375,0,31.0,30.0,29.0,30.0,30.0,28.0,30.0,29.0,29.0,31.0,31.0,50.0,47.0,41.0,44.0,40.0
2025-12-25T09:19:53.456471,523.597,188,Index,motor_3_open,50.0,34.3125,0,31.0,30.0,29.0,30.0,30.0,28.0,30.0,29.0,29.0,31.0,31.0,50.0,47.0,41.0,44.0,39.0
2025-12-25T09:19:54.352415,524.492,189,Middle,motor_11_flexed,50.0,34.375,0,31.0,30.0,29.0,30.0,30.0,28.0,30.0,29.0,29.0,31.0,31.0,50.0,47.0,41.0,44.0,40.0
2025-12-25T09:19:56.240310,526.381,189,Middle,motor_11_open,50.0,34.4375,0,31.0,30.0,29.0,30.0,30.0,28.0,30.0,29.0,29.0,31.0,31.0,50.0,47.0,41.0,44.0,41.0
2025-12-25T09:19:57.136260,527.267,190,Middle,motor_10_flexed,50.0,34.375,0,31.0,30.0,29.0,30.0,30.0,28.0,30.0,29.0,29.0,31.0,31.0,50.0,47.0,41.0,43.0,41.0
2025-12-25T09:19:59.024161,529.166,190,Middle,motor_10_open,50.0,34.4375,0,31.0,30.0,29.0,30.0,30.0,28.0,30.0,29.0,29.0,31.0,31.0,50.0,47.0,41.0,44.0,41.0
2025-12-25T09:19:59.920112,530.061,191,Ring,motor_4_flexed,50.0,34.375,0,31.0,30.0,29.0,30.0,30.0,28.0,30.0,29.0,29.0,31.0,31.0,50.0,47.0,41.0,43.0,41.0
2025-12-25T09:20:01.808010,531.947,191,Ring,motor_4_open,50.0,34.5,0,31.0,30.0,29.0,30.0,30.0,28.0,30.0,29.0,29.0,31.0,32.0,50.0,47.0,42.0,43.0,41.0
2025-12-25T09:20:02.703963,532.839,192,Ring,motor_5_flexed,50.0,34.4375,0,31.0,30.0,29.0,30.0,30.0,28.0,30.0,29.0,29.0,31.0,31.0,50.0,47.0,42.0,43.0,41.0
2025-12-25T09:20:04.591860,534.73,192,Ring,motor_5_open,50.0,34.5,0,31.0,30.0,29.0,30.0,30.0,28.0,30.0,29.0,29.0,31.0,32.0,50.0,47.0,42.0,44.0,40.0
2025-12-25T09:20:05.487801,535.629,193,Ring,motor_6_flexed,50.0,34.4375,0,31.0,30.0,29.0,30.0,30.0,28.0,30.0,29.0,29.0,31.0,31.0,50.0,47.0,42.0,43.0,41.0
2025-12-25T09:20:07.375710,537.516,193,Ring,motor_6_open,50.0,34.5625,0,31.0,30.0,29.0,30.0,30.0,29.0,30.0,29.0,29.0,31.0,31.0,50.0,47.0,42.0,44.0,41.0
2025-12-25T09:20:08.271664,538.408,194,Pinky,motor_7_flexed,50.0,34.4375,0,31.0,30.0,29.0,30.0,30.0,28.0,30.0,29.0,29.0,31.0,32.0,50.0,47.0,42.0,43.0,40.0
2025-12-25T09:20:10.159559,540.298,194,Pinky,motor_7_open,50.0,34.625,0,31.0,30.0,29.0,30.0,30.0,28.0,30.0,29.0,29.0,31.0,31.0,50.0,47.0,42.0,44.0,43.0
2025-12-25T09:20:11.055514,541.194,195,Pinky,motor_8_flexed,50.0,34.5,0,31.0,30.0,29.0,30.0,30.0,28.0,30.0,29.0,29.0,31.0,31.0,50.0,47.0,42.0,44.0,41.0
2025-12-25T09:20:12.943413,543.082,195,Pinky,motor_8_open,50.0,34.5,0,31.0,30.0,29.0,30.0,30.0,28.0,30.0,29.0,29.0,31.0,31.0,50.0,47.0,42.0,44.0,41.0
2025-12-25T09:20:13.839363,543.978,196,Pinky,motor_9_flexed,50.0,34.4375,0,31.0,30.0,29.0,30.0,30.0,28.0,30.0,29.0,29.0,31.0,31.0,50.0,47.0,42.0,43.0,41.0
2025-12-25T09:20:15.727261,545.865,196,Pinky,motor_9_open,50.0,34.375,0,31.0,30.0,29.0,30.0,30.0,28.0,30.0,29.0,29.0,31.0,31.0,50.0,47.0,42.0,43.0,40.0
2025-12-25T09:20:16.623202,546.759,197,Thumb,motor_13_flexed,50.0,34.5,0,31.0,30.0,29.0,30.0,30.0,28.0,30.0,29.0,29.0,31.0,31.0,50.0,47.0,42.0,44.0,41.0
2025-12-25T09:20:18.511101,548.643,197,Thumb,motor_13_open,50.0,34.4375,0,31.0,30.0,29.0,30.0,30.0,28.0,30.0,29.0,29.0,31.0,31.0,50.0,47.0,42.0,43.0,41.0
2025-12-25T09:20:19.407051,549.538,198,Thumb,motor_14_flexed,50.0,34.4375,0,31.0,30.0,29.0,30.0,30.0,28.0,30.0,29.0,29.0,31.0,31.0,50.0,47.0,42.0,44.0,40.0
2025-12-25T09:20:21.294950,551.432,198,Thumb,motor_14_open,50.0,34.5,0,31.0,30.0,29.0,30.0,30.0,28.0,30.0,29.0,29.0,31.0,31.0,50.0,47.0,42.0,44.0,41.0
2025-12-25T09:20:22.190908,552.329,199,Thumb,motor_12_flexed,50.0,34.5,0,31.0,30.0,29.0,30.0,30.0,28.0,30.0,29.0,29.0,31.0,31.0,50.0,47.0,42.0,44.0,41.0
2025-12-25T09:20:24.078809,554.218,199,Thumb,motor_12_open,50.0,34.375,0,31.0,30.0,29.0,30.0,30.0,28.0,30.0,29.0,29.0,31.0,31.0,50.0,47.0,42.0,43.0,40.0
2025-12-25T09:20:24.974763,555.112,200,Index,motor_2_flexed,50.0,34.4375,0,31.0,30.0,29.0,30.0,30.0,28.0,30.0,29.0,29.0,31.0,31.0,50.0,47.0,42.0,44.0,40.0
2025-12-25T09:20:26.862659,557.0,200,Index,motor_2_open,50.0,34.4375,0,31.0,30.0,29.0,30.0,30.0,28.0,30.0,29.0,29.0,31.0,31.0,50.0,47.0,42.0,43.0,41.0
2025-12-25T09:20:27.758609,557.896,201,Index,motor_1_flexed,50.0,34.4375,0,31.0,30.0,29.0,30.0,30.0,28.0,30.0,29.0,29.0,31.0,31.0,50.0,47.0,42.0,43.0,41.0
2025-12-25T09:20:29.662505,559.801,201,Index,motor_1_open,50.0,34.4375,0,31.0,30.0,29.0,30.0,30.0,28.0,30.0,29.0,29.0,31.0,31.0,50.0,47.0,42.0,43.0,41.0
2025-12-25T09:20:30.558458,560.689,202,Index,motor_3_flexed,50.0,34.4375,0,31.0,30.0,29.0,30.0,30.0,28.0,30.0,29.0,29.0,31.0,31.0,50.0,47.0,42.0,44.0,40.0
2025-12-25T09:20:32.446368,562.582,202,Index,motor_3_open,50.0,34.375,0,31.0,30.0,29.0,30.0,30.0,28.0,30.0,29.0,29.0,31.0,31.0,50.0,47.0,42.0,43.0,40.0
2025-12-25T09:20:33.342306,563.481,203,Middle,motor_11_flexed,50.0,34.4375,0,31.0,30.0,29.0,30.0,30.0,28.0,30.0,29.0,29.0,31.0,31.0,50.0,47.0,42.0,44.0,40.0
2025-12-25T09:20:35.230212,565.368,203,Middle,motor_11_open,50.0,34.5,0,31.0,30.0,29.0,30.0,30.0,28.0,30.0,29.0,29.0,31.0,31.0,50.0,47.0,42.0,44.0,41.0
2025-12-25T09:20:36.126163,566.264,204,Middle,motor_10_flexed,50.0,34.375,0,31.0,30.0,29.0,30.0,30.0,28.0,30.0,29.0,29.0,31.0,31.0,50.0,47.0,42.0,43.0,40.0
2025-12-25T09:20:38.014059,568.15,204,Middle,motor_10_open,50.0,34.5,0,31.0,30.0,29.0,30.0,30.0,28.0,30.0,29.0,29.0,31.0,32.0,50.0,47.0,42.0,43.0,41.0
2025-12-25T09:20:38.910011,569.047,205,Ring,motor_4_flexed,50.0,34.5,0,31.0,30.0,29.0,30.0,30.0,28.0,30.0,29.0,29.0,31.0,31.0,50.0,47.0,42.0,44.0,41.0
2025-12-25T09:20:40.797901,570.936,205,Ring,motor_4_open,50.0,34.5625,0,31.0,30.0,29.0,30.0,30.0,28.0,30.0,29.0,29.0,31.0,32.0,50.0,47.0,42.0,44.0,41.0
2025-12-25T09:20:41.693869,571.832,206,Ring,motor_5_flexed,50.0,34.375,0,31.0,30.0,29.0,30.0,30.0,28.0,30.0,29.0,29.0,31.0,31.0,50.0,47.0,42.0,43.0,40.0
2025-12-25T09:20:43.581758,573.722,206,Ring,motor_5_open,50.0,34.5,0,31.0,30.0,29.0,30.0,30.0,28.0,30.0,29.0,29.0,31.0,32.0,50.0,47.0,42.0,43.0,41.0
2025-12-25T09:20:44.477710,574.615,207,Ring,motor_6_flexed,50.0,34.5,0,31.0,30.0,29.0,30.0,30.0,28.0,30.0,29.0,29.0,31.0,32.0,50.0,47.0,42.0,43.0,41.0
2025-12-25T09:20:46.365623,576.503,207,Ring,motor_6_open,50.0,34.4375,0,31.0,30.0,29.0,30.0,30.0,28.0,30.0,29.0,29.0,31.0,31.0,50.0,47.0,42.0,44.0,40.0
2025-12-25T09:20:47.261563,577.401,208,Pinky,motor_7_flexed,50.0,34.3125,0,31.0,30.0,29.0,30.0,30.0,28.0,30.0,29.0,29.0,31.0,31.0,50.0,47.0,42.0,43.0,39.0
2025-12-25T09:20:49.149452,579.289,208,Pinky,motor_7_open,50.0,34.5,0,31.0,30.0,29.0,30.0,30.0,28.0,30.0,29.0,29.0,31.0,32.0,50.0,47.0,42.0,43.0,41.0
2025-12-25T09:20:50.045401,580.183,209,Pinky,motor_8_flexed,50.0,34.5,0,31.0,30.0,29.0,30.0,30.0,28.0,30.0,29.0,29.0,31.0,32.0,50.0,47.0,42.0,43.0,41.0
2025-12-25T09:20:51.933302,582.071,209,Pinky,motor_8_open,50.0,34.4375,0,31.0,30.0,29.0,30.0,30.0,28.0,30.0,29.0,29.0,31.0,31.0,50.0,47.0,42.0,43.0,41.0
2025-12-25T09:20:52.829252,582.968,210,Pinky,motor_9_flexed,50.0,34.5,0,31.0,30.0,29.0,30.0,30.0,28.0,30.0,29.0,29.0,31.0,32.0,50.0,47.0,42.0,43.0,41.0
2025-12-25T09:20:54.717151,584.857,210,Pinky,motor_9_open,50.0,34.5625,0,31.0,30.0,29.0,30.0,30.0,28.0,30.0,29.0,29.0,31.0,32.0,50.0,47.0,42.0,44.0,41.0
2025-12-25T09:20:55.613125,585.754,211,Thumb,motor_13_flexed,50.0,34.75,0,31.0,30.0,29.0,30.0,30.0,28.0,30.0,29.0,29.0,31.0,32.0,50.0,48.0,42.0,44.0,43.0
2025-12-25T09:20:57.501012,587.639,211,Thumb,motor_13_open,50.0,34.5,0,31.0,30.0,29.0,30.0,30.0,28.0,30.0,29.0,29.0,31.0,32.0,50.0,48.0,42.0,43.0,40.0
2025-12-25T09:20:58.396951,588.535,212,Thumb,motor_14_flexed,50.0,34.4375,0,31.0,30.0,29.0,30.0,30.0,28.0,30.0,29.0,29.0,31.0,31.0,50.0,48.0,42.0,43.0,40.0
2025-12-25T09:21:00.284868,590.424,212,Thumb,motor_14_open,50.0,34.5625,0,31.0,30.0,29.0,30.0,30.0,28.0,30.0,29.0,29.0,31.0,32.0,50.0,48.0,42.0,43.0,41.0
2025-12-25T09:21:01.180811,591.317,213,Thumb,motor_12_flexed,50.0,34.5,0,31.0,30.0,29.0,30.0,30.0,28.0,30.0,29.0,29.0,31.0,31.0,50.0,48.0,42.0,43.0,41.0
2025-12-25T09:21:03.068710,593.21,213,Thumb,motor_12_open,50.0,34.5625,0,31.0,30.0,29.0,30.0,30.0,28.0,30.0,29.0,29.0,31.0,32.0,50.0,48.0,42.0,44.0,40.0
2025-12-25T09:21:03.964662,594.101,214,Index,motor_2_flexed,50.0,34.5625,0,31.0,30.0,29.0,30.0,30.0,28.0,30.0,29.0,29.0,31.0,32.0,50.0,48.0,42.0,43.0,41.0
2025-12-25T09:21:05.852560,595.991,214,Index,motor_2_open,50.0,34.5,0,31.0,30.0,29.0,30.0,30.0,28.0,30.0,29.0,29.0,31.0,32.0,50.0,48.0,42.0,43.0,40.0
2025-12-25T09:21:06.748505,596.887,215,Index,motor_1_flexed,50.0,34.5625,0,31.0,30.0,29.0,30.0,30.0,28.0,30.0,29.0,29.0,31.0,32.0,50.0,48.0,42.0,43.0,41.0
2025-12-25T09:21:08.636407,598.773,215,Index,motor_1_open,51.0,34.6875,0,31.0,30.0,29.0,30.0,30.0,28.0,30.0,29.0,29.0,31.0,32.0,51.0,48.0,42.0,44.0,41.0
2025-12-25T09:21:09.532360,599.667,216,Index,motor_3_flexed,51.0,34.625,0,31.0,30.0,29.0,30.0,30.0,28.0,30.0,29.0,29.0,31.0,32.0,51.0,48.0,42.0,44.0,40.0
2025-12-25T09:21:10.620302,600.759,216,Index,motor_3_flex_hold,51.0,34.625,0,31.0,30.0,29.0,30.0,30.0,28.0,30.0,29.0,29.0,31.0,32.0,51.0,48.0,42.0,44.0,40.0
2025-12-25T09:21:11.420262,601.558,216,Index,motor_3_open,51.0,34.6875,0,31.0,30.0,29.0,30.0,30.0,28.0,30.0,29.0,29.0,31.0,32.0,51.0,48.0,42.0,44.0,41.0
2025-12-25T09:21:12.316214,602.457,217,Middle,motor_11_flexed,51.0,34.5625,0,31.0,30.0,29.0,30.0,30.0,28.0,30.0,29.0,29.0,31.0,32.0,51.0,48.0,42.0,43.0,40.0
2025-12-25T09:21:14.204129,604.341,217,Middle,motor_11_open,51.0,34.6875,0,31.0,30.0,29.0,30.0,30.0,28.0,30.0,29.0,29.0,31.0,32.0,51.0,48.0,42.0,44.0,41.0
2025-12-25T09:21:15.100077,605.239,218,Middle,motor_10_flexed,51.0,34.625,0,31.0,30.0,29.0,30.0,30.0,28.0,30.0,29.0,29.0,31.0,32.0,51.0,48.0,42.0,43.0,41.0
2025-12-25T09:21:16.987977,607.129,218,Middle,motor_10_open,50.0,34.5625,0,31.0,30.0,29.0,30.0,30.0,28.0,30.0,29.0,29.0,31.0,32.0,50.0,48.0,42.0,44.0,40.0
2025-12-25T09:21:17.883931,608.022,219,Ring,motor_4_flexed,50.0,34.5,0,31.0,30.0,29.0,30.0,30.0,28.0,30.0,29.0,29.0,31.0,32.0,50.0,48.0,42.0,43.0,40.0
2025-12-25T09:21:19.771826,609.908,219,Ring,motor_4_open,50.0,34.5,0,31.0,30.0,29.0,30.0,30.0,28.0,30.0,29.0,29.0,31.0,32.0,50.0,48.0,42.0,43.0,40.0
2025-12-25T09:21:20.667767,610.804,220,Ring,motor_5_flexed,50.0,34.5625,0,31.0,30.0,29.0,30.0,30.0,28.0,30.0,29.0,29.0,31.0,32.0,50.0,48.0,42.0,43.0,41.0
2025-12-25T09:21:22.571676,612.707,220,Ring,motor_5_open,50.0,34.5625,0,31.0,30.0,29.0,30.0,30.0,28.0,30.0,29.0,29.0,31.0,32.0,50.0,48.0,42.0,43.0,41.0
2025-12-25T09:21:23.467628,613.604,221,Ring,motor_6_flexed,50.0,34.5625,0,31.0,30.0,29.0,30.0,30.0,28.0,30.0,29.0,29.0,31.0,32.0,50.0,48.0,42.0,43.0,41.0
2025-12-25T09:21:25.355528,615.494,221,Ring,motor_6_open,50.0,34.5625,0,31.0,30.0,29.0,30.0,30.0,28.0,30.0,29.0,29.0,31.0,32.0,50.0,48.0,42.0,44.0,40.0
2025-12-25T09:21:26.251479,616.389,222,Pinky,motor_7_flexed,50.0,34.5625,0,31.0,30.0,29.0,30.0,30.0,28.0,30.0,29.0,29.0,31.0,32.0,50.0,48.0,42.0,43.0,41.0
2025-12-25T09:21:28.139375,618.277,222,Pinky,motor_7_open,50.0,34.5625,0,31.0,30.0,29.0,30.0,30.0,28.0,30.0,29.0,29.0,31.0,32.0,50.0,48.0,42.0,44.0,40.0
2025-12-25T09:21:29.035310,619.175,223,Pinky,motor_8_flexed,50.0,34.5625,0,31.0,30.0,29.0,30.0,30.0,28.0,30.0,29.0,29.0,31.0,32.0,50.0,48.0,42.0,44.0,40.0
2025-12-25T09:21:30.923208,621.061,223,Pinky,motor_8_open,50.0,34.5,0,31.0,30.0,29.0,30.0,30.0,28.0,30.0,29.0,29.0,31.0,32.0,50.0,48.0,42.0,43.0,40.0
2025-12-25T09:21:31.819159,621.957,224,Pinky,motor_9_flexed,50.0,34.5625,0,31.0,30.0,29.0,30.0,30.0,28.0,30.0,29.0,29.0,31.0,32.0,50.0,48.0,42.0,44.0,40.0
2025-12-25T09:21:33.707056,623.845,224,Pinky,motor_9_open,50.0,34.625,0,31.0,30.0,29.0,30.0,30.0,28.0,30.0,29.0,29.0,31.0,32.0,50.0,48.0,42.0,44.0,41.0
2025-12-25T09:21:34.603003,624.741,225,Thumb,motor_13_flexed,50.0,34.5625,0,31.0,30.0,29.0,30.0,30.0,28.0,30.0,29.0,29.0,31.0,32.0,50.0,48.0,42.0,43.0,41.0
2025-12-25T09:21:36.490910,626.63,225,Thumb,motor_13_open,50.0,34.5625,0,31.0,30.0,29.0,30.0,30.0,28.0,30.0,29.0,29.0,31.0,32.0,50.0,48.0,42.0,43.0,41.0
2025-12-25T09:21:37.386849,627.525,226,Thumb,motor_14_flexed,50.0,34.4375,0,31.0,30.0,29.0,30.0,30.0,28.0,30.0,29.0,29.0,31.0,32.0,50.0,48.0,42.0,43.0,39.0
2025-12-25T09:21:39.274764,629.413,226,Thumb,motor_14_open,50.0,34.625,0,31.0,30.0,29.0,30.0,30.0,28.0,30.0,29.0,29.0,31.0,32.0,50.0,48.0,42.0,44.0,41.0
2025-12-25T09:21:40.170708,630.307,227,Thumb,motor_12_flexed,50.0,34.5625,0,31.0,30.0,29.0,30.0,30.0,28.0,30.0,29.0,29.0,31.0,32.0,50.0,48.0,42.0,43.0,41.0
2025-12-25T09:21:42.058597,632.194,227,Thumb,motor_12_open,50.0,34.5625,0,31.0,30.0,29.0,30.0,30.0,28.0,30.0,29.0,29.0,31.0,32.0,50.0,48.0,42.0,43.0,41.0
2025-12-25T09:21:42.954558,633.09,228,Index,motor_2_flexed,50.0,34.625,0,31.0,30.0,29.0,30.0,30.0,28.0,30.0,29.0,29.0,31.0,32.0,50.0,48.0,42.0,44.0,41.0
2025-12-25T09:21:44.842475,634.98,228,Index,motor_2_open,50.0,34.5625,0,31.0,30.0,29.0,30.0,30.0,28.0,30.0,29.0,29.0,31.0,31.0,50.0,48.0,42.0,43.0,42.0
2025-12-25T09:21:45.738427,635.877,229,Index,motor_1_flexed,50.0,34.5,0,31.0,30.0,29.0,30.0,30.0,28.0,30.0,29.0,29.0,31.0,32.0,50.0,48.0,42.0,43.0,40.0
2025-12-25T09:21:47.626321,637.762,229,Index,motor_1_open,50.0,34.4375,0,31.0,30.0,29.0,30.0,30.0,28.0,30.0,29.0,29.0,31.0,31.0,50.0,48.0,42.0,43.0,40.0
2025-12-25T09:21:48.522284,638.661,230,Index,motor_3_flexed,50.0,34.4375,0,31.0,30.0,29.0,30.0,30.0,28.0,30.0,29.0,29.0,31.0,31.0,50.0,48.0,42.0,44.0,39.0
2025-12-25T09:21:50.410167,640.547,230,Index,motor_3_open,50.0,34.4375,0,31.0,30.0,29.0,30.0,30.0,28.0,30.0,29.0,29.0,31.0,31.0,50.0,48.0,42.0,43.0,40.0
2025-12-25T09:21:51.306127,641.442,231,Middle,motor_11_flexed,50.0,34.4375,0,31.0,30.0,29.0,30.0,30.0,28.0,30.0,29.0,29.0,31.0,31.0,50.0,48.0,42.0,43.0,40.0
2025-12-25T09:21:53.194036,643.332,231,Middle,motor_11_open,50.0,34.5,0,31.0,30.0,29.0,30.0,30.0,28.0,30.0,29.0,29.0,31.0,31.0,50.0,48.0,42.0,43.0,41.0
2025-12-25T09:21:54.089961,644.227,232,Middle,motor_10_flexed,50.0,34.625,0,31.0,30.0,29.0,30.0,30.0,28.0,30.0,29.0,29.0,31.0,32.0,50.0,48.0,42.0,44.0,41.0
2025-12-25T09:21:55.977859,646.115,232,Middle,motor_10_open,50.0,34.5,0,31.0,30.0,29.0,30.0,30.0,28.0,30.0,29.0,29.0,31.0,31.0,50.0,48.0,42.0,43.0,41.0
2025-12-25T09:21:56.873808,647.011,233,Ring,motor_4_flexed,50.0,34.5625,0,31.0,30.0,29.0,30.0,30.0,28.0,30.0,29.0,29.0,31.0,32.0,50.0,48.0,42.0,43.0,41.0
2025-12-25T09:21:58.761705,648.9,233,Ring,motor_4_open,50.0,34.5625,0,31.0,30.0,29.0,30.0,30.0,28.0,30.0,29.0,29.0,31.0,32.0,50.0,48.0,42.0,43.0,41.0
2025-12-25T09:21:59.657659,649.795,234,Ring,motor_5_flexed,50.0,34.625,0,31.0,30.0,29.0,30.0,30.0,28.0,30.0,29.0,29.0,31.0,32.0,50.0,48.0,42.0,44.0,41.0
2025-12-25T09:22:01.545574,651.676,234,Ring,motor_5_open,50.0,34.5625,0,31.0,30.0,29.0,30.0,30.0,28.0,30.0,29.0,29.0,31.0,32.0,50.0,48.0,42.0,44.0,40.0
2025-12-25T09:22:02.441540,652.579,235,Ring,motor_6_flexed,50.0,34.5625,0,31.0,30.0,29.0,30.0,30.0,28.0,30.0,29.0,29.0,31.0,32.0,50.0,48.0,42.0,44.0,40.0
2025-12-25T09:22:04.329435,654.468,235,Ring,motor_6_open,50.0,34.5,0,31.0,30.0,29.0,30.0,30.0,28.0,30.0,29.0,29.0,31.0,32.0,50.0,48.0,42.0,43.0,40.0
2025-12-25T09:22:05.225362,655.362,236,Pinky,motor_7_flexed,50.0,34.5625,0,31.0,30.0,29.0,30.0,30.0,28.0,30.0,29.0,29.0,31.0,32.0,50.0,48.0,42.0,43.0,41.0
2025-12-25T09:22:07.113295,657.251,236,Pinky,motor_7_open,50.0,34.5625,0,31.0,30.0,29.0,30.0,30.0,28.0,30.0,29.0,29.0,31.0,32.0,50.0,48.0,42.0,43.0,41.0
2025-12-25T09:22:08.009222,658.149,237,Pinky,motor_8_flexed,50.0,34.5,0,31.0,30.0,29.0,30.0,30.0,28.0,30.0,29.0,29.0,31.0,32.0,50.0,48.0,42.0,43.0,40.0
2025-12-25T09:22:09.897125,660.035,237,Pinky,motor_8_open,50.0,34.5625,0,31.0,30.0,29.0,30.0,30.0,28.0,30.0,29.0,29.0,31.0,32.0,50.0,48.0,42.0,43.0,41.0
2025-12-25T09:22:10.793059,660.932,238,Pinky,motor_9_flexed,50.0,34.5625,0,31.0,30.0,29.0,30.0,30.0,28.0,30.0,29.0,29.0,31.0,32.0,50.0,48.0,42.0,43.0,41.0
2025-12-25T09:22:12.680974,662.82,238,Pinky,motor_9_open,50.0,34.625,0,31.0,30.0,29.0,30.0,30.0,28.0,30.0,29.0,29.0,31.0,32.0,50.0,48.0,42.0,44.0,41.0
2025-12-25T09:22:13.576927,663.716,239,Thumb,motor_13_flexed,50.0,34.5625,0,31.0,30.0,29.0,30.0,30.0,28.0,30.0,29.0,29.0,31.0,32.0,50.0,48.0,42.0,43.0,41.0
2025-12-25T09:22:15.464822,665.604,239,Thumb,motor_13_open,50.0,34.5625,0,31.0,30.0,29.0,30.0,30.0,28.0,30.0,29.0,29.0,31.0,32.0,50.0,48.0,42.0,43.0,41.0
2025-12-25T09:22:16.360776,666.499,240,Thumb,motor_14_flexed,50.0,34.625,0,31.0,30.0,29.0,30.0,30.0,28.0,30.0,29.0,29.0,31.0,32.0,50.0,48.0,42.0,44.0,41.0
2025-12-25T09:22:18.248673,668.39,240,Thumb,motor_14_open,50.0,34.5625,0,31.0,30.0,29.0,30.0,30.0,28.0,30.0,29.0,29.0,31.0,32.0,50.0,48.0,42.0,43.0,41.0
2025-12-25T09:22:19.144627,669.285,241,Thumb,motor_12_flexed,50.0,34.5625,0,31.0,30.0,29.0,30.0,30.0,28.0,30.0,29.0,29.0,31.0,32.0,50.0,48.0,42.0,43.0,41.0
2025-12-25T09:22:21.032527,671.171,241,Thumb,motor_12_open,50.0,34.5,0,31.0,30.0,29.0,30.0,30.0,28.0,30.0,29.0,29.0,31.0,32.0,50.0,48.0,42.0,43.0,40.0
2025-12-25T09:22:21.928475,672.068,242,Index,motor_2_flexed,50.0,34.5625,0,31.0,30.0,29.0,30.0,30.0,28.0,30.0,29.0,29.0,31.0,32.0,50.0,48.0,42.0,43.0,41.0
2025-12-25T09:22:23.816375,673.957,242,Index,motor_2_open,50.0,34.5625,0,31.0,30.0,29.0,30.0,30.0,28.0,30.0,29.0,29.0,31.0,32.0,50.0,48.0,42.0,43.0,41.0
2025-12-25T09:22:24.712325,674.851,243,Index,motor_1_flexed,50.0,34.5625,0,31.0,30.0,29.0,30.0,30.0,28.0,30.0,29.0,29.0,31.0,32.0,50.0,48.0,42.0,43.0,41.0
2025-12-25T09:22:26.600223,676.74,243,Index,motor_1_open,50.0,34.5,0,31.0,30.0,29.0,30.0,30.0,28.0,30.0,29.0,29.0,31.0,31.0,50.0,48.0,42.0,44.0,40.0
2025-12-25T09:22:27.496174,677.635,244,Index,motor_3_flexed,50.0,34.5625,0,31.0,30.0,29.0,30.0,30.0,28.0,30.0,29.0,29.0,31.0,32.0,50.0,48.0,42.0,43.0,41.0
2025-12-25T09:22:29.384059,679.524,244,Index,motor_3_open,50.0,34.5625,0,31.0,30.0,29.0,30.0,30.0,28.0,30.0,29.0,29.0,31.0,32.0,50.0,48.0,42.0,43.0,41.0
2025-12-25T09:22:30.280025,680.421,245,Middle,motor_11_flexed,50.0,34.5625,0,31.0,30.0,29.0,30.0,30.0,28.0,30.0,29.0,29.0,31.0,32.0,50.0,48.0,42.0,44.0,40.0
2025-12-25T09:22:32.167925,682.308,245,Middle,motor_11_open,50.0,34.5,0,31.0,30.0,29.0,30.0,30.0,28.0,30.0,29.0,29.0,31.0,32.0,50.0,48.0,42.0,43.0,40.0
2025-12-25T09:22:33.063876,683.203,246,Middle,motor_10_flexed,50.0,34.5625,0,31.0,30.0,29.0,30.0,30.0,28.0,30.0,29.0,29.0,31.0,32.0,50.0,48.0,42.0,44.0,40.0
2025-12-25T09:22:34.951762,685.093,246,Middle,motor_10_open,50.0,34.625,0,31.0,30.0,29.0,30.0,30.0,28.0,30.0,29.0,29.0,31.0,32.0,50.0,48.0,42.0,44.0,41.0
2025-12-25T09:22:35.847725,685.988,247,Ring,motor_4_flexed,50.0,34.5625,0,31.0,30.0,29.0,30.0,30.0,28.0,30.0,29.0,29.0,31.0,32.0,50.0,48.0,42.0,43.0,41.0
2025-12-25T09:22:37.735622,687.873,247,Ring,motor_4_open,50.0,34.625,0,31.0,30.0,29.0,30.0,30.0,28.0,30.0,29.0,29.0,31.0,32.0,50.0,48.0,42.0,44.0,41.0
2025-12-25T09:22:38.631574,688.77,248,Ring,motor_5_flexed,50.0,34.5625,0,31.0,30.0,29.0,30.0,30.0,28.0,30.0,29.0,29.0,31.0,32.0,50.0,48.0,42.0,43.0,41.0
2025-12-25T09:22:40.519484,690.66,248,Ring,motor_5_open,50.0,34.5,0,31.0,30.0,29.0,30.0,30.0,28.0,30.0,29.0,29.0,31.0,32.0,50.0,48.0,42.0,43.0,40.0
2025-12-25T09:22:41.415427,691.554,249,Ring,motor_6_flexed,50.0,34.625,0,31.0,30.0,29.0,30.0,30.0,28.0,30.0,29.0,29.0,31.0,32.0,50.0,48.0,42.0,44.0,41.0
2025-12-25T09:22:43.303324,693.443,249,Ring,motor_6_open,50.0,34.5625,0,31.0,30.0,29.0,30.0,30.0,28.0,30.0,29.0,29.0,31.0,32.0,50.0,48.0,42.0,43.0,41.0
2025-12-25T09:22:44.199274,694.34,250,Pinky,motor_7_flexed,50.0,34.5625,0,31.0,30.0,29.0,30.0,30.0,28.0,30.0,29.0,29.0,31.0,32.0,50.0,48.0,42.0,43.0,41.0
2025-12-25T09:22:46.087180,696.226,250,Pinky,motor_7_open,50.0,34.5625,0,31.0,30.0,29.0,30.0,30.0,28.0,30.0,29.0,29.0,31.0,32.0,50.0,48.0,42.0,43.0,41.0
2025-12-25T09:22:46.983126,697.122,251,Pinky,motor_8_flexed,50.0,34.5625,0,31.0,30.0,29.0,30.0,30.0,28.0,30.0,29.0,29.0,31.0,32.0,50.0,48.0,42.0,43.0,41.0
2025-12-25T09:22:48.871024,699.01,251,Pinky,motor_8_open,50.0,34.625,0,31.0,30.0,29.0,30.0,30.0,28.0,30.0,29.0,29.0,31.0,32.0,50.0,48.0,42.0,44.0,41.0
2025-12-25T09:22:49.766974,699.904,252,Pinky,motor_9_flexed,50.0,34.5625,0,31.0,30.0,29.0,30.0,30.0,28.0,30.0,29.0,29.0,31.0,32.0,50.0,47.0,42.0,44.0,41.0
2025-12-25T09:22:51.654874,701.792,252,Pinky,motor_9_open,50.0,34.5,0,31.0,30.0,29.0,30.0,30.0,28.0,30.0,29.0,29.0,31.0,32.0,50.0,47.0,42.0,43.0,41.0
2025-12-25T09:22:52.550813,702.69,253,Thumb,motor_13_flexed,50.0,34.5,0,31.0,30.0,29.0,30.0,30.0,28.0,30.0,29.0,29.0,31.0,32.0,50.0,47.0,42.0,43.0,41.0
2025-12-25T09:22:54.438730,704.576,253,Thumb,motor_13_open,50.0,34.5,0,31.0,30.0,29.0,30.0,30.0,28.0,30.0,29.0,29.0,31.0,32.0,50.0,47.0,42.0,43.0,41.0
2025-12-25T09:22:55.334683,705.472,254,Thumb,motor_14_flexed,50.0,34.5,0,31.0,30.0,29.0,30.0,30.0,28.0,30.0,29.0,29.0,31.0,32.0,50.0,47.0,42.0,43.0,41.0
2025-12-25T09:22:57.222575,707.361,254,Thumb,motor_14_open,50.0,34.5,0,31.0,30.0,29.0,30.0,30.0,28.0,30.0,29.0,29.0,31.0,32.0,50.0,47.0,42.0,43.0,41.0
2025-12-25T09:22:58.118527,708.26,255,Thumb,motor_12_flexed,51.0,34.5625,0,31.0,30.0,29.0,30.0,30.0,28.0,30.0,29.0,29.0,31.0,32.0,51.0,47.0,42.0,43.0,41.0
2025-12-25T09:23:00.006435,710.146,255,Thumb,motor_12_open,51.0,34.5625,0,31.0,30.0,29.0,30.0,30.0,28.0,30.0,29.0,29.0,31.0,32.0,51.0,47.0,42.0,44.0,40.0
2025-12-25T09:23:00.902373,711.04,256,Index,motor_2_flexed,51.0,34.5625,0,31.0,30.0,29.0,30.0,30.0,28.0,30.0,29.0,29.0,31.0,32.0,51.0,47.0,42.0,43.0,41.0
2025-12-25T09:23:02.790274,712.928,256,Index,motor_2_open,51.0,34.5625,0,31.0,30.0,29.0,30.0,30.0,28.0,30.0,29.0,29.0,31.0,32.0,51.0,47.0,42.0,43.0,41.0
2025-12-25T09:23:03.686223,713.823,257,Index,motor_1_flexed,51.0,34.5625,0,31.0,30.0,29.0,30.0,30.0,28.0,30.0,29.0,29.0,31.0,32.0,51.0,47.0,42.0,44.0,40.0
2025-12-25T09:23:05.574123,715.714,257,Index,motor_1_open,51.0,34.5,0,31.0,30.0,29.0,30.0,30.0,28.0,30.0,29.0,29.0,31.0,32.0,51.0,47.0,42.0,43.0,40.0
2025-12-25T09:23:06.470074,716.606,258,Index,motor_3_flexed,51.0,34.625,0,31.0,30.0,29.0,30.0,30.0,28.0,30.0,29.0,29.0,31.0,32.0,51.0,47.0,42.0,44.0,41.0
2025-12-25T09:23:08.357974,718.495,258,Index,motor_3_open,51.0,34.5625,0,31.0,30.0,29.0,30.0,30.0,28.0,30.0,29.0,29.0,31.0,32.0,51.0,47.0,42.0,44.0,40.0
2025-12-25T09:23:09.253944,719.391,259,Middle,motor_11_flexed,51.0,34.5,0,31.0,30.0,29.0,30.0,30.0,28.0,30.0,29.0,29.0,31.0,32.0,51.0,47.0,42.0,43.0,40.0
2025-12-25T09:23:10.341861,720.48,259,Middle,motor_11_flex_hold,51.0,34.5625,0,31.0,30.0,29.0,30.0,30.0,28.0,30.0,29.0,29.0,31.0,32.0,51.0,47.0,42.0,44.0,40.0
2025-12-25T09:23:11.141819,721.278,259,Middle,motor_11_open,51.0,34.5625,0,31.0,30.0,29.0,30.0,30.0,28.0,30.0,29.0,29.0,31.0,32.0,51.0,47.0,42.0,44.0,40.0
2025-12-25T09:23:12.037770,722.175,260,Middle,motor_10_flexed,51.0,34.5,0,31.0,30.0,29.0,30.0,30.0,28.0,30.0,29.0,29.0,31.0,32.0,51.0,47.0,42.0,43.0,40.0
2025-12-25T09:23:13.925689,724.061,260,Middle,motor_10_open,51.0,34.5625,0,31.0,30.0,29.0,30.0,30.0,28.0,30.0,29.0,29.0,31.0,32.0,51.0,47.0,42.0,43.0,41.0
2025-12-25T09:23:14.821623,724.961,261,Ring,motor_4_flexed,51.0,34.5625,0,31.0,30.0,29.0,30.0,30.0,28.0,30.0,29.0,29.0,31.0,32.0,51.0,47.0,42.0,43.0,41.0
2025-12-25T09:23:16.709524,726.851,261,Ring,motor_4_open,51.0,34.625,0,31.0,30.0,29.0,30.0,30.0,28.0,30.0,29.0,29.0,31.0,32.0,51.0,47.0,42.0,44.0,41.0
2025-12-25T09:23:17.605477,727.745,262,Ring,motor_5_flexed,51.0,34.5625,0,31.0,30.0,29.0,30.0,30.0,28.0,30.0,29.0,29.0,31.0,32.0,51.0,47.0,42.0,44.0,40.0
2025-12-25T09:23:19.493374,729.631,262,Ring,motor_5_open,51.0,34.625,0,31.0,30.0,29.0,30.0,30.0,28.0,30.0,29.0,29.0,31.0,32.0,51.0,47.0,42.0,44.0,41.0
2025-12-25T09:23:20.389323,730.528,263,Ring,motor_6_flexed,51.0,34.625,0,31.0,30.0,29.0,30.0,30.0,28.0,30.0,29.0,29.0,31.0,32.0,51.0,47.0,42.0,44.0,41.0
2025-12-25T09:23:22.277215,732.417,263,Ring,motor_6_open,51.0,34.625,0,31.0,30.0,29.0,30.0,30.0,28.0,30.0,29.0,29.0,31.0,32.0,51.0,47.0,42.0,44.0,41.0
2025-12-25T09:23:23.173189,733.312,264,Pinky,motor_7_flexed,51.0,34.5625,0,31.0,30.0,29.0,30.0,30.0,28.0,30.0,29.0,29.0,31.0,32.0,51.0,47.0,42.0,43.0,41.0
2025-12-25T09:23:25.061072,735.198,264,Pinky,motor_7_open,51.0,34.5625,0,31.0,30.0,29.0,30.0,30.0,28.0,30.0,29.0,29.0,31.0,32.0,51.0,47.0,42.0,44.0,40.0
2025-12-25T09:23:25.957023,736.095,265,Pinky,motor_8_flexed,51.0,34.625,0,31.0,30.0,29.0,30.0,30.0,28.0,30.0,29.0,29.0,31.0,32.0,51.0,47.0,42.0,44.0,41.0
2025-12-25T09:23:27.844921,737.985,265,Pinky,motor_8_open,51.0,34.5,0,31.0,30.0,29.0,30.0,30.0,28.0,30.0,29.0,29.0,31.0,32.0,51.0,47.0,42.0,44.0,39.0
2025-12-25T09:23:28.740875,738.88,266,Pinky,motor_9_flexed,51.0,34.5,0,31.0,30.0,29.0,30.0,30.0,28.0,30.0,29.0,29.0,31.0,32.0,51.0,47.0,42.0,43.0,40.0
2025-12-25T09:23:30.628771,740.767,266,Pinky,motor_9_open,51.0,34.625,0,31.0,30.0,29.0,30.0,30.0,28.0,30.0,29.0,29.0,31.0,32.0,51.0,47.0,42.0,44.0,41.0
2025-12-25T09:23:31.524728,741.661,267,Thumb,motor_13_flexed,51.0,34.625,0,31.0,30.0,29.0,30.0,30.0,28.0,30.0,29.0,29.0,31.0,32.0,51.0,47.0,42.0,44.0,41.0
2025-12-25T09:23:33.412619,743.55,267,Thumb,motor_13_open,51.0,34.625,0,31.0,30.0,29.0,30.0,30.0,28.0,30.0,29.0,29.0,31.0,32.0,51.0,47.0,42.0,44.0,41.0
2025-12-25T09:23:34.308546,744.45,268,Thumb,motor_14_flexed,51.0,34.5625,0,31.0,30.0,29.0,30.0,30.0,28.0,30.0,29.0,29.0,31.0,32.0,51.0,47.0,42.0,43.0,41.0
2025-12-25T09:23:36.196452,746.336,268,Thumb,motor_14_open,51.0,34.5625,0,31.0,30.0,29.0,30.0,30.0,28.0,30.0,29.0,29.0,31.0,32.0,51.0,47.0,42.0,43.0,41.0
2025-12-25T09:23:37.092406,747.23,269,Thumb,motor_12_flexed,51.0,34.5,0,31.0,30.0,29.0,30.0,30.0,28.0,30.0,29.0,29.0,31.0,32.0,51.0,47.0,42.0,43.0,40.0
2025-12-25T09:23:38.980297,749.117,269,Thumb,motor_12_open,51.0,34.625,0,31.0,30.0,29.0,30.0,30.0,28.0,30.0,29.0,29.0,31.0,32.0,51.0,47.0,42.0,44.0,41.0
2025-12-25T09:23:39.876251,750.013,270,Index,motor_2_flexed,51.0,34.5625,0,31.0,30.0,29.0,30.0,30.0,28.0,30.0,29.0,29.0,31.0,32.0,51.0,47.0,42.0,43.0,41.0
2025-12-25T09:23:41.764153,751.903,270,Index,motor_2_open,51.0,34.625,0,31.0,30.0,29.0,30.0,30.0,28.0,30.0,29.0,29.0,31.0,32.0,51.0,47.0,42.0,44.0,41.0
2025-12-25T09:23:42.660106,752.793,271,Index,motor_1_flexed,51.0,34.5625,0,31.0,30.0,29.0,30.0,30.0,28.0,30.0,29.0,29.0,31.0,32.0,51.0,47.0,42.0,43.0,41.0
2025-12-25T09:23:44.548004,754.686,271,Index,motor_1_open,51.0,34.5625,0,31.0,30.0,29.0,30.0,30.0,28.0,30.0,29.0,29.0,31.0,32.0,51.0,47.0,42.0,43.0,41.0
2025-12-25T09:23:45.443954,755.583,272,Index,motor_3_flexed,51.0,34.5625,0,31.0,30.0,29.0,30.0,30.0,28.0,30.0,29.0,29.0,31.0,32.0,51.0,47.0,42.0,43.0,41.0
2025-12-25T09:23:47.331871,757.47,272,Index,motor_3_open,51.0,34.5625,0,31.0,30.0,29.0,30.0,30.0,28.0,30.0,29.0,29.0,31.0,32.0,51.0,47.0,42.0,43.0,41.0
2025-12-25T09:23:48.227823,758.366,273,Middle,motor_11_flexed,51.0,34.5625,0,31.0,30.0,29.0,30.0,30.0,28.0,30.0,29.0,29.0,31.0,32.0,51.0,47.0,42.0,43.0,41.0
2025-12-25T09:23:50.115720,760.254,273,Middle,motor_11_open,51.0,34.5625,0,31.0,30.0,29.0,30.0,30.0,28.0,30.0,29.0,29.0,31.0,32.0,51.0,47.0,42.0,44.0,40.0
2025-12-25T09:23:51.011676,761.15,274,Middle,motor_10_flexed,51.0,34.625,0,31.0,30.0,29.0,30.0,30.0,28.0,30.0,29.0,29.0,31.0,32.0,51.0,47.0,42.0,44.0,41.0
2025-12-25T09:23:52.899559,763.038,274,Middle,motor_10_open,51.0,34.625,0,31.0,30.0,29.0,30.0,30.0,28.0,30.0,29.0,29.0,31.0,32.0,51.0,47.0,42.0,44.0,41.0
2025-12-25T09:23:53.795504,763.937,275,Ring,motor_4_flexed,51.0,34.625,0,31.0,30.0,29.0,30.0,30.0,28.0,30.0,29.0,29.0,31.0,32.0,51.0,48.0,42.0,43.0,41.0
2025-12-25T09:23:55.683401,765.822,275,Ring,motor_4_open,51.0,34.6875,0,31.0,30.0,29.0,30.0,30.0,28.0,30.0,29.0,29.0,31.0,32.0,51.0,48.0,42.0,44.0,41.0
2025-12-25T09:23:56.579353,766.716,276,Ring,motor_5_flexed,51.0,34.625,0,31.0,30.0,29.0,30.0,30.0,28.0,30.0,29.0,29.0,31.0,32.0,51.0,48.0,42.0,44.0,40.0
2025-12-25T09:23:58.467244,768.607,276,Ring,motor_5_open,51.0,34.6875,0,31.0,30.0,29.0,30.0,30.0,28.0,30.0,29.0,29.0,31.0,32.0,51.0,48.0,42.0,44.0,41.0
2025-12-25T09:23:59.363196,769.503,277,Ring,motor_6_flexed,51.0,34.625,0,31.0,30.0,29.0,30.0,30.0,28.0,30.0,29.0,29.0,31.0,32.0,51.0,48.0,42.0,43.0,41.0
2025-12-25T09:24:01.251104,771.388,277,Ring,motor_6_open,51.0,34.6875,0,31.0,30.0,29.0,30.0,30.0,28.0,30.0,29.0,29.0,31.0,32.0,51.0,48.0,42.0,44.0,41.0
2025-12-25T09:24:02.147060,772.284,278,Pinky,motor_7_flexed,51.0,34.5625,0,31.0,30.0,29.0,30.0,30.0,28.0,30.0,29.0,29.0,31.0,32.0,51.0,48.0,42.0,43.0,40.0
2025-12-25T09:24:04.034950,774.173,278,Pinky,motor_7_open,51.0,34.625,0,31.0,30.0,29.0,30.0,30.0,28.0,30.0,29.0,29.0,31.0,32.0,51.0,48.0,42.0,43.0,41.0
2025-12-25T09:24:04.930906,775.064,279,Pinky,motor_8_flexed,51.0,34.625,0,31.0,30.0,29.0,30.0,30.0,28.0,30.0,29.0,29.0,31.0,32.0,51.0,48.0,42.0,43.0,41.0
2025-12-25T09:24:06.818800,776.957,279,Pinky,motor_8_open,51.0,34.6875,0,31.0,30.0,29.0,30.0,30.0,28.0,30.0,29.0,29.0,31.0,32.0,51.0,48.0,42.0,44.0,41.0
2025-12-25T09:24:07.714741,777.853,280,Pinky,motor_9_flexed,51.0,34.625,0,31.0,30.0,29.0,30.0,30.0,28.0,30.0,29.0,29.0,31.0,32.0,51.0,48.0,42.0,43.0,41.0
2025-12-25T09:24:09.602639,779.739,280,Pinky,motor_9_open,51.0,34.5625,0,31.0,30.0,29.0,30.0,30.0,28.0,30.0,29.0,29.0,31.0,32.0,51.0,47.0,42.0,43.0,41.0
2025-12-25T09:24:10.194610,780.328,280,Pinky,motor_9_open_hold,51.0,34.5625,0,31.0,30.0,29.0,30.0,30.0,28.0,30.0,29.0,29.0,31.0,32.0,51.0,47.0,42.0,43.0,41.0
2025-12-25T09:24:10.594585,780.731,281,Thumb,motor_13_flexed,51.0,34.5625,0,31.0,30.0,29.0,30.0,30.0,28.0,30.0,29.0,29.0,31.0,32.0,51.0,47.0,42.0,44.0,40.0
2025-12-25T09:24:12.482496,782.624,281,Thumb,motor_13_open,51.0,34.5625,0,31.0,30.0,29.0,30.0,30.0,28.0,30.0,29.0,29.0,31.0,32.0,51.0,47.0,42.0,43.0,41.0
2025-12-25T09:24:13.378446,783.515,282,Thumb,motor_14_flexed,51.0,34.625,0,31.0,30.0,29.0,30.0,30.0,28.0,30.0,29.0,29.0,31.0,32.0,51.0,47.0,42.0,44.0,41.0
2025-12-25T09:24:15.266345,785.404,282,Thumb,motor_14_open,51.0,34.5625,0,31.0,30.0,29.0,30.0,30.0,28.0,30.0,29.0,29.0,31.0,32.0,51.0,47.0,42.0,43.0,41.0
2025-12-25T09:24:16.162313,786.302,283,Thumb,motor_12_flexed,51.0,34.5625,0,31.0,30.0,29.0,30.0,30.0,28.0,30.0,29.0,29.0,31.0,32.0,51.0,47.0,42.0,44.0,40.0
2025-12-25T09:24:18.050197,788.191,283,Thumb,motor_12_open,51.0,34.625,0,31.0,30.0,29.0,30.0,30.0,28.0,30.0,29.0,29.0,31.0,32.0,51.0,47.0,42.0,44.0,41.0
2025-12-25T09:24:18.946149,789.084,284,Index,motor_2_flexed,51.0,34.5625,0,31.0,30.0,29.0,30.0,30.0,28.0,30.0,29.0,29.0,31.0,32.0,51.0,47.0,42.0,44.0,40.0
2025-12-25T09:24:20.834047,790.973,284,Index,motor_2_open,51.0,34.625,0,31.0,30.0,29.0,30.0,30.0,28.0,30.0,29.0,29.0,31.0,32.0,51.0,47.0,42.0,44.0,41.0
2025-12-25T09:24:21.729999,791.87,285,Index,motor_1_flexed,51.0,34.5,0,31.0,30.0,29.0,30.0,30.0,28.0,30.0,29.0,29.0,31.0,32.0,51.0,47.0,42.0,43.0,40.0
2025-12-25T09:24:23.617896,793.76,285,Index,motor_1_open,51.0,34.625,0,31.0,30.0,29.0,30.0,30.0,28.0,30.0,29.0,29.0,31.0,32.0,51.0,47.0,42.0,44.0,41.0
2025-12-25T09:24:24.513837,794.649,286,Index,motor_3_flexed,51.0,34.5625,0,31.0,30.0,29.0,30.0,30.0,28.0,30.0,29.0,29.0,31.0,32.0,51.0,47.0,42.0,43.0,41.0
2025-12-25T09:24:26.401735,796.539,286,Index,motor_3_open,51.0,34.5625,0,31.0,30.0,29.0,30.0,30.0,28.0,30.0,29.0,29.0,31.0,32.0,51.0,47.0,42.0,43.0,41.0
2025-12-25T09:24:27.297687,797.435,287,Middle,motor_11_flexed,51.0,34.625,0,31.0,30.0,29.0,30.0,30.0,28.0,30.0,29.0,29.0,31.0,32.0,51.0,47.0,42.0,44.0,41.0
2025-12-25T09:24:29.185585,799.318,287,Middle,motor_11_open,51.0,34.5625,0,31.0,30.0,29.0,30.0,30.0,28.0,30.0,29.0,29.0,31.0,32.0,51.0,47.0,42.0,44.0,40.0
2025-12-25T09:24:30.081556,800.22,288,Middle,motor_10_flexed,51.0,34.5625,0,31.0,30.0,29.0,30.0,30.0,28.0,30.0,29.0,29.0,31.0,32.0,51.0,47.0,42.0,44.0,40.0
2025-12-25T09:24:31.969466,802.107,288,Middle,motor_10_open,51.0,34.5625,0,31.0,30.0,29.0,30.0,30.0,28.0,30.0,29.0,29.0,31.0,32.0,51.0,47.0,42.0,43.0,41.0
2025-12-25T09:24:32.865417,803.005,289,Ring,motor_4_flexed,51.0,34.5,0,31.0,30.0,29.0,30.0,30.0,28.0,30.0,29.0,29.0,31.0,32.0,51.0,47.0,42.0,43.0,40.0
2025-12-25T09:24:34.753298,804.891,289,Ring,motor_4_open,51.0,34.5625,0,31.0,30.0,29.0,30.0,30.0,28.0,30.0,29.0,29.0,31.0,32.0,51.0,47.0,42.0,43.0,41.0
2025-12-25T09:24:35.649259,805.788,290,Ring,motor_5_flexed,51.0,34.5625,0,31.0,30.0,29.0,30.0,30.0,28.0,30.0,29.0,29.0,31.0,32.0,51.0,47.0,42.0,43.0,41.0
2025-12-25T09:24:37.537166,807.675,290,Ring,motor_5_open,51.0,34.625,0,31.0,30.0,29.0,30.0,30.0,28.0,30.0,29.0,29.0,31.0,32.0,51.0,47.0,42.0,44.0,41.0
2025-12-25T09:24:38.433110,808.571,291,Ring,motor_6_flexed,51.0,34.625,0,31.0,30.0,29.0,30.0,30.0,28.0,30.0,29.0,29.0,31.0,32.0,51.0,47.0,42.0,44.0,41.0
2025-12-25T09:24:40.321017,810.459,291,Ring,motor_6_open,51.0,34.5625,0,31.0,30.0,29.0,30.0,30.0,28.0,30.0,29.0,29.0,31.0,32.0,51.0,47.0,42.0,43.0,41.0
2025-12-25T09:24:41.216946,811.354,292,Pinky,motor_7_flexed,51.0,34.5625,0,31.0,30.0,29.0,30.0,30.0,28.0,30.0,29.0,29.0,31.0,32.0,51.0,47.0,42.0,43.0,41.0
2025-12-25T09:24:43.104844,813.243,292,Pinky,motor_7_open,51.0,34.5625,0,31.0,30.0,29.0,30.0,30.0,28.0,30.0,29.0,29.0,31.0,32.0,51.0,47.0,42.0,43.0,41.0
2025-12-25T09:24:44.000795,814.138,293,Pinky,motor_8_flexed,51.0,34.5625,0,31.0,30.0,29.0,30.0,30.0,28.0,30.0,29.0,29.0,31.0,32.0,51.0,47.0,42.0,43.0,41.0
2025-12-25T09:24:45.888697,816.028,293,Pinky,motor_8_open,51.0,34.5625,0,31.0,30.0,29.0,30.0,30.0,28.0,30.0,29.0,29.0,31.0,32.0,51.0,47.0,42.0,43.0,41.0
2025-12-25T09:24:46.784644,816.923,294,Pinky,motor_9_flexed,51.0,34.5,0,31.0,30.0,29.0,30.0,30.0,28.0,30.0,29.0,29.0,31.0,32.0,51.0,47.0,42.0,43.0,40.0
2025-12-25T09:24:48.672534,818.811,294,Pinky,motor_9_open,51.0,34.625,0,31.0,30.0,29.0,30.0,30.0,28.0,30.0,29.0,29.0,31.0,32.0,51.0,47.0,42.0,44.0,41.0
2025-12-25T09:24:49.568562,819.709,295,Thumb,motor_13_flexed,51.0,34.5625,0,31.0,30.0,29.0,30.0,30.0,28.0,30.0,29.0,29.0,31.0,32.0,51.0,47.0,42.0,43.0,41.0
2025-12-25T09:24:51.456392,821.594,295,Thumb,motor_13_open,51.0,34.5625,0,31.0,30.0,29.0,30.0,30.0,28.0,30.0,29.0,29.0,31.0,32.0,51.0,47.0,42.0,43.0,41.0
2025-12-25T09:24:52.352345,822.492,296,Thumb,motor_14_flexed,51.0,34.5625,0,31.0,30.0,29.0,30.0,30.0,28.0,30.0,29.0,29.0,31.0,32.0,51.0,47.0,42.0,43.0,41.0
2025-12-25T09:24:54.240245,824.381,296,Thumb,motor_14_open,51.0,34.5625,0,31.0,30.0,29.0,30.0,30.0,28.0,30.0,29.0,29.0,31.0,32.0,51.0,47.0,42.0,43.0,41.0
2025-12-25T09:24:55.136198,825.277,297,Thumb,motor_12_flexed,51.0,34.6875,0,31.0,30.0,29.0,30.0,31.0,28.0,30.0,29.0,29.0,31.0,32.0,51.0,47.0,42.0,44.0,41.0
2025-12-25T09:24:57.024114,827.163,297,Thumb,motor_12_open,51.0,34.5,0,31.0,30.0,29.0,30.0,30.0,28.0,30.0,29.0,29.0,31.0,32.0,51.0,47.0,42.0,43.0,40.0
2025-12-25T09:24:57.920062,828.06,298,Index,motor_2_flexed,51.0,34.5625,0,31.0,30.0,29.0,30.0,30.0,28.0,30.0,29.0,29.0,31.0,32.0,51.0,47.0,42.0,43.0,41.0
2025-12-25T09:24:59.807941,829.946,298,Index,motor_2_open,51.0,34.5625,0,31.0,30.0,29.0,30.0,30.0,28.0,30.0,29.0,29.0,31.0,32.0,51.0,47.0,42.0,43.0,41.0
2025-12-25T09:25:00.703885,830.844,299,Index,motor_1_flexed,51.0,34.5625,0,31.0,30.0,29.0,30.0,30.0,28.0,30.0,29.0,29.0,31.0,32.0,51.0,47.0,42.0,43.0,41.0
2025-12-25T09:25:02.591784,832.729,299,Index,motor_1_open,51.0,34.625,0,31.0,30.0,29.0,30.0,30.0,28.0,30.0,29.0,29.0,31.0,32.0,51.0,47.0,42.0,44.0,41.0
2025-12-25T09:25:03.487734,833.625,300,Index,motor_3_flexed,51.0,34.5625,0,31.0,30.0,29.0,30.0,30.0,28.0,30.0,29.0,29.0,31.0,32.0,51.0,47.0,42.0,43.0,41.0
2025-12-25T09:25:05.375633,835.515,300,Index,motor_3_open,51.0,34.625,0,31.0,30.0,29.0,30.0,30.0,28.0,30.0,29.0,29.0,31.0,32.0,51.0,47.0,42.0,44.0,41.0
2025-12-25T09:25:06.271576,836.41,301,Middle,motor_11_flexed,51.0,34.5625,0,31.0,30.0,29.0,30.0,30.0,28.0,30.0,29.0,29.0,31.0,32.0,51.0,47.0,42.0,44.0,40.0
2025-12-25T09:25:08.159483,838.295,301,Middle,motor_11_open,51.0,34.5625,0,31.0,30.0,29.0,30.0,30.0,28.0,30.0,29.0,29.0,31.0,32.0,51.0,47.0,42.0,43.0,41.0
2025-12-25T09:25:09.055445,839.193,302,Middle,motor_10_flexed,51.0,34.5625,0,31.0,30.0,29.0,30.0,30.0,28.0,30.0,29.0,29.0,31.0,32.0,51.0,47.0,42.0,43.0,41.0
2025-12-25T09:25:10.143377,840.282,302,Middle,motor_10_flex_hold,51.0,34.5,0,31.0,30.0,29.0,30.0,30.0,28.0,30.0,29.0,29.0,31.0,32.0,51.0,47.0,42.0,43.0,40.0
2025-12-25T09:25:10.943331,841.083,302,Middle,motor_10_open,51.0,34.5625,0,31.0,30.0,29.0,30.0,30.0,28.0,30.0,29.0,29.0,31.0,32.0,51.0,47.0,42.0,44.0,40.0
2025-12-25T09:25:11.839281,841.977,303,Ring,motor_4_flexed,51.0,34.625,0,31.0,30.0,29.0,30.0,30.0,28.0,30.0,29.0,29.0,31.0,32.0,51.0,47.0,42.0,44.0,41.0
2025-12-25T09:25:13.727196,843.865,303,Ring,motor_4_open,51.0,34.5625,0,31.0,30.0,29.0,30.0,30.0,28.0,30.0,29.0,29.0,31.0,32.0,51.0,47.0,42.0,43.0,41.0
2025-12-25T09:25:14.623144,844.762,304,Ring,motor_5_flexed,51.0,34.625,0,31.0,30.0,29.0,30.0,30.0,28.0,30.0,29.0,29.0,31.0,32.0,51.0,47.0,42.0,44.0,41.0
2025-12-25T09:25:16.511042,846.651,304,Ring,motor_5_open,51.0,34.5625,0,31.0,30.0,29.0,30.0,30.0,28.0,30.0,29.0,29.0,31.0,32.0,51.0,47.0,42.0,44.0,40.0
2025-12-25T09:25:17.406993,847.542,305,Ring,motor_6_flexed,51.0,34.625,0,31.0,30.0,29.0,30.0,30.0,28.0,30.0,29.0,29.0,31.0,32.0,51.0,47.0,42.0,44.0,41.0
2025-12-25T09:25:19.294893,849.434,305,Ring,motor_6_open,51.0,34.5625,0,31.0,30.0,29.0,30.0,30.0,28.0,30.0,29.0,29.0,31.0,32.0,51.0,47.0,42.0,43.0,41.0
2025-12-25T09:25:20.190844,850.326,306,Pinky,motor_7_flexed,51.0,34.625,0,31.0,30.0,29.0,30.0,30.0,28.0,30.0,29.0,29.0,31.0,32.0,51.0,47.0,42.0,44.0,41.0
2025-12-25T09:25:22.078742,852.217,306,Pinky,motor_7_open,51.0,34.625,0,31.0,30.0,29.0,30.0,30.0,28.0,30.0,29.0,29.0,31.0,32.0,51.0,47.0,42.0,44.0,41.0
2025-12-25T09:25:22.974697,853.112,307,Pinky,motor_8_flexed,51.0,34.5625,0,31.0,30.0,29.0,30.0,30.0,28.0,30.0,29.0,29.0,31.0,32.0,51.0,47.0,42.0,43.0,41.0
2025-12-25T09:25:24.862584,854.998,307,Pinky,motor_8_open,51.0,34.5625,0,31.0,30.0,29.0,30.0,30.0,28.0,30.0,29.0,29.0,31.0,32.0,51.0,47.0,42.0,43.0,41.0
2025-12-25T09:25:25.758535,855.895,308,Pinky,motor_9_flexed,51.0,34.625,0,31.0,30.0,29.0,30.0,30.0,28.0,30.0,29.0,29.0,31.0,32.0,51.0,47.0,42.0,44.0,41.0
2025-12-25T09:25:27.646452,857.786,308,Pinky,motor_9_open,51.0,34.625,0,31.0,30.0,29.0,30.0,30.0,28.0,30.0,29.0,29.0,31.0,32.0,51.0,47.0,42.0,44.0,41.0
2025-12-25T09:25:28.542392,858.681,309,Thumb,motor_13_flexed,51.0,34.5625,0,31.0,30.0,29.0,30.0,30.0,28.0,30.0,29.0,29.0,31.0,32.0,51.0,47.0,42.0,43.0,41.0
2025-12-25T09:25:30.430292,860.565,309,Thumb,motor_13_open,51.0,34.6875,0,31.0,30.0,29.0,30.0,30.0,28.0,30.0,29.0,29.0,31.0,32.0,51.0,48.0,42.0,44.0,41.0
2025-12-25T09:25:31.326243,861.46,310,Thumb,motor_14_flexed,51.0,34.625,0,31.0,30.0,29.0,30.0,30.0,28.0,30.0,29.0,29.0,31.0,32.0,51.0,48.0,42.0,43.0,41.0
2025-12-25T09:25:33.214140,863.35,310,Thumb,motor_14_open,51.0,34.625,0,31.0,30.0,29.0,30.0,30.0,28.0,30.0,29.0,29.0,31.0,32.0,51.0,48.0,42.0,43.0,41.0
2025-12-25T09:25:34.110092,864.252,311,Thumb,motor_12_flexed,51.0,34.625,0,31.0,30.0,29.0,30.0,30.0,28.0,30.0,29.0,29.0,31.0,32.0,51.0,48.0,42.0,43.0,41.0
2025-12-25T09:25:35.997992,866.135,311,Thumb,motor_12_open,51.0,34.625,0,31.0,30.0,29.0,30.0,30.0,28.0,30.0,29.0,29.0,31.0,32.0,51.0,48.0,42.0,43.0,41.0
2025-12-25T09:25:36.893943,867.031,312,Index,motor_2_flexed,51.0,34.6875,0,31.0,30.0,29.0,30.0,30.0,28.0,30.0,29.0,29.0,31.0,32.0,51.0,48.0,42.0,44.0,41.0
2025-12-25T09:25:38.781834,868.918,312,Index,motor_2_open,51.0,34.5625,0,31.0,30.0,29.0,30.0,30.0,28.0,30.0,29.0,29.0,31.0,32.0,51.0,48.0,42.0,43.0,40.0
2025-12-25T09:25:39.677774,869.818,313,Index,motor_1_flexed,51.0,34.625,0,31.0,30.0,29.0,30.0,30.0,28.0,30.0,29.0,29.0,31.0,32.0,51.0,48.0,42.0,43.0,41.0
2025-12-25T09:25:41.565678,871.703,313,Index,motor_1_open,51.0,34.625,0,31.0,30.0,29.0,30.0,30.0,28.0,30.0,29.0,29.0,31.0,32.0,51.0,48.0,42.0,43.0,41.0
2025-12-25T09:25:42.461630,872.593,314,Index,motor_3_flexed,51.0,34.6875,0,31.0,30.0,29.0,30.0,30.0,28.0,30.0,29.0,29.0,31.0,32.0,51.0,48.0,42.0,44.0,41.0
2025-12-25T09:25:44.349528,874.481,314,Index,motor_3_open,51.0,34.625,0,31.0,30.0,29.0,30.0,30.0,28.0,30.0,29.0,29.0,31.0,32.0,51.0,48.0,42.0,43.0,41.0
2025-12-25T09:25:45.245491,875.384,315,Middle,motor_11_flexed,51.0,34.625,0,31.0,30.0,29.0,30.0,30.0,28.0,30.0,29.0,29.0,31.0,32.0,51.0,48.0,42.0,43.0,41.0
2025-12-25T09:25:47.133390,877.272,315,Middle,motor_11_open,51.0,34.6875,0,31.0,30.0,29.0,30.0,30.0,28.0,30.0,29.0,29.0,31.0,32.0,51.0,48.0,42.0,44.0,41.0
2025-12-25T09:25:48.029342,878.166,316,Middle,motor_10_flexed,51.0,34.6875,0,31.0,30.0,29.0,30.0,30.0,28.0,30.0,29.0,29.0,31.0,32.0,51.0,48.0,42.0,44.0,41.0
2025-12-25T09:25:49.917239,880.054,316,Middle,motor_10_open,51.0,34.625,0,31.0,30.0,29.0,30.0,30.0,28.0,30.0,29.0,29.0,31.0,32.0,51.0,48.0,42.0,43.0,41.0
2025-12-25T09:25:50.813190,880.95,317,Ring,motor_4_flexed,51.0,34.6875,0,31.0,30.0,29.0,30.0,30.0,28.0,30.0,29.0,29.0,31.0,32.0,51.0,48.0,42.0,44.0,41.0
2025-12-25T09:25:52.701090,882.84,317,Ring,motor_4_open,51.0,34.6875,0,31.0,30.0,29.0,30.0,30.0,28.0,30.0,29.0,29.0,31.0,32.0,51.0,48.0,42.0,44.0,41.0
2025-12-25T09:25:53.597040,883.735,318,Ring,motor_5_flexed,51.0,34.625,0,31.0,30.0,29.0,30.0,30.0,28.0,30.0,29.0,29.0,31.0,32.0,51.0,48.0,42.0,43.0,41.0
2025-12-25T09:25:55.484938,885.623,318,Ring,motor_5_open,51.0,34.6875,0,31.0,30.0,29.0,30.0,30.0,28.0,30.0,29.0,29.0,31.0,32.0,51.0,48.0,42.0,44.0,41.0
2025-12-25T09:25:56.380891,886.517,319,Ring,motor_6_flexed,51.0,34.625,0,31.0,30.0,29.0,30.0,30.0,28.0,30.0,29.0,29.0,31.0,32.0,51.0,48.0,42.0,43.0,41.0
2025-12-25T09:25:58.268788,888.409,319,Ring,motor_6_open,51.0,34.625,0,31.0,30.0,29.0,30.0,30.0,28.0,30.0,29.0,29.0,31.0,32.0,51.0,48.0,42.0,43.0,41.0
2025-12-25T09:25:59.164741,889.303,320,Pinky,motor_7_flexed,51.0,34.625,0,31.0,30.0,29.0,30.0,30.0,28.0,30.0,29.0,29.0,31.0,32.0,51.0,48.0,42.0,43.0,41.0
2025-12-25T09:26:01.052636,891.19,320,Pinky,motor_7_open,51.0,34.625,0,31.0,30.0,29.0,30.0,30.0,28.0,30.0,29.0,29.0,31.0,32.0,51.0,48.0,42.0,43.0,41.0
2025-12-25T09:26:01.948593,892.084,321,Pinky,motor_8_flexed,51.0,34.625,0,31.0,30.0,29.0,30.0,30.0,28.0,30.0,29.0,29.0,31.0,32.0,51.0,48.0,42.0,43.0,41.0
2025-12-25T09:26:03.836490,893.974,321,Pinky,motor_8_open,51.0,34.625,0,31.0,30.0,29.0,30.0,30.0,28.0,30.0,29.0,29.0,31.0,32.0,51.0,48.0,42.0,43.0,41.0
2025-12-25T09:26:04.732439,894.872,322,Pinky,motor_9_flexed,51.0,34.625,0,31.0,30.0,29.0,30.0,30.0,28.0,30.0,29.0,29.0,31.0,32.0,51.0,48.0,42.0,44.0,40.0
2025-12-25T09:26:06.620337,896.761,322,Pinky,motor_9_open,51.0,34.625,0,31.0,30.0,29.0,30.0,30.0,28.0,30.0,29.0,29.0,31.0,32.0,51.0,48.0,42.0,43.0,41.0
2025-12-25T09:26:07.516284,897.652,323,Thumb,motor_13_flexed,51.0,34.625,0,31.0,30.0,29.0,30.0,30.0,28.0,30.0,29.0,29.0,31.0,32.0,51.0,48.0,42.0,43.0,41.0
2025-12-25T09:26:09.404186,899.544,323,Thumb,motor_13_open,51.0,34.6875,0,31.0,30.0,29.0,30.0,30.0,28.0,30.0,29.0,29.0,31.0,32.0,51.0,48.0,42.0,44.0,41.0
2025-12-25T09:26:09.996157,900.13,323,Thumb,motor_13_open_hold,51.0,34.6875,0,31.0,30.0,29.0,30.0,30.0,28.0,30.0,29.0,29.0,31.0,32.0,51.0,48.0,42.0,44.0,41.0
2025-12-25T09:26:10.396127,900.534,324,Thumb,motor_14_flexed,51.0,34.6875,0,31.0,30.0,29.0,30.0,30.0,28.0,30.0,29.0,29.0,31.0,32.0,51.0,48.0,42.0,44.0,41.0
2025-12-25T09:26:12.284026,902.423,324,Thumb,motor_14_open,51.0,34.6875,0,31.0,30.0,29.0,30.0,30.0,28.0,30.0,29.0,29.0,31.0,32.0,51.0,48.0,42.0,44.0,41.0
2025-12-25T09:26:13.179987,903.318,325,Thumb,motor_12_flexed,51.0,34.5625,0,31.0,30.0,29.0,30.0,30.0,28.0,30.0,29.0,29.0,31.0,32.0,51.0,47.0,42.0,43.0,41.0
2025-12-25T09:26:15.067883,905.204,325,Thumb,motor_12_open,51.0,34.5625,0,31.0,30.0,29.0,30.0,30.0,28.0,30.0,29.0,29.0,31.0,32.0,51.0,47.0,42.0,43.0,41.0
2025-12-25T09:26:15.963843,906.101,326,Index,motor_2_flexed,51.0,34.625,0,31.0,30.0,29.0,30.0,30.0,28.0,30.0,29.0,29.0,31.0,32.0,51.0,47.0,42.0,44.0,41.0
2025-12-25T09:26:17.851734,907.992,326,Index,motor_2_open,51.0,34.625,0,31.0,30.0,29.0,30.0,30.0,28.0,30.0,29.0,29.0,31.0,32.0,51.0,47.0,42.0,44.0,41.0
2025-12-25T09:26:18.747685,908.884,327,Index,motor_1_flexed,51.0,34.625,0,31.0,30.0,29.0,30.0,30.0,28.0,30.0,29.0,29.0,31.0,32.0,51.0,47.0,42.0,44.0,41.0
2025-12-25T09:26:20.635597,910.771,327,Index,motor_1_open,51.0,34.5625,0,31.0,30.0,29.0,30.0,30.0,28.0,30.0,29.0,29.0,31.0,32.0,51.0,47.0,42.0,43.0,41.0
2025-12-25T09:26:21.531532,911.669,328,Index,motor_3_flexed,51.0,34.625,0,31.0,30.0,29.0,30.0,30.0,28.0,30.0,29.0,29.0,31.0,32.0,51.0,47.0,42.0,44.0,41.0
2025-12-25T09:26:23.419433,913.557,328,Index,motor_3_open,51.0,34.625,0,31.0,30.0,29.0,30.0,30.0,28.0,30.0,29.0,29.0,31.0,32.0,51.0,47.0,42.0,44.0,41.0
2025-12-25T09:26:24.315385,914.451,329,Middle,motor_11_flexed,51.0,34.625,0,31.0,30.0,29.0,30.0,30.0,28.0,30.0,29.0,29.0,31.0,32.0,51.0,47.0,42.0,44.0,41.0
2025-12-25T09:26:26.203275,916.339,329,Middle,motor_11_open,51.0,34.625,0,31.0,30.0,29.0,30.0,30.0,28.0,30.0,29.0,29.0,31.0,32.0,51.0,47.0,42.0,44.0,41.0
2025-12-25T09:26:27.099224,917.237,330,Middle,motor_10_flexed,51.0,34.5625,0,31.0,30.0,29.0,30.0,30.0,28.0,30.0,29.0,29.0,31.0,32.0,51.0,47.0,42.0,43.0,41.0
2025-12-25T09:26:28.987122,919.126,330,Middle,motor_10_open,51.0,34.5625,0,31.0,30.0,29.0,30.0,30.0,28.0,30.0,29.0,29.0,31.0,32.0,51.0,47.0,42.0,43.0,41.0
2025-12-25T09:26:29.883094,920.022,331,Ring,motor_4_flexed,51.0,34.5625,0,31.0,30.0,29.0,30.0,30.0,28.0,30.0,29.0,29.0,31.0,32.0,51.0,47.0,42.0,43.0,41.0
2025-12-25T09:26:31.770983,921.907,331,Ring,motor_4_open,51.0,34.5625,0,31.0,30.0,29.0,30.0,30.0,28.0,30.0,29.0,29.0,31.0,32.0,51.0,47.0,42.0,43.0,41.0
2025-12-25T09:26:32.666921,922.798,332,Ring,motor_5_flexed,51.0,34.5625,0,31.0,30.0,29.0,30.0,30.0,28.0,30.0,29.0,29.0,31.0,32.0,51.0,47.0,42.0,43.0,41.0
2025-12-25T09:26:34.554833,924.692,332,Ring,motor_5_open,51.0,34.5625,0,31.0,30.0,29.0,30.0,30.0,28.0,30.0,29.0,29.0,31.0,32.0,51.0,47.0,42.0,44.0,40.0
2025-12-25T09:26:35.450783,925.588,333,Ring,motor_6_flexed,51.0,34.625,0,31.0,30.0,29.0,30.0,30.0,28.0,30.0,29.0,29.0,31.0,32.0,51.0,47.0,42.0,44.0,41.0
2025-12-25T09:26:37.338681,927.477,333,Ring,motor_6_open,51.0,34.625,0,31.0,30.0,29.0,30.0,30.0,28.0,30.0,29.0,29.0,31.0,32.0,51.0,47.0,42.0,44.0,41.0
2025-12-25T09:26:38.234632,928.374,334,Pinky,motor_7_flexed,51.0,34.625,0,31.0,30.0,29.0,30.0,30.0,28.0,30.0,29.0,29.0,31.0,32.0,51.0,47.0,42.0,44.0,41.0
2025-12-25T09:26:40.122530,930.261,334,Pinky,motor_7_open,51.0,34.625,0,31.0,30.0,29.0,30.0,30.0,28.0,30.0,29.0,29.0,31.0,32.0,51.0,47.0,42.0,44.0,41.0
2025-12-25T09:26:41.018483,931.157,335,Pinky,motor_8_flexed,51.0,34.5625,0,31.0,30.0,29.0,30.0,30.0,28.0,30.0,29.0,29.0,31.0,32.0,51.0,47.0,42.0,43.0,41.0
2025-12-25T09:26:42.906381,933.044,335,Pinky,motor_8_open,51.0,34.625,0,31.0,30.0,29.0,30.0,30.0,28.0,30.0,29.0,29.0,31.0,32.0,51.0,47.0,42.0,44.0,41.0
2025-12-25T09:26:43.802333,933.939,336,Pinky,motor_9_flexed,51.0,34.5625,0,31.0,30.0,29.0,30.0,30.0,28.0,30.0,29.0,29.0,31.0,32.0,51.0,47.0,42.0,43.0,41.0
2025-12-25T09:26:45.690222,935.83,336,Pinky,motor_9_open,51.0,34.5625,0,31.0,30.0,29.0,30.0,30.0,28.0,30.0,29.0,29.0,31.0,32.0,51.0,47.0,42.0,43.0,41.0
2025-12-25T09:26:46.586182,936.725,337,Thumb,motor_13_flexed,51.0,34.5625,0,31.0,30.0,29.0,30.0,30.0,28.0,30.0,29.0,29.0,31.0,32.0,51.0,47.0,42.0,43.0,41.0
2025-12-25T09:26:48.474082,938.612,337,Thumb,motor_13_open,51.0,34.5625,0,31.0,30.0,29.0,30.0,30.0,28.0,30.0,29.0,29.0,31.0,32.0,51.0,47.0,42.0,43.0,41.0
2025-12-25T09:26:49.370033,939.506,338,Thumb,motor_14_flexed,51.0,34.625,0,31.0,30.0,29.0,30.0,30.0,28.0,30.0,29.0,29.0,31.0,32.0,51.0,47.0,42.0,44.0,41.0
2025-12-25T09:26:51.257930,941.396,338,Thumb,motor_14_open,51.0,34.5625,0,31.0,30.0,29.0,30.0,30.0,28.0,30.0,29.0,29.0,31.0,32.0,51.0,47.0,42.0,43.0,41.0
2025-12-25T09:26:52.153883,942.291,339,Thumb,motor_12_flexed,51.0,34.625,0,31.0,30.0,29.0,30.0,30.0,28.0,30.0,29.0,29.0,31.0,32.0,51.0,47.0,42.0,44.0,41.0
2025-12-25T09:26:54.041764,944.181,339,Thumb,motor_12_open,51.0,34.625,0,31.0,30.0,29.0,30.0,30.0,28.0,30.0,29.0,29.0,31.0,32.0,51.0,47.0,42.0,44.0,41.0
2025-12-25T09:26:54.937731,945.074,340,Index,motor_2_flexed,51.0,34.5625,0,31.0,30.0,29.0,30.0,30.0,28.0,30.0,29.0,29.0,31.0,32.0,51.0,47.0,42.0,43.0,41.0
2025-12-25T09:26:56.825630,946.962,340,Index,motor_2_open,51.0,34.625,0,31.0,30.0,29.0,30.0,30.0,28.0,30.0,29.0,29.0,31.0,32.0,51.0,47.0,42.0,44.0,41.0
2025-12-25T09:26:57.721581,947.86,341,Index,motor_1_flexed,51.0,34.625,0,31.0,30.0,29.0,30.0,30.0,28.0,30.0,29.0,29.0,31.0,32.0,51.0,47.0,42.0,44.0,41.0
2025-12-25T09:26:59.609483,949.75,341,Index,motor_1_open,51.0,34.5625,0,31.0,30.0,29.0,30.0,30.0,28.0,30.0,29.0,29.0,31.0,32.0,51.0,47.0,42.0,43.0,41.0
2025-12-25T09:27:00.505433,950.644,342,Index,motor_3_flexed,51.0,34.6875,0,31.0,30.0,29.0,30.0,30.0,28.0,30.0,29.0,29.0,31.0,32.0,51.0,47.0,42.0,44.0,42.0
2025-12-25T09:27:02.393321,952.531,342,Index,motor_3_open,51.0,34.5625,0,31.0,30.0,29.0,30.0,30.0,28.0,30.0,29.0,29.0,31.0,32.0,51.0,47.0,42.0,43.0,41.0
2025-12-25T09:27:03.289271,953.427,343,Middle,motor_11_flexed,51.0,34.625,0,31.0,30.0,29.0,30.0,30.0,28.0,30.0,29.0,29.0,31.0,32.0,51.0,47.0,42.0,44.0,41.0
2025-12-25T09:27:05.177166,955.308,343,Middle,motor_11_open,51.0,34.5625,0,31.0,30.0,29.0,30.0,30.0,28.0,30.0,29.0,29.0,31.0,32.0,51.0,47.0,42.0,43.0,41.0
2025-12-25T09:27:06.073133,956.21,344,Middle,motor_10_flexed,51.0,34.625,0,31.0,30.0,29.0,30.0,30.0,28.0,30.0,29.0,29.0,31.0,32.0,51.0,47.0,42.0,44.0,41.0
2025-12-25T09:27:07.961031,958.099,344,Middle,motor_10_open,51.0,34.5625,0,31.0,30.0,29.0,30.0,30.0,28.0,30.0,29.0,29.0,31.0,32.0,51.0,47.0,42.0,43.0,41.0
2025-12-25T09:27:08.856983,958.996,345,Ring,motor_4_flexed,51.0,34.6875,0,31.0,30.0,29.0,30.0,30.0,28.0,30.0,29.0,29.0,31.0,32.0,51.0,47.0,42.0,44.0,42.0
2025-12-25T09:27:09.944921,960.083,345,Ring,motor_4_flex_hold,51.0,34.5625,0,31.0,30.0,29.0,30.0,30.0,28.0,30.0,29.0,29.0,31.0,32.0,51.0,47.0,42.0,43.0,41.0
2025-12-25T09:27:10.744879,960.887,345,Ring,motor_4_open,51.0,34.5625,0,31.0,30.0,29.0,30.0,30.0,28.0,30.0,29.0,29.0,31.0,32.0,51.0,47.0,42.0,43.0,41.0
2025-12-25T09:27:11.640829,961.779,346,Ring,motor_5_flexed,51.0,34.625,0,31.0,30.0,29.0,30.0,30.0,28.0,30.0,29.0,29.0,31.0,32.0,51.0,47.0,42.0,44.0,41.0
2025-12-25T09:27:13.528736,963.668,346,Ring,motor_5_open,51.0,34.625,0,31.0,30.0,29.0,30.0,30.0,28.0,30.0,29.0,29.0,31.0,32.0,51.0,47.0,42.0,44.0,41.0
2025-12-25T09:27:14.424683,964.564,347,Ring,motor_6_flexed,51.0,34.625,0,31.0,30.0,29.0,30.0,30.0,28.0,30.0,29.0,29.0,31.0,32.0,51.0,47.0,42.0,44.0,41.0
2025-12-25T09:27:16.312566,966.444,347,Ring,motor_6_open,51.0,34.625,0,31.0,30.0,29.0,30.0,30.0,28.0,30.0,29.0,29.0,31.0,32.0,51.0,47.0,42.0,44.0,41.0
2025-12-25T09:27:17.208523,967.345,348,Pinky,motor_7_flexed,51.0,34.625,0,31.0,30.0,29.0,30.0,30.0,28.0,30.0,29.0,29.0,31.0,32.0,51.0,47.0,42.0,44.0,41.0
2025-12-25T09:27:19.096432,969.235,348,Pinky,motor_7_open,51.0,34.5625,0,31.0,30.0,29.0,30.0,30.0,28.0,30.0,29.0,29.0,31.0,32.0,51.0,47.0,42.0,43.0,41.0
2025-12-25T09:27:19.992380,970.131,349,Pinky,motor_8_flexed,51.0,34.5625,0,31.0,30.0,29.0,30.0,30.0,28.0,30.0,29.0,29.0,31.0,32.0,51.0,47.0,42.0,43.0,41.0
2025-12-25T09:27:21.880269,972.021,349,Pinky,motor_8_open,51.0,34.6875,0,31.0,30.0,29.0,30.0,30.0,28.0,30.0,29.0,29.0,31.0,32.0,51.0,48.0,42.0,44.0,41.0
2025-12-25T09:27:22.776237,972.915,350,Pinky,motor_9_flexed,51.0,34.625,0,31.0,30.0,29.0,30.0,30.0,28.0,30.0,29.0,29.0,31.0,32.0,51.0,48.0,42.0,43.0,41.0
2025-12-25T09:27:24.664128,974.802,350,Pinky,motor_9_open,51.0,34.625,0,31.0,30.0,29.0,30.0,30.0,28.0,30.0,29.0,29.0,31.0,32.0,51.0,48.0,42.0,43.0,41.0
2025-12-25T09:27:25.560102,975.697,351,Thumb,motor_13_flexed,51.0,34.5625,0,31.0,30.0,29.0,30.0,30.0,28.0,30.0,29.0,29.0,31.0,32.0,51.0,48.0,42.0,42.0,41.0
2025-12-25T09:27:27.447992,977.588,351,Thumb,motor_13_open,51.0,34.625,0,31.0,30.0,29.0,30.0,30.0,28.0,30.0,29.0,29.0,31.0,32.0,51.0,48.0,42.0,43.0,41.0
2025-12-25T09:27:28.343932,978.484,352,Thumb,motor_14_flexed,51.0,34.625,0,31.0,30.0,29.0,30.0,30.0,28.0,30.0,29.0,29.0,31.0,32.0,51.0,48.0,42.0,43.0,41.0
2025-12-25T09:27:30.231827,980.373,352,Thumb,motor_14_open,51.0,34.6875,0,31.0,30.0,29.0,30.0,30.0,28.0,30.0,29.0,29.0,31.0,32.0,51.0,48.0,42.0,44.0,41.0
2025-12-25T09:27:31.127780,981.266,353,Thumb,motor_12_flexed,51.0,34.625,0,31.0,30.0,29.0,30.0,30.0,28.0,30.0,29.0,29.0,31.0,32.0,51.0,48.0,42.0,43.0,41.0
2025-12-25T09:27:33.015710,983.153,353,Thumb,motor_12_open,51.0,34.6875,0,31.0,30.0,29.0,30.0,30.0,28.0,30.0,29.0,29.0,31.0,32.0,51.0,48.0,42.0,44.0,41.0
2025-12-25T09:27:33.911662,984.051,354,Index,motor_2_flexed,51.0,34.6875,0,31.0,30.0,29.0,30.0,30.0,28.0,30.0,29.0,29.0,31.0,32.0,51.0,48.0,42.0,44.0,41.0
2025-12-25T09:27:35.799558,985.936,354,Index,motor_2_open,51.0,34.6875,0,31.0,30.0,29.0,30.0,30.0,28.0,30.0,29.0,29.0,31.0,32.0,51.0,48.0,42.0,44.0,41.0
2025-12-25T09:27:36.695527,986.832,355,Index,motor_1_flexed,51.0,34.625,0,31.0,30.0,29.0,30.0,30.0,28.0,30.0,29.0,29.0,31.0,32.0,51.0,48.0,42.0,43.0,41.0
2025-12-25T09:27:38.583413,988.721,355,Index,motor_1_open,51.0,34.625,0,31.0,30.0,29.0,30.0,30.0,28.0,30.0,29.0,29.0,31.0,32.0,51.0,48.0,42.0,44.0,40.0
2025-12-25T09:27:39.479363,989.618,356,Index,motor_3_flexed,51.0,34.6875,0,31.0,30.0,29.0,30.0,30.0,28.0,30.0,29.0,29.0,31.0,32.0,51.0,48.0,42.0,44.0,41.0
2025-12-25T09:27:41.367277,991.505,356,Index,motor_3_open,51.0,34.625,0,31.0,30.0,29.0,30.0,30.0,28.0,30.0,29.0,29.0,31.0,32.0,51.0,48.0,42.0,43.0,41.0
2025-12-25T09:27:42.263213,992.403,357,Middle,motor_11_flexed,51.0,34.625,0,31.0,30.0,29.0,30.0,30.0,28.0,30.0,29.0,29.0,31.0,32.0,51.0,48.0,42.0,43.0,41.0
2025-12-25T09:27:44.151110,994.29,357,Middle,motor_11_open,51.0,34.625,0,31.0,30.0,29.0,30.0,30.0,28.0,30.0,29.0,29.0,31.0,32.0,51.0,48.0,42.0,43.0,41.0
2025-12-25T09:27:45.047030,995.185,358,Middle,motor_10_flexed,51.0,34.5625,0,31.0,30.0,29.0,30.0,30.0,28.0,30.0,29.0,29.0,31.0,32.0,51.0,48.0,42.0,43.0,40.0
2025-12-25T09:27:46.934956,997.074,358,Middle,motor_10_open,51.0,34.625,0,31.0,30.0,29.0,30.0,30.0,28.0,30.0,29.0,29.0,31.0,32.0,51.0,48.0,42.0,43.0,41.0
2025-12-25T09:27:47.830910,997.971,359,Ring,motor_4_flexed,51.0,34.625,0,31.0,30.0,29.0,30.0,30.0,28.0,30.0,29.0,29.0,31.0,32.0,51.0,48.0,42.0,44.0,40.0
2025-12-25T09:27:49.718778,999.859,359,Ring,motor_4_open,51.0,34.625,0,31.0,30.0,29.0,30.0,30.0,28.0,30.0,29.0,29.0,31.0,32.0,51.0,48.0,42.0,43.0,41.0
2025-12-25T09:27:50.614778,1000.751,360,Ring,motor_5_flexed,51.0,34.625,0,31.0,30.0,29.0,30.0,30.0,28.0,30.0,29.0,29.0,31.0,32.0,51.0,48.0,42.0,43.0,41.0
2025-12-25T09:27:52.502655,1002.645,360,Ring,motor_5_open,51.0,34.625,0,31.0,30.0,29.0,30.0,30.0,28.0,30.0,29.0,29.0,31.0,32.0,51.0,48.0,42.0,43.0,41.0
2025-12-25T09:27:53.398607,1003.535,361,Ring,motor_6_flexed,51.0,34.625,0,31.0,30.0,29.0,30.0,30.0,28.0,30.0,29.0,29.0,31.0,32.0,51.0,48.0,42.0,43.0,41.0
2025-12-25T09:27:55.286509,1005.425,361,Ring,motor_6_open,51.0,34.6875,0,31.0,30.0,29.0,30.0,30.0,28.0,30.0,29.0,29.0,31.0,32.0,51.0,48.0,42.0,44.0,41.0
2025-12-25T09:27:56.182463,1006.321,362,Pinky,motor_7_flexed,51.0,34.6875,0,31.0,30.0,29.0,30.0,30.0,28.0,30.0,29.0,29.0,31.0,32.0,51.0,48.0,42.0,44.0,41.0
2025-12-25T09:27:58.070326,1008.212,362,Pinky,motor_7_open,51.0,34.75,0,31.0,30.0,29.0,30.0,30.0,28.0,30.0,29.0,29.0,31.0,32.0,51.0,48.0,42.0,45.0,41.0
2025-12-25T09:27:58.966296,1009.106,363,Pinky,motor_8_flexed,51.0,34.625,0,31.0,30.0,29.0,30.0,30.0,28.0,30.0,29.0,29.0,31.0,32.0,51.0,48.0,42.0,43.0,41.0
2025-12-25T09:28:00.854197,1010.99,363,Pinky,motor_8_open,51.0,34.6875,0,31.0,30.0,29.0,30.0,30.0,28.0,30.0,29.0,29.0,31.0,32.0,51.0,48.0,42.0,44.0,41.0
2025-12-25T09:28:01.750143,1011.888,364,Pinky,motor_9_flexed,51.0,34.625,0,31.0,30.0,29.0,30.0,30.0,28.0,30.0,29.0,29.0,31.0,32.0,51.0,48.0,42.0,43.0,41.0
2025-12-25T09:28:03.638032,1013.778,364,Pinky,motor_9_open,51.0,34.6875,0,31.0,30.0,29.0,30.0,30.0,28.0,30.0,29.0,29.0,31.0,32.0,51.0,48.0,42.0,44.0,41.0
2025-12-25T09:28:04.533996,1014.672,365,Thumb,motor_13_flexed,51.0,34.625,0,31.0,30.0,29.0,30.0,30.0,28.0,30.0,29.0,29.0,31.0,32.0,51.0,48.0,42.0,43.0,41.0
2025-12-25T09:28:06.421892,1016.561,365,Thumb,motor_13_open,51.0,34.625,0,31.0,30.0,29.0,30.0,30.0,28.0,30.0,29.0,29.0,31.0,32.0,51.0,48.0,42.0,43.0,41.0
2025-12-25T09:28:07.317843,1017.454,366,Thumb,motor_14_flexed,51.0,34.6875,0,31.0,30.0,29.0,30.0,30.0,28.0,30.0,29.0,29.0,31.0,32.0,51.0,48.0,42.0,44.0,41.0
2025-12-25T09:28:09.205719,1019.345,366,Thumb,motor_14_open,51.0,34.5625,0,31.0,30.0,29.0,30.0,30.0,28.0,30.0,29.0,29.0,31.0,32.0,51.0,47.0,42.0,43.0,41.0
2025-12-25T09:28:10.101676,1020.241,367,Thumb,motor_12_flexed,51.0,34.6875,0,31.0,30.0,29.0,30.0,30.0,28.0,30.0,29.0,29.0,31.0,32.0,51.0,47.0,42.0,44.0,42.0
2025-12-25T09:28:11.989575,1022.129,367,Thumb,motor_12_open,51.0,34.5625,0,31.0,30.0,29.0,30.0,30.0,28.0,30.0,29.0,29.0,31.0,32.0,51.0,47.0,42.0,43.0,41.0
2025-12-25T09:28:12.885527,1023.023,368,Index,motor_2_flexed,51.0,34.5625,0,31.0,30.0,29.0,30.0,30.0,28.0,30.0,29.0,29.0,31.0,32.0,51.0,47.0,42.0,43.0,41.0
2025-12-25T09:28:14.773422,1024.908,368,Index,motor_2_open,51.0,34.5625,0,31.0,30.0,29.0,30.0,30.0,28.0,30.0,29.0,29.0,31.0,32.0,51.0,47.0,42.0,43.0,41.0
2025-12-25T09:28:15.669396,1025.81,369,Index,motor_1_flexed,51.0,34.5625,0,31.0,30.0,29.0,30.0,30.0,28.0,30.0,29.0,29.0,31.0,32.0,51.0,47.0,42.0,43.0,41.0
2025-12-25T09:28:17.557288,1027.693,369,Index,motor_1_open,51.0,34.625,0,31.0,30.0,29.0,30.0,30.0,28.0,30.0,29.0,29.0,31.0,32.0,51.0,47.0,42.0,43.0,42.0
2025-12-25T09:28:18.453225,1028.591,370,Index,motor_3_flexed,51.0,34.625,0,31.0,30.0,29.0,30.0,30.0,28.0,30.0,29.0,29.0,31.0,32.0,51.0,47.0,42.0,43.0,42.0
2025-12-25T09:28:20.341129,1030.479,370,Index,motor_3_open,51.0,34.5,0,31.0,30.0,29.0,30.0,30.0,28.0,30.0,29.0,29.0,31.0,32.0,51.0,47.0,42.0,43.0,40.0
2025-12-25T09:28:21.237076,1031.376,371,Middle,motor_11_flexed,51.0,34.625,0,31.0,30.0,29.0,30.0,30.0,28.0,30.0,29.0,29.0,31.0,32.0,51.0,47.0,42.0,43.0,42.0
2025-12-25T09:28:23.124975,1033.265,371,Middle,motor_11_open,51.0,34.625,0,31.0,30.0,29.0,30.0,30.0,28.0,30.0,29.0,29.0,31.0,32.0,51.0,47.0,42.0,44.0,41.0
2025-12-25T09:28:24.020942,1034.159,372,Middle,motor_10_flexed,51.0,34.5625,0,31.0,30.0,29.0,30.0,30.0,28.0,30.0,29.0,29.0,31.0,32.0,51.0,47.0,42.0,43.0,41.0
2025-12-25T09:28:25.908842,1036.046,372,Middle,motor_10_open,51.0,34.5625,0,31.0,30.0,29.0,30.0,30.0,28.0,30.0,29.0,29.0,31.0,32.0,51.0,47.0,42.0,43.0,41.0
2025-12-25T09:28:26.804794,1036.943,373,Ring,motor_4_flexed,51.0,34.625,0,31.0,30.0,29.0,30.0,30.0,28.0,30.0,29.0,29.0,31.0,32.0,51.0,47.0,42.0,44.0,41.0
2025-12-25T09:28:28.692673,1038.831,373,Ring,motor_4_open,51.0,34.625,0,31.0,30.0,29.0,30.0,30.0,28.0,30.0,29.0,29.0,31.0,32.0,51.0,47.0,42.0,44.0,41.0
2025-12-25T09:28:29.588629,1039.726,374,Ring,motor_5_flexed,51.0,34.625,0,31.0,30.0,29.0,30.0,30.0,28.0,30.0,29.0,29.0,31.0,32.0,51.0,47.0,42.0,44.0,41.0
2025-12-25T09:28:31.476517,1041.611,374,Ring,motor_5_open,51.0,34.5625,0,31.0,30.0,29.0,30.0,30.0,28.0,30.0,29.0,29.0,31.0,32.0,51.0,47.0,42.0,43.0,41.0
2025-12-25T09:28:32.372492,1042.51,375,Ring,motor_6_flexed,51.0,34.6875,0,31.0,30.0,29.0,30.0,30.0,28.0,30.0,29.0,29.0,31.0,32.0,51.0,47.0,42.0,44.0,42.0
2025-12-25T09:28:34.260386,1044.4,375,Ring,motor_6_open,51.0,34.625,0,31.0,30.0,29.0,30.0,30.0,28.0,30.0,29.0,29.0,31.0,32.0,51.0,47.0,42.0,44.0,41.0
2025-12-25T09:28:35.156345,1045.294,376,Pinky,motor_7_flexed,51.0,34.5625,0,31.0,30.0,29.0,30.0,30.0,28.0,30.0,29.0,29.0,31.0,32.0,51.0,47.0,42.0,43.0,41.0
2025-12-25T09:28:37.044242,1047.182,376,Pinky,motor_7_open,51.0,34.6875,0,31.0,30.0,29.0,30.0,30.0,28.0,30.0,29.0,29.0,31.0,32.0,51.0,47.0,42.0,44.0,42.0
2025-12-25T09:28:37.940185,1048.077,377,Pinky,motor_8_flexed,51.0,34.5625,0,31.0,30.0,29.0,30.0,30.0,28.0,30.0,29.0,29.0,31.0,32.0,51.0,47.0,42.0,43.0,41.0
2025-12-25T09:28:39.828051,1049.965,377,Pinky,motor_8_open,51.0,34.5625,0,31.0,30.0,29.0,30.0,30.0,28.0,30.0,29.0,29.0,31.0,32.0,51.0,47.0,42.0,43.0,41.0
2025-12-25T09:28:40.724015,1050.863,378,Pinky,motor_9_flexed,51.0,34.5625,0,31.0,30.0,29.0,30.0,30.0,28.0,30.0,29.0,29.0,31.0,32.0,51.0,47.0,42.0,43.0,41.0
2025-12-25T09:28:42.611940,1052.752,378,Pinky,motor_9_open,51.0,34.5625,0,31.0,30.0,29.0,30.0,30.0,28.0,30.0,29.0,29.0,31.0,32.0,51.0,47.0,42.0,43.0,41.0
2025-12-25T09:28:43.507901,1053.647,379,Thumb,motor_13_flexed,51.0,34.625,0,31.0,30.0,29.0,30.0,30.0,28.0,30.0,30.0,29.0,31.0,32.0,51.0,47.0,42.0,43.0,41.0
2025-12-25T09:28:45.395774,1055.538,379,Thumb,motor_13_open,51.0,34.5625,0,31.0,30.0,29.0,30.0,30.0,28.0,30.0,29.0,29.0,31.0,32.0,51.0,47.0,42.0,43.0,41.0
2025-12-25T09:28:46.291742,1056.431,380,Thumb,motor_14_flexed,51.0,34.625,0,31.0,30.0,29.0,30.0,30.0,28.0,30.0,29.0,29.0,31.0,32.0,51.0,47.0,42.0,44.0,41.0
2025-12-25T09:28:48.179664,1058.316,380,Thumb,motor_14_open,51.0,34.625,0,31.0,30.0,29.0,30.0,30.0,28.0,30.0,29.0,29.0,31.0,32.0,51.0,47.0,42.0,44.0,41.0
2025-12-25T09:28:49.075603,1059.215,381,Thumb,motor_12_flexed,51.0,34.6875,0,31.0,30.0,29.0,30.0,30.0,28.0,30.0,29.0,29.0,31.0,32.0,51.0,47.0,42.0,44.0,42.0
2025-12-25T09:28:50.963500,1061.105,381,Thumb,motor_12_open,51.0,34.625,0,31.0,30.0,29.0,30.0,30.0,28.0,30.0,29.0,29.0,31.0,32.0,51.0,47.0,42.0,44.0,41.0
2025-12-25T09:28:51.859438,1062.001,382,Index,motor_2_flexed,51.0,34.5625,0,31.0,30.0,29.0,30.0,30.0,28.0,30.0,29.0,29.0,31.0,32.0,51.0,47.0,42.0,43.0,41.0
2025-12-25T09:28:53.747350,1063.885,382,Index,motor_2_open,51.0,34.5625,0,31.0,30.0,29.0,30.0,30.0,28.0,30.0,29.0,29.0,31.0,32.0,51.0,47.0,42.0,43.0,41.0
2025-12-25T09:28:54.643294,1064.781,383,Index,motor_1_flexed,51.0,34.5625,0,31.0,30.0,29.0,30.0,30.0,28.0,30.0,29.0,29.0,31.0,32.0,51.0,47.0,42.0,43.0,41.0
2025-12-25T09:28:56.531189,1066.669,383,Index,motor_1_open,51.0,34.625,0,31.0,30.0,29.0,30.0,30.0,28.0,30.0,29.0,29.0,31.0,32.0,51.0,47.0,42.0,44.0,41.0
2025-12-25T09:28:57.427156,1067.567,384,Index,motor_3_flexed,51.0,34.5625,0,31.0,30.0,29.0,30.0,30.0,28.0,30.0,29.0,29.0,31.0,32.0,51.0,47.0,42.0,43.0,41.0
2025-12-25T09:28:59.315026,1069.453,384,Index,motor_3_open,51.0,34.5625,0,31.0,30.0,29.0,30.0,30.0,28.0,30.0,29.0,29.0,31.0,32.0,51.0,47.0,42.0,43.0,41.0
2025-12-25T09:29:00.210997,1070.347,385,Middle,motor_11_flexed,51.0,34.5625,0,31.0,30.0,29.0,30.0,30.0,28.0,30.0,29.0,29.0,31.0,32.0,51.0,47.0,42.0,43.0,41.0
2025-12-25T09:29:02.098908,1072.234,385,Middle,motor_11_open,51.0,34.6875,0,31.0,30.0,29.0,30.0,30.0,28.0,30.0,29.0,29.0,31.0,32.0,51.0,47.0,42.0,44.0,42.0
2025-12-25T09:29:02.994846,1073.135,386,Middle,motor_10_flexed,51.0,34.5625,0,31.0,30.0,29.0,30.0,30.0,28.0,30.0,29.0,29.0,31.0,32.0,51.0,47.0,42.0,43.0,41.0
2025-12-25T09:29:04.882722,1075.019,386,Middle,motor_10_open,51.0,34.625,0,31.0,30.0,29.0,30.0,30.0,28.0,30.0,29.0,29.0,31.0,32.0,51.0,47.0,42.0,43.0,42.0
2025-12-25T09:29:05.778672,1075.914,387,Ring,motor_4_flexed,51.0,34.625,0,31.0,30.0,29.0,30.0,30.0,28.0,30.0,29.0,29.0,31.0,32.0,51.0,47.0,42.0,44.0,41.0
2025-12-25T09:29:07.666570,1077.806,387,Ring,motor_4_open,51.0,34.625,0,31.0,30.0,29.0,30.0,30.0,28.0,30.0,29.0,29.0,31.0,32.0,51.0,47.0,42.0,44.0,41.0
2025-12-25T09:29:08.562520,1078.701,388,Ring,motor_5_flexed,51.0,34.6875,0,31.0,30.0,29.0,30.0,30.0,28.0,30.0,29.0,29.0,31.0,32.0,51.0,47.0,42.0,44.0,42.0
2025-12-25T09:29:10.146438,1080.288,388,Ring,motor_5_flex_hold,51.0,34.5625,0,31.0,30.0,29.0,30.0,30.0,28.0,30.0,29.0,29.0,31.0,32.0,51.0,47.0,42.0,43.0,41.0
2025-12-25T09:29:10.546416,1080.684,388,Ring,motor_5_open,51.0,34.5625,0,31.0,30.0,29.0,30.0,30.0,28.0,30.0,29.0,29.0,31.0,32.0,51.0,47.0,42.0,43.0,41.0
2025-12-25T09:29:11.442367,1081.579,389,Ring,motor_6_flexed,51.0,34.5625,0,31.0,30.0,29.0,30.0,30.0,28.0,30.0,29.0,29.0,31.0,32.0,51.0,47.0,42.0,43.0,41.0
2025-12-25T09:29:13.330266,1083.468,389,Ring,motor_6_open,51.0,34.5625,0,31.0,30.0,29.0,30.0,30.0,28.0,30.0,29.0,29.0,31.0,32.0,51.0,47.0,42.0,43.0,41.0
2025-12-25T09:29:14.226218,1084.362,390,Pinky,motor_7_flexed,51.0,34.6875,0,31.0,30.0,29.0,30.0,30.0,28.0,30.0,29.0,29.0,31.0,32.0,51.0,47.0,42.0,44.0,42.0
2025-12-25T09:29:16.114113,1086.252,390,Pinky,motor_7_open,51.0,34.6875,0,31.0,30.0,29.0,30.0,30.0,28.0,30.0,29.0,29.0,31.0,32.0,51.0,47.0,42.0,44.0,42.0
2025-12-25T09:29:17.010068,1087.148,391,Pinky,motor_8_flexed,51.0,34.625,0,31.0,30.0,29.0,30.0,30.0,28.0,30.0,29.0,29.0,31.0,32.0,51.0,47.0,42.0,43.0,42.0
2025-12-25T09:29:18.897964,1089.035,391,Pinky,motor_8_open,51.0,34.625,0,31.0,30.0,29.0,30.0,30.0,28.0,30.0,29.0,29.0,31.0,32.0,51.0,47.0,42.0,44.0,41.0
2025-12-25T09:29:19.793904,1089.93,392,Pinky,motor_9_flexed,51.0,34.625,0,31.0,30.0,29.0,30.0,30.0,28.0,30.0,29.0,29.0,31.0,32.0,51.0,47.0,42.0,44.0,41.0
2025-12-25T09:29:21.681813,1091.819,392,Pinky,motor_9_open,51.0,34.75,0,31.0,30.0,29.0,30.0,30.0,28.0,30.0,30.0,29.0,31.0,32.0,51.0,47.0,42.0,44.0,42.0
2025-12-25T09:29:22.577770,1092.718,393,Thumb,motor_13_flexed,51.0,34.5625,0,31.0,30.0,29.0,30.0,30.0,28.0,30.0,29.0,29.0,31.0,32.0,51.0,47.0,42.0,43.0,41.0
2025-12-25T09:29:24.465682,1094.599,393,Thumb,motor_13_open,51.0,34.625,0,31.0,30.0,29.0,30.0,30.0,28.0,30.0,29.0,29.0,31.0,32.0,51.0,47.0,42.0,44.0,41.0
2025-12-25T09:29:25.361637,1095.5,394,Thumb,motor_14_flexed,51.0,34.625,0,31.0,30.0,29.0,30.0,30.0,28.0,30.0,29.0,29.0,31.0,32.0,51.0,47.0,42.0,44.0,41.0
2025-12-25T09:29:27.249541,1097.389,394,Thumb,motor_14_open,51.0,34.5625,0,31.0,30.0,29.0,30.0,30.0,28.0,30.0,29.0,29.0,31.0,32.0,51.0,47.0,42.0,43.0,41.0
2025-12-25T09:29:28.145483,1098.285,395,Thumb,motor_12_flexed,51.0,34.6875,0,31.0,30.0,29.0,30.0,30.0,28.0,30.0,30.0,29.0,31.0,32.0,51.0,47.0,42.0,43.0,42.0
2025-12-25T09:29:30.033386,1100.173,395,Thumb,motor_12_open,51.0,34.5625,0,31.0,30.0,29.0,30.0,30.0,28.0,30.0,29.0,29.0,31.0,32.0,51.0,47.0,42.0,43.0,41.0
2025-12-25T09:29:30.929337,1101.068,396,Index,motor_2_flexed,51.0,34.6875,0,31.0,30.0,29.0,30.0,30.0,28.0,30.0,30.0,29.0,31.0,32.0,51.0,47.0,42.0,43.0,42.0
2025-12-25T09:29:32.817236,1102.956,396,Index,motor_2_open,51.0,34.5625,0,31.0,30.0,29.0,30.0,30.0,28.0,30.0,29.0,29.0,31.0,32.0,51.0,47.0,42.0,43.0,41.0
2025-12-25T09:29:33.713188,1103.852,397,Index,motor_1_flexed,51.0,34.5625,0,31.0,30.0,29.0,30.0,30.0,28.0,30.0,29.0,29.0,31.0,32.0,51.0,47.0,42.0,43.0,41.0
2025-12-25T09:29:35.601086,1105.741,397,Index,motor_1_open,51.0,34.625,0,31.0,30.0,29.0,30.0,30.0,28.0,30.0,29.0,29.0,31.0,32.0,51.0,47.0,42.0,43.0,42.0
2025-12-25T09:29:36.497042,1106.638,398,Index,motor_3_flexed,51.0,34.5625,0,31.0,30.0,29.0,30.0,30.0,28.0,30.0,29.0,29.0,31.0,32.0,51.0,47.0,42.0,43.0,41.0
2025-12-25T09:29:38.384912,1108.524,398,Index,motor_3_open,51.0,34.5625,0,31.0,30.0,29.0,30.0,30.0,28.0,30.0,29.0,29.0,31.0,32.0,51.0,47.0,42.0,43.0,41.0
2025-12-25T09:29:39.280866,1109.419,399,Middle,motor_11_flexed,51.0,34.5625,0,31.0,30.0,29.0,30.0,30.0,28.0,30.0,29.0,29.0,31.0,32.0,51.0,47.0,42.0,43.0,41.0
2025-12-25T09:29:41.168774,1111.308,399,Middle,motor_11_open,51.0,34.5625,0,31.0,30.0,29.0,30.0,30.0,28.0,30.0,29.0,29.0,31.0,32.0,51.0,47.0,42.0,43.0,41.0
2025-12-25T09:29:42.064713,1112.206,400,Middle,motor_10_flexed,51.0,34.5625,0,31.0,30.0,29.0,30.0,30.0,28.0,30.0,29.0,29.0,31.0,32.0,51.0,47.0,42.0,43.0,41.0
2025-12-25T09:29:43.952611,1114.089,400,Middle,motor_10_open,51.0,34.6875,0,31.0,30.0,29.0,30.0,30.0,28.0,30.0,29.0,29.0,31.0,32.0,51.0,48.0,42.0,44.0,41.0
2025-12-25T09:29:44.848567,1114.987,401,Ring,motor_4_flexed,51.0,34.625,0,31.0,30.0,29.0,30.0,30.0,28.0,30.0,29.0,29.0,31.0,32.0,51.0,48.0,42.0,43.0,41.0
2025-12-25T09:29:46.736461,1116.875,401,Ring,motor_4_open,51.0,34.6875,0,31.0,30.0,29.0,30.0,30.0,28.0,30.0,29.0,29.0,31.0,32.0,51.0,48.0,42.0,43.0,42.0
2025-12-25T09:29:47.632416,1117.768,402,Ring,motor_5_flexed,51.0,34.5625,0,31.0,30.0,29.0,30.0,30.0,28.0,30.0,29.0,29.0,31.0,32.0,51.0,47.0,42.0,43.0,41.0
2025-12-25T09:29:49.520314,1119.658,402,Ring,motor_5_open,51.0,34.625,0,31.0,30.0,29.0,30.0,30.0,28.0,30.0,29.0,29.0,31.0,32.0,51.0,47.0,42.0,43.0,42.0
2025-12-25T09:29:50.416276,1120.556,403,Ring,motor_6_flexed,51.0,34.6875,0,31.0,30.0,29.0,30.0,30.0,28.0,30.0,29.0,29.0,31.0,32.0,51.0,47.0,42.0,44.0,42.0
2025-12-25T09:29:52.304165,1122.446,403,Ring,motor_6_open,51.0,34.6875,0,31.0,30.0,29.0,30.0,30.0,28.0,30.0,29.0,29.0,31.0,32.0,51.0,47.0,42.0,44.0,42.0
2025-12-25T09:29:53.200103,1123.339,404,Pinky,motor_7_flexed,51.0,34.625,0,31.0,30.0,29.0,30.0,30.0,28.0,30.0,29.0,29.0,31.0,32.0,51.0,47.0,42.0,44.0,41.0
2025-12-25T09:29:55.088026,1125.227,404,Pinky,motor_7_open,51.0,34.5625,0,31.0,30.0,29.0,30.0,30.0,28.0,30.0,29.0,29.0,31.0,32.0,51.0,47.0,42.0,43.0,41.0
2025-12-25T09:29:55.983964,1126.124,405,Pinky,motor_8_flexed,51.0,34.6875,0,31.0,30.0,29.0,30.0,30.0,28.0,30.0,29.0,29.0,31.0,32.0,51.0,47.0,42.0,44.0,42.0
2025-12-25T09:29:57.871862,1128.011,405,Pinky,motor_8_open,51.0,34.625,0,31.0,30.0,29.0,30.0,30.0,28.0,30.0,29.0,29.0,31.0,32.0,51.0,47.0,42.0,44.0,41.0
2025-12-25T09:29:58.767813,1128.908,406,Pinky,motor_9_flexed,51.0,34.625,0,31.0,30.0,29.0,30.0,30.0,28.0,30.0,29.0,29.0,31.0,32.0,51.0,47.0,42.0,44.0,41.0
2025-12-25T09:30:00.655712,1130.796,406,Pinky,motor_9_open,51.0,34.6875,0,31.0,30.0,29.0,30.0,30.0,28.0,30.0,30.0,29.0,31.0,32.0,51.0,47.0,42.0,43.0,42.0
2025-12-25T09:30:01.551671,1131.691,407,Thumb,motor_13_flexed,51.0,34.6875,0,31.0,30.0,29.0,30.0,30.0,28.0,30.0,30.0,29.0,31.0,32.0,51.0,47.0,42.0,44.0,41.0
2025-12-25T09:30:03.439560,1133.58,407,Thumb,motor_13_open,51.0,34.625,0,31.0,30.0,29.0,30.0,30.0,28.0,30.0,30.0,29.0,31.0,32.0,51.0,47.0,42.0,43.0,41.0
2025-12-25T09:30:04.335528,1134.476,408,Thumb,motor_14_flexed,51.0,34.6875,0,31.0,30.0,29.0,30.0,30.0,28.0,30.0,30.0,29.0,31.0,32.0,51.0,47.0,42.0,44.0,41.0
2025-12-25T09:30:06.223411,1136.362,408,Thumb,motor_14_open,51.0,34.625,0,31.0,30.0,29.0,30.0,30.0,28.0,30.0,30.0,29.0,31.0,32.0,51.0,47.0,42.0,43.0,41.0
2025-12-25T09:30:07.119361,1137.259,409,Thumb,motor_12_flexed,51.0,34.6875,0,31.0,30.0,29.0,30.0,30.0,28.0,30.0,30.0,29.0,31.0,32.0,51.0,47.0,42.0,44.0,41.0
2025-12-25T09:30:09.007260,1139.147,409,Thumb,motor_12_open,51.0,34.6875,0,31.0,30.0,29.0,30.0,30.0,28.0,30.0,30.0,29.0,31.0,32.0,51.0,47.0,42.0,43.0,42.0
2025-12-25T09:30:09.903212,1140.043,410,Index,motor_2_flexed,51.0,34.75,0,31.0,30.0,29.0,30.0,30.0,28.0,30.0,30.0,29.0,31.0,32.0,51.0,47.0,42.0,44.0,42.0
2025-12-25T09:30:11.791109,1141.928,410,Index,motor_2_open,51.0,34.5625,0,31.0,30.0,29.0,30.0,30.0,28.0,30.0,30.0,29.0,31.0,32.0,51.0,47.0,42.0,43.0,40.0
2025-12-25T09:30:12.687063,1142.822,411,Index,motor_1_flexed,51.0,34.625,0,31.0,30.0,29.0,30.0,30.0,28.0,30.0,29.0,29.0,31.0,32.0,51.0,47.0,42.0,44.0,41.0
2025-12-25T09:30:14.574949,1144.713,411,Index,motor_1_open,51.0,34.625,0,31.0,30.0,29.0,30.0,30.0,28.0,30.0,29.0,29.0,31.0,32.0,51.0,47.0,42.0,44.0,41.0
2025-12-25T09:30:15.470901,1145.609,412,Index,motor_3_flexed,51.0,34.5625,0,31.0,30.0,29.0,30.0,30.0,28.0,30.0,29.0,29.0,31.0,32.0,51.0,47.0,42.0,43.0,41.0
2025-12-25T09:30:17.358812,1147.495,412,Index,motor_3_open,51.0,34.625,0,31.0,30.0,29.0,30.0,30.0,28.0,30.0,30.0,29.0,31.0,32.0,51.0,47.0,42.0,43.0,41.0
2025-12-25T09:30:18.254766,1148.39,413,Middle,motor_11_flexed,51.0,34.5625,0,31.0,30.0,29.0,30.0,30.0,28.0,30.0,29.0,29.0,31.0,32.0,51.0,47.0,42.0,43.0,41.0
2025-12-25T09:30:20.142674,1150.281,413,Middle,motor_11_open,51.0,34.625,0,31.0,30.0,29.0,30.0,30.0,28.0,30.0,29.0,29.0,31.0,32.0,51.0,47.0,42.0,44.0,41.0
2025-12-25T09:30:21.038615,1151.178,414,Middle,motor_10_flexed,51.0,34.5625,0,31.0,30.0,29.0,30.0,30.0,28.0,30.0,29.0,29.0,31.0,32.0,51.0,47.0,42.0,43.0,41.0
2025-12-25T09:30:22.926528,1153.064,414,Middle,motor_10_open,51.0,34.625,0,31.0,30.0,29.0,30.0,30.0,28.0,30.0,29.0,29.0,31.0,32.0,51.0,47.0,42.0,44.0,41.0
2025-12-25T09:30:23.822490,1153.96,415,Ring,motor_4_flexed,51.0,34.6875,0,31.0,30.0,29.0,30.0,30.0,28.0,30.0,30.0,29.0,31.0,32.0,51.0,47.0,42.0,44.0,41.0
2025-12-25T09:30:25.710374,1155.848,415,Ring,motor_4_open,51.0,34.6875,0,31.0,30.0,29.0,30.0,30.0,28.0,30.0,29.0,29.0,31.0,32.0,51.0,47.0,42.0,43.0,43.0
2025-12-25T09:30:26.606313,1156.745,416,Ring,motor_5_flexed,51.0,34.6875,0,31.0,30.0,29.0,30.0,30.0,28.0,30.0,29.0,29.0,31.0,32.0,51.0,47.0,42.0,44.0,42.0
2025-12-25T09:30:28.494223,1158.636,416,Ring,motor_5_open,51.0,34.625,0,31.0,30.0,29.0,30.0,30.0,28.0,30.0,29.0,29.0,31.0,32.0,51.0,47.0,42.0,44.0,41.0
2025-12-25T09:30:29.390167,1159.529,417,Ring,motor_6_flexed,51.0,34.625,0,31.0,30.0,29.0,30.0,30.0,28.0,30.0,29.0,29.0,31.0,32.0,51.0,47.0,42.0,44.0,41.0
2025-12-25T09:30:31.278065,1161.416,417,Ring,motor_6_open,51.0,34.5625,0,31.0,30.0,29.0,30.0,30.0,28.0,30.0,29.0,29.0,31.0,32.0,51.0,47.0,42.0,43.0,41.0
2025-12-25T09:30:32.174027,1162.314,418,Pinky,motor_7_flexed,51.0,34.5625,0,31.0,30.0,29.0,30.0,30.0,28.0,30.0,29.0,29.0,31.0,32.0,51.0,47.0,42.0,43.0,41.0
2025-12-25T09:30:34.061910,1164.201,418,Pinky,motor_7_open,51.0,34.6875,0,31.0,30.0,29.0,30.0,30.0,28.0,30.0,29.0,29.0,31.0,32.0,51.0,47.0,42.0,44.0,42.0
2025-12-25T09:30:34.957862,1165.096,419,Pinky,motor_8_flexed,51.0,34.5625,0,31.0,30.0,29.0,30.0,30.0,28.0,30.0,29.0,29.0,31.0,32.0,51.0,47.0,42.0,43.0,41.0
2025-12-25T09:30:36.845756,1166.984,419,Pinky,motor_8_open,51.0,34.625,0,31.0,30.0,29.0,30.0,30.0,28.0,30.0,29.0,29.0,31.0,32.0,51.0,47.0,42.0,44.0,41.0
2025-12-25T09:30:37.741708,1167.882,420,Pinky,motor_9_flexed,51.0,34.75,0,31.0,30.0,29.0,30.0,30.0,28.0,30.0,30.0,29.0,31.0,32.0,51.0,47.0,42.0,44.0,42.0
2025-12-25T09:30:39.629641,1169.767,420,Pinky,motor_9_open,51.0,34.75,0,31.0,30.0,29.0,30.0,30.0,28.0,30.0,30.0,29.0,31.0,32.0,51.0,47.0,42.0,44.0,42.0
2025-12-25T09:30:40.525591,1170.667,421,Thumb,motor_13_flexed,51.0,34.6875,0,31.0,30.0,29.0,30.0,30.0,28.0,30.0,30.0,29.0,31.0,32.0,51.0,47.0,42.0,43.0,42.0
2025-12-25T09:30:42.413486,1172.551,421,Thumb,motor_13_open,51.0,34.75,0,31.0,30.0,29.0,30.0,30.0,28.0,30.0,30.0,29.0,31.0,32.0,51.0,47.0,42.0,44.0,42.0
2025-12-25T09:30:43.309441,1173.447,422,Thumb,motor_14_flexed,51.0,34.625,0,31.0,30.0,29.0,30.0,30.0,28.0,30.0,30.0,29.0,31.0,32.0,51.0,47.0,42.0,43.0,41.0
2025-12-25T09:30:45.197339,1175.336,422,Thumb,motor_14_open,51.0,34.625,0,31.0,30.0,29.0,30.0,30.0,28.0,30.0,30.0,29.0,31.0,32.0,51.0,47.0,42.0,43.0,41.0
2025-12-25T09:30:46.093288,1176.23,423,Thumb,motor_12_flexed,51.0,34.6875,0,31.0,30.0,29.0,30.0,30.0,28.0,30.0,30.0,29.0,31.0,32.0,51.0,47.0,42.0,44.0,41.0
2025-12-25T09:30:47.981187,1178.12,423,Thumb,motor_12_open,51.0,34.6875,0,31.0,30.0,29.0,30.0,30.0,28.0,30.0,30.0,29.0,31.0,32.0,51.0,47.0,42.0,44.0,41.0
2025-12-25T09:30:48.877141,1179.015,424,Index,motor_2_flexed,51.0,34.6875,0,31.0,30.0,29.0,30.0,30.0,28.0,30.0,30.0,29.0,31.0,32.0,51.0,47.0,42.0,43.0,42.0
2025-12-25T09:30:50.765023,1180.903,424,Index,motor_2_open,51.0,34.625,0,31.0,30.0,29.0,30.0,30.0,28.0,30.0,29.0,29.0,31.0,32.0,51.0,47.0,42.0,44.0,41.0
2025-12-25T09:30:51.660978,1181.802,425,Index,motor_1_flexed,51.0,34.5625,0,31.0,30.0,29.0,30.0,30.0,28.0,30.0,29.0,29.0,31.0,32.0,51.0,47.0,42.0,43.0,41.0
2025-12-25T09:30:53.564872,1183.704,425,Index,motor_1_open,51.0,34.6875,0,31.0,30.0,29.0,30.0,30.0,28.0,30.0,30.0,29.0,31.0,32.0,51.0,47.0,42.0,43.0,42.0
2025-12-25T09:30:54.460826,1184.599,426,Index,motor_3_flexed,51.0,34.6875,0,31.0,30.0,29.0,30.0,30.0,28.0,30.0,30.0,29.0,31.0,32.0,51.0,47.0,42.0,43.0,42.0
2025-12-25T09:30:56.348735,1186.488,426,Index,motor_3_open,51.0,34.5625,0,31.0,30.0,29.0,30.0,30.0,28.0,30.0,29.0,29.0,31.0,32.0,51.0,47.0,42.0,43.0,41.0
2025-12-25T09:30:57.244683,1187.385,427,Middle,motor_11_flexed,51.0,34.6875,0,31.0,30.0,29.0,30.0,30.0,28.0,30.0,30.0,29.0,31.0,32.0,51.0,47.0,42.0,44.0,41.0
2025-12-25T09:30:59.132574,1189.272,427,Middle,motor_11_open,51.0,34.5625,0,31.0,30.0,29.0,30.0,30.0,28.0,30.0,29.0,29.0,31.0,32.0,51.0,47.0,42.0,43.0,41.0
2025-12-25T09:31:00.028526,1190.166,428,Middle,motor_10_flexed,51.0,34.625,0,31.0,30.0,29.0,30.0,30.0,28.0,30.0,30.0,29.0,31.0,32.0,51.0,47.0,42.0,43.0,41.0
2025-12-25T09:31:01.916428,1192.056,428,Middle,motor_10_open,51.0,34.6875,0,31.0,30.0,29.0,30.0,30.0,28.0,30.0,30.0,29.0,31.0,32.0,51.0,47.0,42.0,44.0,41.0
2025-12-25T09:31:02.812375,1192.952,429,Ring,motor_4_flexed,51.0,34.625,0,31.0,30.0,29.0,30.0,30.0,28.0,30.0,29.0,29.0,31.0,32.0,51.0,47.0,42.0,44.0,41.0
2025-12-25T09:31:04.700258,1194.84,429,Ring,motor_4_open,51.0,34.625,0,31.0,30.0,29.0,30.0,30.0,28.0,30.0,29.0,29.0,31.0,32.0,51.0,47.0,42.0,43.0,42.0
2025-12-25T09:31:05.596216,1195.735,430,Ring,motor_5_flexed,51.0,34.625,0,31.0,30.0,29.0,30.0,30.0,28.0,30.0,30.0,29.0,31.0,32.0,51.0,47.0,42.0,43.0,41.0
2025-12-25T09:31:07.484125,1197.624,430,Ring,motor_5_open,51.0,34.75,0,31.0,30.0,29.0,30.0,30.0,28.0,30.0,30.0,29.0,31.0,32.0,51.0,47.0,42.0,44.0,42.0
2025-12-25T09:31:08.380072,1198.52,431,Ring,motor_6_flexed,51.0,34.625,0,31.0,30.0,29.0,30.0,30.0,28.0,30.0,29.0,29.0,31.0,32.0,51.0,47.0,42.0,44.0,41.0
2025-12-25T09:31:09.963976,1200.106,431,Ring,motor_6_flex_hold,51.0,34.625,0,31.0,30.0,29.0,30.0,30.0,28.0,30.0,29.0,29.0,31.0,32.0,51.0,47.0,42.0,44.0,41.0
2025-12-25T09:31:10.363970,1200.506,431,Ring,motor_6_open,51.0,34.625,0,31.0,30.0,29.0,30.0,30.0,28.0,30.0,29.0,29.0,31.0,32.0,51.0,47.0,42.0,44.0,41.0
2025-12-25T09:31:11.259938,1201.399,432,Pinky,motor_7_flexed,51.0,34.625,0,31.0,30.0,29.0,30.0,30.0,28.0,30.0,29.0,29.0,31.0,32.0,51.0,47.0,42.0,44.0,41.0
2025-12-25T09:31:13.147821,1203.286,432,Pinky,motor_7_open,51.0,34.6875,0,31.0,30.0,29.0,30.0,30.0,28.0,30.0,30.0,29.0,31.0,32.0,51.0,47.0,42.0,44.0,41.0
2025-12-25T09:31:14.043768,1204.181,433,Pinky,motor_8_flexed,51.0,34.625,0,31.0,30.0,29.0,30.0,30.0,28.0,30.0,29.0,29.0,31.0,32.0,51.0,47.0,42.0,44.0,41.0
2025-12-25T09:31:15.931667,1206.071,433,Pinky,motor_8_open,51.0,34.6875,0,31.0,30.0,29.0,30.0,30.0,28.0,30.0,29.0,29.0,31.0,32.0,51.0,47.0,42.0,44.0,42.0
2025-12-25T09:31:16.827619,1206.966,434,Pinky,motor_9_flexed,51.0,34.625,0,31.0,30.0,29.0,30.0,30.0,28.0,30.0,30.0,29.0,31.0,32.0,51.0,47.0,42.0,43.0,41.0
2025-12-25T09:31:18.715515,1208.851,434,Pinky,motor_9_open,51.0,34.625,0,31.0,30.0,29.0,30.0,30.0,28.0,30.0,30.0,29.0,31.0,32.0,51.0,47.0,42.0,43.0,41.0
2025-12-25T09:31:19.611469,1209.749,435,Thumb,motor_13_flexed,51.0,34.6875,0,31.0,30.0,29.0,30.0,30.0,28.0,30.0,30.0,29.0,31.0,32.0,51.0,47.0,42.0,44.0,41.0
2025-12-25T09:31:21.499366,1211.637,435,Thumb,motor_13_open,51.0,34.6875,0,31.0,30.0,29.0,30.0,30.0,28.0,30.0,30.0,29.0,31.0,32.0,51.0,47.0,42.0,44.0,41.0
2025-12-25T09:31:22.395316,1212.535,436,Thumb,motor_14_flexed,51.0,34.6875,0,31.0,30.0,29.0,30.0,30.0,28.0,30.0,30.0,29.0,31.0,32.0,51.0,47.0,42.0,44.0,41.0
2025-12-25T09:31:24.283214,1214.422,436,Thumb,motor_14_open,51.0,34.6875,0,31.0,30.0,29.0,30.0,30.0,28.0,30.0,30.0,29.0,31.0,32.0,51.0,47.0,42.0,44.0,41.0
2025-12-25T09:31:25.179166,1215.317,437,Thumb,motor_12_flexed,51.0,34.625,0,31.0,30.0,29.0,30.0,30.0,28.0,30.0,30.0,29.0,31.0,32.0,51.0,47.0,42.0,43.0,41.0
2025-12-25T09:31:27.067064,1217.206,437,Thumb,motor_12_open,51.0,34.6875,0,31.0,30.0,29.0,30.0,30.0,28.0,30.0,30.0,29.0,31.0,32.0,51.0,47.0,42.0,44.0,41.0
2025-12-25T09:31:27.962993,1218.102,438,Index,motor_2_flexed,51.0,34.6875,0,31.0,30.0,29.0,30.0,30.0,28.0,30.0,30.0,29.0,31.0,32.0,51.0,47.0,42.0,44.0,41.0
2025-12-25T09:31:29.850912,1219.99,438,Index,motor_2_open,51.0,34.6875,0,31.0,30.0,29.0,30.0,30.0,28.0,30.0,30.0,29.0,31.0,32.0,51.0,47.0,42.0,43.0,42.0
2025-12-25T09:31:30.746871,1220.884,439,Index,motor_1_flexed,51.0,34.75,0,31.0,30.0,29.0,30.0,30.0,28.0,30.0,30.0,29.0,31.0,32.0,51.0,47.0,42.0,44.0,42.0
2025-12-25T09:31:32.634748,1222.773,439,Index,motor_1_open,51.0,34.625,0,31.0,30.0,29.0,30.0,30.0,28.0,30.0,29.0,29.0,31.0,32.0,51.0,47.0,42.0,43.0,42.0
2025-12-25T09:31:33.530700,1223.67,440,Index,motor_3_flexed,51.0,34.625,0,31.0,30.0,29.0,30.0,30.0,28.0,30.0,29.0,29.0,31.0,32.0,51.0,47.0,42.0,43.0,42.0
2025-12-25T09:31:35.418588,1225.555,440,Index,motor_3_open,51.0,34.6875,0,31.0,30.0,29.0,30.0,30.0,28.0,30.0,30.0,29.0,31.0,32.0,51.0,47.0,42.0,44.0,41.0
2025-12-25T09:31:36.314568,1226.453,441,Middle,motor_11_flexed,51.0,34.6875,0,31.0,30.0,29.0,30.0,30.0,28.0,30.0,30.0,29.0,31.0,32.0,51.0,47.0,42.0,43.0,42.0
2025-12-25T09:31:38.202482,1228.339,441,Middle,motor_11_open,51.0,34.4375,0,31.0,30.0,29.0,30.0,30.0,28.0,30.0,29.0,29.0,31.0,32.0,51.0,47.0,42.0,43.0,39.0
2025-12-25T09:31:39.098430,1229.236,442,Middle,motor_10_flexed,51.0,34.6875,0,31.0,30.0,29.0,30.0,30.0,28.0,30.0,30.0,29.0,31.0,32.0,51.0,47.0,42.0,44.0,41.0
2025-12-25T09:31:40.986315,1231.124,442,Middle,motor_10_open,51.0,34.4375,0,31.0,30.0,29.0,30.0,30.0,28.0,30.0,29.0,29.0,31.0,32.0,51.0,47.0,42.0,43.0,39.0
2025-12-25T09:31:41.882266,1232.02,443,Ring,motor_4_flexed,51.0,34.625,0,31.0,30.0,29.0,30.0,30.0,28.0,30.0,29.0,29.0,31.0,32.0,51.0,47.0,42.0,44.0,41.0
2025-12-25T09:31:43.770163,1233.907,443,Ring,motor_4_open,51.0,34.5625,0,31.0,30.0,29.0,30.0,30.0,28.0,30.0,29.0,29.0,31.0,32.0,51.0,47.0,42.0,43.0,41.0
2025-12-25T09:31:44.666114,1234.804,444,Ring,motor_5_flexed,50.0,34.5,0,31.0,30.0,29.0,30.0,30.0,28.0,30.0,29.0,29.0,31.0,32.0,50.0,47.0,42.0,43.0,41.0
2025-12-25T09:31:46.554016,1236.694,444,Ring,motor_5_open,50.0,34.625,0,31.0,30.0,29.0,30.0,30.0,28.0,30.0,29.0,29.0,31.0,32.0,50.0,47.0,42.0,44.0,42.0
2025-12-25T09:31:47.449966,1237.588,445,Ring,motor_6_flexed,50.0,34.625,0,31.0,30.0,29.0,30.0,30.0,28.0,30.0,29.0,29.0,31.0,32.0,50.0,47.0,42.0,44.0,42.0
2025-12-25T09:31:49.337867,1239.476,445,Ring,motor_6_open,50.0,34.5625,0,31.0,30.0,29.0,30.0,30.0,28.0,30.0,29.0,29.0,31.0,32.0,50.0,47.0,42.0,44.0,41.0
2025-12-25T09:31:50.233806,1240.371,446,Pinky,motor_7_flexed,50.0,34.5625,0,31.0,30.0,29.0,30.0,30.0,28.0,30.0,29.0,29.0,31.0,32.0,50.0,47.0,42.0,44.0,41.0
2025-12-25T09:31:52.121719,1242.261,446,Pinky,motor_7_open,50.0,34.5625,0,31.0,30.0,29.0,30.0,30.0,28.0,30.0,29.0,29.0,31.0,32.0,50.0,47.0,42.0,44.0,41.0
2025-12-25T09:31:53.017651,1243.156,447,Pinky,motor_8_flexed,50.0,34.5625,0,31.0,30.0,29.0,30.0,30.0,28.0,30.0,29.0,29.0,31.0,32.0,50.0,47.0,42.0,43.0,42.0
2025-12-25T09:31:54.905558,1245.042,447,Pinky,motor_8_open,50.0,34.625,0,31.0,30.0,29.0,30.0,30.0,28.0,30.0,30.0,29.0,31.0,32.0,50.0,47.0,42.0,44.0,41.0
2025-12-25T09:31:55.801501,1245.938,448,Pinky,motor_9_flexed,50.0,34.5,0,31.0,30.0,29.0,30.0,30.0,28.0,30.0,29.0,29.0,31.0,32.0,50.0,47.0,42.0,43.0,41.0
2025-12-25T09:31:57.689384,1247.827,448,Pinky,motor_9_open,50.0,34.625,0,31.0,30.0,29.0,30.0,30.0,28.0,30.0,30.0,29.0,31.0,32.0,50.0,47.0,42.0,44.0,41.0
2025-12-25T09:31:58.585356,1248.722,449,Thumb,motor_13_flexed,50.0,34.6875,0,31.0,30.0,29.0,30.0,30.0,28.0,30.0,30.0,29.0,31.0,32.0,50.0,47.0,42.0,44.0,42.0
2025-12-25T09:32:00.473250,1250.611,449,Thumb,motor_13_open,50.0,34.625,0,31.0,30.0,29.0,30.0,30.0,28.0,30.0,30.0,29.0,31.0,32.0,50.0,47.0,42.0,44.0,41.0
2025-12-25T09:32:01.369205,1251.506,450,Thumb,motor_14_flexed,50.0,34.625,0,31.0,30.0,29.0,30.0,30.0,28.0,30.0,30.0,29.0,31.0,32.0,50.0,47.0,42.0,44.0,41.0
2025-12-25T09:32:03.257083,1253.394,450,Thumb,motor_14_open,50.0,34.625,0,31.0,30.0,29.0,30.0,30.0,28.0,30.0,30.0,29.0,31.0,32.0,50.0,47.0,42.0,44.0,41.0
2025-12-25T09:32:04.153063,1254.291,451,Thumb,motor_12_flexed,50.0,34.625,0,31.0,30.0,29.0,30.0,30.0,28.0,30.0,30.0,29.0,31.0,32.0,50.0,47.0,42.0,44.0,41.0
2025-12-25T09:32:06.040954,1256.178,451,Thumb,motor_12_open,50.0,34.625,0,31.0,30.0,29.0,30.0,30.0,28.0,30.0,30.0,29.0,31.0,32.0,50.0,47.0,42.0,44.0,41.0
2025-12-25T09:32:06.936885,1257.074,452,Index,motor_2_flexed,50.0,34.625,0,31.0,30.0,29.0,30.0,30.0,28.0,30.0,30.0,29.0,31.0,32.0,50.0,47.0,42.0,43.0,42.0
2025-12-25T09:32:08.824793,1258.963,452,Index,motor_2_open,50.0,34.5625,0,31.0,30.0,29.0,30.0,30.0,28.0,30.0,29.0,29.0,31.0,32.0,50.0,47.0,42.0,44.0,41.0
2025-12-25T09:32:09.720746,1259.861,453,Index,motor_1_flexed,50.0,34.6875,0,31.0,30.0,29.0,30.0,30.0,28.0,30.0,30.0,29.0,31.0,32.0,50.0,47.0,42.0,44.0,42.0
2025-12-25T09:32:10.808686,1260.947,453,Index,motor_1_flex_hold,50.0,34.5625,0,31.0,30.0,29.0,30.0,30.0,28.0,30.0,30.0,29.0,31.0,32.0,50.0,47.0,42.0,43.0,41.0
2025-12-25T09:32:11.608644,1261.746,453,Index,motor_1_open,50.0,34.6875,0,31.0,30.0,29.0,30.0,30.0,28.0,30.0,29.0,29.0,31.0,32.0,50.0,47.0,42.0,44.0,43.0
2025-12-25T09:32:12.504576,1262.64,454,Index,motor_3_flexed,50.0,34.625,0,31.0,30.0,29.0,30.0,30.0,28.0,30.0,30.0,29.0,31.0,32.0,50.0,47.0,42.0,44.0,41.0
2025-12-25T09:32:14.392494,1264.532,454,Index,motor_3_open,50.0,34.625,0,31.0,30.0,29.0,30.0,30.0,28.0,30.0,30.0,29.0,31.0,32.0,50.0,47.0,42.0,44.0,41.0
2025-12-25T09:32:15.288433,1265.428,455,Middle,motor_11_flexed,50.0,34.625,0,31.0,30.0,29.0,30.0,30.0,28.0,30.0,30.0,29.0,31.0,32.0,50.0,47.0,42.0,44.0,41.0
2025-12-25T09:32:17.176342,1267.314,455,Middle,motor_11_open,50.0,34.5625,0,31.0,30.0,29.0,30.0,30.0,28.0,30.0,29.0,29.0,31.0,32.0,50.0,47.0,42.0,44.0,41.0
2025-12-25T09:32:18.072305,1268.21,456,Middle,motor_10_flexed,50.0,34.5,0,31.0,30.0,29.0,30.0,30.0,28.0,30.0,29.0,29.0,31.0,32.0,50.0,47.0,42.0,43.0,41.0
2025-12-25T09:32:19.960184,1270.097,456,Middle,motor_10_open,50.0,34.5625,0,31.0,30.0,29.0,30.0,30.0,28.0,30.0,30.0,29.0,31.0,32.0,50.0,47.0,42.0,43.0,41.0
2025-12-25T09:32:20.856145,1270.993,457,Ring,motor_4_flexed,50.0,34.5,0,31.0,30.0,29.0,30.0,30.0,28.0,30.0,29.0,29.0,31.0,32.0,50.0,47.0,42.0,43.0,41.0
2025-12-25T09:32:22.744056,1272.882,457,Ring,motor_4_open,50.0,34.6875,0,31.0,30.0,29.0,30.0,30.0,28.0,30.0,30.0,29.0,31.0,32.0,50.0,47.0,42.0,44.0,42.0
2025-12-25T09:32:23.639992,1273.778,458,Ring,motor_5_flexed,50.0,34.625,0,31.0,30.0,29.0,30.0,30.0,28.0,30.0,29.0,29.0,31.0,32.0,50.0,47.0,42.0,44.0,42.0
2025-12-25T09:32:25.527888,1275.664,458,Ring,motor_5_open,50.0,34.5,0,31.0,30.0,29.0,30.0,30.0,28.0,30.0,29.0,29.0,31.0,32.0,50.0,47.0,42.0,43.0,41.0
2025-12-25T09:32:26.423838,1276.562,459,Ring,motor_6_flexed,50.0,34.5625,0,31.0,30.0,29.0,30.0,30.0,28.0,30.0,29.0,29.0,31.0,32.0,50.0,47.0,42.0,44.0,41.0
2025-12-25T09:32:28.311734,1278.451,459,Ring,motor_6_open,50.0,34.5,0,31.0,30.0,29.0,30.0,30.0,28.0,30.0,29.0,29.0,31.0,32.0,50.0,47.0,42.0,43.0,41.0
2025-12-25T09:32:29.207682,1279.345,460,Pinky,motor_7_flexed,50.0,34.5625,0,31.0,30.0,29.0,30.0,30.0,28.0,30.0,29.0,29.0,31.0,32.0,50.0,47.0,42.0,44.0,41.0
2025-12-25T09:32:31.095576,1281.233,460,Pinky,motor_7_open,50.0,34.5625,0,31.0,30.0,29.0,30.0,30.0,28.0,30.0,29.0,29.0,31.0,32.0,50.0,47.0,42.0,43.0,42.0
2025-12-25T09:32:31.991545,1282.128,461,Pinky,motor_8_flexed,50.0,34.6875,0,31.0,30.0,29.0,30.0,30.0,28.0,30.0,30.0,29.0,31.0,32.0,50.0,47.0,42.0,44.0,42.0
2025-12-25T09:32:33.879423,1284.018,461,Pinky,motor_8_open,50.0,34.625,0,31.0,30.0,29.0,30.0,30.0,28.0,30.0,29.0,29.0,31.0,32.0,50.0,47.0,42.0,44.0,42.0
2025-12-25T09:32:34.775370,1284.913,462,Pinky,motor_9_flexed,50.0,34.5,0,31.0,30.0,29.0,30.0,30.0,28.0,30.0,29.0,29.0,31.0,32.0,50.0,47.0,42.0,43.0,41.0
2025-12-25T09:32:36.663267,1286.799,462,Pinky,motor_9_open,50.0,34.6875,0,31.0,30.0,29.0,30.0,30.0,28.0,30.0,30.0,29.0,31.0,32.0,50.0,47.0,42.0,44.0,42.0
2025-12-25T09:32:37.559217,1287.698,463,Thumb,motor_13_flexed,50.0,34.625,0,31.0,30.0,29.0,30.0,30.0,28.0,30.0,30.0,29.0,31.0,32.0,50.0,47.0,42.0,43.0,42.0
2025-12-25T09:32:39.447112,1289.586,463,Thumb,motor_13_open,50.0,34.625,0,31.0,30.0,29.0,30.0,30.0,28.0,30.0,30.0,29.0,31.0,32.0,50.0,47.0,42.0,44.0,41.0
2025-12-25T09:32:40.343061,1290.48,464,Thumb,motor_14_flexed,50.0,34.625,0,31.0,30.0,29.0,30.0,30.0,28.0,30.0,30.0,29.0,31.0,32.0,50.0,47.0,42.0,44.0,41.0
2025-12-25T09:32:42.230949,1292.369,464,Thumb,motor_14_open,50.0,34.6875,0,31.0,30.0,29.0,30.0,30.0,28.0,30.0,30.0,29.0,31.0,32.0,50.0,47.0,42.0,44.0,42.0
2025-12-25T09:32:43.126889,1293.265,465,Thumb,motor_12_flexed,50.0,34.5625,0,31.0,30.0,29.0,30.0,30.0,28.0,30.0,30.0,29.0,31.0,32.0,50.0,47.0,42.0,43.0,41.0
2025-12-25T09:32:45.014799,1295.154,465,Thumb,motor_12_open,50.0,34.625,0,31.0,30.0,29.0,30.0,30.0,28.0,30.0,30.0,29.0,31.0,32.0,50.0,47.0,42.0,43.0,42.0
2025-12-25T09:32:45.910753,1296.05,466,Index,motor_2_flexed,50.0,34.625,0,31.0,30.0,29.0,30.0,30.0,28.0,30.0,30.0,29.0,31.0,32.0,50.0,47.0,42.0,44.0,41.0
2025-12-25T09:32:47.798664,1297.937,466,Index,motor_2_open,50.0,34.625,0,31.0,30.0,29.0,30.0,30.0,28.0,30.0,30.0,29.0,31.0,32.0,50.0,47.0,42.0,44.0,41.0
2025-12-25T09:32:48.694615,1298.83,467,Index,motor_1_flexed,50.0,34.625,0,31.0,30.0,29.0,30.0,30.0,28.0,30.0,30.0,29.0,31.0,32.0,50.0,47.0,42.0,44.0,41.0
2025-12-25T09:32:50.582504,1300.72,467,Index,motor_1_open,50.0,34.5625,0,31.0,30.0,29.0,30.0,30.0,28.0,30.0,30.0,29.0,31.0,32.0,50.0,47.0,42.0,43.0,41.0
2025-12-25T09:32:51.478459,1301.615,468,Index,motor_3_flexed,50.0,34.625,0,31.0,30.0,29.0,30.0,30.0,28.0,30.0,29.0,29.0,31.0,32.0,50.0,47.0,42.0,44.0,42.0
2025-12-25T09:32:53.366354,1303.502,468,Index,motor_3_open,50.0,34.6875,0,31.0,30.0,29.0,30.0,30.0,28.0,30.0,30.0,29.0,31.0,32.0,50.0,47.0,42.0,44.0,42.0
2025-12-25T09:32:54.262307,1304.399,469,Middle,motor_11_flexed,50.0,34.5625,0,31.0,30.0,29.0,30.0,30.0,28.0,30.0,30.0,29.0,31.0,32.0,50.0,47.0,42.0,43.0,41.0
2025-12-25T09:32:56.150201,1306.288,469,Middle,motor_11_open,50.0,34.5625,0,31.0,30.0,29.0,30.0,30.0,28.0,30.0,29.0,29.0,31.0,32.0,50.0,47.0,42.0,43.0,42.0
2025-12-25T09:32:57.046150,1307.185,470,Middle,motor_10_flexed,50.0,34.6875,0,31.0,30.0,29.0,30.0,30.0,28.0,30.0,30.0,29.0,31.0,32.0,50.0,47.0,42.0,44.0,42.0
2025-12-25T09:32:58.934042,1309.072,470,Middle,motor_10_open,50.0,34.625,0,31.0,30.0,29.0,30.0,30.0,28.0,30.0,29.0,29.0,31.0,32.0,50.0,47.0,42.0,44.0,42.0
2025-12-25T09:32:59.829992,1309.967,471,Ring,motor_4_flexed,50.0,34.5,0,31.0,30.0,29.0,30.0,30.0,28.0,30.0,29.0,29.0,31.0,32.0,50.0,47.0,42.0,43.0,41.0
2025-12-25T09:33:01.717893,1311.855,471,Ring,motor_4_open,50.0,34.5625,0,31.0,30.0,29.0,30.0,30.0,28.0,30.0,30.0,29.0,31.0,32.0,50.0,47.0,42.0,43.0,41.0
2025-12-25T09:33:02.613840,1312.752,472,Ring,motor_5_flexed,50.0,34.5625,0,31.0,30.0,29.0,30.0,30.0,28.0,30.0,29.0,29.0,31.0,32.0,50.0,47.0,42.0,44.0,41.0
2025-12-25T09:33:04.501721,1314.642,472,Ring,motor_5_open,50.0,34.4375,0,31.0,30.0,29.0,30.0,30.0,28.0,30.0,30.0,29.0,31.0,32.0,50.0,47.0,42.0,43.0,39.0
2025-12-25T09:33:05.397686,1315.537,473,Ring,motor_6_flexed,50.0,34.5625,0,31.0,30.0,29.0,30.0,30.0,28.0,30.0,29.0,29.0,31.0,32.0,50.0,47.0,42.0,44.0,41.0
2025-12-25T09:33:07.285584,1317.423,473,Ring,motor_6_open,50.0,34.625,0,31.0,30.0,29.0,30.0,30.0,28.0,30.0,30.0,29.0,31.0,32.0,50.0,47.0,42.0,43.0,42.0
2025-12-25T09:33:08.181521,1318.321,474,Pinky,motor_7_flexed,50.0,34.625,0,31.0,30.0,29.0,30.0,30.0,28.0,30.0,30.0,29.0,31.0,32.0,50.0,47.0,42.0,44.0,41.0
2025-12-25T09:33:10.069415,1320.207,474,Pinky,motor_7_open,50.0,34.5,0,31.0,30.0,29.0,30.0,30.0,28.0,30.0,29.0,29.0,31.0,32.0,50.0,47.0,42.0,43.0,41.0
2025-12-25T09:33:10.965369,1321.102,475,Pinky,motor_8_flexed,50.0,34.5625,0,31.0,30.0,29.0,30.0,30.0,28.0,30.0,29.0,29.0,31.0,32.0,50.0,47.0,42.0,44.0,41.0
2025-12-25T09:33:12.853246,1322.984,475,Pinky,motor_8_open,50.0,34.625,0,31.0,30.0,29.0,30.0,30.0,28.0,30.0,30.0,29.0,31.0,32.0,50.0,47.0,42.0,44.0,41.0
2025-12-25T09:33:13.749201,1323.879,476,Pinky,motor_9_flexed,50.0,34.6875,0,31.0,30.0,29.0,30.0,30.0,28.0,30.0,30.0,29.0,31.0,32.0,50.0,47.0,42.0,44.0,42.0
2025-12-25T09:33:15.637115,1325.776,476,Pinky,motor_9_open,50.0,34.625,0,31.0,30.0,29.0,30.0,30.0,28.0,30.0,30.0,29.0,31.0,32.0,50.0,47.0,42.0,43.0,42.0
2025-12-25T09:33:16.533069,1326.67,477,Thumb,motor_13_flexed,50.0,34.625,0,31.0,30.0,29.0,30.0,30.0,28.0,30.0,30.0,29.0,31.0,32.0,50.0,47.0,42.0,43.0,42.0
2025-12-25T09:33:18.420960,1328.556,477,Thumb,motor_13_open,50.0,34.5625,0,31.0,30.0,29.0,30.0,30.0,28.0,30.0,30.0,29.0,31.0,32.0,50.0,47.0,42.0,43.0,41.0
2025-12-25T09:33:19.316915,1329.456,478,Thumb,motor_14_flexed,50.0,34.625,0,31.0,30.0,29.0,30.0,30.0,28.0,30.0,30.0,29.0,31.0,32.0,50.0,47.0,42.0,43.0,42.0
2025-12-25T09:33:21.204813,1331.344,478,Thumb,motor_14_open,50.0,34.5625,0,31.0,30.0,29.0,30.0,30.0,28.0,30.0,30.0,29.0,31.0,32.0,50.0,47.0,42.0,43.0,41.0
2025-12-25T09:33:22.100761,1332.239,479,Thumb,motor_12_flexed,50.0,34.625,0,31.0,30.0,29.0,30.0,30.0,28.0,30.0,30.0,29.0,31.0,32.0,50.0,47.0,42.0,44.0,41.0
2025-12-25T09:33:23.988646,1334.126,479,Thumb,motor_12_open,50.0,34.625,0,31.0,30.0,29.0,30.0,30.0,28.0,30.0,30.0,29.0,31.0,32.0,50.0,47.0,42.0,44.0,41.0
2025-12-25T09:33:24.884581,1335.016,480,Index,motor_2_flexed,50.0,34.625,0,31.0,30.0,29.0,30.0,30.0,28.0,30.0,30.0,29.0,31.0,32.0,50.0,47.0,42.0,43.0,42.0
2025-12-25T09:33:26.772474,1336.912,480,Index,motor_2_open,50.0,34.625,0,31.0,30.0,29.0,30.0,30.0,28.0,30.0,30.0,29.0,31.0,32.0,50.0,47.0,42.0,44.0,41.0
2025-12-25T09:33:27.668424,1337.807,481,Index,motor_1_flexed,50.0,34.6875,0,31.0,30.0,29.0,30.0,30.0,28.0,30.0,30.0,29.0,31.0,32.0,50.0,47.0,42.0,44.0,42.0
2025-12-25T09:33:29.556323,1339.696,481,Index,motor_1_open,50.0,34.625,0,31.0,30.0,29.0,30.0,30.0,28.0,30.0,30.0,29.0,31.0,32.0,50.0,47.0,42.0,44.0,41.0
2025-12-25T09:33:30.452268,1340.591,482,Index,motor_3_flexed,50.0,34.5625,0,31.0,30.0,29.0,30.0,30.0,28.0,30.0,30.0,29.0,31.0,32.0,50.0,47.0,42.0,43.0,41.0
2025-12-25T09:33:32.340164,1342.479,482,Index,motor_3_open,50.0,34.5625,0,31.0,30.0,29.0,30.0,30.0,28.0,30.0,30.0,29.0,31.0,32.0,50.0,47.0,42.0,43.0,41.0
2025-12-25T09:33:33.236113,1343.375,483,Middle,motor_11_flexed,50.0,34.5625,0,31.0,30.0,29.0,30.0,30.0,28.0,30.0,30.0,29.0,31.0,32.0,50.0,47.0,42.0,43.0,41.0
2025-12-25T09:33:35.124015,1345.262,483,Middle,motor_11_open,50.0,34.625,0,31.0,30.0,29.0,30.0,30.0,28.0,30.0,30.0,29.0,31.0,32.0,50.0,47.0,42.0,43.0,42.0
2025-12-25T09:33:36.019967,1346.158,484,Middle,motor_10_flexed,50.0,34.625,0,31.0,30.0,29.0,30.0,30.0,28.0,30.0,30.0,29.0,31.0,32.0,50.0,47.0,42.0,44.0,41.0
2025-12-25T09:33:37.907862,1348.046,484,Middle,motor_10_open,50.0,34.625,0,31.0,30.0,29.0,30.0,30.0,28.0,30.0,29.0,29.0,31.0,32.0,50.0,47.0,42.0,44.0,42.0
2025-12-25T09:33:38.803826,1348.941,485,Ring,motor_4_flexed,50.0,34.5625,0,31.0,30.0,29.0,30.0,30.0,28.0,30.0,30.0,29.0,31.0,32.0,50.0,47.0,42.0,43.0,41.0
2025-12-25T09:33:40.691710,1350.829,485,Ring,motor_4_open,50.0,34.5625,0,31.0,30.0,29.0,30.0,30.0,28.0,30.0,30.0,29.0,31.0,32.0,50.0,47.0,42.0,43.0,41.0
2025-12-25T09:33:41.587659,1351.727,486,Ring,motor_5_flexed,50.0,34.5625,0,31.0,30.0,29.0,30.0,30.0,28.0,30.0,29.0,29.0,31.0,32.0,50.0,47.0,42.0,44.0,41.0
2025-12-25T09:33:43.475557,1353.613,486,Ring,motor_5_open,50.0,34.5,0,31.0,30.0,29.0,30.0,30.0,28.0,30.0,29.0,29.0,31.0,32.0,50.0,47.0,42.0,43.0,41.0
2025-12-25T09:33:44.371492,1354.507,487,Ring,motor_6_flexed,50.0,34.5625,0,31.0,30.0,29.0,30.0,30.0,28.0,30.0,29.0,29.0,31.0,32.0,50.0,47.0,42.0,43.0,42.0
2025-12-25T09:33:46.259398,1356.397,487,Ring,motor_6_open,50.0,34.625,0,31.0,30.0,29.0,30.0,30.0,28.0,30.0,30.0,29.0,31.0,32.0,50.0,47.0,42.0,44.0,41.0
2025-12-25T09:33:47.155349,1357.291,488,Pinky,motor_7_flexed,50.0,34.5625,0,31.0,30.0,29.0,30.0,30.0,28.0,30.0,29.0,29.0,31.0,32.0,50.0,47.0,42.0,43.0,42.0
2025-12-25T09:33:49.043244,1359.182,488,Pinky,motor_7_open,50.0,34.625,0,31.0,30.0,29.0,30.0,30.0,28.0,30.0,29.0,29.0,31.0,32.0,50.0,47.0,42.0,44.0,42.0
2025-12-25T09:33:49.939188,1360.076,489,Pinky,motor_8_flexed,50.0,34.5625,0,31.0,30.0,29.0,30.0,30.0,28.0,30.0,29.0,29.0,31.0,32.0,50.0,47.0,42.0,44.0,41.0
2025-12-25T09:33:51.827083,1361.966,489,Pinky,motor_8_open,50.0,34.625,0,31.0,30.0,29.0,30.0,30.0,28.0,30.0,30.0,29.0,31.0,32.0,50.0,47.0,42.0,43.0,42.0
2025-12-25T09:33:52.723050,1362.863,490,Pinky,motor_9_flexed,50.0,34.625,0,31.0,30.0,29.0,30.0,30.0,28.0,30.0,30.0,29.0,31.0,32.0,50.0,47.0,42.0,44.0,41.0
2025-12-25T09:33:54.610931,1364.75,490,Pinky,motor_9_open,50.0,34.5625,0,31.0,30.0,29.0,30.0,30.0,28.0,30.0,30.0,29.0,31.0,32.0,50.0,47.0,42.0,43.0,41.0
2025-12-25T09:33:55.506879,1365.648,491,Thumb,motor_13_flexed,50.0,34.625,0,31.0,30.0,29.0,30.0,30.0,28.0,30.0,30.0,29.0,31.0,32.0,50.0,47.0,42.0,44.0,41.0
2025-12-25T09:33:57.394773,1367.532,491,Thumb,motor_13_open,50.0,34.625,0,31.0,30.0,29.0,30.0,30.0,28.0,30.0,30.0,29.0,31.0,32.0,50.0,47.0,42.0,43.0,42.0
2025-12-25T09:33:58.290724,1368.429,492,Thumb,motor_14_flexed,50.0,34.5625,0,31.0,30.0,29.0,30.0,30.0,28.0,30.0,30.0,29.0,31.0,32.0,50.0,47.0,42.0,43.0,41.0
2025-12-25T09:34:00.178618,1370.316,492,Thumb,motor_14_open,50.0,34.6875,0,31.0,30.0,29.0,30.0,30.0,28.0,30.0,30.0,29.0,31.0,32.0,50.0,47.0,42.0,44.0,42.0
2025-12-25T09:34:01.074576,1371.214,493,Thumb,motor_12_flexed,50.0,34.625,0,31.0,30.0,29.0,30.0,30.0,28.0,30.0,30.0,29.0,31.0,32.0,50.0,47.0,42.0,44.0,41.0
2025-12-25T09:34:02.962468,1373.102,493,Thumb,motor_12_open,50.0,34.625,0,31.0,30.0,29.0,30.0,30.0,28.0,30.0,30.0,29.0,31.0,32.0,50.0,47.0,42.0,44.0,41.0
2025-12-25T09:34:03.858426,1373.997,494,Index,motor_2_flexed,50.0,34.625,0,31.0,30.0,29.0,30.0,30.0,28.0,30.0,30.0,29.0,31.0,32.0,50.0,47.0,42.0,43.0,42.0
2025-12-25T09:34:05.746318,1375.887,494,Index,motor_2_open,50.0,34.5625,0,31.0,30.0,29.0,30.0,30.0,28.0,30.0,30.0,29.0,31.0,32.0,50.0,47.0,42.0,43.0,41.0
2025-12-25T09:34:06.642270,1376.782,495,Index,motor_1_flexed,50.0,34.625,0,31.0,30.0,29.0,30.0,30.0,28.0,30.0,30.0,29.0,31.0,32.0,50.0,47.0,42.0,44.0,41.0
2025-12-25T09:34:08.530165,1378.672,495,Index,motor_1_open,50.0,34.5625,0,31.0,30.0,29.0,30.0,30.0,28.0,30.0,30.0,29.0,31.0,32.0,50.0,47.0,42.0,43.0,41.0
2025-12-25T09:34:09.426145,1379.564,496,Index,motor_3_flexed,50.0,34.5625,0,31.0,30.0,29.0,30.0,30.0,28.0,30.0,30.0,29.0,31.0,32.0,50.0,47.0,42.0,43.0,41.0
2025-12-25T09:34:10.514086,1380.652,496,Index,motor_3_flex_hold,50.0,34.625,0,31.0,30.0,29.0,30.0,30.0,28.0,30.0,30.0,29.0,31.0,32.0,50.0,47.0,42.0,44.0,41.0
2025-12-25T09:34:11.314042,1381.451,496,Index,motor_3_open,50.0,34.625,0,31.0,30.0,29.0,30.0,30.0,28.0,30.0,30.0,29.0,31.0,32.0,50.0,47.0,42.0,43.0,42.0
2025-12-25T09:34:12.209993,1382.348,497,Middle,motor_11_flexed,50.0,34.5625,0,31.0,30.0,29.0,30.0,30.0,28.0,30.0,30.0,29.0,31.0,32.0,50.0,47.0,42.0,43.0,41.0
2025-12-25T09:34:14.097884,1384.238,497,Middle,motor_11_open,50.0,34.5625,0,31.0,30.0,29.0,30.0,30.0,28.0,30.0,30.0,29.0,31.0,32.0,50.0,47.0,42.0,43.0,41.0
2025-12-25T09:34:14.993810,1385.133,498,Middle,motor_10_flexed,50.0,34.6875,0,31.0,30.0,29.0,30.0,30.0,28.0,30.0,30.0,29.0,31.0,32.0,50.0,47.0,42.0,44.0,42.0
2025-12-25T09:34:16.881731,1387.021,498,Middle,motor_10_open,50.0,34.625,0,31.0,30.0,29.0,30.0,30.0,28.0,30.0,30.0,29.0,31.0,32.0,50.0,47.0,42.0,43.0,42.0
2025-12-25T09:34:17.777679,1387.914,499,Ring,motor_4_flexed,50.0,34.625,0,31.0,30.0,29.0,30.0,30.0,28.0,30.0,30.0,29.0,31.0,32.0,50.0,47.0,42.0,44.0,41.0
2025-12-25T09:34:19.665552,1389.805,499,Ring,motor_4_open,50.0,34.625,0,31.0,30.0,29.0,30.0,30.0,28.0,30.0,30.0,29.0,31.0,32.0,50.0,47.0,42.0,44.0,41.0
2025-12-25T09:34:20.561527,1390.7,500,Ring,motor_5_flexed,50.0,34.5625,0,31.0,30.0,29.0,30.0,30.0,28.0,30.0,30.0,29.0,31.0,32.0,50.0,47.0,42.0,43.0,41.0
2025-12-25T09:34:22.449422,1392.59,500,Ring,motor_5_open,50.0,34.5625,0,31.0,30.0,29.0,30.0,30.0,28.0,30.0,30.0,29.0,31.0,32.0,50.0,47.0,42.0,43.0,41.0
2025-12-25T09:34:23.345372,1393.484,501,Ring,motor_6_flexed,50.0,34.625,0,31.0,30.0,29.0,30.0,30.0,28.0,30.0,30.0,29.0,31.0,32.0,50.0,47.0,42.0,44.0,41.0
2025-12-25T09:34:25.233268,1395.372,501,Ring,motor_6_open,50.0,34.6875,0,31.0,30.0,29.0,30.0,30.0,28.0,30.0,30.0,29.0,31.0,32.0,50.0,47.0,42.0,44.0,42.0
2025-12-25T09:34:26.129177,1396.27,502,Pinky,motor_7_flexed,50.0,34.5625,0,31.0,30.0,29.0,29.0,30.0,28.0,30.0,30.0,29.0,31.0,32.0,50.0,47.0,42.0,43.0,42.0
2025-12-25T09:34:28.017075,1398.157,502,Pinky,motor_7_open,50.0,34.5625,0,31.0,30.0,29.0,30.0,30.0,28.0,30.0,29.0,29.0,31.0,32.0,50.0,47.0,42.0,44.0,41.0
2025-12-25T09:34:28.913023,1399.049,503,Pinky,motor_8_flexed,50.0,34.625,0,31.0,30.0,29.0,30.0,30.0,28.0,30.0,29.0,29.0,31.0,32.0,50.0,47.0,42.0,44.0,42.0
2025-12-25T09:34:30.800917,1400.933,503,Pinky,motor_8_open,50.0,34.6875,0,31.0,30.0,29.0,30.0,30.0,28.0,30.0,30.0,29.0,31.0,32.0,50.0,47.0,42.0,44.0,42.0
2025-12-25T09:34:31.696872,1401.828,504,Pinky,motor_9_flexed,50.0,34.625,0,31.0,30.0,29.0,30.0,30.0,28.0,30.0,30.0,29.0,31.0,32.0,50.0,47.0,42.0,44.0,41.0
2025-12-25T09:34:33.584762,1403.718,504,Pinky,motor_9_open,50.0,34.6875,0,31.0,30.0,29.0,30.0,30.0,28.0,30.0,30.0,29.0,31.0,32.0,50.0,48.0,42.0,44.0,41.0
2025-12-25T09:34:34.480715,1404.618,505,Thumb,motor_13_flexed,50.0,34.75,0,31.0,30.0,29.0,30.0,30.0,28.0,30.0,30.0,29.0,31.0,32.0,50.0,48.0,42.0,44.0,42.0
2025-12-25T09:34:36.368620,1406.506,505,Thumb,motor_13_open,50.0,34.6875,0,31.0,30.0,29.0,30.0,30.0,28.0,30.0,30.0,29.0,31.0,32.0,50.0,48.0,42.0,44.0,41.0
2025-12-25T09:34:37.264557,1407.395,506,Thumb,motor_14_flexed,50.0,34.6875,0,31.0,30.0,29.0,30.0,30.0,28.0,30.0,30.0,29.0,31.0,32.0,50.0,48.0,42.0,44.0,41.0
2025-12-25T09:34:39.152467,1409.292,506,Thumb,motor_14_open,50.0,34.75,0,31.0,30.0,29.0,30.0,30.0,28.0,30.0,30.0,29.0,31.0,32.0,50.0,48.0,42.0,44.0,42.0
2025-12-25T09:34:40.048416,1410.187,507,Thumb,motor_12_flexed,50.0,34.625,0,31.0,30.0,29.0,30.0,30.0,28.0,30.0,30.0,29.0,31.0,32.0,50.0,48.0,42.0,43.0,41.0
2025-12-25T09:34:41.936311,1412.075,507,Thumb,motor_12_open,50.0,34.6875,0,31.0,30.0,29.0,30.0,30.0,28.0,30.0,30.0,29.0,31.0,32.0,50.0,48.0,42.0,43.0,42.0
2025-12-25T09:34:42.832261,1412.97,508,Index,motor_2_flexed,50.0,34.6875,0,31.0,30.0,29.0,30.0,30.0,28.0,30.0,30.0,29.0,31.0,32.0,50.0,48.0,42.0,44.0,41.0
2025-12-25T09:34:44.720157,1414.859,508,Index,motor_2_open,50.0,34.6875,0,31.0,30.0,29.0,30.0,30.0,28.0,30.0,30.0,29.0,31.0,32.0,50.0,48.0,42.0,44.0,41.0
2025-12-25T09:34:45.616117,1415.753,509,Index,motor_1_flexed,50.0,34.6875,0,31.0,30.0,29.0,30.0,30.0,28.0,30.0,30.0,29.0,31.0,32.0,50.0,48.0,42.0,44.0,41.0
2025-12-25T09:34:47.504002,1417.641,509,Index,motor_1_open,50.0,34.625,0,31.0,30.0,29.0,30.0,30.0,28.0,30.0,30.0,29.0,31.0,32.0,50.0,48.0,42.0,43.0,41.0
2025-12-25T09:34:48.399952,1418.536,510,Index,motor_3_flexed,50.0,34.625,0,31.0,30.0,29.0,30.0,30.0,28.0,30.0,30.0,29.0,31.0,32.0,50.0,48.0,42.0,43.0,41.0
2025-12-25T09:34:50.287858,1420.424,510,Index,motor_3_open,50.0,34.75,0,31.0,30.0,29.0,30.0,30.0,28.0,30.0,30.0,29.0,31.0,32.0,50.0,48.0,42.0,44.0,42.0
2025-12-25T09:34:51.183800,1421.324,511,Middle,motor_11_flexed,50.0,34.6875,0,31.0,30.0,29.0,30.0,30.0,28.0,30.0,30.0,29.0,31.0,32.0,50.0,48.0,42.0,44.0,41.0
2025-12-25T09:34:53.071681,1423.204,511,Middle,motor_11_open,50.0,34.6875,0,31.0,30.0,29.0,30.0,30.0,28.0,30.0,30.0,29.0,31.0,32.0,50.0,48.0,42.0,44.0,41.0
2025-12-25T09:34:53.967635,1424.099,512,Middle,motor_10_flexed,50.0,34.6875,0,31.0,30.0,29.0,30.0,30.0,28.0,30.0,30.0,29.0,31.0,32.0,50.0,48.0,42.0,43.0,42.0
2025-12-25T09:34:55.855540,1425.986,512,Middle,motor_10_open,50.0,34.6875,0,31.0,30.0,29.0,30.0,30.0,28.0,30.0,30.0,29.0,31.0,32.0,50.0,48.0,42.0,44.0,41.0
2025-12-25T09:34:56.751492,1426.891,513,Ring,motor_4_flexed,50.0,34.625,0,31.0,30.0,29.0,30.0,30.0,28.0,30.0,30.0,29.0,31.0,32.0,50.0,48.0,42.0,43.0,41.0
2025-12-25T09:34:58.639389,1428.777,513,Ring,motor_4_open,50.0,34.625,0,31.0,30.0,29.0,30.0,30.0,28.0,30.0,30.0,29.0,31.0,32.0,50.0,48.0,42.0,43.0,41.0
2025-12-25T09:34:59.535350,1429.673,514,Ring,motor_5_flexed,50.0,34.6875,0,31.0,30.0,29.0,30.0,30.0,28.0,30.0,30.0,29.0,31.0,32.0,50.0,48.0,42.0,44.0,41.0
2025-12-25T09:35:01.423230,1431.558,514,Ring,motor_5_open,50.0,34.625,0,31.0,30.0,29.0,30.0,30.0,28.0,30.0,30.0,29.0,31.0,32.0,50.0,48.0,42.0,43.0,41.0
2025-12-25T09:35:02.319183,1432.459,515,Ring,motor_6_flexed,50.0,34.6875,0,31.0,30.0,29.0,30.0,30.0,28.0,30.0,30.0,29.0,31.0,32.0,50.0,48.0,42.0,44.0,41.0
2025-12-25T09:35:04.207096,1434.344,515,Ring,motor_6_open,50.0,34.75,0,31.0,30.0,29.0,30.0,30.0,28.0,30.0,30.0,29.0,31.0,32.0,50.0,48.0,42.0,44.0,42.0
2025-12-25T09:35:05.103027,1435.234,516,Pinky,motor_7_flexed,50.0,34.625,0,31.0,30.0,29.0,30.0,30.0,28.0,30.0,30.0,29.0,31.0,32.0,50.0,48.0,42.0,43.0,41.0
2025-12-25T09:35:06.990918,1437.128,516,Pinky,motor_7_open,50.0,34.625,0,31.0,30.0,29.0,30.0,30.0,28.0,30.0,30.0,29.0,31.0,32.0,50.0,48.0,42.0,43.0,41.0
2025-12-25T09:35:07.886876,1438.026,517,Pinky,motor_8_flexed,50.0,34.6875,0,31.0,30.0,29.0,30.0,30.0,28.0,30.0,30.0,29.0,31.0,32.0,50.0,48.0,42.0,44.0,41.0
2025-12-25T09:35:09.774770,1439.915,517,Pinky,motor_8_open,50.0,34.625,0,31.0,30.0,29.0,30.0,30.0,28.0,30.0,30.0,29.0,31.0,32.0,50.0,48.0,42.0,43.0,41.0
2025-12-25T09:35:10.366737,1440.5,517,Pinky,motor_8_open_hold,50.0,34.6875,0,31.0,30.0,29.0,30.0,30.0,28.0,30.0,30.0,29.0,31.0,32.0,50.0,48.0,42.0,44.0,41.0
2025-12-25T09:35:10.766708,1440.903,518,Pinky,motor_9_flexed,50.0,34.625,0,31.0,30.0,29.0,30.0,30.0,28.0,30.0,30.0,29.0,31.0,32.0,50.0,48.0,42.0,43.0,41.0
2025-12-25T09:35:12.654611,1442.794,518,Pinky,motor_9_open,50.0,34.6875,0,31.0,30.0,29.0,30.0,30.0,28.0,30.0,30.0,29.0,31.0,32.0,50.0,48.0,42.0,44.0,41.0
2025-12-25T09:35:13.550563,1443.686,519,Thumb,motor_13_flexed,50.0,34.6875,0,31.0,30.0,29.0,30.0,30.0,28.0,30.0,30.0,29.0,31.0,32.0,50.0,48.0,42.0,44.0,41.0
2025-12-25T09:35:15.438454,1445.578,519,Thumb,motor_13_open,50.0,34.6875,0,31.0,30.0,29.0,30.0,30.0,28.0,30.0,30.0,29.0,31.0,32.0,50.0,48.0,42.0,43.0,42.0
2025-12-25T09:35:16.334410,1446.472,520,Thumb,motor_14_flexed,50.0,34.625,0,31.0,30.0,29.0,30.0,30.0,28.0,30.0,30.0,29.0,31.0,32.0,50.0,48.0,42.0,43.0,41.0
2025-12-25T09:35:18.222305,1448.36,520,Thumb,motor_14_open,50.0,34.6875,0,31.0,30.0,29.0,30.0,30.0,28.0,30.0,30.0,29.0,31.0,32.0,50.0,48.0,42.0,44.0,41.0
2025-12-25T09:35:19.118254,1449.256,521,Thumb,motor_12_flexed,50.0,34.625,0,31.0,30.0,29.0,30.0,30.0,28.0,30.0,30.0,29.0,31.0,32.0,50.0,48.0,42.0,43.0,41.0
2025-12-25T09:35:21.006150,1451.145,521,Thumb,motor_12_open,50.0,34.625,0,31.0,30.0,29.0,30.0,30.0,28.0,30.0,30.0,29.0,31.0,32.0,50.0,48.0,42.0,43.0,41.0
2025-12-25T09:35:21.902102,1452.041,522,Index,motor_2_flexed,50.0,34.6875,0,31.0,30.0,29.0,30.0,30.0,28.0,30.0,30.0,29.0,31.0,32.0,50.0,48.0,42.0,44.0,41.0
2025-12-25T09:35:23.789995,1453.925,522,Index,motor_2_open,50.0,34.5625,0,31.0,30.0,29.0,30.0,30.0,28.0,30.0,30.0,29.0,31.0,32.0,50.0,48.0,42.0,43.0,40.0
2025-12-25T09:35:24.685947,1454.824,523,Index,motor_1_flexed,50.0,34.6875,0,31.0,30.0,29.0,30.0,30.0,28.0,30.0,30.0,29.0,31.0,32.0,50.0,48.0,42.0,44.0,41.0
2025-12-25T09:35:26.573843,1456.713,523,Index,motor_1_open,50.0,34.75,0,31.0,30.0,29.0,30.0,30.0,28.0,30.0,30.0,29.0,31.0,32.0,50.0,48.0,42.0,44.0,42.0
2025-12-25T09:35:27.469796,1457.607,524,Index,motor_3_flexed,50.0,34.625,0,31.0,30.0,29.0,30.0,30.0,28.0,30.0,30.0,29.0,31.0,32.0,50.0,48.0,42.0,43.0,41.0
2025-12-25T09:35:29.357693,1459.498,524,Index,motor_3_open,50.0,34.625,0,31.0,30.0,29.0,30.0,30.0,28.0,30.0,30.0,29.0,31.0,32.0,50.0,48.0,42.0,43.0,41.0
2025-12-25T09:35:30.253641,1460.39,525,Middle,motor_11_flexed,50.0,34.625,0,31.0,30.0,29.0,30.0,30.0,28.0,30.0,30.0,29.0,31.0,32.0,50.0,48.0,42.0,43.0,41.0
2025-12-25T09:35:32.141534,1462.277,525,Middle,motor_11_open,50.0,34.6875,0,31.0,30.0,29.0,30.0,30.0,28.0,30.0,30.0,29.0,31.0,32.0,50.0,48.0,42.0,44.0,41.0
2025-12-25T09:35:33.037485,1463.176,526,Middle,motor_10_flexed,50.0,34.625,0,31.0,30.0,29.0,30.0,30.0,28.0,30.0,30.0,29.0,31.0,32.0,50.0,48.0,42.0,44.0,40.0
2025-12-25T09:35:34.925382,1465.062,526,Middle,motor_10_open,50.0,34.625,0,31.0,30.0,29.0,30.0,30.0,28.0,30.0,30.0,29.0,31.0,32.0,50.0,48.0,42.0,43.0,41.0
2025-12-25T09:35:35.821331,1465.958,527,Ring,motor_4_flexed,50.0,34.625,0,31.0,30.0,29.0,30.0,30.0,28.0,30.0,30.0,29.0,31.0,32.0,50.0,48.0,42.0,43.0,41.0
2025-12-25T09:35:37.709229,1467.848,527,Ring,motor_4_open,50.0,34.625,0,31.0,30.0,29.0,30.0,30.0,28.0,30.0,30.0,29.0,31.0,32.0,50.0,48.0,42.0,43.0,41.0
2025-12-25T09:35:38.605184,1468.743,528,Ring,motor_5_flexed,50.0,34.6875,0,31.0,30.0,29.0,30.0,30.0,28.0,30.0,30.0,29.0,31.0,32.0,50.0,48.0,42.0,44.0,41.0
2025-12-25T09:35:40.493073,1470.631,528,Ring,motor_5_open,50.0,34.625,0,31.0,30.0,29.0,30.0,30.0,28.0,30.0,30.0,29.0,31.0,32.0,50.0,48.0,42.0,43.0,41.0
2025-12-25T09:35:41.389025,1471.527,529,Ring,motor_6_flexed,50.0,34.6875,0,31.0,30.0,29.0,30.0,30.0,28.0,30.0,30.0,29.0,31.0,32.0,50.0,48.0,42.0,44.0,41.0
2025-12-25T09:35:43.276930,1473.413,529,Ring,motor_6_open,50.0,34.6875,0,31.0,30.0,29.0,30.0,30.0,28.0,30.0,30.0,29.0,31.0,32.0,50.0,48.0,42.0,44.0,41.0
2025-12-25T09:35:44.172870,1474.312,530,Pinky,motor_7_flexed,50.0,34.6875,0,31.0,30.0,29.0,30.0,30.0,28.0,30.0,30.0,29.0,31.0,32.0,50.0,48.0,42.0,44.0,41.0
2025-12-25T09:35:46.060757,1476.202,530,Pinky,motor_7_open,50.0,34.75,0,31.0,30.0,29.0,30.0,30.0,28.0,30.0,30.0,29.0,31.0,32.0,50.0,48.0,42.0,44.0,42.0
2025-12-25T09:35:46.956708,1477.095,531,Pinky,motor_8_flexed,50.0,34.75,0,31.0,30.0,29.0,30.0,30.0,28.0,30.0,30.0,29.0,31.0,32.0,50.0,48.0,42.0,44.0,42.0
2025-12-25T09:35:48.844604,1478.982,531,Pinky,motor_8_open,50.0,34.6875,0,31.0,30.0,29.0,30.0,30.0,28.0,30.0,30.0,29.0,31.0,32.0,50.0,48.0,42.0,44.0,41.0
2025-12-25T09:35:49.740568,1479.879,532,Pinky,motor_9_flexed,50.0,34.75,0,31.0,30.0,29.0,30.0,30.0,28.0,30.0,30.0,29.0,31.0,32.0,50.0,48.0,42.0,44.0,42.0
2025-12-25T09:35:51.628461,1481.768,532,Pinky,motor_9_open,50.0,34.6875,0,31.0,30.0,29.0,30.0,30.0,28.0,30.0,30.0,29.0,31.0,32.0,50.0,48.0,42.0,44.0,41.0
2025-12-25T09:35:52.524421,1482.66,533,Thumb,motor_13_flexed,50.0,34.75,0,31.0,30.0,29.0,30.0,30.0,28.0,30.0,30.0,29.0,31.0,32.0,50.0,48.0,42.0,44.0,42.0
2025-12-25T09:35:54.412287,1484.552,533,Thumb,motor_13_open,50.0,34.6875,0,31.0,30.0,29.0,30.0,30.0,28.0,30.0,30.0,29.0,31.0,32.0,50.0,48.0,42.0,44.0,41.0
2025-12-25T09:35:55.308255,1485.445,534,Thumb,motor_14_flexed,50.0,34.6875,0,31.0,30.0,29.0,30.0,30.0,28.0,30.0,30.0,29.0,31.0,32.0,50.0,48.0,42.0,44.0,41.0
2025-12-25T09:35:57.196162,1487.336,534,Thumb,motor_14_open,50.0,34.6875,0,31.0,30.0,29.0,30.0,30.0,28.0,30.0,30.0,29.0,31.0,32.0,50.0,48.0,42.0,44.0,41.0
2025-12-25T09:35:58.092101,1488.234,535,Thumb,motor_12_flexed,50.0,34.6875,0,31.0,30.0,29.0,30.0,30.0,28.0,30.0,30.0,29.0,31.0,32.0,50.0,48.0,42.0,43.0,42.0
2025-12-25T09:35:59.979996,1490.121,535,Thumb,motor_12_open,50.0,34.6875,0,31.0,30.0,29.0,30.0,30.0,28.0,30.0,30.0,29.0,31.0,32.0,50.0,48.0,42.0,43.0,42.0
2025-12-25T09:36:00.875937,1491.013,536,Index,motor_2_flexed,50.0,34.6875,0,31.0,30.0,29.0,30.0,30.0,28.0,30.0,30.0,29.0,31.0,32.0,50.0,48.0,42.0,43.0,42.0
2025-12-25T09:36:02.779838,1492.915,536,Index,motor_2_open,50.0,34.625,0,31.0,30.0,29.0,30.0,30.0,28.0,30.0,30.0,29.0,31.0,32.0,50.0,48.0,42.0,43.0,41.0
2025-12-25T09:36:03.675812,1493.815,537,Index,motor_1_flexed,50.0,34.625,0,31.0,30.0,29.0,30.0,30.0,28.0,30.0,30.0,29.0,31.0,32.0,50.0,48.0,42.0,43.0,41.0
2025-12-25T09:36:05.563697,1495.699,537,Index,motor_1_open,50.0,34.75,0,31.0,30.0,29.0,30.0,30.0,28.0,30.0,30.0,29.0,31.0,32.0,50.0,48.0,42.0,44.0,42.0
2025-12-25T09:36:06.459673,1496.597,538,Index,motor_3_flexed,50.0,34.625,0,31.0,30.0,29.0,30.0,30.0,28.0,30.0,30.0,29.0,31.0,32.0,50.0,48.0,42.0,43.0,41.0
2025-12-25T09:36:08.347553,1498.486,538,Index,motor_3_open,50.0,34.75,0,31.0,30.0,29.0,30.0,30.0,28.0,30.0,30.0,29.0,31.0,32.0,50.0,48.0,42.0,44.0,42.0
2025-12-25T09:36:09.243505,1499.383,539,Middle,motor_11_flexed,50.0,34.6875,0,31.0,30.0,29.0,30.0,30.0,28.0,30.0,30.0,29.0,31.0,32.0,50.0,48.0,42.0,44.0,41.0
2025-12-25T09:36:10.331446,1500.47,539,Middle,motor_11_flex_hold,50.0,34.6875,0,31.0,30.0,29.0,30.0,30.0,28.0,30.0,30.0,29.0,31.0,32.0,50.0,48.0,42.0,44.0,41.0
2025-12-25T09:36:11.131400,1501.269,539,Middle,motor_11_open,50.0,34.75,0,31.0,30.0,29.0,30.0,30.0,28.0,30.0,30.0,29.0,31.0,32.0,50.0,48.0,42.0,44.0,42.0
2025-12-25T09:36:12.027353,1502.164,540,Middle,motor_10_flexed,50.0,34.6875,0,31.0,30.0,29.0,30.0,30.0,28.0,30.0,30.0,29.0,31.0,32.0,50.0,48.0,42.0,44.0,41.0
2025-12-25T09:36:13.915247,1504.053,540,Middle,motor_10_open,50.0,34.75,0,31.0,30.0,29.0,30.0,30.0,28.0,30.0,30.0,29.0,31.0,32.0,50.0,48.0,42.0,43.0,43.0
2025-12-25T09:36:14.811175,1504.949,541,Ring,motor_4_flexed,50.0,34.6875,0,31.0,30.0,29.0,30.0,30.0,28.0,30.0,30.0,29.0,31.0,32.0,50.0,48.0,42.0,43.0,42.0
2025-12-25T09:36:16.699074,1506.839,541,Ring,motor_4_open,50.0,34.5625,0,31.0,30.0,29.0,30.0,30.0,28.0,30.0,30.0,29.0,31.0,32.0,50.0,48.0,42.0,44.0,39.0
2025-12-25T09:36:17.595024,1507.735,542,Ring,motor_5_flexed,50.0,34.625,0,31.0,30.0,29.0,30.0,30.0,28.0,30.0,30.0,29.0,31.0,32.0,50.0,48.0,42.0,43.0,41.0
2025-12-25T09:36:19.482939,1509.619,542,Ring,motor_5_open,50.0,34.6875,0,31.0,30.0,29.0,30.0,30.0,28.0,30.0,30.0,29.0,31.0,32.0,50.0,48.0,42.0,44.0,41.0
2025-12-25T09:36:20.378888,1510.517,543,Ring,motor_6_flexed,50.0,34.625,0,31.0,30.0,29.0,30.0,30.0,28.0,30.0,30.0,29.0,31.0,32.0,50.0,48.0,42.0,43.0,41.0
2025-12-25T09:36:22.266787,1512.405,543,Ring,motor_6_open,50.0,34.75,0,31.0,30.0,29.0,30.0,30.0,28.0,30.0,30.0,29.0,31.0,32.0,50.0,48.0,42.0,44.0,42.0
2025-12-25T09:36:23.162728,1513.3,544,Pinky,motor_7_flexed,50.0,34.625,0,31.0,30.0,29.0,30.0,30.0,28.0,30.0,30.0,29.0,31.0,32.0,50.0,48.0,42.0,43.0,41.0
2025-12-25T09:36:25.050617,1515.186,544,Pinky,motor_7_open,50.0,34.625,0,31.0,30.0,29.0,30.0,30.0,28.0,30.0,30.0,29.0,31.0,32.0,50.0,48.0,42.0,43.0,41.0
2025-12-25T09:36:25.946557,1516.08,545,Pinky,motor_8_flexed,50.0,34.75,0,31.0,30.0,29.0,30.0,30.0,28.0,30.0,30.0,29.0,31.0,32.0,50.0,48.0,42.0,44.0,42.0
2025-12-25T09:36:27.834480,1517.971,545,Pinky,motor_8_open,50.0,34.625,0,31.0,30.0,29.0,30.0,30.0,28.0,30.0,30.0,29.0,31.0,32.0,50.0,48.0,42.0,43.0,41.0
2025-12-25T09:36:28.730418,1518.861,546,Pinky,motor_9_flexed,50.0,34.6875,0,31.0,30.0,29.0,30.0,30.0,28.0,30.0,30.0,29.0,31.0,32.0,50.0,48.0,42.0,44.0,41.0
2025-12-25T09:36:30.618306,1520.757,546,Pinky,motor_9_open,50.0,34.75,0,31.0,30.0,29.0,30.0,30.0,28.0,30.0,30.0,29.0,31.0,32.0,50.0,48.0,42.0,44.0,42.0
2025-12-25T09:36:31.514255,1521.652,547,Thumb,motor_13_flexed,50.0,34.75,0,31.0,30.0,29.0,30.0,30.0,28.0,30.0,30.0,29.0,31.0,32.0,50.0,48.0,42.0,44.0,42.0
2025-12-25T09:36:33.402153,1523.541,547,Thumb,motor_13_open,50.0,34.75,0,31.0,30.0,29.0,30.0,30.0,28.0,30.0,30.0,29.0,31.0,32.0,50.0,48.0,42.0,44.0,42.0
2025-12-25T09:36:34.298123,1524.436,548,Thumb,motor_14_flexed,50.0,34.6875,0,31.0,30.0,29.0,30.0,30.0,28.0,30.0,30.0,29.0,31.0,32.0,50.0,48.0,42.0,44.0,41.0
2025-12-25T09:36:36.186016,1526.324,548,Thumb,motor_14_open,50.0,34.6875,0,31.0,30.0,29.0,30.0,30.0,28.0,30.0,30.0,29.0,31.0,32.0,50.0,48.0,42.0,44.0,41.0
2025-12-25T09:36:37.081971,1527.219,549,Thumb,motor_12_flexed,50.0,34.625,0,31.0,30.0,29.0,30.0,30.0,28.0,30.0,30.0,29.0,31.0,32.0,50.0,48.0,42.0,43.0,41.0
2025-12-25T09:36:38.969865,1529.108,549,Thumb,motor_12_open,50.0,34.625,0,31.0,30.0,29.0,30.0,30.0,28.0,30.0,30.0,29.0,31.0,32.0,50.0,48.0,42.0,43.0,41.0
2025-12-25T09:36:39.865815,1530.005,550,Index,motor_2_flexed,50.0,34.75,0,31.0,30.0,29.0,30.0,30.0,28.0,30.0,30.0,29.0,31.0,32.0,50.0,48.0,42.0,44.0,42.0
2025-12-25T09:36:41.753714,1531.889,550,Index,motor_2_open,50.0,34.6875,0,31.0,30.0,29.0,30.0,30.0,28.0,30.0,30.0,29.0,31.0,32.0,50.0,48.0,42.0,44.0,41.0
2025-12-25T09:36:42.649664,1532.786,551,Index,motor_1_flexed,50.0,34.625,0,31.0,30.0,29.0,30.0,30.0,28.0,30.0,30.0,29.0,31.0,32.0,50.0,48.0,42.0,43.0,41.0
2025-12-25T09:36:44.537544,1534.676,551,Index,motor_1_open,50.0,34.6875,0,31.0,30.0,29.0,30.0,30.0,28.0,30.0,30.0,29.0,31.0,32.0,50.0,48.0,42.0,44.0,41.0
2025-12-25T09:36:45.433506,1535.571,552,Index,motor_3_flexed,50.0,34.6875,0,31.0,30.0,29.0,30.0,30.0,28.0,30.0,30.0,29.0,31.0,32.0,50.0,48.0,42.0,44.0,41.0
2025-12-25T09:36:47.321409,1537.46,552,Index,motor_3_open,50.0,34.625,0,31.0,30.0,29.0,30.0,30.0,28.0,30.0,30.0,29.0,31.0,32.0,50.0,48.0,42.0,43.0,41.0
2025-12-25T09:36:48.217358,1538.358,553,Middle,motor_11_flexed,50.0,34.625,0,31.0,30.0,29.0,30.0,30.0,28.0,30.0,30.0,29.0,31.0,32.0,50.0,48.0,42.0,43.0,41.0
2025-12-25T09:36:50.105226,1540.24,553,Middle,motor_11_open,50.0,34.625,0,31.0,30.0,29.0,30.0,30.0,28.0,30.0,30.0,29.0,31.0,32.0,50.0,48.0,42.0,44.0,40.0
2025-12-25T09:36:51.001169,1541.141,554,Middle,motor_10_flexed,50.0,34.6875,0,31.0,30.0,29.0,30.0,30.0,28.0,30.0,30.0,29.0,31.0,32.0,50.0,48.0,42.0,44.0,41.0
2025-12-25T09:36:52.889087,1543.025,554,Middle,motor_10_open,50.0,34.625,0,31.0,30.0,29.0,30.0,30.0,28.0,30.0,30.0,29.0,31.0,32.0,50.0,48.0,42.0,43.0,41.0
2025-12-25T09:36:53.785037,1543.922,555,Ring,motor_4_flexed,50.0,34.75,0,31.0,30.0,29.0,30.0,30.0,28.0,30.0,30.0,29.0,31.0,32.0,50.0,48.0,42.0,44.0,42.0
2025-12-25T09:36:55.672929,1545.811,555,Ring,motor_4_open,50.0,34.5625,0,31.0,30.0,29.0,30.0,30.0,28.0,30.0,30.0,29.0,31.0,32.0,50.0,48.0,42.0,43.0,40.0
2025-12-25T09:36:56.568881,1546.7,556,Ring,motor_5_flexed,50.0,34.6875,0,31.0,30.0,29.0,30.0,30.0,28.0,30.0,30.0,29.0,31.0,32.0,50.0,48.0,42.0,44.0,41.0
2025-12-25T09:36:58.456776,1548.594,556,Ring,motor_5_open,50.0,34.75,0,31.0,30.0,29.0,30.0,30.0,28.0,30.0,30.0,29.0,31.0,32.0,50.0,48.0,42.0,44.0,42.0
2025-12-25T09:36:59.352737,1549.484,557,Ring,motor_6_flexed,50.0,34.625,0,31.0,30.0,29.0,30.0,30.0,28.0,30.0,30.0,29.0,31.0,32.0,50.0,48.0,42.0,43.0,41.0
2025-12-25T09:37:01.240606,1551.377,557,Ring,motor_6_open,50.0,34.6875,0,31.0,30.0,29.0,30.0,30.0,28.0,30.0,30.0,29.0,31.0,32.0,50.0,48.0,42.0,44.0,41.0
2025-12-25T09:37:02.136570,1552.274,558,Pinky,motor_7_flexed,50.0,34.6875,0,31.0,30.0,29.0,30.0,30.0,28.0,30.0,30.0,29.0,31.0,32.0,50.0,48.0,42.0,43.0,42.0
2025-12-25T09:37:04.024476,1554.163,558,Pinky,motor_7_open,50.0,34.625,0,31.0,30.0,29.0,30.0,30.0,28.0,30.0,30.0,29.0,31.0,32.0,50.0,48.0,42.0,43.0,41.0
2025-12-25T09:37:04.920415,1555.058,559,Pinky,motor_8_flexed,50.0,34.6875,0,31.0,30.0,29.0,30.0,30.0,28.0,30.0,30.0,29.0,31.0,32.0,50.0,48.0,42.0,44.0,41.0
2025-12-25T09:37:06.808312,1556.946,559,Pinky,motor_8_open,50.0,34.625,0,31.0,30.0,29.0,30.0,30.0,28.0,30.0,30.0,29.0,31.0,32.0,50.0,48.0,42.0,43.0,41.0
2025-12-25T09:37:07.704254,1557.845,560,Pinky,motor_9_flexed,50.0,34.625,0,31.0,30.0,29.0,30.0,30.0,28.0,30.0,30.0,29.0,31.0,32.0,50.0,48.0,42.0,43.0,41.0
2025-12-25T09:37:09.592159,1559.732,560,Pinky,motor_9_open,50.0,34.75,0,31.0,30.0,29.0,30.0,30.0,28.0,30.0,30.0,29.0,31.0,32.0,50.0,48.0,42.0,44.0,42.0
2025-12-25T09:37:10.184124,1560.318,560,Pinky,motor_9_open_hold,50.0,34.75,0,31.0,30.0,29.0,30.0,30.0,28.0,30.0,30.0,29.0,31.0,32.0,50.0,48.0,42.0,44.0,42.0
2025-12-25T09:37:10.584104,1560.72,561,Thumb,motor_13_flexed,50.0,34.6875,0,31.0,30.0,29.0,30.0,30.0,28.0,30.0,30.0,29.0,31.0,32.0,50.0,48.0,42.0,44.0,41.0
2025-12-25T09:37:12.471997,1562.61,561,Thumb,motor_13_open,50.0,34.6875,0,31.0,30.0,29.0,30.0,30.0,28.0,30.0,30.0,29.0,31.0,32.0,50.0,48.0,42.0,44.0,41.0
2025-12-25T09:37:13.367958,1563.507,562,Thumb,motor_14_flexed,50.0,34.625,0,31.0,30.0,29.0,30.0,30.0,28.0,30.0,30.0,29.0,31.0,32.0,50.0,48.0,42.0,43.0,41.0
2025-12-25T09:37:15.255838,1565.393,562,Thumb,motor_14_open,50.0,34.6875,0,31.0,30.0,29.0,30.0,30.0,28.0,30.0,30.0,29.0,31.0,32.0,50.0,48.0,42.0,44.0,41.0
2025-12-25T09:37:16.151815,1566.291,563,Thumb,motor_12_flexed,50.0,34.625,0,31.0,30.0,29.0,30.0,30.0,28.0,30.0,30.0,29.0,31.0,32.0,50.0,48.0,42.0,43.0,41.0
2025-12-25T09:37:18.039710,1568.177,563,Thumb,motor_12_open,50.0,34.625,0,31.0,30.0,29.0,30.0,30.0,28.0,30.0,30.0,29.0,31.0,32.0,50.0,48.0,42.0,43.0,41.0
2025-12-25T09:37:18.935663,1569.073,564,Index,motor_2_flexed,50.0,34.6875,0,31.0,30.0,29.0,30.0,30.0,28.0,30.0,30.0,29.0,31.0,32.0,50.0,48.0,42.0,43.0,42.0
2025-12-25T09:37:20.823562,1570.959,564,Index,motor_2_open,50.0,34.625,0,31.0,30.0,29.0,30.0,30.0,28.0,30.0,30.0,29.0,31.0,32.0,50.0,48.0,42.0,43.0,41.0
2025-12-25T09:37:21.719512,1571.86,565,Index,motor_1_flexed,50.0,34.625,0,31.0,30.0,29.0,30.0,30.0,28.0,30.0,30.0,29.0,31.0,32.0,50.0,48.0,42.0,43.0,41.0
2025-12-25T09:37:23.607409,1573.744,565,Index,motor_1_open,50.0,34.75,0,31.0,30.0,29.0,30.0,30.0,28.0,30.0,30.0,29.0,31.0,32.0,50.0,48.0,42.0,44.0,42.0
2025-12-25T09:37:24.503360,1574.638,566,Index,motor_3_flexed,50.0,34.75,0,31.0,30.0,29.0,30.0,30.0,28.0,30.0,30.0,29.0,31.0,32.0,50.0,48.0,42.0,44.0,42.0
2025-12-25T09:37:26.391255,1576.53,566,Index,motor_3_open,50.0,34.8125,0,31.0,30.0,29.0,30.0,30.0,28.0,30.0,30.0,29.0,31.0,32.0,50.0,48.0,42.0,43.0,44.0
2025-12-25T09:37:27.287202,1577.424,567,Middle,motor_11_flexed,50.0,34.6875,0,31.0,30.0,29.0,30.0,30.0,28.0,30.0,30.0,29.0,31.0,32.0,50.0,48.0,42.0,44.0,41.0
2025-12-25T09:37:29.175095,1579.314,567,Middle,motor_11_open,50.0,34.75,0,31.0,30.0,29.0,30.0,30.0,28.0,30.0,30.0,29.0,31.0,32.0,50.0,48.0,42.0,44.0,42.0
2025-12-25T09:37:30.071054,1580.208,568,Middle,motor_10_flexed,50.0,34.5625,0,31.0,30.0,29.0,30.0,30.0,28.0,30.0,30.0,29.0,31.0,32.0,50.0,47.0,42.0,43.0,41.0
2025-12-25T09:37:31.958945,1582.095,568,Middle,motor_10_open,50.0,34.6875,0,31.0,30.0,29.0,30.0,30.0,28.0,30.0,30.0,29.0,31.0,32.0,50.0,47.0,42.0,44.0,42.0
2025-12-25T09:37:32.854868,1582.995,569,Ring,motor_4_flexed,50.0,34.5625,0,31.0,30.0,29.0,30.0,30.0,28.0,30.0,30.0,29.0,31.0,32.0,50.0,47.0,42.0,43.0,41.0
2025-12-25T09:37:34.742761,1584.88,569,Ring,motor_4_open,50.0,34.625,0,31.0,30.0,29.0,30.0,30.0,28.0,30.0,30.0,29.0,31.0,32.0,50.0,47.0,42.0,43.0,42.0
2025-12-25T09:37:35.638722,1585.771,570,Ring,motor_5_flexed,50.0,34.625,0,31.0,30.0,29.0,30.0,30.0,28.0,30.0,30.0,29.0,31.0,32.0,50.0,47.0,42.0,43.0,42.0
2025-12-25T09:37:37.526619,1587.663,570,Ring,motor_5_open,50.0,34.6875,0,31.0,30.0,29.0,30.0,30.0,28.0,30.0,30.0,29.0,31.0,32.0,50.0,47.0,42.0,44.0,42.0
2025-12-25T09:37:38.422567,1588.558,571,Ring,motor_6_flexed,50.0,34.6875,0,31.0,30.0,29.0,30.0,30.0,28.0,30.0,30.0,29.0,31.0,32.0,50.0,47.0,42.0,44.0,42.0
2025-12-25T09:37:40.310466,1590.446,571,Ring,motor_6_open,50.0,34.5625,0,31.0,30.0,29.0,30.0,30.0,28.0,30.0,30.0,29.0,31.0,32.0,50.0,47.0,42.0,43.0,41.0
2025-12-25T09:37:41.206417,1591.344,572,Pinky,motor_7_flexed,50.0,34.625,0,31.0,30.0,29.0,30.0,30.0,28.0,30.0,30.0,29.0,31.0,32.0,50.0,47.0,42.0,43.0,42.0
2025-12-25T09:37:43.094308,1593.231,572,Pinky,motor_7_open,50.0,34.625,0,31.0,30.0,29.0,30.0,30.0,28.0,30.0,30.0,29.0,31.0,32.0,50.0,47.0,42.0,44.0,41.0
2025-12-25T09:37:43.990251,1594.128,573,Pinky,motor_8_flexed,50.0,34.6875,0,31.0,30.0,29.0,30.0,30.0,28.0,30.0,30.0,29.0,31.0,32.0,50.0,47.0,42.0,44.0,42.0
2025-12-25T09:37:45.878161,1596.016,573,Pinky,motor_8_open,50.0,34.625,0,31.0,30.0,29.0,30.0,30.0,28.0,30.0,30.0,29.0,31.0,32.0,50.0,47.0,42.0,44.0,41.0
2025-12-25T09:37:46.774100,1596.912,574,Pinky,motor_9_flexed,50.0,34.6875,0,31.0,30.0,29.0,30.0,30.0,28.0,30.0,30.0,29.0,31.0,32.0,50.0,47.0,42.0,44.0,42.0
2025-12-25T09:37:48.661999,1598.8,574,Pinky,motor_9_open,50.0,34.6875,0,31.0,30.0,29.0,30.0,30.0,28.0,30.0,30.0,29.0,31.0,32.0,50.0,48.0,42.0,44.0,41.0
2025-12-25T09:37:49.557957,1599.695,575,Thumb,motor_13_flexed,50.0,34.75,0,31.0,30.0,29.0,30.0,30.0,28.0,30.0,30.0,29.0,31.0,32.0,50.0,48.0,42.0,44.0,42.0
2025-12-25T09:37:51.445852,1601.584,575,Thumb,motor_13_open,50.0,34.625,0,31.0,30.0,29.0,30.0,30.0,28.0,30.0,30.0,29.0,31.0,32.0,50.0,48.0,42.0,43.0,41.0
2025-12-25T09:37:52.341809,1602.48,576,Thumb,motor_14_flexed,50.0,34.6875,0,31.0,30.0,29.0,30.0,30.0,28.0,30.0,30.0,29.0,31.0,32.0,50.0,48.0,42.0,44.0,41.0
2025-12-25T09:37:54.229703,1604.367,576,Thumb,motor_14_open,50.0,34.625,0,31.0,30.0,29.0,30.0,30.0,28.0,30.0,30.0,29.0,31.0,32.0,50.0,48.0,42.0,43.0,41.0
2025-12-25T09:37:55.125641,1605.263,577,Thumb,motor_12_flexed,50.0,34.6875,0,31.0,30.0,29.0,30.0,30.0,28.0,30.0,30.0,29.0,31.0,32.0,50.0,48.0,42.0,44.0,41.0
2025-12-25T09:37:57.013543,1607.15,577,Thumb,motor_12_open,50.0,34.8125,0,31.0,30.0,29.0,30.0,30.0,28.0,30.0,30.0,29.0,31.0,32.0,50.0,48.0,42.0,46.0,41.0
2025-12-25T09:37:57.909498,1608.045,578,Index,motor_2_flexed,50.0,34.75,0,31.0,30.0,29.0,30.0,30.0,28.0,30.0,30.0,29.0,31.0,32.0,50.0,48.0,42.0,44.0,42.0
2025-12-25T09:37:59.797394,1609.935,578,Index,motor_2_open,50.0,34.6875,0,31.0,30.0,29.0,30.0,30.0,28.0,30.0,30.0,29.0,31.0,32.0,50.0,48.0,42.0,44.0,41.0
2025-12-25T09:38:00.693345,1610.83,579,Index,motor_1_flexed,50.0,34.6875,0,31.0,30.0,29.0,30.0,30.0,28.0,30.0,30.0,29.0,31.0,32.0,50.0,48.0,42.0,44.0,41.0
2025-12-25T09:38:02.581233,1612.72,579,Index,motor_1_open,50.0,34.625,0,31.0,30.0,29.0,30.0,30.0,28.0,30.0,30.0,29.0,31.0,32.0,50.0,48.0,42.0,43.0,41.0
2025-12-25T09:38:03.477191,1613.617,580,Index,motor_3_flexed,50.0,34.625,0,31.0,30.0,29.0,30.0,30.0,28.0,30.0,30.0,29.0,31.0,32.0,50.0,48.0,42.0,43.0,41.0
2025-12-25T09:38:05.365086,1615.504,580,Index,motor_3_open,50.0,34.6875,0,31.0,30.0,29.0,30.0,30.0,28.0,30.0,30.0,29.0,31.0,32.0,50.0,48.0,42.0,44.0,41.0
2025-12-25T09:38:06.261047,1616.397,581,Middle,motor_11_flexed,50.0,34.625,0,31.0,30.0,29.0,30.0,30.0,28.0,30.0,30.0,29.0,31.0,32.0,50.0,48.0,42.0,43.0,41.0
2025-12-25T09:38:08.148925,1618.287,581,Middle,motor_11_open,50.0,34.625,0,31.0,30.0,29.0,30.0,30.0,28.0,30.0,30.0,29.0,31.0,32.0,50.0,48.0,42.0,43.0,41.0
2025-12-25T09:38:09.044885,1619.184,582,Middle,motor_10_flexed,50.0,34.6875,0,31.0,30.0,29.0,30.0,30.0,28.0,30.0,30.0,29.0,31.0,32.0,50.0,48.0,42.0,44.0,41.0
2025-12-25T09:38:10.132827,1620.271,582,Middle,motor_10_flex_hold,50.0,34.75,0,31.0,30.0,29.0,30.0,30.0,28.0,30.0,30.0,29.0,31.0,32.0,50.0,48.0,42.0,44.0,42.0
2025-12-25T09:38:10.932794,1621.073,582,Middle,motor_10_open,50.0,34.625,0,31.0,30.0,29.0,30.0,30.0,28.0,30.0,30.0,29.0,31.0,32.0,50.0,48.0,42.0,43.0,41.0
2025-12-25T09:38:11.828732,1621.968,583,Ring,motor_4_flexed,50.0,34.75,0,31.0,30.0,29.0,30.0,30.0,28.0,30.0,30.0,29.0,31.0,32.0,50.0,48.0,42.0,44.0,42.0
2025-12-25T09:38:13.716629,1623.853,583,Ring,motor_4_open,50.0,34.6875,0,31.0,30.0,29.0,30.0,30.0,28.0,30.0,30.0,29.0,31.0,32.0,50.0,48.0,42.0,44.0,41.0
2025-12-25T09:38:14.612570,1624.751,584,Ring,motor_5_flexed,50.0,34.5,0,31.0,30.0,29.0,30.0,30.0,28.0,30.0,30.0,29.0,31.0,32.0,50.0,48.0,42.0,43.0,39.0
2025-12-25T09:38:16.500476,1626.638,584,Ring,motor_5_open,50.0,34.6875,0,31.0,30.0,29.0,30.0,30.0,28.0,30.0,30.0,29.0,31.0,32.0,50.0,48.0,42.0,44.0,41.0
2025-12-25T09:38:17.396426,1627.534,585,Ring,motor_6_flexed,50.0,34.625,0,31.0,30.0,29.0,30.0,30.0,28.0,30.0,30.0,29.0,31.0,32.0,50.0,48.0,42.0,43.0,41.0
2025-12-25T09:38:19.284321,1629.423,585,Ring,motor_6_open,50.0,34.6875,0,31.0,30.0,29.0,30.0,30.0,28.0,30.0,30.0,29.0,31.0,32.0,50.0,48.0,42.0,43.0,42.0
2025-12-25T09:38:20.180286,1630.319,586,Pinky,motor_7_flexed,50.0,34.6875,0,31.0,30.0,29.0,30.0,30.0,28.0,30.0,30.0,29.0,31.0,32.0,50.0,48.0,42.0,44.0,41.0
2025-12-25T09:38:22.068169,1632.208,586,Pinky,motor_7_open,50.0,34.625,0,31.0,30.0,29.0,30.0,30.0,28.0,30.0,30.0,29.0,31.0,32.0,50.0,48.0,42.0,43.0,41.0
2025-12-25T09:38:22.964119,1633.103,587,Pinky,motor_8_flexed,50.0,34.6875,0,31.0,30.0,29.0,30.0,30.0,28.0,30.0,30.0,29.0,31.0,32.0,50.0,48.0,42.0,44.0,41.0
2025-12-25T09:38:24.852030,1634.988,587,Pinky,motor_8_open,50.0,34.625,0,31.0,30.0,29.0,30.0,30.0,28.0,30.0,30.0,29.0,31.0,32.0,50.0,48.0,42.0,43.0,41.0
2025-12-25T09:38:25.747968,1635.886,588,Pinky,motor_9_flexed,50.0,34.625,0,31.0,30.0,29.0,30.0,30.0,28.0,30.0,30.0,29.0,31.0,32.0,50.0,48.0,42.0,43.0,41.0
2025-12-25T09:38:27.635862,1637.774,588,Pinky,motor_9_open,50.0,34.625,0,31.0,30.0,29.0,30.0,30.0,28.0,30.0,30.0,29.0,31.0,32.0,50.0,48.0,42.0,43.0,41.0
2025-12-25T09:38:28.531816,1638.67,589,Thumb,motor_13_flexed,50.0,34.625,0,31.0,30.0,29.0,30.0,30.0,28.0,30.0,30.0,29.0,31.0,32.0,50.0,48.0,42.0,43.0,41.0
2025-12-25T09:38:30.419711,1640.556,589,Thumb,motor_13_open,50.0,34.625,0,31.0,30.0,29.0,30.0,30.0,28.0,30.0,30.0,29.0,31.0,32.0,50.0,48.0,42.0,43.0,41.0
2025-12-25T09:38:31.315660,1641.455,590,Thumb,motor_14_flexed,50.0,34.75,0,31.0,30.0,29.0,30.0,30.0,28.0,30.0,30.0,29.0,31.0,32.0,50.0,48.0,42.0,44.0,42.0
2025-12-25T09:38:33.203559,1643.344,590,Thumb,motor_14_open,50.0,34.625,0,31.0,30.0,29.0,30.0,30.0,28.0,30.0,30.0,29.0,31.0,32.0,50.0,48.0,42.0,43.0,41.0
2025-12-25T09:38:34.099525,1644.239,591,Thumb,motor_12_flexed,50.0,34.6875,0,31.0,30.0,29.0,30.0,30.0,28.0,30.0,30.0,29.0,31.0,32.0,50.0,48.0,42.0,44.0,41.0
2025-12-25T09:38:35.987403,1646.124,591,Thumb,motor_12_open,50.0,34.6875,0,31.0,30.0,29.0,30.0,30.0,28.0,30.0,30.0,29.0,31.0,32.0,50.0,48.0,42.0,44.0,41.0
2025-12-25T09:38:36.883355,1647.022,592,Index,motor_2_flexed,50.0,34.75,0,31.0,30.0,29.0,30.0,30.0,28.0,30.0,30.0,29.0,31.0,32.0,50.0,48.0,42.0,44.0,42.0
2025-12-25T09:38:38.771254,1648.91,592,Index,motor_2_open,50.0,34.6875,0,31.0,30.0,29.0,30.0,30.0,28.0,30.0,30.0,29.0,31.0,32.0,50.0,48.0,42.0,44.0,41.0
2025-12-25T09:38:39.667202,1649.805,593,Index,motor_1_flexed,50.0,34.6875,0,31.0,30.0,29.0,30.0,30.0,28.0,30.0,30.0,29.0,31.0,32.0,50.0,48.0,42.0,43.0,42.0
2025-12-25T09:38:41.555086,1651.686,593,Index,motor_1_open,50.0,34.625,0,31.0,30.0,29.0,30.0,30.0,28.0,30.0,30.0,29.0,31.0,32.0,50.0,48.0,42.0,43.0,41.0
2025-12-25T09:38:42.451039,1652.583,594,Index,motor_3_flexed,50.0,34.75,0,31.0,30.0,29.0,30.0,30.0,28.0,30.0,30.0,29.0,31.0,32.0,50.0,48.0,42.0,44.0,42.0
2025-12-25T09:38:44.338943,1654.475,594,Index,motor_3_open,50.0,34.75,0,31.0,30.0,29.0,30.0,30.0,28.0,30.0,30.0,29.0,31.0,32.0,50.0,48.0,42.0,44.0,42.0
2025-12-25T09:38:45.234898,1655.374,595,Middle,motor_11_flexed,50.0,34.625,0,31.0,30.0,29.0,30.0,30.0,28.0,30.0,30.0,29.0,31.0,32.0,50.0,48.0,42.0,44.0,40.0
2025-12-25T09:38:47.122793,1657.262,595,Middle,motor_11_open,50.0,34.6875,0,31.0,30.0,29.0,30.0,30.0,28.0,30.0,30.0,29.0,31.0,32.0,50.0,48.0,42.0,44.0,41.0
2025-12-25T09:38:48.018735,1658.15,596,Middle,motor_10_flexed,50.0,34.75,0,31.0,30.0,29.0,30.0,30.0,28.0,30.0,30.0,29.0,31.0,32.0,50.0,48.0,42.0,44.0,42.0
2025-12-25T09:38:49.906641,1660.043,596,Middle,motor_10_open,50.0,34.6875,0,31.0,30.0,29.0,30.0,30.0,28.0,30.0,30.0,29.0,31.0,32.0,50.0,48.0,42.0,44.0,41.0
2025-12-25T09:38:50.802590,1660.941,597,Ring,motor_4_flexed,50.0,34.75,0,31.0,30.0,29.0,30.0,30.0,28.0,30.0,30.0,29.0,31.0,32.0,50.0,48.0,42.0,44.0,42.0
2025-12-25T09:38:52.690487,1662.828,597,Ring,motor_4_open,50.0,34.6875,0,31.0,30.0,29.0,30.0,30.0,28.0,30.0,30.0,29.0,31.0,32.0,50.0,48.0,42.0,44.0,41.0
2025-12-25T09:38:53.586437,1663.723,598,Ring,motor_5_flexed,50.0,34.6875,0,31.0,30.0,29.0,30.0,30.0,28.0,30.0,30.0,29.0,31.0,32.0,50.0,48.0,42.0,43.0,42.0
2025-12-25T09:38:55.474337,1665.611,598,Ring,motor_5_open,50.0,34.6875,0,31.0,30.0,29.0,30.0,30.0,28.0,30.0,30.0,29.0,31.0,32.0,50.0,48.0,42.0,43.0,42.0
2025-12-25T09:38:56.370285,1666.509,599,Ring,motor_6_flexed,50.0,34.75,0,31.0,30.0,29.0,30.0,30.0,28.0,30.0,30.0,29.0,31.0,32.0,50.0,48.0,42.0,44.0,42.0
2025-12-25T09:38:58.258181,1668.398,599,Ring,motor_6_open,50.0,34.75,0,31.0,30.0,29.0,30.0,30.0,28.0,30.0,30.0,29.0,31.0,32.0,50.0,48.0,42.0,44.0,42.0
2025-12-25T09:38:59.154133,1669.291,600,Pinky,motor_7_flexed,50.0,34.625,0,31.0,30.0,29.0,30.0,30.0,28.0,30.0,30.0,29.0,31.0,32.0,50.0,48.0,42.0,43.0,41.0
2025-12-25T09:39:01.042027,1671.18,600,Pinky,motor_7_open,50.0,34.6875,0,31.0,30.0,29.0,30.0,30.0,28.0,30.0,30.0,29.0,31.0,32.0,50.0,48.0,42.0,43.0,42.0
2025-12-25T09:39:01.937960,1672.075,601,Pinky,motor_8_flexed,50.0,34.6875,0,31.0,30.0,29.0,30.0,30.0,28.0,30.0,30.0,29.0,31.0,32.0,50.0,48.0,42.0,44.0,41.0
2025-12-25T09:39:03.825879,1673.965,601,Pinky,motor_8_open,50.0,34.6875,0,31.0,30.0,29.0,30.0,30.0,28.0,30.0,30.0,29.0,31.0,32.0,50.0,48.0,42.0,44.0,41.0
2025-12-25T09:39:04.721827,1674.858,602,Pinky,motor_9_flexed,50.0,34.6875,0,31.0,30.0,29.0,30.0,30.0,28.0,30.0,30.0,29.0,31.0,32.0,50.0,48.0,42.0,43.0,42.0
2025-12-25T09:39:06.609722,1676.747,602,Pinky,motor_9_open,50.0,34.625,0,31.0,30.0,29.0,30.0,30.0,28.0,30.0,30.0,29.0,31.0,32.0,50.0,48.0,42.0,43.0,41.0
2025-12-25T09:39:07.505674,1677.643,603,Thumb,motor_13_flexed,50.0,34.625,0,31.0,30.0,29.0,30.0,30.0,28.0,30.0,30.0,29.0,31.0,32.0,50.0,48.0,42.0,43.0,41.0
2025-12-25T09:39:09.393570,1679.534,603,Thumb,motor_13_open,50.0,34.6875,0,31.0,30.0,29.0,30.0,30.0,28.0,30.0,30.0,29.0,31.0,32.0,50.0,48.0,42.0,44.0,41.0
2025-12-25T09:39:09.985537,1680.119,603,Thumb,motor_13_open_hold,50.0,34.6875,0,31.0,30.0,29.0,30.0,30.0,28.0,30.0,30.0,29.0,31.0,32.0,50.0,48.0,42.0,43.0,42.0
2025-12-25T09:39:10.385516,1680.524,604,Thumb,motor_14_flexed,50.0,34.625,0,31.0,30.0,29.0,30.0,30.0,28.0,30.0,30.0,29.0,31.0,32.0,50.0,48.0,42.0,43.0,41.0
2025-12-25T09:39:12.273410,1682.413,604,Thumb,motor_14_open,50.0,34.6875,0,31.0,30.0,29.0,30.0,30.0,28.0,30.0,30.0,29.0,31.0,32.0,50.0,48.0,42.0,43.0,42.0
2025-12-25T09:39:13.169372,1683.306,605,Thumb,motor_12_flexed,50.0,34.75,0,31.0,30.0,29.0,30.0,30.0,28.0,30.0,30.0,29.0,31.0,32.0,50.0,48.0,42.0,44.0,42.0
2025-12-25T09:39:15.057254,1685.195,605,Thumb,motor_12_open,50.0,34.75,0,31.0,30.0,29.0,30.0,30.0,28.0,30.0,30.0,29.0,31.0,32.0,50.0,48.0,42.0,44.0,42.0
2025-12-25T09:39:15.953209,1686.091,606,Index,motor_2_flexed,50.0,34.6875,0,31.0,30.0,29.0,30.0,30.0,28.0,30.0,30.0,29.0,31.0,32.0,50.0,48.0,42.0,43.0,42.0
2025-12-25T09:39:17.841119,1687.979,606,Index,motor_2_open,50.0,34.75,0,31.0,30.0,29.0,30.0,30.0,28.0,30.0,30.0,29.0,31.0,32.0,50.0,48.0,42.0,44.0,42.0
2025-12-25T09:39:18.737057,1688.875,607,Index,motor_1_flexed,50.0,34.75,0,31.0,30.0,29.0,30.0,30.0,28.0,30.0,30.0,29.0,31.0,32.0,50.0,48.0,42.0,44.0,42.0
2025-12-25T09:39:20.624950,1690.759,607,Index,motor_1_open,50.0,34.625,0,31.0,30.0,29.0,30.0,30.0,28.0,30.0,30.0,29.0,31.0,32.0,50.0,48.0,42.0,43.0,41.0
2025-12-25T09:39:21.520906,1691.661,608,Index,motor_3_flexed,50.0,34.6875,0,31.0,30.0,29.0,30.0,30.0,28.0,30.0,30.0,29.0,31.0,32.0,50.0,48.0,42.0,43.0,42.0
2025-12-25T09:39:23.408801,1693.549,608,Index,motor_3_open,50.0,34.6875,0,31.0,30.0,29.0,30.0,30.0,28.0,30.0,30.0,29.0,31.0,32.0,50.0,48.0,42.0,44.0,41.0
2025-12-25T09:39:24.304752,1694.442,609,Middle,motor_11_flexed,50.0,34.6875,0,31.0,30.0,29.0,30.0,30.0,28.0,30.0,30.0,29.0,31.0,32.0,50.0,48.0,42.0,44.0,41.0
2025-12-25T09:39:26.192638,1696.329,609,Middle,motor_11_open,50.0,34.6875,0,31.0,30.0,29.0,30.0,30.0,28.0,30.0,30.0,29.0,31.0,32.0,50.0,48.0,42.0,44.0,41.0
2025-12-25T09:39:27.088600,1697.228,610,Middle,motor_10_flexed,50.0,34.6875,0,31.0,30.0,29.0,30.0,30.0,28.0,30.0,30.0,29.0,31.0,32.0,50.0,48.0,42.0,43.0,42.0
2025-12-25T09:39:28.976499,1699.114,610,Middle,motor_10_open,50.0,34.625,0,31.0,30.0,29.0,30.0,30.0,28.0,30.0,30.0,29.0,31.0,32.0,50.0,48.0,42.0,43.0,41.0
2025-12-25T09:39:29.872449,1700.009,611,Ring,motor_4_flexed,50.0,34.625,0,31.0,30.0,29.0,30.0,30.0,28.0,30.0,30.0,29.0,31.0,32.0,50.0,48.0,42.0,43.0,41.0
2025-12-25T09:39:31.760360,1701.898,611,Ring,motor_4_open,50.0,34.625,0,31.0,30.0,29.0,30.0,30.0,28.0,30.0,30.0,29.0,31.0,32.0,50.0,48.0,42.0,43.0,41.0
2025-12-25T09:39:32.656294,1702.795,612,Ring,motor_5_flexed,50.0,34.6875,0,31.0,30.0,29.0,30.0,30.0,28.0,30.0,30.0,29.0,31.0,32.0,50.0,48.0,42.0,43.0,42.0
2025-12-25T09:39:34.544170,1704.684,612,Ring,motor_5_open,50.0,34.6875,0,31.0,30.0,29.0,30.0,30.0,28.0,30.0,30.0,29.0,31.0,32.0,50.0,48.0,42.0,44.0,41.0
2025-12-25T09:39:35.440133,1705.577,613,Ring,motor_6_flexed,50.0,34.625,0,31.0,30.0,29.0,30.0,30.0,28.0,30.0,30.0,29.0,31.0,32.0,50.0,48.0,42.0,43.0,41.0
2025-12-25T09:39:37.328026,1707.462,613,Ring,motor_6_open,50.0,34.6875,0,31.0,30.0,29.0,30.0,30.0,28.0,30.0,30.0,29.0,31.0,32.0,50.0,48.0,42.0,44.0,41.0
2025-12-25T09:39:38.223979,1708.361,614,Pinky,motor_7_flexed,50.0,34.625,0,31.0,30.0,29.0,30.0,30.0,28.0,30.0,30.0,29.0,31.0,32.0,50.0,48.0,42.0,43.0,41.0
2025-12-25T09:39:40.111877,1710.25,614,Pinky,motor_7_open,50.0,34.625,0,31.0,30.0,29.0,30.0,30.0,28.0,30.0,30.0,29.0,31.0,32.0,50.0,48.0,42.0,43.0,41.0
2025-12-25T09:39:41.007829,1711.147,615,Pinky,motor_8_flexed,50.0,34.625,0,31.0,30.0,29.0,30.0,30.0,28.0,30.0,30.0,29.0,31.0,32.0,50.0,48.0,42.0,43.0,41.0
2025-12-25T09:39:42.895722,1713.033,615,Pinky,motor_8_open,50.0,34.625,0,31.0,30.0,29.0,30.0,30.0,28.0,30.0,30.0,29.0,31.0,32.0,50.0,48.0,42.0,44.0,40.0
2025-12-25T09:39:43.791676,1713.93,616,Pinky,motor_9_flexed,50.0,34.75,0,31.0,30.0,29.0,30.0,30.0,28.0,30.0,30.0,29.0,31.0,32.0,50.0,48.0,42.0,44.0,42.0
2025-12-25T09:39:45.679570,1715.818,616,Pinky,motor_9_open,50.0,34.75,0,31.0,30.0,29.0,30.0,30.0,28.0,30.0,30.0,29.0,31.0,32.0,50.0,48.0,42.0,44.0,42.0
2025-12-25T09:39:46.575521,1716.713,617,Thumb,motor_13_flexed,50.0,34.6875,0,31.0,30.0,29.0,30.0,30.0,28.0,30.0,30.0,29.0,31.0,32.0,50.0,48.0,42.0,44.0,41.0
2025-12-25T09:39:48.463417,1718.6,617,Thumb,motor_13_open,50.0,34.75,0,31.0,30.0,29.0,30.0,30.0,28.0,30.0,30.0,29.0,31.0,32.0,50.0,48.0,42.0,45.0,41.0
2025-12-25T09:39:49.359370,1719.496,618,Thumb,motor_14_flexed,50.0,34.6875,0,31.0,30.0,29.0,30.0,30.0,28.0,30.0,30.0,29.0,31.0,32.0,50.0,48.0,42.0,43.0,42.0
2025-12-25T09:39:51.247271,1721.386,618,Thumb,motor_14_open,50.0,34.6875,0,31.0,30.0,29.0,30.0,30.0,28.0,30.0,30.0,29.0,31.0,32.0,50.0,48.0,42.0,43.0,42.0
2025-12-25T09:39:52.143225,1722.281,619,Thumb,motor_12_flexed,50.0,34.6875,0,31.0,30.0,29.0,30.0,30.0,28.0,30.0,30.0,29.0,31.0,32.0,50.0,48.0,42.0,44.0,41.0
2025-12-25T09:39:54.031119,1724.167,619,Thumb,motor_12_open,50.0,34.6875,0,31.0,30.0,29.0,30.0,30.0,28.0,30.0,30.0,29.0,31.0,32.0,50.0,48.0,42.0,44.0,41.0
2025-12-25T09:39:54.927069,1725.064,620,Index,motor_2_flexed,50.0,34.6875,0,31.0,30.0,29.0,30.0,30.0,28.0,30.0,30.0,29.0,31.0,32.0,50.0,48.0,42.0,43.0,42.0
2025-12-25T09:39:56.814966,1726.951,620,Index,motor_2_open,50.0,34.6875,0,31.0,30.0,29.0,30.0,30.0,28.0,30.0,30.0,29.0,31.0,32.0,50.0,48.0,42.0,43.0,42.0
2025-12-25T09:39:57.710921,1727.848,621,Index,motor_1_flexed,50.0,34.6875,0,31.0,30.0,29.0,30.0,30.0,28.0,30.0,30.0,29.0,31.0,32.0,50.0,48.0,42.0,43.0,42.0
2025-12-25T09:39:59.598815,1729.737,621,Index,motor_1_open,50.0,34.6875,0,31.0,30.0,29.0,30.0,30.0,28.0,30.0,30.0,29.0,31.0,32.0,50.0,48.0,42.0,43.0,42.0
2025-12-25T09:40:00.494760,1730.63,622,Index,motor_3_flexed,50.0,34.625,0,31.0,30.0,29.0,30.0,30.0,28.0,30.0,30.0,29.0,31.0,32.0,50.0,48.0,42.0,43.0,41.0
2025-12-25T09:40:02.382663,1732.521,622,Index,motor_3_open,50.0,34.75,0,31.0,30.0,29.0,30.0,30.0,28.0,30.0,30.0,29.0,31.0,32.0,50.0,48.0,42.0,44.0,42.0
2025-12-25T09:40:03.278613,1733.416,623,Middle,motor_11_flexed,50.0,34.625,0,31.0,30.0,29.0,30.0,30.0,28.0,30.0,30.0,29.0,31.0,32.0,50.0,48.0,42.0,43.0,41.0
2025-12-25T09:40:05.166512,1735.302,623,Middle,motor_11_open,50.0,34.625,0,31.0,30.0,29.0,30.0,30.0,28.0,30.0,30.0,29.0,31.0,32.0,50.0,48.0,42.0,43.0,41.0
2025-12-25T09:40:06.062454,1736.197,624,Middle,motor_10_flexed,50.0,34.6875,0,31.0,30.0,29.0,30.0,30.0,28.0,30.0,30.0,29.0,31.0,32.0,50.0,48.0,42.0,44.0,41.0
2025-12-25T09:40:07.950349,1738.086,624,Middle,motor_10_open,50.0,34.75,0,31.0,30.0,29.0,30.0,30.0,28.0,30.0,30.0,29.0,31.0,32.0,50.0,48.0,42.0,44.0,42.0
2025-12-25T09:40:08.846308,1738.986,625,Ring,motor_4_flexed,50.0,34.625,0,31.0,30.0,29.0,30.0,30.0,28.0,30.0,30.0,29.0,31.0,32.0,50.0,48.0,42.0,43.0,41.0
2025-12-25T09:40:09.934248,1740.072,625,Ring,motor_4_flex_hold,50.0,34.6875,0,31.0,30.0,29.0,30.0,30.0,28.0,30.0,30.0,29.0,31.0,32.0,50.0,48.0,42.0,44.0,41.0
2025-12-25T09:40:10.734210,1740.87,625,Ring,motor_4_open,50.0,34.6875,0,31.0,30.0,29.0,30.0,30.0,28.0,30.0,30.0,29.0,31.0,32.0,50.0,48.0,42.0,43.0,42.0
2025-12-25T09:40:11.630142,1741.768,626,Ring,motor_5_flexed,50.0,34.625,0,31.0,30.0,29.0,30.0,30.0,28.0,30.0,30.0,29.0,31.0,32.0,50.0,48.0,42.0,43.0,41.0
2025-12-25T09:40:13.518050,1743.656,626,Ring,motor_5_open,50.0,34.6875,0,31.0,30.0,29.0,30.0,30.0,28.0,30.0,30.0,29.0,31.0,32.0,50.0,48.0,42.0,44.0,41.0
2025-12-25T09:40:14.414000,1744.553,627,Ring,motor_6_flexed,50.0,34.8125,0,31.0,30.0,29.0,30.0,30.0,28.0,30.0,30.0,29.0,31.0,32.0,50.0,48.0,42.0,44.0,43.0
2025-12-25T09:40:16.301900,1746.439,627,Ring,motor_6_open,50.0,34.625,0,31.0,30.0,29.0,30.0,30.0,28.0,30.0,30.0,29.0,31.0,32.0,50.0,48.0,42.0,43.0,41.0
2025-12-25T09:40:17.197848,1747.338,628,Pinky,motor_7_flexed,50.0,34.6875,0,31.0,30.0,29.0,30.0,30.0,28.0,30.0,30.0,29.0,31.0,32.0,50.0,48.0,42.0,43.0,42.0
2025-12-25T09:40:19.085747,1749.222,628,Pinky,motor_7_open,50.0,34.6875,0,31.0,30.0,29.0,30.0,30.0,28.0,30.0,30.0,29.0,31.0,32.0,50.0,48.0,42.0,44.0,41.0
2025-12-25T09:40:19.981690,1750.113,629,Pinky,motor_8_flexed,50.0,34.625,0,31.0,30.0,29.0,30.0,30.0,28.0,30.0,30.0,29.0,31.0,32.0,50.0,48.0,42.0,43.0,41.0
2025-12-25T09:40:21.869594,1752.011,629,Pinky,motor_8_open,50.0,34.6875,0,31.0,30.0,29.0,30.0,30.0,28.0,30.0,30.0,29.0,31.0,32.0,50.0,48.0,42.0,43.0,42.0
2025-12-25T09:40:22.765546,1752.903,630,Pinky,motor_9_flexed,50.0,34.625,0,31.0,30.0,29.0,30.0,30.0,28.0,30.0,30.0,29.0,31.0,32.0,50.0,48.0,42.0,43.0,41.0
2025-12-25T09:40:24.653450,1754.79,630,Pinky,motor_9_open,50.0,34.625,0,31.0,30.0,29.0,30.0,30.0,28.0,30.0,30.0,29.0,31.0,32.0,50.0,48.0,42.0,43.0,41.0
2025-12-25T09:40:25.549392,1755.688,631,Thumb,motor_13_flexed,50.0,34.6875,0,31.0,30.0,29.0,30.0,30.0,28.0,30.0,30.0,29.0,31.0,32.0,50.0,48.0,42.0,43.0,42.0
2025-12-25T09:40:27.437287,1757.574,631,Thumb,motor_13_open,50.0,34.6875,0,31.0,30.0,29.0,30.0,30.0,28.0,30.0,30.0,29.0,31.0,32.0,50.0,48.0,42.0,44.0,41.0
2025-12-25T09:40:28.333240,1758.471,632,Thumb,motor_14_flexed,50.0,34.6875,0,31.0,30.0,29.0,30.0,30.0,28.0,30.0,30.0,29.0,31.0,32.0,50.0,48.0,42.0,44.0,41.0
2025-12-25T09:40:30.221120,1760.355,632,Thumb,motor_14_open,50.0,34.5625,0,31.0,30.0,29.0,30.0,30.0,28.0,30.0,30.0,29.0,31.0,32.0,50.0,48.0,42.0,44.0,39.0
2025-12-25T09:40:31.117087,1761.254,633,Thumb,motor_12_flexed,50.0,34.75,0,31.0,30.0,29.0,30.0,30.0,28.0,30.0,30.0,29.0,31.0,32.0,50.0,48.0,42.0,44.0,42.0
2025-12-25T09:40:33.004984,1763.141,633,Thumb,motor_12_open,50.0,34.75,0,31.0,30.0,29.0,30.0,30.0,28.0,30.0,30.0,29.0,31.0,32.0,50.0,48.0,42.0,44.0,42.0
2025-12-25T09:40:33.900945,1764.041,634,Index,motor_2_flexed,50.0,34.6875,0,31.0,30.0,29.0,30.0,30.0,28.0,30.0,30.0,29.0,31.0,32.0,50.0,48.0,42.0,43.0,42.0
2025-12-25T09:40:35.788828,1765.924,634,Index,motor_2_open,50.0,34.625,0,31.0,30.0,29.0,30.0,30.0,28.0,30.0,30.0,29.0,31.0,32.0,50.0,48.0,42.0,43.0,41.0
2025-12-25T09:40:36.684781,1766.821,635,Index,motor_1_flexed,50.0,34.6875,0,31.0,30.0,29.0,30.0,30.0,28.0,30.0,30.0,29.0,31.0,32.0,50.0,48.0,42.0,44.0,41.0
2025-12-25T09:40:38.572690,1768.713,635,Index,motor_1_open,50.0,34.6875,0,31.0,30.0,29.0,30.0,30.0,28.0,30.0,30.0,29.0,31.0,32.0,50.0,48.0,42.0,44.0,41.0
2025-12-25T09:40:39.468628,1769.607,636,Index,motor_3_flexed,50.0,34.75,0,31.0,30.0,29.0,30.0,30.0,28.0,30.0,30.0,29.0,31.0,32.0,50.0,48.0,42.0,44.0,42.0
2025-12-25T09:40:41.356515,1771.496,636,Index,motor_3_open,50.0,34.75,0,31.0,30.0,29.0,30.0,30.0,28.0,30.0,30.0,29.0,31.0,32.0,50.0,48.0,42.0,44.0,42.0
2025-12-25T09:40:42.252463,1772.391,637,Middle,motor_11_flexed,50.0,34.6875,0,31.0,30.0,29.0,30.0,30.0,28.0,30.0,30.0,29.0,31.0,32.0,50.0,48.0,42.0,44.0,41.0
2025-12-25T09:40:44.140361,1774.277,637,Middle,motor_11_open,50.0,34.6875,0,31.0,30.0,29.0,30.0,30.0,28.0,30.0,30.0,29.0,31.0,32.0,50.0,48.0,42.0,44.0,41.0
2025-12-25T09:40:45.036324,1775.175,638,Middle,motor_10_flexed,50.0,34.6875,0,31.0,30.0,29.0,30.0,30.0,28.0,30.0,30.0,29.0,31.0,32.0,50.0,48.0,42.0,44.0,41.0
2025-12-25T09:40:46.924218,1777.061,638,Middle,motor_10_open,50.0,34.6875,0,31.0,30.0,29.0,30.0,30.0,28.0,30.0,30.0,29.0,31.0,32.0,50.0,48.0,42.0,43.0,42.0
2025-12-25T09:40:47.820185,1777.952,639,Ring,motor_4_flexed,50.0,34.625,0,31.0,30.0,29.0,30.0,30.0,28.0,30.0,30.0,29.0,31.0,32.0,50.0,48.0,42.0,43.0,41.0
2025-12-25T09:40:49.708067,1779.847,639,Ring,motor_4_open,50.0,34.6875,0,31.0,30.0,29.0,30.0,30.0,28.0,30.0,30.0,29.0,31.0,32.0,50.0,48.0,42.0,44.0,41.0
2025-12-25T09:40:50.604019,1780.744,640,Ring,motor_5_flexed,50.0,34.6875,0,31.0,30.0,29.0,30.0,30.0,28.0,30.0,30.0,29.0,31.0,32.0,50.0,48.0,42.0,44.0,41.0
2025-12-25T09:40:52.491914,1782.63,640,Ring,motor_5_open,50.0,34.6875,0,31.0,30.0,29.0,30.0,30.0,28.0,30.0,30.0,29.0,31.0,32.0,50.0,48.0,42.0,43.0,42.0
2025-12-25T09:40:53.387867,1783.526,641,Ring,motor_6_flexed,50.0,34.6875,0,31.0,30.0,29.0,30.0,30.0,28.0,30.0,30.0,29.0,31.0,32.0,50.0,48.0,42.0,43.0,42.0
2025-12-25T09:40:55.275762,1785.414,641,Ring,motor_6_open,50.0,34.75,0,31.0,30.0,29.0,30.0,30.0,28.0,30.0,30.0,29.0,31.0,32.0,50.0,48.0,42.0,44.0,42.0
2025-12-25T09:40:56.171712,1786.31,642,Pinky,motor_7_flexed,50.0,34.6875,0,31.0,30.0,29.0,30.0,30.0,28.0,30.0,30.0,29.0,31.0,32.0,50.0,48.0,42.0,44.0,41.0
2025-12-25T09:40:58.059610,1788.196,642,Pinky,motor_7_open,50.0,34.6875,0,31.0,30.0,29.0,30.0,30.0,28.0,30.0,30.0,29.0,31.0,32.0,50.0,48.0,42.0,44.0,41.0
2025-12-25T09:40:58.955562,1789.093,643,Pinky,motor_8_flexed,50.0,34.6875,0,31.0,30.0,29.0,30.0,30.0,28.0,30.0,30.0,29.0,31.0,32.0,50.0,48.0,42.0,44.0,41.0
2025-12-25T09:41:00.843456,1790.982,643,Pinky,motor_8_open,50.0,34.6875,0,31.0,30.0,29.0,30.0,30.0,28.0,30.0,30.0,29.0,31.0,32.0,50.0,48.0,42.0,44.0,41.0
2025-12-25T09:41:01.739407,1791.878,644,Pinky,motor_9_flexed,50.0,34.75,0,31.0,30.0,29.0,30.0,30.0,28.0,30.0,30.0,29.0,31.0,32.0,50.0,48.0,42.0,44.0,42.0
2025-12-25T09:41:03.627299,1793.768,644,Pinky,motor_9_open,50.0,34.625,0,31.0,30.0,29.0,30.0,30.0,28.0,30.0,30.0,29.0,31.0,32.0,50.0,48.0,42.0,43.0,41.0
2025-12-25T09:41:04.523256,1794.661,645,Thumb,motor_13_flexed,50.0,34.6875,0,31.0,30.0,29.0,30.0,30.0,28.0,30.0,30.0,29.0,31.0,32.0,50.0,48.0,42.0,43.0,42.0
2025-12-25T09:41:06.411152,1796.546,645,Thumb,motor_13_open,50.0,34.75,0,31.0,30.0,29.0,30.0,30.0,28.0,30.0,30.0,29.0,31.0,32.0,50.0,48.0,42.0,45.0,41.0
2025-12-25T09:41:07.307105,1797.445,646,Thumb,motor_14_flexed,50.0,34.6875,0,31.0,30.0,29.0,30.0,30.0,28.0,30.0,30.0,29.0,31.0,32.0,50.0,48.0,42.0,43.0,42.0
2025-12-25T09:41:09.195001,1799.334,646,Thumb,motor_14_open,50.0,34.75,0,31.0,30.0,29.0,30.0,30.0,28.0,30.0,30.0,29.0,31.0,32.0,50.0,48.0,42.0,44.0,42.0
2025-12-25T09:41:10.090951,1800.23,647,Thumb,motor_12_flexed,50.0,34.6875,0,31.0,30.0,29.0,30.0,30.0,28.0,30.0,30.0,29.0,31.0,32.0,50.0,48.0,42.0,44.0,41.0
