timestamp,elapsed_sec,cycle_index,finger,stage,max_temp_c,mean_temp_c,chunk_index,m01_temp_c,m02_temp_c,m03_temp_c,m04_temp_c,m05_temp_c,m06_temp_c,m07_temp_c,m08_temp_c,m09_temp_c,m10_temp_c,m11_temp_c,m12_temp_c,m13_temp_c,m14_temp_c,m15_temp_c,m16_temp_c
2025-12-25T12:41:10.758819,12600.898,4524,Thumb,motor_14_flexed,51.0,35.0625,7,31.0,30.0,29.0,30.0,30.0,29.0,31.0,30.0,30.0,32.0,32.0,51.0,48.0,42.0,44.0,42.0
2025-12-25T12:41:12.646725,12602.784,4524,Thumb,motor_14_open,51.0,35.0625,7,31.0,30.0,29.0,30.0,30.0,29.0,31.0,30.0,30.0,32.0,32.0,51.0,48.0,42.0,44.0,42.0
2025-12-25T12:41:13.542688,12603.684,4525,Thumb,motor_12_flexed,51.0,35.0625,7,31.0,30.0,29.0,30.0,30.0,29.0,31.0,30.0,30.0,32.0,32.0,51.0,48.0,42.0,44.0,42.0
2025-12-25T12:41:15.430628,12605.57,4525,Thumb,motor_12_open,51.0,35.0625,7,31.0,30.0,29.0,30.0,30.0,29.0,31.0,30.0,30.0,32.0,32.0,51.0,48.0,42.0,44.0,42.0
2025-12-25T12:41:16.326593,12606.463,4526,Index,motor_2_flexed,51.0,35.0625,7,31.0,30.0,29.0,30.0,30.0,29.0,31.0,30.0,30.0,32.0,32.0,51.0,48.0,42.0,44.0,42.0
2025-12-25T12:41:18.214514,12608.354,4526,Index,motor_2_open,51.0,35.0625,7,31.0,30.0,29.0,30.0,30.0,29.0,31.0,30.0,30.0,32.0,32.0,51.0,48.0,42.0,44.0,42.0
2025-12-25T12:41:19.110469,12609.25,4527,Index,motor_1_flexed,51.0,35.0625,7,31.0,30.0,29.0,30.0,30.0,29.0,31.0,30.0,30.0,32.0,32.0,51.0,48.0,42.0,44.0,42.0
2025-12-25T12:41:20.998402,12611.134,4527,Index,motor_1_open,51.0,35.0625,7,31.0,30.0,29.0,30.0,30.0,29.0,31.0,30.0,30.0,32.0,32.0,51.0,48.0,42.0,45.0,41.0
2025-12-25T12:41:21.894364,12612.032,4528,Index,motor_3_flexed,51.0,35.0625,7,31.0,30.0,29.0,30.0,30.0,29.0,31.0,30.0,30.0,32.0,32.0,51.0,48.0,42.0,44.0,42.0
2025-12-25T12:41:23.782260,12613.92,4528,Index,motor_3_open,51.0,35.0625,7,31.0,30.0,29.0,30.0,30.0,29.0,31.0,30.0,30.0,32.0,32.0,51.0,48.0,42.0,44.0,42.0
2025-12-25T12:41:24.678232,12614.817,4529,Middle,motor_11_flexed,51.0,35.0625,7,31.0,30.0,29.0,30.0,30.0,29.0,31.0,30.0,30.0,32.0,32.0,51.0,48.0,42.0,44.0,42.0
2025-12-25T12:41:26.566153,12616.703,4529,Middle,motor_11_open,51.0,35.0,7,31.0,30.0,29.0,30.0,30.0,29.0,31.0,30.0,30.0,32.0,32.0,51.0,48.0,42.0,44.0,41.0
2025-12-25T12:41:27.462119,12617.601,4530,Middle,motor_10_flexed,51.0,35.0625,7,31.0,30.0,29.0,30.0,30.0,29.0,31.0,30.0,30.0,32.0,32.0,51.0,48.0,42.0,44.0,42.0
2025-12-25T12:41:29.350041,12619.486,4530,Middle,motor_10_open,51.0,35.0625,7,31.0,30.0,29.0,30.0,30.0,29.0,31.0,30.0,30.0,32.0,32.0,51.0,48.0,42.0,44.0,42.0
2025-12-25T12:41:30.246003,12620.384,4531,Ring,motor_4_flexed,51.0,35.0625,7,31.0,30.0,29.0,30.0,30.0,29.0,31.0,30.0,30.0,32.0,32.0,51.0,48.0,42.0,44.0,42.0
2025-12-25T12:41:32.133926,12622.271,4531,Ring,motor_4_open,51.0,35.125,7,31.0,30.0,29.0,30.0,30.0,29.0,31.0,30.0,30.0,32.0,32.0,51.0,48.0,42.0,45.0,42.0
2025-12-25T12:41:33.029888,12623.166,4532,Ring,motor_5_flexed,51.0,35.0,7,31.0,30.0,29.0,30.0,30.0,29.0,31.0,30.0,30.0,32.0,32.0,51.0,48.0,42.0,44.0,41.0
2025-12-25T12:41:34.917813,12625.053,4532,Ring,motor_5_open,51.0,35.125,7,31.0,30.0,29.0,30.0,30.0,29.0,31.0,30.0,30.0,32.0,32.0,51.0,48.0,42.0,45.0,42.0
2025-12-25T12:41:35.813778,12625.95,4533,Ring,motor_6_flexed,51.0,35.0625,7,31.0,30.0,29.0,30.0,30.0,29.0,31.0,30.0,30.0,32.0,32.0,51.0,48.0,42.0,44.0,42.0
2025-12-25T12:41:37.701697,12627.841,4533,Ring,motor_6_open,51.0,35.0625,7,31.0,30.0,29.0,30.0,30.0,29.0,31.0,30.0,30.0,32.0,32.0,51.0,48.0,42.0,44.0,42.0
2025-12-25T12:41:38.597664,12628.735,4534,Pinky,motor_7_flexed,51.0,35.0625,7,31.0,30.0,29.0,30.0,30.0,29.0,31.0,30.0,30.0,32.0,32.0,51.0,48.0,42.0,45.0,41.0
2025-12-25T12:41:40.485607,12630.622,4534,Pinky,motor_7_open,51.0,35.0625,7,31.0,30.0,29.0,30.0,30.0,29.0,31.0,30.0,30.0,32.0,32.0,51.0,48.0,42.0,44.0,42.0
2025-12-25T12:41:41.381563,12631.52,4535,Pinky,motor_8_flexed,51.0,35.0625,7,31.0,30.0,29.0,30.0,30.0,29.0,31.0,30.0,30.0,32.0,32.0,51.0,48.0,42.0,44.0,42.0
2025-12-25T12:41:43.269469,12633.408,4535,Pinky,motor_8_open,51.0,35.0625,7,31.0,30.0,29.0,30.0,30.0,29.0,31.0,30.0,30.0,32.0,32.0,51.0,48.0,42.0,44.0,42.0
2025-12-25T12:41:44.165432,12634.302,4536,Pinky,motor_9_flexed,51.0,35.1875,7,31.0,30.0,29.0,30.0,30.0,29.0,31.0,30.0,30.0,32.0,32.0,51.0,48.0,42.0,46.0,42.0
2025-12-25T12:41:46.053354,12636.19,4536,Pinky,motor_9_open,51.0,35.125,7,31.0,30.0,29.0,30.0,30.0,29.0,31.0,30.0,30.0,32.0,32.0,51.0,48.0,42.0,45.0,42.0
2025-12-25T12:41:46.949308,12637.084,4537,Thumb,motor_13_flexed,51.0,35.125,7,31.0,30.0,29.0,30.0,30.0,29.0,31.0,30.0,30.0,32.0,32.0,51.0,48.0,42.0,45.0,42.0
2025-12-25T12:41:48.837234,12638.971,4537,Thumb,motor_13_open,51.0,35.125,7,31.0,30.0,29.0,30.0,30.0,29.0,31.0,30.0,30.0,32.0,32.0,51.0,48.0,42.0,45.0,42.0
2025-12-25T12:41:49.733198,12639.867,4538,Thumb,motor_14_flexed,51.0,35.0625,7,31.0,30.0,29.0,30.0,30.0,29.0,31.0,30.0,30.0,32.0,32.0,51.0,48.0,42.0,44.0,42.0
2025-12-25T12:41:51.621118,12641.754,4538,Thumb,motor_14_open,51.0,35.0625,7,31.0,30.0,29.0,30.0,30.0,29.0,31.0,30.0,30.0,32.0,32.0,51.0,48.0,42.0,44.0,42.0
2025-12-25T12:41:52.517083,12642.654,4539,Thumb,motor_12_flexed,51.0,35.125,7,31.0,30.0,29.0,30.0,30.0,29.0,31.0,30.0,30.0,32.0,32.0,51.0,48.0,42.0,45.0,42.0
2025-12-25T12:41:54.405015,12644.545,4539,Thumb,motor_12_open,51.0,35.0625,7,31.0,30.0,29.0,30.0,30.0,29.0,31.0,30.0,30.0,32.0,32.0,51.0,48.0,42.0,44.0,42.0
2025-12-25T12:41:55.300968,12645.439,4540,Index,motor_2_flexed,51.0,35.125,7,31.0,30.0,29.0,30.0,30.0,29.0,31.0,30.0,30.0,32.0,32.0,51.0,48.0,42.0,45.0,42.0
2025-12-25T12:41:57.188890,12647.327,4540,Index,motor_2_open,51.0,35.0625,7,31.0,30.0,29.0,30.0,30.0,29.0,31.0,30.0,30.0,32.0,32.0,51.0,48.0,42.0,44.0,42.0
2025-12-25T12:41:58.084838,12648.218,4541,Index,motor_1_flexed,51.0,35.0625,7,31.0,30.0,29.0,30.0,30.0,29.0,31.0,30.0,30.0,32.0,32.0,51.0,48.0,42.0,44.0,42.0
2025-12-25T12:41:59.972784,12650.113,4541,Index,motor_1_open,51.0,35.0625,7,31.0,30.0,29.0,30.0,30.0,29.0,31.0,30.0,30.0,32.0,32.0,51.0,48.0,42.0,44.0,42.0
2025-12-25T12:42:00.868744,12651.006,4542,Index,motor_3_flexed,51.0,35.125,7,31.0,30.0,29.0,30.0,30.0,29.0,31.0,30.0,30.0,32.0,32.0,51.0,48.0,42.0,45.0,42.0
2025-12-25T12:42:02.756669,12652.893,4542,Index,motor_3_open,51.0,35.0625,7,31.0,30.0,29.0,30.0,30.0,29.0,31.0,30.0,30.0,32.0,32.0,51.0,48.0,42.0,44.0,42.0
2025-12-25T12:42:03.652643,12653.79,4543,Middle,motor_11_flexed,51.0,35.0,7,31.0,30.0,29.0,30.0,30.0,29.0,31.0,30.0,30.0,32.0,32.0,51.0,48.0,42.0,44.0,41.0
2025-12-25T12:42:05.540555,12655.679,4543,Middle,motor_11_open,51.0,35.0625,7,31.0,30.0,29.0,30.0,30.0,29.0,31.0,30.0,30.0,32.0,32.0,51.0,48.0,42.0,44.0,42.0
2025-12-25T12:42:06.436516,12656.576,4544,Middle,motor_10_flexed,51.0,35.0625,7,31.0,30.0,29.0,30.0,30.0,29.0,31.0,30.0,30.0,32.0,32.0,51.0,48.0,42.0,44.0,42.0
2025-12-25T12:42:08.324451,12658.464,4544,Middle,motor_10_open,51.0,35.125,7,31.0,30.0,29.0,30.0,30.0,29.0,31.0,30.0,30.0,32.0,32.0,51.0,48.0,42.0,45.0,42.0
2025-12-25T12:42:09.220400,12659.358,4545,Ring,motor_4_flexed,51.0,35.125,7,31.0,30.0,29.0,30.0,30.0,29.0,31.0,30.0,30.0,32.0,32.0,51.0,48.0,42.0,45.0,42.0
2025-12-25T12:42:10.308358,12660.447,4545,Ring,motor_4_flex_hold,51.0,35.0625,7,31.0,30.0,29.0,30.0,30.0,29.0,31.0,30.0,30.0,32.0,32.0,51.0,48.0,42.0,44.0,42.0
2025-12-25T12:42:11.108324,12661.248,4545,Ring,motor_4_open,51.0,35.0625,7,31.0,30.0,29.0,30.0,30.0,29.0,31.0,30.0,30.0,32.0,32.0,51.0,48.0,42.0,44.0,42.0
2025-12-25T12:42:12.004288,12662.145,4546,Ring,motor_5_flexed,51.0,35.125,7,31.0,30.0,29.0,30.0,30.0,29.0,31.0,30.0,30.0,32.0,32.0,51.0,48.0,42.0,45.0,42.0
2025-12-25T12:42:13.892203,12664.031,4546,Ring,motor_5_open,51.0,35.125,7,31.0,30.0,29.0,30.0,30.0,29.0,31.0,30.0,30.0,32.0,32.0,51.0,48.0,42.0,45.0,42.0
2025-12-25T12:42:14.788171,12664.927,4547,Ring,motor_6_flexed,51.0,35.0625,7,31.0,30.0,29.0,30.0,30.0,29.0,31.0,30.0,30.0,32.0,32.0,51.0,48.0,42.0,44.0,42.0
2025-12-25T12:42:16.676092,12666.814,4547,Ring,motor_6_open,51.0,35.0625,7,31.0,30.0,29.0,30.0,30.0,29.0,31.0,30.0,30.0,32.0,32.0,51.0,48.0,42.0,44.0,42.0
2025-12-25T12:42:17.572067,12667.712,4548,Pinky,motor_7_flexed,51.0,35.0625,7,31.0,30.0,29.0,30.0,30.0,29.0,31.0,30.0,30.0,32.0,32.0,51.0,48.0,42.0,44.0,42.0
2025-12-25T12:42:19.459981,12669.599,4548,Pinky,motor_7_open,51.0,35.125,7,31.0,30.0,29.0,31.0,30.0,29.0,31.0,30.0,30.0,32.0,32.0,51.0,48.0,42.0,45.0,41.0
2025-12-25T12:42:20.355942,12670.493,4549,Pinky,motor_8_flexed,51.0,35.0625,7,31.0,30.0,29.0,30.0,30.0,29.0,31.0,30.0,30.0,32.0,32.0,51.0,48.0,42.0,44.0,42.0
2025-12-25T12:42:22.243878,12672.382,4549,Pinky,motor_8_open,51.0,35.0625,7,31.0,30.0,29.0,30.0,30.0,29.0,31.0,30.0,30.0,32.0,32.0,51.0,48.0,42.0,44.0,42.0
2025-12-25T12:42:23.139827,12673.28,4550,Pinky,motor_9_flexed,51.0,35.125,7,31.0,30.0,29.0,30.0,30.0,29.0,31.0,30.0,30.0,32.0,32.0,51.0,48.0,42.0,45.0,42.0
2025-12-25T12:42:25.027747,12675.168,4550,Pinky,motor_9_open,51.0,35.125,7,31.0,30.0,29.0,30.0,30.0,29.0,31.0,30.0,30.0,32.0,32.0,51.0,48.0,42.0,45.0,42.0
2025-12-25T12:42:25.923711,12676.061,4551,Thumb,motor_13_flexed,51.0,35.0625,7,31.0,30.0,29.0,30.0,30.0,29.0,31.0,30.0,30.0,32.0,32.0,51.0,48.0,42.0,44.0,42.0
2025-12-25T12:42:27.811634,12677.948,4551,Thumb,motor_13_open,51.0,35.0625,7,31.0,30.0,29.0,30.0,30.0,29.0,31.0,30.0,30.0,32.0,32.0,51.0,48.0,42.0,44.0,42.0
2025-12-25T12:42:28.707594,12678.847,4552,Thumb,motor_14_flexed,51.0,35.125,7,31.0,30.0,29.0,30.0,30.0,29.0,31.0,30.0,30.0,32.0,32.0,51.0,48.0,42.0,45.0,42.0
2025-12-25T12:42:30.595517,12680.735,4552,Thumb,motor_14_open,51.0,35.0625,7,31.0,30.0,29.0,30.0,30.0,29.0,31.0,30.0,30.0,32.0,32.0,51.0,48.0,42.0,44.0,42.0
2025-12-25T12:42:31.491497,12681.63,4553,Thumb,motor_12_flexed,51.0,35.0625,7,31.0,30.0,29.0,30.0,30.0,29.0,31.0,30.0,30.0,32.0,32.0,51.0,48.0,42.0,44.0,42.0
2025-12-25T12:42:33.379402,12683.517,4553,Thumb,motor_12_open,51.0,35.0625,7,31.0,30.0,29.0,30.0,30.0,29.0,31.0,30.0,30.0,32.0,32.0,51.0,48.0,42.0,44.0,42.0
2025-12-25T12:42:34.275366,12684.414,4554,Index,motor_2_flexed,51.0,35.0625,7,31.0,30.0,29.0,30.0,30.0,29.0,31.0,30.0,30.0,32.0,32.0,51.0,48.0,42.0,44.0,42.0
2025-12-25T12:42:36.163286,12686.301,4554,Index,motor_2_open,51.0,35.0625,7,31.0,30.0,29.0,30.0,30.0,29.0,31.0,30.0,30.0,32.0,32.0,51.0,48.0,42.0,44.0,42.0
2025-12-25T12:42:37.059248,12687.196,4555,Index,motor_1_flexed,51.0,35.125,7,31.0,30.0,29.0,30.0,30.0,29.0,31.0,30.0,30.0,32.0,32.0,51.0,48.0,42.0,45.0,42.0
2025-12-25T12:42:38.947171,12689.087,4555,Index,motor_1_open,51.0,35.0625,7,31.0,30.0,29.0,30.0,30.0,29.0,31.0,30.0,30.0,32.0,32.0,51.0,48.0,42.0,44.0,42.0
2025-12-25T12:42:39.843133,12689.98,4556,Index,motor_3_flexed,51.0,35.0625,7,31.0,30.0,29.0,30.0,30.0,29.0,31.0,30.0,30.0,32.0,32.0,51.0,48.0,42.0,44.0,42.0
2025-12-25T12:42:41.731055,12691.869,4556,Index,motor_3_open,51.0,35.0625,7,31.0,30.0,29.0,30.0,30.0,29.0,31.0,30.0,30.0,32.0,32.0,51.0,48.0,42.0,44.0,42.0
2025-12-25T12:42:42.627016,12692.765,4557,Middle,motor_11_flexed,51.0,35.0,7,31.0,30.0,29.0,30.0,30.0,29.0,31.0,30.0,30.0,32.0,32.0,51.0,48.0,42.0,44.0,41.0
2025-12-25T12:42:44.514929,12694.648,4557,Middle,motor_11_open,51.0,35.0625,7,31.0,30.0,29.0,30.0,30.0,29.0,31.0,30.0,30.0,32.0,32.0,51.0,48.0,42.0,44.0,42.0
2025-12-25T12:42:45.410894,12695.55,4558,Middle,motor_10_flexed,51.0,35.0625,7,31.0,30.0,29.0,30.0,30.0,29.0,31.0,30.0,30.0,32.0,32.0,51.0,48.0,42.0,44.0,42.0
2025-12-25T12:42:47.298815,12697.438,4558,Middle,motor_10_open,51.0,35.0625,7,31.0,30.0,29.0,30.0,30.0,29.0,31.0,30.0,30.0,32.0,32.0,51.0,48.0,42.0,44.0,42.0
2025-12-25T12:42:48.194770,12698.332,4559,Ring,motor_4_flexed,51.0,35.125,7,31.0,30.0,29.0,30.0,30.0,29.0,31.0,30.0,30.0,32.0,32.0,51.0,48.0,42.0,45.0,42.0
2025-12-25T12:42:50.082696,12700.217,4559,Ring,motor_4_open,51.0,35.0625,7,31.0,30.0,29.0,30.0,30.0,29.0,31.0,30.0,30.0,32.0,32.0,51.0,48.0,42.0,44.0,42.0
2025-12-25T12:42:50.978657,12701.114,4560,Ring,motor_5_flexed,51.0,35.0625,7,31.0,30.0,29.0,30.0,30.0,29.0,31.0,30.0,30.0,32.0,32.0,51.0,48.0,42.0,44.0,42.0
2025-12-25T12:42:52.866581,12703.003,4560,Ring,motor_5_open,51.0,35.0625,7,31.0,30.0,29.0,30.0,30.0,29.0,31.0,30.0,30.0,32.0,32.0,51.0,48.0,42.0,44.0,42.0
2025-12-25T12:42:53.762544,12703.899,4561,Ring,motor_6_flexed,51.0,35.1875,7,31.0,30.0,29.0,31.0,30.0,29.0,31.0,30.0,30.0,32.0,32.0,51.0,48.0,42.0,45.0,42.0
2025-12-25T12:42:55.650475,12705.788,4561,Ring,motor_6_open,51.0,35.0625,7,31.0,30.0,29.0,30.0,30.0,29.0,31.0,30.0,30.0,32.0,32.0,51.0,48.0,42.0,44.0,42.0
2025-12-25T12:42:56.546438,12706.686,4562,Pinky,motor_7_flexed,51.0,35.0625,7,31.0,30.0,29.0,30.0,30.0,29.0,31.0,30.0,30.0,32.0,32.0,51.0,48.0,42.0,44.0,42.0
2025-12-25T12:42:58.434361,12708.574,4562,Pinky,motor_7_open,51.0,35.0625,7,31.0,30.0,29.0,30.0,30.0,29.0,31.0,30.0,30.0,32.0,32.0,51.0,48.0,42.0,44.0,42.0
2025-12-25T12:42:59.330322,12709.471,4563,Pinky,motor_8_flexed,51.0,35.0625,7,31.0,30.0,29.0,30.0,30.0,29.0,31.0,30.0,30.0,32.0,32.0,51.0,48.0,42.0,44.0,42.0
2025-12-25T12:43:01.218248,12711.358,4563,Pinky,motor_8_open,51.0,35.0625,7,31.0,30.0,29.0,30.0,30.0,29.0,31.0,30.0,30.0,32.0,32.0,51.0,48.0,42.0,44.0,42.0
2025-12-25T12:43:02.114207,12712.253,4564,Pinky,motor_9_flexed,51.0,35.0625,7,31.0,30.0,29.0,30.0,30.0,29.0,31.0,30.0,30.0,32.0,32.0,51.0,48.0,42.0,44.0,42.0
2025-12-25T12:43:04.002129,12714.14,4564,Pinky,motor_9_open,51.0,35.125,7,31.0,30.0,29.0,30.0,30.0,29.0,31.0,30.0,30.0,32.0,32.0,51.0,48.0,42.0,45.0,42.0
2025-12-25T12:43:04.898092,12715.035,4565,Thumb,motor_13_flexed,51.0,35.125,7,31.0,30.0,29.0,30.0,30.0,29.0,31.0,31.0,30.0,32.0,32.0,51.0,48.0,42.0,44.0,42.0
2025-12-25T12:43:06.786012,12716.922,4565,Thumb,motor_13_open,51.0,35.0625,7,31.0,30.0,29.0,30.0,30.0,29.0,31.0,30.0,30.0,32.0,32.0,51.0,48.0,42.0,44.0,42.0
2025-12-25T12:43:07.681972,12717.819,4566,Thumb,motor_14_flexed,51.0,35.0625,7,31.0,30.0,29.0,30.0,30.0,29.0,31.0,30.0,30.0,32.0,32.0,51.0,48.0,42.0,44.0,42.0
2025-12-25T12:43:09.569895,12719.708,4566,Thumb,motor_14_open,51.0,35.125,7,31.0,30.0,29.0,30.0,30.0,29.0,31.0,30.0,30.0,32.0,32.0,51.0,48.0,42.0,45.0,42.0
2025-12-25T12:43:10.161870,12720.296,4566,Thumb,motor_14_open_hold,51.0,35.0625,7,31.0,30.0,29.0,30.0,30.0,29.0,31.0,30.0,30.0,32.0,32.0,51.0,48.0,42.0,44.0,42.0
2025-12-25T12:43:10.561864,12720.7,4567,Thumb,motor_12_flexed,51.0,35.0625,7,31.0,30.0,29.0,30.0,30.0,29.0,31.0,30.0,30.0,32.0,32.0,51.0,48.0,42.0,44.0,42.0
2025-12-25T12:43:12.449776,12722.59,4567,Thumb,motor_12_open,51.0,35.0625,7,31.0,30.0,29.0,30.0,30.0,29.0,31.0,30.0,30.0,32.0,32.0,51.0,48.0,42.0,44.0,42.0
2025-12-25T12:43:13.345729,12723.484,4568,Index,motor_2_flexed,51.0,35.0625,7,31.0,30.0,29.0,30.0,30.0,29.0,31.0,30.0,30.0,32.0,32.0,51.0,48.0,42.0,44.0,42.0
2025-12-25T12:43:15.233672,12725.369,4568,Index,motor_2_open,51.0,35.0625,7,31.0,30.0,29.0,30.0,30.0,29.0,31.0,30.0,30.0,32.0,32.0,51.0,48.0,42.0,44.0,42.0
2025-12-25T12:43:16.129613,12726.268,4569,Index,motor_1_flexed,51.0,35.0625,7,31.0,30.0,29.0,30.0,30.0,29.0,31.0,30.0,30.0,32.0,32.0,51.0,48.0,42.0,44.0,42.0
2025-12-25T12:43:18.017540,12728.152,4569,Index,motor_1_open,51.0,35.0625,7,31.0,30.0,29.0,30.0,30.0,29.0,31.0,30.0,30.0,32.0,32.0,51.0,48.0,42.0,44.0,42.0
2025-12-25T12:43:18.913505,12729.052,4570,Index,motor_3_flexed,51.0,35.0625,7,31.0,30.0,29.0,30.0,30.0,29.0,31.0,30.0,30.0,32.0,32.0,51.0,48.0,42.0,44.0,42.0
2025-12-25T12:43:20.801426,12730.938,4570,Index,motor_3_open,51.0,35.0625,7,31.0,30.0,29.0,30.0,30.0,29.0,31.0,30.0,30.0,32.0,32.0,51.0,48.0,42.0,44.0,42.0
2025-12-25T12:43:21.697387,12731.836,4571,Middle,motor_11_flexed,51.0,35.125,7,31.0,30.0,29.0,30.0,30.0,29.0,31.0,30.0,30.0,32.0,32.0,51.0,48.0,42.0,44.0,43.0
2025-12-25T12:43:23.585311,12733.724,4571,Middle,motor_11_open,51.0,35.0625,7,31.0,30.0,29.0,30.0,30.0,29.0,31.0,30.0,30.0,32.0,32.0,51.0,48.0,42.0,44.0,42.0
2025-12-25T12:43:24.481287,12734.621,4572,Middle,motor_10_flexed,51.0,35.0625,7,31.0,30.0,29.0,30.0,30.0,29.0,31.0,30.0,30.0,32.0,32.0,51.0,48.0,42.0,44.0,42.0
2025-12-25T12:43:26.369195,12736.51,4572,Middle,motor_10_open,51.0,35.0625,7,31.0,30.0,29.0,30.0,30.0,29.0,31.0,30.0,30.0,32.0,32.0,51.0,48.0,42.0,44.0,42.0
2025-12-25T12:43:27.265160,12737.404,4573,Ring,motor_4_flexed,51.0,35.125,7,31.0,30.0,29.0,30.0,30.0,29.0,31.0,30.0,30.0,32.0,32.0,51.0,48.0,42.0,45.0,42.0
2025-12-25T12:43:29.153094,12739.29,4573,Ring,motor_4_open,51.0,35.0625,7,31.0,30.0,29.0,30.0,30.0,29.0,31.0,30.0,30.0,32.0,32.0,51.0,48.0,42.0,44.0,42.0
2025-12-25T12:43:30.049037,12740.189,4574,Ring,motor_5_flexed,51.0,35.125,7,31.0,30.0,29.0,31.0,30.0,29.0,31.0,30.0,30.0,32.0,32.0,51.0,48.0,42.0,44.0,42.0
2025-12-25T12:43:31.936961,12742.074,4574,Ring,motor_5_open,51.0,35.125,7,31.0,30.0,29.0,30.0,30.0,29.0,31.0,30.0,30.0,32.0,32.0,51.0,48.0,42.0,45.0,42.0
2025-12-25T12:43:32.832922,12742.97,4575,Ring,motor_6_flexed,51.0,35.125,7,31.0,30.0,29.0,31.0,30.0,29.0,31.0,30.0,30.0,32.0,32.0,51.0,48.0,42.0,44.0,42.0
2025-12-25T12:43:34.720835,12744.858,4575,Ring,motor_6_open,51.0,35.0625,7,31.0,30.0,29.0,30.0,30.0,29.0,31.0,30.0,30.0,32.0,32.0,51.0,48.0,42.0,44.0,42.0
2025-12-25T12:43:35.616808,12745.756,4576,Pinky,motor_7_flexed,51.0,35.125,7,31.0,30.0,29.0,30.0,30.0,29.0,31.0,30.0,30.0,32.0,32.0,51.0,48.0,42.0,45.0,42.0
2025-12-25T12:43:37.504725,12747.645,4576,Pinky,motor_7_open,51.0,35.0625,7,31.0,30.0,29.0,30.0,30.0,29.0,31.0,30.0,30.0,32.0,32.0,51.0,48.0,42.0,44.0,42.0
2025-12-25T12:43:38.400687,12748.54,4577,Pinky,motor_8_flexed,51.0,35.0625,7,31.0,30.0,29.0,30.0,30.0,29.0,31.0,30.0,30.0,32.0,32.0,51.0,48.0,42.0,44.0,42.0
2025-12-25T12:43:40.288608,12750.427,4577,Pinky,motor_8_open,51.0,35.125,7,31.0,30.0,29.0,30.0,30.0,29.0,31.0,30.0,30.0,32.0,32.0,51.0,48.0,42.0,45.0,42.0
2025-12-25T12:43:41.184571,12751.324,4578,Pinky,motor_9_flexed,51.0,35.0625,7,31.0,30.0,29.0,30.0,30.0,29.0,31.0,30.0,30.0,32.0,32.0,51.0,48.0,42.0,44.0,42.0
2025-12-25T12:43:43.072491,12753.211,4578,Pinky,motor_9_open,51.0,35.125,7,31.0,30.0,29.0,30.0,31.0,29.0,31.0,30.0,30.0,32.0,32.0,51.0,48.0,42.0,44.0,42.0
2025-12-25T12:43:43.968456,12754.107,4579,Thumb,motor_13_flexed,51.0,35.0625,7,31.0,30.0,29.0,30.0,30.0,29.0,31.0,30.0,30.0,32.0,32.0,51.0,48.0,42.0,44.0,42.0
2025-12-25T12:43:45.856375,12755.987,4579,Thumb,motor_13_open,51.0,35.0625,7,31.0,30.0,29.0,30.0,30.0,29.0,31.0,30.0,30.0,32.0,32.0,51.0,48.0,42.0,44.0,42.0
2025-12-25T12:43:46.752337,12756.888,4580,Thumb,motor_14_flexed,51.0,35.0625,7,31.0,30.0,29.0,30.0,30.0,29.0,31.0,30.0,30.0,32.0,32.0,51.0,48.0,42.0,44.0,42.0
2025-12-25T12:43:48.640258,12758.78,4580,Thumb,motor_14_open,51.0,35.0625,7,31.0,30.0,29.0,30.0,30.0,29.0,31.0,30.0,30.0,32.0,32.0,51.0,48.0,42.0,44.0,42.0
2025-12-25T12:43:49.536221,12759.674,4581,Thumb,motor_12_flexed,51.0,35.0625,7,31.0,30.0,29.0,30.0,30.0,29.0,31.0,30.0,30.0,32.0,32.0,51.0,48.0,42.0,44.0,42.0
2025-12-25T12:43:51.424141,12761.562,4581,Thumb,motor_12_open,51.0,35.0625,7,31.0,30.0,29.0,30.0,30.0,29.0,31.0,30.0,30.0,32.0,32.0,51.0,48.0,42.0,44.0,42.0
2025-12-25T12:43:52.320103,12762.458,4582,Index,motor_2_flexed,51.0,35.125,7,31.0,30.0,29.0,30.0,30.0,29.0,31.0,30.0,30.0,32.0,32.0,51.0,48.0,42.0,45.0,42.0
2025-12-25T12:43:54.208022,12764.347,4582,Index,motor_2_open,51.0,35.125,7,31.0,30.0,29.0,30.0,30.0,29.0,31.0,30.0,30.0,32.0,32.0,51.0,48.0,42.0,44.0,43.0
2025-12-25T12:43:55.103986,12765.243,4583,Index,motor_1_flexed,51.0,35.125,7,31.0,30.0,29.0,30.0,30.0,29.0,31.0,30.0,30.0,32.0,32.0,51.0,48.0,42.0,45.0,42.0
2025-12-25T12:43:56.991906,12767.129,4583,Index,motor_1_open,51.0,35.0625,7,31.0,30.0,29.0,30.0,30.0,29.0,31.0,30.0,30.0,32.0,32.0,51.0,48.0,42.0,44.0,42.0
2025-12-25T12:43:57.887872,12768.024,4584,Index,motor_3_flexed,51.0,35.0625,7,31.0,30.0,29.0,30.0,30.0,29.0,31.0,30.0,30.0,32.0,32.0,51.0,48.0,42.0,44.0,42.0
2025-12-25T12:43:59.775778,12769.915,4584,Index,motor_3_open,51.0,35.0625,7,31.0,30.0,29.0,30.0,30.0,29.0,31.0,30.0,30.0,32.0,32.0,51.0,48.0,42.0,44.0,42.0
2025-12-25T12:44:00.671752,12770.811,4585,Middle,motor_11_flexed,51.0,35.0625,7,31.0,30.0,29.0,30.0,30.0,29.0,31.0,30.0,30.0,32.0,32.0,51.0,48.0,42.0,44.0,42.0
2025-12-25T12:44:02.559674,12772.697,4585,Middle,motor_11_open,51.0,35.125,7,31.0,30.0,29.0,30.0,30.0,29.0,31.0,30.0,30.0,32.0,32.0,51.0,48.0,42.0,45.0,42.0
2025-12-25T12:44:03.455636,12773.592,4586,Middle,motor_10_flexed,51.0,35.0625,7,31.0,30.0,29.0,30.0,30.0,29.0,31.0,30.0,30.0,32.0,32.0,51.0,48.0,42.0,44.0,42.0
2025-12-25T12:44:05.343556,12775.482,4586,Middle,motor_10_open,51.0,35.125,7,31.0,30.0,29.0,31.0,30.0,29.0,31.0,30.0,30.0,32.0,32.0,51.0,48.0,42.0,44.0,42.0
2025-12-25T12:44:06.239519,12776.378,4587,Ring,motor_4_flexed,51.0,35.0625,7,31.0,30.0,29.0,30.0,30.0,29.0,31.0,30.0,30.0,32.0,32.0,51.0,48.0,42.0,44.0,42.0
2025-12-25T12:44:08.127442,12778.263,4587,Ring,motor_4_open,51.0,35.0625,7,31.0,30.0,29.0,30.0,30.0,29.0,31.0,30.0,30.0,32.0,32.0,51.0,48.0,42.0,44.0,42.0
2025-12-25T12:44:09.023399,12779.16,4588,Ring,motor_5_flexed,51.0,35.125,7,31.0,30.0,29.0,30.0,30.0,29.0,31.0,30.0,30.0,32.0,32.0,51.0,48.0,42.0,45.0,42.0
2025-12-25T12:44:10.111356,12780.25,4588,Ring,motor_5_flex_hold,51.0,35.125,7,31.0,30.0,29.0,30.0,30.0,29.0,31.0,30.0,30.0,32.0,32.0,51.0,48.0,42.0,45.0,42.0
2025-12-25T12:44:10.911321,12781.048,4588,Ring,motor_5_open,51.0,35.125,7,31.0,30.0,29.0,30.0,30.0,29.0,31.0,30.0,30.0,32.0,32.0,51.0,48.0,42.0,45.0,42.0
2025-12-25T12:44:11.807280,12781.945,4589,Ring,motor_6_flexed,51.0,35.0625,7,31.0,30.0,29.0,30.0,30.0,29.0,31.0,30.0,30.0,32.0,32.0,51.0,48.0,42.0,44.0,42.0
2025-12-25T12:44:13.695202,12783.833,4589,Ring,motor_6_open,51.0,35.0625,7,31.0,30.0,29.0,30.0,30.0,29.0,31.0,30.0,30.0,32.0,32.0,51.0,48.0,42.0,44.0,42.0
2025-12-25T12:44:14.591157,12784.73,4590,Pinky,motor_7_flexed,51.0,35.0625,7,31.0,30.0,29.0,30.0,30.0,29.0,31.0,30.0,30.0,32.0,32.0,51.0,48.0,42.0,44.0,42.0
2025-12-25T12:44:16.479077,12786.618,4590,Pinky,motor_7_open,51.0,35.125,7,31.0,30.0,29.0,30.0,30.0,29.0,31.0,30.0,30.0,32.0,32.0,51.0,48.0,42.0,45.0,42.0
2025-12-25T12:44:17.375040,12787.506,4591,Pinky,motor_8_flexed,51.0,35.0625,7,31.0,30.0,29.0,30.0,30.0,29.0,31.0,30.0,30.0,32.0,32.0,51.0,48.0,42.0,44.0,42.0
2025-12-25T12:44:19.262958,12789.399,4591,Pinky,motor_8_open,51.0,35.0625,7,31.0,30.0,29.0,30.0,30.0,29.0,31.0,30.0,30.0,32.0,32.0,51.0,48.0,42.0,44.0,42.0
2025-12-25T12:44:20.158931,12790.296,4592,Pinky,motor_9_flexed,51.0,35.125,7,31.0,30.0,29.0,31.0,30.0,29.0,31.0,30.0,30.0,32.0,32.0,51.0,48.0,42.0,44.0,42.0
2025-12-25T12:44:22.046860,12792.183,4592,Pinky,motor_9_open,51.0,35.125,7,31.0,30.0,29.0,30.0,30.0,29.0,31.0,30.0,30.0,32.0,32.0,51.0,48.0,42.0,44.0,43.0
2025-12-25T12:44:22.942814,12793.081,4593,Thumb,motor_13_flexed,51.0,35.125,7,31.0,30.0,29.0,31.0,30.0,29.0,31.0,30.0,30.0,32.0,32.0,51.0,48.0,42.0,44.0,42.0
2025-12-25T12:44:24.830733,12794.969,4593,Thumb,motor_13_open,51.0,35.0625,7,31.0,30.0,29.0,30.0,30.0,29.0,31.0,30.0,30.0,32.0,32.0,51.0,48.0,42.0,44.0,42.0
2025-12-25T12:44:25.726692,12795.865,4594,Thumb,motor_14_flexed,51.0,35.0625,7,31.0,30.0,29.0,30.0,30.0,29.0,31.0,30.0,30.0,32.0,32.0,51.0,48.0,42.0,44.0,42.0
2025-12-25T12:44:27.614614,12797.752,4594,Thumb,motor_14_open,51.0,35.0625,7,31.0,30.0,29.0,30.0,30.0,29.0,31.0,30.0,30.0,32.0,32.0,51.0,48.0,42.0,44.0,42.0
2025-12-25T12:44:28.510578,12798.649,4595,Thumb,motor_12_flexed,51.0,35.125,7,31.0,30.0,29.0,31.0,30.0,29.0,31.0,30.0,30.0,32.0,32.0,51.0,48.0,42.0,44.0,42.0
2025-12-25T12:44:30.398498,12800.537,4595,Thumb,motor_12_open,51.0,35.0625,7,31.0,30.0,29.0,30.0,30.0,29.0,31.0,30.0,30.0,32.0,32.0,51.0,48.0,42.0,44.0,42.0
2025-12-25T12:44:31.294471,12801.432,4596,Index,motor_2_flexed,51.0,35.125,7,31.0,30.0,29.0,30.0,30.0,29.0,31.0,30.0,30.0,32.0,32.0,51.0,48.0,42.0,45.0,42.0
2025-12-25T12:44:33.182380,12803.317,4596,Index,motor_2_open,51.0,35.0625,7,31.0,30.0,29.0,30.0,30.0,29.0,31.0,30.0,30.0,32.0,32.0,51.0,48.0,42.0,44.0,42.0
2025-12-25T12:44:34.078340,12804.216,4597,Index,motor_1_flexed,51.0,35.125,7,31.0,30.0,29.0,30.0,30.0,29.0,31.0,30.0,30.0,32.0,32.0,51.0,48.0,42.0,44.0,43.0
2025-12-25T12:44:35.966275,12806.105,4597,Index,motor_1_open,51.0,35.0625,7,31.0,30.0,29.0,30.0,30.0,29.0,31.0,30.0,30.0,32.0,32.0,51.0,48.0,42.0,44.0,42.0
2025-12-25T12:44:36.862225,12807.0,4598,Index,motor_3_flexed,51.0,35.0625,7,31.0,30.0,29.0,30.0,30.0,29.0,31.0,30.0,30.0,32.0,32.0,51.0,48.0,42.0,44.0,42.0
2025-12-25T12:44:38.750144,12808.889,4598,Index,motor_3_open,51.0,35.0625,7,31.0,30.0,29.0,31.0,30.0,29.0,31.0,30.0,30.0,32.0,32.0,51.0,48.0,42.0,43.0,42.0
2025-12-25T12:44:39.646105,12809.783,4599,Middle,motor_11_flexed,51.0,35.125,7,31.0,30.0,29.0,30.0,30.0,29.0,31.0,30.0,30.0,32.0,32.0,51.0,48.0,42.0,44.0,43.0
2025-12-25T12:44:41.534026,12811.674,4599,Middle,motor_11_open,51.0,35.125,7,31.0,30.0,29.0,31.0,30.0,29.0,31.0,30.0,30.0,32.0,32.0,51.0,48.0,42.0,44.0,42.0
2025-12-25T12:44:42.429987,12812.569,4600,Middle,motor_10_flexed,51.0,35.0625,7,31.0,30.0,29.0,30.0,30.0,29.0,31.0,30.0,30.0,32.0,32.0,51.0,48.0,42.0,44.0,42.0
2025-12-25T12:44:44.317910,12814.457,4600,Middle,motor_10_open,51.0,35.0625,7,31.0,30.0,29.0,30.0,30.0,29.0,31.0,30.0,30.0,32.0,32.0,51.0,48.0,42.0,44.0,42.0
2025-12-25T12:44:45.213884,12815.35,4601,Ring,motor_4_flexed,51.0,35.0625,7,31.0,30.0,29.0,30.0,30.0,29.0,31.0,30.0,30.0,32.0,32.0,51.0,48.0,42.0,44.0,42.0
2025-12-25T12:44:47.101788,12817.239,4601,Ring,motor_4_open,51.0,35.0625,7,31.0,30.0,29.0,30.0,30.0,29.0,31.0,30.0,30.0,32.0,32.0,51.0,48.0,42.0,44.0,42.0
2025-12-25T12:44:47.997740,12818.133,4602,Ring,motor_5_flexed,51.0,35.0625,7,31.0,30.0,29.0,30.0,30.0,29.0,31.0,30.0,30.0,32.0,32.0,51.0,48.0,42.0,44.0,42.0
2025-12-25T12:44:49.885676,12820.016,4602,Ring,motor_5_open,51.0,35.0625,7,31.0,30.0,29.0,30.0,30.0,29.0,31.0,30.0,30.0,32.0,32.0,51.0,48.0,42.0,44.0,42.0
2025-12-25T12:44:50.781625,12820.913,4603,Ring,motor_6_flexed,51.0,35.0625,7,31.0,30.0,29.0,30.0,30.0,29.0,31.0,30.0,30.0,32.0,32.0,51.0,48.0,42.0,44.0,42.0
2025-12-25T12:44:52.669554,12822.806,4603,Ring,motor_6_open,51.0,35.0625,7,31.0,30.0,29.0,30.0,30.0,29.0,31.0,30.0,30.0,32.0,32.0,51.0,48.0,42.0,44.0,42.0
2025-12-25T12:44:53.565515,12823.705,4604,Pinky,motor_7_flexed,51.0,35.0625,7,31.0,30.0,29.0,30.0,30.0,29.0,31.0,30.0,30.0,32.0,32.0,51.0,48.0,42.0,44.0,42.0
2025-12-25T12:44:55.453435,12825.592,4604,Pinky,motor_7_open,51.0,35.125,7,31.0,30.0,29.0,30.0,30.0,29.0,31.0,30.0,30.0,32.0,32.0,51.0,48.0,42.0,44.0,43.0
2025-12-25T12:44:56.349398,12826.485,4605,Pinky,motor_8_flexed,51.0,35.125,7,31.0,30.0,29.0,30.0,30.0,29.0,31.0,30.0,30.0,32.0,32.0,51.0,48.0,42.0,45.0,42.0
2025-12-25T12:44:58.237317,12828.376,4605,Pinky,motor_8_open,51.0,35.0625,7,31.0,30.0,29.0,30.0,30.0,29.0,31.0,30.0,30.0,32.0,32.0,51.0,48.0,42.0,44.0,42.0
2025-12-25T12:44:59.133277,12829.272,4606,Pinky,motor_9_flexed,51.0,35.0625,7,31.0,30.0,29.0,30.0,30.0,29.0,31.0,30.0,30.0,32.0,32.0,51.0,48.0,42.0,44.0,42.0
2025-12-25T12:45:01.021200,12831.161,4606,Pinky,motor_9_open,51.0,35.0625,7,31.0,30.0,29.0,30.0,30.0,29.0,31.0,30.0,30.0,32.0,32.0,51.0,48.0,42.0,44.0,42.0
2025-12-25T12:45:01.917163,12832.052,4607,Thumb,motor_13_flexed,51.0,35.125,7,31.0,30.0,29.0,30.0,30.0,29.0,31.0,30.0,30.0,32.0,32.0,51.0,48.0,42.0,45.0,42.0
2025-12-25T12:45:03.805083,12833.941,4607,Thumb,motor_13_open,51.0,35.0625,7,31.0,30.0,29.0,30.0,30.0,29.0,31.0,30.0,30.0,32.0,32.0,51.0,48.0,42.0,45.0,41.0
2025-12-25T12:45:04.701041,12834.835,4608,Thumb,motor_14_flexed,51.0,35.0625,7,31.0,30.0,29.0,30.0,30.0,29.0,31.0,30.0,30.0,32.0,32.0,51.0,48.0,42.0,44.0,42.0
2025-12-25T12:45:06.588954,12836.729,4608,Thumb,motor_14_open,51.0,35.25,7,31.0,30.0,29.0,30.0,31.0,29.0,31.0,30.0,30.0,32.0,32.0,51.0,48.0,42.0,45.0,43.0
2025-12-25T12:45:07.484914,12837.623,4609,Thumb,motor_12_flexed,51.0,35.125,7,31.0,30.0,29.0,30.0,30.0,29.0,31.0,30.0,30.0,32.0,32.0,51.0,48.0,42.0,45.0,42.0
2025-12-25T12:45:09.372830,12839.504,4609,Thumb,motor_12_open,51.0,35.0625,7,31.0,30.0,29.0,30.0,30.0,29.0,31.0,30.0,30.0,32.0,32.0,51.0,48.0,42.0,44.0,42.0
2025-12-25T12:45:09.964809,12840.099,4609,Thumb,motor_12_open_hold,51.0,35.0625,7,31.0,30.0,29.0,30.0,30.0,29.0,31.0,30.0,30.0,32.0,32.0,51.0,48.0,42.0,44.0,42.0
2025-12-25T12:45:10.364792,12840.496,4610,Index,motor_2_flexed,51.0,35.0625,7,31.0,30.0,29.0,30.0,30.0,29.0,31.0,30.0,30.0,32.0,32.0,51.0,48.0,42.0,44.0,42.0
2025-12-25T12:45:12.252710,12842.391,4610,Index,motor_2_open,51.0,35.0625,7,31.0,30.0,29.0,30.0,30.0,29.0,31.0,30.0,30.0,32.0,32.0,51.0,48.0,42.0,44.0,42.0
2025-12-25T12:45:13.148673,12843.286,4611,Index,motor_1_flexed,51.0,35.0625,7,31.0,30.0,29.0,30.0,30.0,29.0,31.0,30.0,30.0,32.0,32.0,51.0,48.0,42.0,44.0,42.0
2025-12-25T12:45:15.036596,12845.167,4611,Index,motor_1_open,51.0,35.125,7,31.0,30.0,29.0,30.0,30.0,29.0,31.0,30.0,30.0,32.0,32.0,51.0,48.0,42.0,45.0,42.0
2025-12-25T12:45:15.932553,12846.069,4612,Index,motor_3_flexed,51.0,35.0625,7,31.0,30.0,29.0,30.0,30.0,29.0,31.0,30.0,30.0,32.0,32.0,51.0,48.0,42.0,44.0,42.0
2025-12-25T12:45:17.820491,12847.959,4612,Index,motor_3_open,51.0,35.0625,7,31.0,30.0,29.0,30.0,30.0,29.0,31.0,30.0,30.0,32.0,32.0,51.0,48.0,42.0,44.0,42.0
2025-12-25T12:45:18.716445,12848.856,4613,Middle,motor_11_flexed,51.0,35.0625,7,31.0,30.0,29.0,30.0,30.0,29.0,31.0,30.0,30.0,32.0,32.0,51.0,48.0,42.0,44.0,42.0
2025-12-25T12:45:20.604364,12850.743,4613,Middle,motor_11_open,51.0,35.125,7,31.0,30.0,29.0,30.0,30.0,29.0,31.0,30.0,30.0,32.0,32.0,51.0,48.0,42.0,45.0,42.0
2025-12-25T12:45:21.500329,12851.641,4614,Middle,motor_10_flexed,51.0,35.0625,7,31.0,30.0,29.0,30.0,30.0,29.0,31.0,30.0,30.0,32.0,32.0,51.0,48.0,42.0,44.0,42.0
2025-12-25T12:45:23.388235,12853.526,4614,Middle,motor_10_open,51.0,35.0625,7,31.0,30.0,29.0,30.0,30.0,29.0,31.0,30.0,30.0,32.0,32.0,51.0,48.0,42.0,44.0,42.0
2025-12-25T12:45:24.284218,12854.425,4615,Ring,motor_4_flexed,51.0,35.125,7,31.0,30.0,29.0,31.0,30.0,29.0,31.0,30.0,30.0,32.0,32.0,51.0,48.0,42.0,44.0,42.0
2025-12-25T12:45:26.172128,12856.309,4615,Ring,motor_4_open,51.0,35.0625,7,31.0,30.0,29.0,30.0,30.0,29.0,31.0,30.0,30.0,32.0,32.0,51.0,48.0,42.0,44.0,42.0
2025-12-25T12:45:27.068090,12857.207,4616,Ring,motor_5_flexed,51.0,35.0625,7,31.0,30.0,29.0,30.0,30.0,29.0,31.0,30.0,30.0,32.0,32.0,51.0,48.0,42.0,44.0,42.0
2025-12-25T12:45:28.956020,12859.093,4616,Ring,motor_5_open,51.0,35.0625,7,31.0,30.0,29.0,30.0,30.0,29.0,31.0,30.0,30.0,32.0,32.0,51.0,48.0,42.0,44.0,42.0
2025-12-25T12:45:29.851972,12859.992,4617,Ring,motor_6_flexed,51.0,35.125,7,31.0,30.0,29.0,31.0,30.0,29.0,31.0,30.0,30.0,32.0,32.0,51.0,48.0,42.0,44.0,42.0
2025-12-25T12:45:31.739891,12861.878,4617,Ring,motor_6_open,51.0,35.0,7,31.0,30.0,29.0,30.0,31.0,29.0,31.0,30.0,30.0,32.0,32.0,51.0,48.0,42.0,44.0,40.0
2025-12-25T12:45:32.635854,12862.772,4618,Pinky,motor_7_flexed,51.0,35.0625,7,31.0,30.0,29.0,30.0,30.0,29.0,31.0,30.0,30.0,32.0,32.0,51.0,48.0,42.0,44.0,42.0
2025-12-25T12:45:34.523774,12864.66,4618,Pinky,motor_7_open,51.0,35.0625,7,31.0,30.0,29.0,30.0,30.0,29.0,31.0,30.0,30.0,32.0,32.0,51.0,48.0,42.0,44.0,42.0
2025-12-25T12:45:35.419733,12865.558,4619,Pinky,motor_8_flexed,51.0,35.0625,7,31.0,30.0,29.0,30.0,30.0,29.0,31.0,30.0,30.0,32.0,32.0,51.0,48.0,42.0,44.0,42.0
2025-12-25T12:45:37.307653,12867.448,4619,Pinky,motor_8_open,51.0,35.125,7,31.0,30.0,29.0,31.0,30.0,29.0,31.0,30.0,30.0,32.0,32.0,51.0,48.0,42.0,44.0,42.0
2025-12-25T12:45:38.203627,12868.342,4620,Pinky,motor_9_flexed,51.0,35.125,7,31.0,30.0,29.0,30.0,30.0,29.0,31.0,30.0,30.0,32.0,32.0,51.0,48.0,42.0,45.0,42.0
2025-12-25T12:45:40.091534,12870.229,4620,Pinky,motor_9_open,51.0,35.0625,7,31.0,30.0,29.0,30.0,30.0,29.0,31.0,30.0,30.0,32.0,32.0,51.0,48.0,42.0,44.0,42.0
2025-12-25T12:45:40.987496,12871.123,4621,Thumb,motor_13_flexed,51.0,35.0625,7,31.0,30.0,29.0,30.0,30.0,29.0,31.0,30.0,30.0,32.0,32.0,51.0,48.0,42.0,44.0,42.0
2025-12-25T12:45:42.875431,12873.014,4621,Thumb,motor_13_open,51.0,35.0625,7,31.0,30.0,29.0,30.0,30.0,29.0,31.0,30.0,30.0,32.0,32.0,51.0,48.0,42.0,44.0,42.0
2025-12-25T12:45:43.771378,12873.908,4622,Thumb,motor_14_flexed,51.0,35.0625,7,31.0,30.0,29.0,30.0,30.0,29.0,31.0,30.0,30.0,32.0,32.0,51.0,48.0,42.0,44.0,42.0
2025-12-25T12:45:45.659297,12875.799,4622,Thumb,motor_14_open,51.0,35.0625,7,31.0,30.0,29.0,30.0,30.0,29.0,31.0,30.0,30.0,32.0,32.0,51.0,48.0,42.0,44.0,42.0
2025-12-25T12:45:46.555259,12876.694,4623,Thumb,motor_12_flexed,51.0,35.0625,7,31.0,30.0,29.0,30.0,30.0,29.0,31.0,30.0,30.0,32.0,32.0,51.0,48.0,42.0,44.0,42.0
2025-12-25T12:45:48.443179,12878.583,4623,Thumb,motor_12_open,51.0,35.0625,7,31.0,30.0,29.0,30.0,30.0,29.0,31.0,30.0,30.0,32.0,32.0,51.0,48.0,42.0,44.0,42.0
2025-12-25T12:45:49.339140,12879.479,4624,Index,motor_2_flexed,51.0,35.125,7,31.0,30.0,29.0,30.0,30.0,29.0,31.0,30.0,30.0,32.0,32.0,51.0,48.0,42.0,45.0,42.0
2025-12-25T12:45:51.227062,12881.365,4624,Index,motor_2_open,51.0,35.125,7,31.0,30.0,29.0,30.0,30.0,29.0,31.0,30.0,30.0,32.0,32.0,51.0,48.0,42.0,44.0,43.0
2025-12-25T12:45:52.123027,12882.26,4625,Index,motor_1_flexed,51.0,35.0625,7,31.0,30.0,29.0,30.0,30.0,29.0,31.0,30.0,30.0,32.0,32.0,51.0,48.0,42.0,44.0,42.0
2025-12-25T12:45:54.010941,12884.148,4625,Index,motor_1_open,51.0,35.0625,7,31.0,30.0,29.0,30.0,30.0,29.0,31.0,30.0,30.0,32.0,32.0,51.0,48.0,42.0,44.0,42.0
2025-12-25T12:45:54.906893,12885.045,4626,Index,motor_3_flexed,51.0,35.0625,7,31.0,30.0,29.0,30.0,30.0,29.0,31.0,30.0,30.0,32.0,32.0,51.0,48.0,42.0,44.0,42.0
2025-12-25T12:45:56.794822,12886.935,4626,Index,motor_3_open,51.0,35.0625,7,31.0,30.0,29.0,30.0,30.0,29.0,31.0,30.0,30.0,32.0,32.0,51.0,48.0,42.0,44.0,42.0
2025-12-25T12:45:57.690783,12887.827,4627,Middle,motor_11_flexed,51.0,35.0625,7,31.0,30.0,29.0,30.0,30.0,29.0,31.0,30.0,30.0,32.0,32.0,51.0,48.0,42.0,44.0,42.0
2025-12-25T12:45:59.578704,12889.715,4627,Middle,motor_11_open,51.0,35.0625,7,31.0,30.0,29.0,30.0,30.0,29.0,31.0,30.0,30.0,32.0,32.0,51.0,48.0,42.0,44.0,42.0
2025-12-25T12:46:00.474662,12890.613,4628,Middle,motor_10_flexed,51.0,35.0,7,31.0,30.0,29.0,30.0,30.0,29.0,31.0,30.0,30.0,32.0,32.0,51.0,48.0,42.0,43.0,42.0
2025-12-25T12:46:02.362574,12892.502,4628,Middle,motor_10_open,51.0,35.0625,7,31.0,30.0,29.0,30.0,30.0,29.0,31.0,30.0,30.0,32.0,32.0,51.0,48.0,42.0,44.0,42.0
2025-12-25T12:46:03.258524,12893.394,4629,Ring,motor_4_flexed,51.0,35.0625,7,31.0,30.0,29.0,30.0,30.0,29.0,31.0,30.0,30.0,32.0,32.0,51.0,48.0,42.0,44.0,42.0
2025-12-25T12:46:05.146455,12895.283,4629,Ring,motor_4_open,51.0,35.0625,7,31.0,30.0,29.0,30.0,30.0,29.0,31.0,30.0,30.0,32.0,32.0,51.0,48.0,42.0,44.0,42.0
2025-12-25T12:46:06.042417,12896.181,4630,Ring,motor_5_flexed,51.0,35.0625,7,31.0,30.0,29.0,30.0,30.0,29.0,31.0,30.0,30.0,32.0,32.0,51.0,48.0,42.0,44.0,42.0
2025-12-25T12:46:07.930343,12898.068,4630,Ring,motor_5_open,51.0,35.0625,7,31.0,30.0,29.0,30.0,30.0,29.0,31.0,30.0,30.0,32.0,32.0,51.0,48.0,42.0,44.0,42.0
2025-12-25T12:46:08.826306,12898.963,4631,Ring,motor_6_flexed,51.0,35.125,7,31.0,30.0,29.0,30.0,30.0,29.0,31.0,30.0,30.0,32.0,32.0,51.0,48.0,42.0,45.0,42.0
2025-12-25T12:46:09.914261,12900.053,4631,Ring,motor_6_flex_hold,51.0,35.0625,7,31.0,30.0,29.0,30.0,30.0,29.0,31.0,30.0,30.0,32.0,32.0,51.0,48.0,42.0,44.0,42.0
2025-12-25T12:46:10.714224,12900.853,4631,Ring,motor_6_open,51.0,35.125,7,31.0,30.0,29.0,31.0,30.0,29.0,31.0,30.0,30.0,32.0,32.0,51.0,48.0,42.0,44.0,42.0
2025-12-25T12:46:11.610173,12901.746,4632,Pinky,motor_7_flexed,51.0,35.1875,7,31.0,30.0,29.0,31.0,31.0,29.0,31.0,30.0,30.0,32.0,32.0,51.0,48.0,42.0,44.0,42.0
2025-12-25T12:46:13.498094,12903.637,4632,Pinky,motor_7_open,51.0,35.0625,7,31.0,30.0,29.0,30.0,30.0,29.0,31.0,30.0,30.0,32.0,32.0,51.0,48.0,42.0,44.0,42.0
2025-12-25T12:46:14.394056,12904.532,4633,Pinky,motor_8_flexed,51.0,35.125,7,31.0,30.0,29.0,31.0,30.0,29.0,31.0,30.0,30.0,32.0,32.0,51.0,48.0,42.0,44.0,42.0
2025-12-25T12:46:16.281973,12906.417,4633,Pinky,motor_8_open,51.0,35.0625,7,31.0,30.0,29.0,30.0,30.0,29.0,31.0,30.0,30.0,32.0,32.0,51.0,48.0,42.0,44.0,42.0
2025-12-25T12:46:17.177938,12907.314,4634,Pinky,motor_9_flexed,51.0,35.125,7,31.0,30.0,29.0,30.0,30.0,29.0,31.0,30.0,30.0,32.0,32.0,51.0,48.0,42.0,45.0,42.0
2025-12-25T12:46:19.065856,12909.204,4634,Pinky,motor_9_open,51.0,35.0625,7,31.0,30.0,29.0,30.0,30.0,29.0,31.0,30.0,30.0,32.0,32.0,51.0,48.0,42.0,44.0,42.0
2025-12-25T12:46:19.961816,12910.097,4635,Thumb,motor_13_flexed,51.0,35.125,7,31.0,30.0,29.0,30.0,30.0,29.0,31.0,30.0,30.0,32.0,32.0,51.0,48.0,42.0,45.0,42.0
2025-12-25T12:46:21.849736,12911.987,4635,Thumb,motor_13_open,51.0,35.1875,7,31.0,30.0,29.0,30.0,30.0,29.0,31.0,30.0,30.0,32.0,32.0,51.0,48.0,42.0,44.0,44.0
2025-12-25T12:46:22.745696,12912.88,4636,Thumb,motor_14_flexed,51.0,35.0625,7,31.0,30.0,29.0,30.0,30.0,29.0,31.0,30.0,30.0,32.0,32.0,51.0,48.0,42.0,44.0,42.0
2025-12-25T12:46:24.633633,12914.771,4636,Thumb,motor_14_open,51.0,35.125,7,31.0,30.0,29.0,30.0,30.0,29.0,31.0,30.0,30.0,32.0,32.0,51.0,48.0,42.0,45.0,42.0
2025-12-25T12:46:25.529607,12915.668,4637,Thumb,motor_12_flexed,51.0,35.0625,7,31.0,30.0,29.0,30.0,30.0,29.0,31.0,30.0,30.0,32.0,32.0,51.0,48.0,42.0,44.0,42.0
2025-12-25T12:46:27.417508,12917.555,4637,Thumb,motor_12_open,51.0,35.0625,7,31.0,30.0,29.0,30.0,30.0,29.0,31.0,30.0,30.0,32.0,32.0,51.0,48.0,42.0,44.0,42.0
2025-12-25T12:46:28.313468,12918.453,4638,Index,motor_2_flexed,51.0,35.125,7,31.0,30.0,29.0,30.0,30.0,29.0,31.0,30.0,30.0,32.0,32.0,51.0,48.0,42.0,45.0,42.0
2025-12-25T12:46:30.201387,12920.339,4638,Index,motor_2_open,51.0,35.0625,7,31.0,30.0,29.0,30.0,30.0,29.0,31.0,30.0,30.0,32.0,32.0,51.0,48.0,42.0,44.0,42.0
2025-12-25T12:46:31.097352,12921.236,4639,Index,motor_1_flexed,51.0,35.0625,7,31.0,30.0,29.0,30.0,30.0,29.0,31.0,30.0,30.0,32.0,32.0,51.0,48.0,42.0,44.0,42.0
2025-12-25T12:46:32.985267,12923.124,4639,Index,motor_1_open,51.0,35.0625,7,31.0,30.0,29.0,30.0,30.0,29.0,31.0,30.0,30.0,32.0,32.0,51.0,48.0,42.0,44.0,42.0
2025-12-25T12:46:33.881230,12924.019,4640,Index,motor_3_flexed,51.0,35.1875,7,31.0,30.0,29.0,31.0,30.0,29.0,31.0,30.0,30.0,32.0,32.0,51.0,48.0,42.0,45.0,42.0
2025-12-25T12:46:35.769153,12925.909,4640,Index,motor_3_open,51.0,35.0625,7,31.0,30.0,29.0,30.0,30.0,29.0,31.0,30.0,30.0,32.0,32.0,51.0,48.0,42.0,44.0,42.0
2025-12-25T12:46:36.665108,12926.804,4641,Middle,motor_11_flexed,51.0,35.125,7,31.0,30.0,29.0,30.0,30.0,29.0,31.0,30.0,30.0,32.0,32.0,51.0,48.0,42.0,45.0,42.0
2025-12-25T12:46:38.553020,12928.693,4641,Middle,motor_11_open,51.0,35.0625,7,31.0,30.0,29.0,30.0,30.0,29.0,31.0,30.0,30.0,32.0,32.0,51.0,48.0,42.0,44.0,42.0
2025-12-25T12:46:39.448990,12929.586,4642,Middle,motor_10_flexed,51.0,35.0625,7,31.0,30.0,29.0,30.0,30.0,29.0,31.0,30.0,30.0,32.0,32.0,51.0,48.0,42.0,44.0,42.0
2025-12-25T12:46:41.336907,12931.473,4642,Middle,motor_10_open,51.0,35.0625,7,31.0,30.0,29.0,30.0,30.0,29.0,31.0,30.0,30.0,32.0,32.0,51.0,48.0,42.0,44.0,42.0
2025-12-25T12:46:42.232859,12932.368,4643,Ring,motor_4_flexed,51.0,35.125,7,31.0,30.0,29.0,31.0,30.0,29.0,31.0,30.0,30.0,32.0,32.0,51.0,48.0,42.0,44.0,42.0
2025-12-25T12:46:44.120789,12934.257,4643,Ring,motor_4_open,51.0,35.125,7,31.0,30.0,29.0,30.0,30.0,29.0,31.0,30.0,30.0,32.0,32.0,51.0,48.0,42.0,45.0,42.0
2025-12-25T12:46:45.016756,12935.157,4644,Ring,motor_5_flexed,51.0,35.0625,7,31.0,30.0,29.0,30.0,30.0,29.0,31.0,30.0,30.0,32.0,32.0,51.0,48.0,42.0,44.0,42.0
2025-12-25T12:46:46.904672,12937.043,4644,Ring,motor_5_open,51.0,35.0625,7,31.0,30.0,29.0,30.0,30.0,29.0,31.0,30.0,30.0,32.0,32.0,51.0,48.0,42.0,44.0,42.0
2025-12-25T12:46:47.800632,12937.941,4645,Ring,motor_6_flexed,51.0,35.0625,7,31.0,30.0,29.0,30.0,30.0,29.0,31.0,30.0,30.0,32.0,32.0,51.0,48.0,42.0,44.0,42.0
2025-12-25T12:46:49.688560,12939.828,4645,Ring,motor_6_open,51.0,35.25,7,31.0,30.0,29.0,31.0,31.0,29.0,31.0,30.0,30.0,32.0,32.0,51.0,48.0,42.0,44.0,43.0
2025-12-25T12:46:50.584512,12940.722,4646,Pinky,motor_7_flexed,51.0,35.125,7,31.0,30.0,29.0,30.0,31.0,29.0,31.0,30.0,30.0,32.0,32.0,51.0,48.0,42.0,44.0,42.0
2025-12-25T12:46:52.472429,12942.608,4646,Pinky,motor_7_open,51.0,35.0625,7,31.0,30.0,29.0,30.0,30.0,29.0,31.0,30.0,30.0,32.0,32.0,51.0,48.0,42.0,44.0,42.0
2025-12-25T12:46:53.368384,12943.507,4647,Pinky,motor_8_flexed,51.0,34.9375,7,31.0,30.0,29.0,30.0,30.0,29.0,31.0,30.0,30.0,32.0,32.0,51.0,48.0,42.0,44.0,40.0
2025-12-25T12:46:55.256310,12945.395,4647,Pinky,motor_8_open,51.0,35.0625,7,31.0,30.0,29.0,30.0,30.0,29.0,31.0,30.0,30.0,32.0,32.0,51.0,48.0,42.0,44.0,42.0
2025-12-25T12:46:56.152272,12946.291,4648,Pinky,motor_9_flexed,51.0,35.125,7,31.0,30.0,29.0,31.0,30.0,29.0,31.0,30.0,30.0,32.0,32.0,51.0,48.0,42.0,44.0,42.0
2025-12-25T12:46:58.040189,12948.176,4648,Pinky,motor_9_open,51.0,35.125,7,31.0,30.0,29.0,30.0,30.0,29.0,31.0,30.0,30.0,32.0,32.0,51.0,48.0,42.0,45.0,42.0
2025-12-25T12:46:58.936162,12949.074,4649,Thumb,motor_13_flexed,51.0,35.25,7,31.0,30.0,29.0,30.0,31.0,29.0,31.0,30.0,30.0,32.0,32.0,51.0,48.0,42.0,45.0,43.0
2025-12-25T12:47:00.824071,12950.964,4649,Thumb,motor_13_open,51.0,35.125,7,31.0,30.0,29.0,30.0,30.0,29.0,31.0,30.0,30.0,32.0,32.0,51.0,48.0,42.0,45.0,42.0
2025-12-25T12:47:01.720029,12951.859,4650,Thumb,motor_14_flexed,51.0,35.0625,7,31.0,30.0,29.0,30.0,30.0,29.0,31.0,30.0,30.0,32.0,32.0,51.0,48.0,42.0,44.0,42.0
2025-12-25T12:47:03.607963,12953.748,4650,Thumb,motor_14_open,51.0,35.125,7,31.0,30.0,29.0,31.0,30.0,29.0,31.0,30.0,30.0,32.0,32.0,51.0,48.0,42.0,44.0,42.0
2025-12-25T12:47:04.503911,12954.64,4651,Thumb,motor_12_flexed,51.0,35.0625,7,31.0,30.0,29.0,30.0,30.0,29.0,31.0,30.0,30.0,32.0,32.0,51.0,48.0,42.0,44.0,42.0
2025-12-25T12:47:06.391826,12956.532,4651,Thumb,motor_12_open,51.0,35.125,7,31.0,30.0,29.0,30.0,30.0,29.0,31.0,30.0,30.0,32.0,32.0,51.0,48.0,42.0,45.0,42.0
2025-12-25T12:47:07.287782,12957.423,4652,Index,motor_2_flexed,51.0,35.0625,7,31.0,30.0,29.0,30.0,30.0,29.0,31.0,30.0,30.0,32.0,32.0,51.0,48.0,42.0,45.0,41.0
2025-12-25T12:47:09.175706,12959.311,4652,Index,motor_2_open,51.0,35.25,7,31.0,30.0,29.0,31.0,30.0,29.0,31.0,30.0,30.0,32.0,32.0,51.0,48.0,42.0,45.0,43.0
2025-12-25T12:47:10.071668,12960.209,4653,Index,motor_1_flexed,51.0,35.125,7,31.0,30.0,29.0,30.0,30.0,29.0,31.0,30.0,30.0,32.0,32.0,51.0,48.0,42.0,44.0,43.0
2025-12-25T12:47:11.959587,12962.099,4653,Index,motor_1_open,51.0,35.0625,7,31.0,30.0,29.0,30.0,30.0,29.0,31.0,30.0,30.0,32.0,32.0,51.0,48.0,42.0,44.0,42.0
2025-12-25T12:47:12.855564,12962.994,4654,Index,motor_3_flexed,51.0,35.0625,7,31.0,30.0,29.0,30.0,30.0,29.0,31.0,30.0,30.0,32.0,32.0,51.0,48.0,42.0,44.0,42.0
2025-12-25T12:47:14.743470,12964.882,4654,Index,motor_3_open,51.0,35.125,7,31.0,30.0,29.0,31.0,30.0,29.0,31.0,30.0,30.0,32.0,32.0,51.0,48.0,42.0,44.0,42.0
2025-12-25T12:47:15.639430,12965.779,4655,Middle,motor_11_flexed,51.0,35.125,7,31.0,30.0,29.0,30.0,30.0,29.0,31.0,30.0,30.0,32.0,32.0,51.0,48.0,42.0,45.0,42.0
2025-12-25T12:47:17.527352,12967.667,4655,Middle,motor_11_open,51.0,35.25,7,31.0,30.0,29.0,30.0,30.0,29.0,31.0,30.0,30.0,32.0,32.0,51.0,48.0,42.0,45.0,44.0
2025-12-25T12:47:18.423309,12968.562,4656,Middle,motor_10_flexed,51.0,35.125,7,31.0,30.0,29.0,31.0,30.0,29.0,31.0,30.0,30.0,32.0,32.0,51.0,48.0,42.0,44.0,42.0
2025-12-25T12:47:20.311226,12970.451,4656,Middle,motor_10_open,51.0,35.1875,7,31.0,30.0,29.0,30.0,30.0,29.0,31.0,30.0,30.0,32.0,32.0,51.0,48.0,42.0,45.0,43.0
2025-12-25T12:47:21.207189,12971.344,4657,Ring,motor_4_flexed,51.0,35.0625,7,31.0,30.0,29.0,30.0,30.0,29.0,31.0,30.0,30.0,32.0,32.0,51.0,48.0,42.0,44.0,42.0
2025-12-25T12:47:23.095109,12973.231,4657,Ring,motor_4_open,51.0,35.125,7,31.0,30.0,29.0,31.0,30.0,29.0,31.0,30.0,30.0,32.0,32.0,51.0,48.0,42.0,44.0,42.0
2025-12-25T12:47:23.991067,12974.13,4658,Ring,motor_5_flexed,51.0,35.1875,7,31.0,30.0,29.0,31.0,30.0,29.0,31.0,30.0,30.0,32.0,32.0,51.0,48.0,42.0,45.0,42.0
2025-12-25T12:47:25.878986,12976.017,4658,Ring,motor_5_open,51.0,35.1875,7,31.0,30.0,29.0,31.0,30.0,29.0,31.0,30.0,30.0,32.0,32.0,51.0,48.0,42.0,44.0,43.0
2025-12-25T12:47:26.774943,12976.915,4659,Ring,motor_6_flexed,51.0,35.125,7,31.0,30.0,29.0,31.0,30.0,29.0,31.0,30.0,30.0,32.0,32.0,51.0,48.0,42.0,44.0,42.0
2025-12-25T12:47:28.662859,12978.799,4659,Ring,motor_6_open,51.0,35.125,7,31.0,30.0,29.0,30.0,31.0,29.0,31.0,30.0,30.0,32.0,32.0,51.0,48.0,42.0,44.0,42.0
2025-12-25T12:47:29.558828,12979.697,4660,Pinky,motor_7_flexed,51.0,35.125,7,31.0,30.0,29.0,31.0,30.0,29.0,31.0,30.0,30.0,32.0,32.0,51.0,48.0,42.0,44.0,42.0
2025-12-25T12:47:31.446737,12981.585,4660,Pinky,motor_7_open,51.0,35.1875,7,31.0,30.0,29.0,30.0,30.0,29.0,31.0,30.0,30.0,32.0,32.0,51.0,48.0,42.0,45.0,43.0
2025-12-25T12:47:32.342709,12982.479,4661,Pinky,motor_8_flexed,51.0,35.25,7,31.0,30.0,29.0,31.0,30.0,29.0,31.0,30.0,30.0,32.0,32.0,51.0,48.0,42.0,45.0,43.0
2025-12-25T12:47:34.230627,12984.367,4661,Pinky,motor_8_open,51.0,35.0625,7,31.0,30.0,29.0,30.0,30.0,29.0,31.0,30.0,30.0,32.0,32.0,51.0,48.0,42.0,44.0,42.0
2025-12-25T12:47:35.126584,12985.264,4662,Pinky,motor_9_flexed,51.0,35.1875,7,31.0,30.0,29.0,30.0,30.0,29.0,31.0,30.0,30.0,32.0,32.0,51.0,48.0,42.0,45.0,43.0
2025-12-25T12:47:37.014507,12987.151,4662,Pinky,motor_9_open,51.0,35.125,7,31.0,30.0,29.0,30.0,30.0,29.0,31.0,30.0,30.0,32.0,32.0,51.0,48.0,42.0,44.0,43.0
2025-12-25T12:47:37.910465,12988.048,4663,Thumb,motor_13_flexed,51.0,35.0625,7,31.0,30.0,29.0,30.0,30.0,29.0,31.0,30.0,30.0,32.0,32.0,51.0,48.0,42.0,44.0,42.0
2025-12-25T12:47:39.798384,12989.935,4663,Thumb,motor_13_open,51.0,35.0625,7,31.0,30.0,29.0,30.0,30.0,29.0,31.0,30.0,30.0,32.0,32.0,51.0,48.0,42.0,44.0,42.0
2025-12-25T12:47:40.694343,12990.831,4664,Thumb,motor_14_flexed,51.0,35.1875,7,31.0,30.0,29.0,30.0,30.0,29.0,31.0,30.0,30.0,32.0,32.0,51.0,48.0,42.0,44.0,44.0
2025-12-25T12:47:42.582268,12992.72,4664,Thumb,motor_14_open,51.0,35.125,7,31.0,30.0,29.0,30.0,30.0,29.0,31.0,30.0,30.0,32.0,32.0,51.0,48.0,42.0,44.0,43.0
2025-12-25T12:47:43.478225,12993.613,4665,Thumb,motor_12_flexed,51.0,35.0625,7,31.0,30.0,29.0,30.0,30.0,29.0,31.0,30.0,30.0,32.0,32.0,51.0,48.0,42.0,44.0,42.0
2025-12-25T12:47:45.366145,12995.506,4665,Thumb,motor_12_open,51.0,35.125,7,31.0,30.0,29.0,31.0,30.0,29.0,31.0,30.0,30.0,32.0,32.0,51.0,48.0,42.0,44.0,42.0
2025-12-25T12:47:46.262103,12996.398,4666,Index,motor_2_flexed,51.0,35.125,7,31.0,30.0,29.0,30.0,30.0,29.0,31.0,30.0,30.0,32.0,32.0,51.0,48.0,42.0,45.0,42.0
2025-12-25T12:47:48.150010,12998.289,4666,Index,motor_2_open,51.0,35.1875,7,31.0,30.0,29.0,30.0,30.0,29.0,31.0,30.0,30.0,32.0,32.0,51.0,48.0,42.0,45.0,43.0
2025-12-25T12:47:49.045974,12999.184,4667,Index,motor_1_flexed,51.0,35.125,7,31.0,30.0,29.0,30.0,30.0,29.0,31.0,30.0,30.0,32.0,32.0,51.0,48.0,42.0,45.0,42.0
2025-12-25T12:47:50.933890,13001.071,4667,Index,motor_1_open,51.0,35.0625,7,31.0,30.0,29.0,30.0,30.0,29.0,31.0,30.0,30.0,32.0,32.0,51.0,48.0,42.0,44.0,42.0
2025-12-25T12:47:51.829855,13001.966,4668,Index,motor_3_flexed,51.0,35.0625,7,31.0,30.0,29.0,30.0,30.0,29.0,31.0,30.0,30.0,32.0,32.0,51.0,48.0,42.0,44.0,42.0
2025-12-25T12:47:53.717769,13003.855,4668,Index,motor_3_open,51.0,35.0625,7,31.0,30.0,29.0,30.0,30.0,29.0,31.0,30.0,30.0,32.0,32.0,51.0,48.0,42.0,44.0,42.0
2025-12-25T12:47:54.613734,13004.75,4669,Middle,motor_11_flexed,51.0,35.125,7,31.0,30.0,29.0,30.0,30.0,29.0,31.0,30.0,30.0,32.0,32.0,51.0,48.0,42.0,45.0,42.0
2025-12-25T12:47:56.501674,13006.637,4669,Middle,motor_11_open,51.0,35.0,7,31.0,30.0,29.0,31.0,30.0,29.0,31.0,30.0,30.0,32.0,32.0,51.0,48.0,42.0,44.0,40.0
2025-12-25T12:47:57.397628,13007.532,4670,Middle,motor_10_flexed,51.0,35.125,7,31.0,30.0,29.0,30.0,30.0,29.0,31.0,30.0,30.0,32.0,32.0,51.0,48.0,42.0,44.0,43.0
2025-12-25T12:47:59.285546,13009.417,4670,Middle,motor_10_open,51.0,35.125,7,31.0,30.0,29.0,31.0,30.0,29.0,31.0,30.0,30.0,32.0,32.0,51.0,48.0,42.0,44.0,42.0
2025-12-25T12:48:00.181505,13010.314,4671,Ring,motor_4_flexed,51.0,35.1875,7,31.0,30.0,29.0,30.0,30.0,29.0,31.0,30.0,30.0,32.0,32.0,51.0,48.0,42.0,45.0,43.0
2025-12-25T12:48:02.069426,13012.205,4671,Ring,motor_4_open,51.0,35.125,7,31.0,30.0,29.0,30.0,30.0,29.0,31.0,30.0,30.0,32.0,32.0,51.0,48.0,42.0,45.0,42.0
2025-12-25T12:48:02.965371,13013.098,4672,Ring,motor_5_flexed,51.0,35.125,7,31.0,30.0,29.0,30.0,30.0,29.0,31.0,30.0,30.0,32.0,32.0,51.0,48.0,42.0,45.0,42.0
2025-12-25T12:48:04.853304,13014.984,4672,Ring,motor_5_open,51.0,35.1875,7,31.0,30.0,29.0,31.0,30.0,29.0,31.0,30.0,30.0,32.0,32.0,51.0,48.0,42.0,45.0,42.0
2025-12-25T12:48:05.749274,13015.885,4673,Ring,motor_6_flexed,51.0,35.0625,7,31.0,30.0,29.0,30.0,30.0,29.0,31.0,30.0,30.0,32.0,32.0,51.0,48.0,42.0,44.0,42.0
2025-12-25T12:48:07.637188,13017.774,4673,Ring,motor_6_open,51.0,35.125,7,31.0,30.0,29.0,30.0,30.0,29.0,31.0,30.0,30.0,32.0,32.0,51.0,48.0,42.0,45.0,42.0
2025-12-25T12:48:08.533149,13018.67,4674,Pinky,motor_7_flexed,51.0,35.25,7,31.0,30.0,29.0,30.0,31.0,29.0,31.0,30.0,30.0,32.0,32.0,51.0,48.0,42.0,45.0,43.0
2025-12-25T12:48:10.117077,13020.259,4674,Pinky,motor_7_flex_hold,51.0,35.1875,7,31.0,30.0,29.0,31.0,30.0,29.0,31.0,30.0,30.0,32.0,32.0,51.0,48.0,42.0,44.0,43.0
2025-12-25T12:48:10.517077,13020.655,4674,Pinky,motor_7_open,51.0,35.0625,7,31.0,30.0,29.0,30.0,30.0,29.0,31.0,30.0,30.0,32.0,32.0,51.0,48.0,42.0,44.0,42.0
2025-12-25T12:48:11.413029,13021.55,4675,Pinky,motor_8_flexed,51.0,35.125,7,31.0,30.0,29.0,30.0,30.0,29.0,31.0,30.0,30.0,32.0,32.0,51.0,48.0,42.0,45.0,42.0
2025-12-25T12:48:13.300945,13023.438,4675,Pinky,motor_8_open,51.0,35.1875,7,31.0,30.0,29.0,30.0,30.0,29.0,31.0,30.0,30.0,32.0,32.0,51.0,48.0,42.0,45.0,43.0
2025-12-25T12:48:14.196911,13024.334,4676,Pinky,motor_9_flexed,51.0,35.0625,7,31.0,30.0,29.0,30.0,30.0,29.0,31.0,30.0,30.0,32.0,32.0,51.0,48.0,42.0,44.0,42.0
2025-12-25T12:48:16.084827,13026.224,4676,Pinky,motor_9_open,51.0,35.1875,7,31.0,30.0,29.0,31.0,30.0,29.0,31.0,30.0,30.0,32.0,32.0,51.0,48.0,42.0,44.0,43.0
2025-12-25T12:48:16.980791,13027.121,4677,Thumb,motor_13_flexed,51.0,35.0625,7,31.0,30.0,29.0,30.0,30.0,29.0,31.0,30.0,30.0,32.0,32.0,51.0,48.0,42.0,44.0,42.0
2025-12-25T12:48:18.868697,13029.006,4677,Thumb,motor_13_open,51.0,35.125,7,31.0,30.0,29.0,30.0,30.0,29.0,31.0,30.0,30.0,32.0,32.0,51.0,48.0,42.0,45.0,42.0
2025-12-25T12:48:19.764672,13029.896,4678,Thumb,motor_14_flexed,51.0,35.0625,7,31.0,30.0,29.0,30.0,30.0,29.0,31.0,30.0,30.0,32.0,32.0,51.0,48.0,42.0,44.0,42.0
2025-12-25T12:48:21.652578,13031.783,4678,Thumb,motor_14_open,51.0,35.125,7,31.0,30.0,29.0,30.0,30.0,29.0,31.0,30.0,30.0,32.0,32.0,51.0,48.0,42.0,45.0,42.0
2025-12-25T12:48:22.548541,13032.686,4679,Thumb,motor_12_flexed,51.0,35.1875,7,31.0,30.0,29.0,30.0,30.0,29.0,31.0,30.0,30.0,32.0,32.0,51.0,48.0,42.0,45.0,43.0
2025-12-25T12:48:24.436457,13034.574,4679,Thumb,motor_12_open,51.0,35.1875,7,31.0,30.0,29.0,31.0,30.0,29.0,31.0,30.0,30.0,32.0,32.0,51.0,48.0,42.0,45.0,42.0
2025-12-25T12:48:25.332416,13035.469,4680,Index,motor_2_flexed,51.0,35.125,7,31.0,30.0,29.0,30.0,30.0,29.0,31.0,30.0,30.0,32.0,32.0,51.0,48.0,42.0,45.0,42.0
2025-12-25T12:48:27.220337,13037.359,4680,Index,motor_2_open,51.0,35.125,7,31.0,30.0,29.0,31.0,30.0,29.0,31.0,30.0,30.0,32.0,32.0,51.0,48.0,42.0,44.0,42.0
2025-12-25T12:48:28.116296,13038.253,4681,Index,motor_1_flexed,51.0,35.125,7,31.0,30.0,29.0,30.0,30.0,29.0,31.0,30.0,30.0,32.0,32.0,51.0,48.0,42.0,45.0,42.0
2025-12-25T12:48:30.004221,13040.144,4681,Index,motor_1_open,51.0,35.125,7,31.0,30.0,29.0,30.0,30.0,29.0,31.0,30.0,30.0,32.0,32.0,51.0,48.0,42.0,44.0,43.0
2025-12-25T12:48:30.900187,13041.039,4682,Index,motor_3_flexed,51.0,35.0625,7,31.0,30.0,29.0,30.0,30.0,29.0,31.0,30.0,30.0,32.0,32.0,51.0,48.0,42.0,44.0,42.0
2025-12-25T12:48:32.788071,13042.919,4682,Index,motor_3_open,51.0,35.0625,7,31.0,30.0,29.0,30.0,30.0,29.0,31.0,30.0,30.0,32.0,32.0,51.0,48.0,42.0,44.0,42.0
2025-12-25T12:48:33.684045,13043.822,4683,Middle,motor_11_flexed,51.0,35.0625,7,31.0,30.0,29.0,30.0,30.0,29.0,31.0,30.0,30.0,32.0,32.0,51.0,48.0,42.0,44.0,42.0
2025-12-25T12:48:35.571962,13045.711,4683,Middle,motor_11_open,51.0,35.1875,7,31.0,30.0,29.0,30.0,30.0,29.0,31.0,30.0,30.0,32.0,32.0,51.0,48.0,42.0,45.0,43.0
2025-12-25T12:48:36.467930,13046.606,4684,Middle,motor_10_flexed,51.0,35.125,7,31.0,30.0,29.0,30.0,30.0,29.0,31.0,30.0,30.0,32.0,32.0,51.0,48.0,42.0,45.0,42.0
2025-12-25T12:48:38.355860,13048.496,4684,Middle,motor_10_open,51.0,35.125,7,31.0,30.0,29.0,30.0,30.0,29.0,31.0,30.0,30.0,32.0,32.0,51.0,48.0,42.0,44.0,43.0
2025-12-25T12:48:39.251822,13049.392,4685,Ring,motor_4_flexed,51.0,35.0625,7,31.0,30.0,29.0,30.0,30.0,29.0,31.0,30.0,30.0,32.0,32.0,51.0,48.0,42.0,44.0,42.0
2025-12-25T12:48:41.139727,13051.278,4685,Ring,motor_4_open,51.0,35.0625,7,31.0,30.0,29.0,30.0,30.0,29.0,31.0,30.0,30.0,32.0,32.0,51.0,48.0,42.0,44.0,42.0
2025-12-25T12:48:42.035687,13052.167,4686,Ring,motor_5_flexed,51.0,35.125,7,31.0,30.0,29.0,30.0,30.0,29.0,31.0,30.0,30.0,32.0,32.0,51.0,48.0,42.0,45.0,42.0
2025-12-25T12:48:43.923607,13054.056,4686,Ring,motor_5_open,51.0,35.0625,7,31.0,30.0,29.0,30.0,30.0,29.0,31.0,30.0,30.0,32.0,32.0,51.0,48.0,42.0,44.0,42.0
2025-12-25T12:48:44.819571,13054.958,4687,Ring,motor_6_flexed,51.0,35.0,7,31.0,30.0,29.0,31.0,30.0,29.0,31.0,30.0,30.0,32.0,32.0,51.0,48.0,42.0,44.0,40.0
2025-12-25T12:48:46.707493,13056.845,4687,Ring,motor_6_open,51.0,35.1875,7,31.0,30.0,29.0,31.0,31.0,29.0,31.0,30.0,30.0,32.0,32.0,51.0,48.0,42.0,44.0,42.0
2025-12-25T12:48:47.603458,13057.743,4688,Pinky,motor_7_flexed,51.0,35.0625,7,31.0,30.0,29.0,30.0,30.0,29.0,31.0,30.0,30.0,32.0,32.0,51.0,48.0,42.0,44.0,42.0
2025-12-25T12:48:49.491381,13059.63,4688,Pinky,motor_7_open,51.0,35.125,7,31.0,30.0,29.0,31.0,30.0,29.0,31.0,30.0,30.0,32.0,32.0,51.0,48.0,42.0,44.0,42.0
2025-12-25T12:48:50.387340,13060.524,4689,Pinky,motor_8_flexed,51.0,35.1875,7,31.0,30.0,29.0,30.0,31.0,29.0,31.0,30.0,30.0,32.0,32.0,51.0,48.0,42.0,45.0,42.0
2025-12-25T12:48:52.275235,13062.41,4689,Pinky,motor_8_open,51.0,35.0625,7,31.0,30.0,29.0,30.0,30.0,29.0,31.0,30.0,30.0,32.0,32.0,51.0,48.0,42.0,44.0,42.0
2025-12-25T12:48:53.171196,13063.309,4690,Pinky,motor_9_flexed,51.0,35.125,7,31.0,30.0,29.0,30.0,30.0,29.0,31.0,30.0,30.0,32.0,32.0,51.0,48.0,42.0,45.0,42.0
2025-12-25T12:48:55.059115,13065.198,4690,Pinky,motor_9_open,51.0,35.0625,7,31.0,30.0,29.0,30.0,30.0,29.0,31.0,30.0,30.0,32.0,32.0,51.0,48.0,42.0,44.0,42.0
2025-12-25T12:48:55.955073,13066.094,4691,Thumb,motor_13_flexed,51.0,35.1875,7,31.0,30.0,29.0,31.0,30.0,29.0,31.0,30.0,30.0,32.0,32.0,51.0,48.0,42.0,45.0,42.0
2025-12-25T12:48:57.842994,13067.981,4691,Thumb,motor_13_open,51.0,35.125,7,31.0,30.0,29.0,30.0,30.0,29.0,31.0,30.0,30.0,32.0,32.0,51.0,48.0,42.0,45.0,42.0
2025-12-25T12:48:58.738960,13068.876,4692,Thumb,motor_14_flexed,51.0,35.0625,7,31.0,30.0,29.0,30.0,30.0,29.0,31.0,30.0,30.0,32.0,32.0,51.0,48.0,42.0,44.0,42.0
2025-12-25T12:49:00.626873,13070.766,4692,Thumb,motor_14_open,51.0,35.0625,7,31.0,30.0,29.0,30.0,30.0,29.0,31.0,30.0,30.0,32.0,32.0,51.0,48.0,42.0,44.0,42.0
2025-12-25T12:49:01.522833,13071.662,4693,Thumb,motor_12_flexed,51.0,35.125,7,31.0,30.0,29.0,30.0,30.0,29.0,31.0,30.0,30.0,32.0,32.0,51.0,48.0,42.0,45.0,42.0
2025-12-25T12:49:03.410747,13073.547,4693,Thumb,motor_12_open,51.0,35.0625,7,31.0,30.0,29.0,30.0,30.0,29.0,31.0,30.0,30.0,32.0,32.0,51.0,48.0,42.0,44.0,42.0
2025-12-25T12:49:04.306700,13074.438,4694,Index,motor_2_flexed,51.0,35.125,7,31.0,30.0,29.0,30.0,30.0,29.0,31.0,30.0,30.0,32.0,32.0,51.0,48.0,42.0,44.0,43.0
2025-12-25T12:49:06.194619,13076.332,4694,Index,motor_2_open,51.0,35.0625,7,31.0,30.0,29.0,30.0,30.0,29.0,31.0,30.0,30.0,32.0,32.0,51.0,48.0,42.0,44.0,42.0
2025-12-25T12:49:07.090579,13077.222,4695,Index,motor_1_flexed,51.0,35.1875,7,31.0,30.0,29.0,31.0,30.0,29.0,31.0,30.0,30.0,32.0,32.0,51.0,48.0,42.0,45.0,42.0
2025-12-25T12:49:08.978499,13079.115,4695,Index,motor_1_open,51.0,35.0625,7,31.0,30.0,29.0,30.0,30.0,29.0,31.0,30.0,30.0,32.0,32.0,51.0,48.0,42.0,44.0,42.0
2025-12-25T12:49:09.874456,13080.011,4696,Index,motor_3_flexed,51.0,35.125,7,31.0,30.0,29.0,31.0,30.0,29.0,31.0,30.0,30.0,32.0,32.0,51.0,48.0,42.0,44.0,42.0
2025-12-25T12:49:11.762375,13081.9,4696,Index,motor_3_open,51.0,35.0625,7,31.0,30.0,29.0,30.0,30.0,29.0,31.0,30.0,30.0,32.0,32.0,51.0,48.0,42.0,44.0,42.0
2025-12-25T12:49:12.658344,13082.796,4697,Middle,motor_11_flexed,51.0,35.125,7,31.0,30.0,29.0,30.0,30.0,29.0,31.0,30.0,30.0,32.0,32.0,51.0,48.0,42.0,44.0,43.0
2025-12-25T12:49:14.546263,13084.684,4697,Middle,motor_11_open,51.0,35.125,7,31.0,30.0,29.0,30.0,30.0,29.0,31.0,30.0,30.0,32.0,32.0,51.0,48.0,42.0,45.0,42.0
2025-12-25T12:49:15.442214,13085.578,4698,Middle,motor_10_flexed,51.0,35.125,7,31.0,30.0,29.0,31.0,30.0,29.0,31.0,30.0,30.0,32.0,32.0,51.0,48.0,42.0,44.0,42.0
2025-12-25T12:49:17.330142,13087.468,4698,Middle,motor_10_open,51.0,35.1875,7,31.0,30.0,29.0,31.0,30.0,29.0,31.0,30.0,30.0,32.0,32.0,51.0,48.0,42.0,44.0,43.0
2025-12-25T12:49:18.226087,13088.359,4699,Ring,motor_4_flexed,51.0,35.125,7,31.0,30.0,29.0,30.0,30.0,29.0,31.0,30.0,30.0,32.0,32.0,51.0,48.0,42.0,45.0,42.0
2025-12-25T12:49:20.114010,13090.251,4699,Ring,motor_4_open,51.0,35.125,7,31.0,30.0,29.0,31.0,30.0,29.0,31.0,30.0,30.0,32.0,32.0,51.0,48.0,42.0,44.0,42.0
2025-12-25T12:49:21.009971,13091.145,4700,Ring,motor_5_flexed,51.0,35.125,7,31.0,30.0,29.0,31.0,30.0,29.0,31.0,30.0,30.0,32.0,32.0,51.0,48.0,42.0,44.0,42.0
2025-12-25T12:49:22.897886,13093.034,4700,Ring,motor_5_open,51.0,35.125,7,31.0,30.0,29.0,31.0,30.0,29.0,31.0,30.0,30.0,32.0,32.0,51.0,48.0,42.0,44.0,42.0
2025-12-25T12:49:23.793847,13093.928,4701,Ring,motor_6_flexed,51.0,35.125,7,31.0,30.0,29.0,31.0,30.0,29.0,31.0,30.0,30.0,32.0,32.0,51.0,48.0,42.0,44.0,42.0
2025-12-25T12:49:25.681767,13095.818,4701,Ring,motor_6_open,51.0,35.125,7,31.0,30.0,29.0,31.0,30.0,29.0,31.0,30.0,30.0,32.0,32.0,51.0,48.0,42.0,44.0,42.0
2025-12-25T12:49:26.577741,13096.712,4702,Pinky,motor_7_flexed,51.0,35.0625,7,31.0,30.0,29.0,30.0,30.0,29.0,31.0,30.0,30.0,32.0,32.0,51.0,48.0,42.0,44.0,42.0
2025-12-25T12:49:28.465657,13098.603,4702,Pinky,motor_7_open,51.0,35.125,7,31.0,30.0,29.0,31.0,30.0,29.0,31.0,30.0,30.0,32.0,32.0,51.0,48.0,42.0,44.0,42.0
2025-12-25T12:49:29.361617,13099.501,4703,Pinky,motor_8_flexed,51.0,35.0625,7,31.0,30.0,29.0,30.0,30.0,29.0,31.0,30.0,30.0,32.0,32.0,51.0,48.0,42.0,44.0,42.0
2025-12-25T12:49:31.249549,13101.391,4703,Pinky,motor_8_open,51.0,35.25,7,31.0,30.0,29.0,31.0,31.0,29.0,31.0,30.0,30.0,32.0,32.0,51.0,48.0,42.0,45.0,42.0
2025-12-25T12:49:32.145499,13102.279,4704,Pinky,motor_9_flexed,51.0,35.125,7,31.0,30.0,29.0,30.0,30.0,29.0,31.0,30.0,30.0,32.0,32.0,51.0,48.0,42.0,45.0,42.0
2025-12-25T12:49:34.033412,13104.171,4704,Pinky,motor_9_open,51.0,35.0625,7,31.0,30.0,29.0,30.0,30.0,29.0,31.0,30.0,30.0,32.0,32.0,51.0,48.0,42.0,44.0,42.0
2025-12-25T12:49:34.929370,13105.067,4705,Thumb,motor_13_flexed,51.0,35.1875,7,31.0,30.0,29.0,30.0,30.0,29.0,31.0,30.0,30.0,32.0,32.0,51.0,48.0,42.0,45.0,43.0
2025-12-25T12:49:36.817281,13106.954,4705,Thumb,motor_13_open,51.0,35.125,7,31.0,30.0,29.0,30.0,30.0,29.0,31.0,30.0,30.0,32.0,32.0,51.0,48.0,42.0,45.0,42.0
2025-12-25T12:49:37.713241,13107.85,4706,Thumb,motor_14_flexed,51.0,35.1875,7,31.0,30.0,29.0,30.0,30.0,29.0,31.0,30.0,30.0,32.0,32.0,51.0,48.0,42.0,45.0,43.0
2025-12-25T12:49:39.601159,13109.738,4706,Thumb,motor_14_open,51.0,35.0625,7,31.0,30.0,29.0,30.0,30.0,29.0,31.0,30.0,30.0,32.0,32.0,51.0,48.0,42.0,44.0,42.0
2025-12-25T12:49:40.497134,13110.629,4707,Thumb,motor_12_flexed,51.0,35.125,7,31.0,30.0,29.0,30.0,30.0,29.0,31.0,30.0,30.0,32.0,32.0,51.0,48.0,42.0,44.0,43.0
2025-12-25T12:49:42.385053,13112.521,4707,Thumb,motor_12_open,51.0,35.0625,7,31.0,30.0,29.0,30.0,30.0,29.0,31.0,30.0,30.0,32.0,32.0,51.0,48.0,42.0,44.0,42.0
2025-12-25T12:49:43.281011,13113.417,4708,Index,motor_2_flexed,51.0,35.125,7,31.0,30.0,29.0,30.0,30.0,29.0,31.0,30.0,30.0,32.0,32.0,51.0,48.0,42.0,45.0,42.0
2025-12-25T12:49:45.168931,13115.3,4708,Index,motor_2_open,51.0,35.0625,7,31.0,30.0,29.0,30.0,30.0,29.0,31.0,30.0,30.0,32.0,32.0,51.0,48.0,42.0,44.0,42.0
2025-12-25T12:49:46.064905,13116.202,4709,Index,motor_1_flexed,51.0,35.0625,7,31.0,30.0,29.0,30.0,30.0,29.0,31.0,30.0,30.0,32.0,32.0,51.0,48.0,42.0,44.0,42.0
2025-12-25T12:49:47.952808,13118.093,4709,Index,motor_1_open,51.0,35.125,7,31.0,30.0,29.0,30.0,30.0,29.0,31.0,30.0,30.0,32.0,32.0,51.0,48.0,42.0,45.0,42.0
2025-12-25T12:49:48.848783,13118.988,4710,Index,motor_3_flexed,51.0,35.125,7,31.0,30.0,29.0,30.0,30.0,29.0,31.0,30.0,30.0,32.0,32.0,51.0,48.0,42.0,44.0,43.0
2025-12-25T12:49:50.736698,13120.868,4710,Index,motor_3_open,51.0,35.125,7,31.0,30.0,29.0,30.0,30.0,29.0,31.0,30.0,30.0,32.0,32.0,51.0,48.0,42.0,45.0,42.0
2025-12-25T12:49:51.632633,13121.769,4711,Middle,motor_11_flexed,51.0,35.1875,7,31.0,30.0,29.0,30.0,30.0,29.0,31.0,30.0,30.0,32.0,32.0,51.0,48.0,42.0,45.0,43.0
2025-12-25T12:49:53.520567,13123.661,4711,Middle,motor_11_open,51.0,35.0625,7,31.0,30.0,29.0,30.0,30.0,29.0,31.0,30.0,30.0,32.0,32.0,51.0,48.0,42.0,44.0,42.0
2025-12-25T12:49:54.416523,13124.555,4712,Middle,motor_10_flexed,51.0,35.1875,7,31.0,30.0,29.0,30.0,30.0,29.0,31.0,30.0,30.0,32.0,32.0,51.0,48.0,42.0,45.0,43.0
2025-12-25T12:49:56.304437,13126.442,4712,Middle,motor_10_open,51.0,35.125,7,31.0,30.0,29.0,30.0,30.0,29.0,31.0,30.0,30.0,32.0,32.0,51.0,48.0,42.0,45.0,42.0
2025-12-25T12:49:57.200381,13127.337,4713,Ring,motor_4_flexed,51.0,35.0625,7,31.0,30.0,29.0,30.0,30.0,29.0,31.0,30.0,30.0,32.0,32.0,51.0,48.0,42.0,45.0,41.0
2025-12-25T12:49:59.088313,13129.225,4713,Ring,motor_4_open,51.0,35.0625,7,31.0,30.0,29.0,30.0,30.0,29.0,31.0,30.0,30.0,32.0,32.0,51.0,48.0,42.0,44.0,42.0
2025-12-25T12:49:59.984268,13130.124,4714,Ring,motor_5_flexed,51.0,35.125,7,31.0,30.0,29.0,30.0,30.0,29.0,31.0,30.0,30.0,32.0,32.0,51.0,48.0,42.0,45.0,42.0
2025-12-25T12:50:01.872194,13132.012,4714,Ring,motor_5_open,51.0,35.125,7,31.0,30.0,29.0,30.0,30.0,29.0,31.0,30.0,30.0,32.0,32.0,51.0,48.0,42.0,44.0,43.0
2025-12-25T12:50:02.768155,13132.905,4715,Ring,motor_6_flexed,51.0,35.0625,7,31.0,30.0,29.0,30.0,30.0,29.0,31.0,30.0,30.0,32.0,32.0,51.0,48.0,42.0,44.0,42.0
2025-12-25T12:50:04.656088,13134.795,4715,Ring,motor_6_open,51.0,35.125,7,31.0,30.0,29.0,30.0,31.0,29.0,31.0,30.0,30.0,32.0,32.0,51.0,48.0,42.0,44.0,42.0
2025-12-25T12:50:05.552053,13135.692,4716,Pinky,motor_7_flexed,51.0,35.125,7,31.0,30.0,29.0,31.0,30.0,29.0,31.0,30.0,30.0,32.0,32.0,51.0,48.0,42.0,44.0,42.0
2025-12-25T12:50:07.439970,13137.578,4716,Pinky,motor_7_open,51.0,35.125,7,31.0,30.0,29.0,30.0,30.0,29.0,31.0,30.0,30.0,32.0,32.0,51.0,48.0,42.0,44.0,43.0
2025-12-25T12:50:08.335932,13138.476,4717,Pinky,motor_8_flexed,51.0,35.125,7,31.0,30.0,29.0,31.0,30.0,29.0,31.0,30.0,30.0,32.0,32.0,51.0,48.0,42.0,44.0,42.0
2025-12-25T12:50:09.919861,13140.062,4717,Pinky,motor_8_flex_hold,51.0,35.0625,7,31.0,30.0,29.0,30.0,30.0,29.0,31.0,30.0,30.0,32.0,32.0,51.0,48.0,42.0,44.0,42.0
2025-12-25T12:50:10.319852,13140.458,4717,Pinky,motor_8_open,51.0,35.1875,7,31.0,30.0,29.0,30.0,31.0,29.0,31.0,30.0,30.0,32.0,32.0,51.0,48.0,42.0,45.0,42.0
2025-12-25T12:50:11.215805,13141.355,4718,Pinky,motor_9_flexed,51.0,35.25,7,31.0,30.0,29.0,31.0,31.0,29.0,31.0,30.0,30.0,32.0,32.0,51.0,48.0,42.0,45.0,42.0
2025-12-25T12:50:13.103723,13143.243,4718,Pinky,motor_9_open,51.0,35.125,7,31.0,30.0,29.0,31.0,30.0,29.0,31.0,30.0,30.0,32.0,32.0,51.0,48.0,42.0,44.0,42.0
2025-12-25T12:50:13.999669,13144.131,4719,Thumb,motor_13_flexed,51.0,35.125,7,31.0,30.0,29.0,30.0,30.0,29.0,31.0,30.0,30.0,32.0,32.0,51.0,48.0,42.0,45.0,42.0
2025-12-25T12:50:15.887602,13146.025,4719,Thumb,motor_13_open,51.0,35.1875,7,31.0,30.0,29.0,30.0,30.0,29.0,31.0,30.0,30.0,32.0,32.0,51.0,48.0,42.0,45.0,43.0
2025-12-25T12:50:16.783557,13146.922,4720,Thumb,motor_14_flexed,51.0,35.25,7,31.0,30.0,29.0,30.0,31.0,29.0,31.0,30.0,30.0,32.0,32.0,51.0,48.0,42.0,45.0,43.0
2025-12-25T12:50:18.671472,13148.809,4720,Thumb,motor_14_open,51.0,35.125,7,31.0,30.0,29.0,30.0,30.0,29.0,31.0,30.0,30.0,32.0,32.0,51.0,48.0,42.0,45.0,42.0
2025-12-25T12:50:19.567445,13149.708,4721,Thumb,motor_12_flexed,51.0,35.125,7,31.0,30.0,29.0,31.0,30.0,29.0,31.0,30.0,30.0,32.0,32.0,51.0,48.0,42.0,44.0,42.0
2025-12-25T12:50:21.455352,13151.592,4721,Thumb,motor_12_open,51.0,35.125,7,31.0,30.0,29.0,30.0,30.0,29.0,31.0,30.0,30.0,32.0,32.0,51.0,48.0,42.0,44.0,43.0
2025-12-25T12:50:22.351314,13152.486,4722,Index,motor_2_flexed,51.0,35.125,7,31.0,30.0,29.0,30.0,30.0,29.0,31.0,30.0,30.0,32.0,32.0,51.0,48.0,42.0,45.0,42.0
2025-12-25T12:50:24.239242,13154.38,4722,Index,motor_2_open,51.0,35.125,7,31.0,30.0,29.0,30.0,30.0,29.0,31.0,30.0,30.0,32.0,32.0,51.0,48.0,42.0,45.0,42.0
2025-12-25T12:50:25.135192,13155.273,4723,Index,motor_1_flexed,51.0,35.25,7,31.0,30.0,29.0,31.0,30.0,29.0,31.0,30.0,30.0,32.0,32.0,51.0,48.0,42.0,44.0,44.0
2025-12-25T12:50:27.023093,13157.16,4723,Index,motor_1_open,51.0,35.125,7,31.0,30.0,29.0,30.0,30.0,29.0,31.0,30.0,30.0,32.0,32.0,51.0,48.0,42.0,45.0,42.0
2025-12-25T12:50:27.919070,13158.055,4724,Index,motor_3_flexed,51.0,35.0625,7,31.0,30.0,29.0,30.0,30.0,29.0,31.0,30.0,30.0,32.0,32.0,51.0,48.0,42.0,44.0,42.0
2025-12-25T12:50:29.806987,13159.945,4724,Index,motor_3_open,51.0,35.0625,7,31.0,30.0,29.0,30.0,30.0,29.0,31.0,30.0,30.0,32.0,32.0,51.0,48.0,42.0,44.0,42.0
2025-12-25T12:50:30.702930,13160.834,4725,Middle,motor_11_flexed,51.0,35.1875,7,31.0,30.0,29.0,30.0,30.0,29.0,31.0,30.0,30.0,32.0,32.0,51.0,48.0,42.0,45.0,43.0
2025-12-25T12:50:32.590863,13162.729,4725,Middle,motor_11_open,51.0,35.125,7,31.0,30.0,29.0,30.0,30.0,29.0,31.0,30.0,30.0,32.0,32.0,51.0,48.0,42.0,44.0,43.0
2025-12-25T12:50:33.486837,13163.624,4726,Middle,motor_10_flexed,51.0,35.0625,7,31.0,30.0,29.0,30.0,30.0,29.0,31.0,30.0,30.0,32.0,32.0,51.0,48.0,42.0,44.0,42.0
2025-12-25T12:50:35.374724,13165.511,4726,Middle,motor_10_open,51.0,35.0625,7,31.0,30.0,29.0,30.0,30.0,29.0,31.0,30.0,30.0,32.0,32.0,51.0,48.0,42.0,44.0,42.0
2025-12-25T12:50:36.270686,13166.41,4727,Ring,motor_4_flexed,51.0,35.125,7,31.0,30.0,29.0,30.0,30.0,29.0,31.0,30.0,30.0,32.0,32.0,51.0,48.0,42.0,45.0,42.0
2025-12-25T12:50:38.174618,13168.312,4727,Ring,motor_4_open,51.0,35.125,7,31.0,30.0,29.0,31.0,30.0,29.0,31.0,30.0,30.0,32.0,32.0,51.0,48.0,42.0,44.0,42.0
2025-12-25T12:50:39.070560,13169.209,4728,Ring,motor_5_flexed,51.0,35.125,7,31.0,30.0,29.0,31.0,30.0,29.0,31.0,30.0,30.0,32.0,32.0,51.0,48.0,42.0,44.0,42.0
2025-12-25T12:50:40.958479,13171.095,4728,Ring,motor_5_open,51.0,35.125,7,31.0,30.0,29.0,30.0,30.0,29.0,31.0,30.0,30.0,32.0,32.0,51.0,48.0,42.0,45.0,42.0
2025-12-25T12:50:41.854439,13171.993,4729,Ring,motor_6_flexed,51.0,35.1875,7,31.0,30.0,29.0,31.0,30.0,29.0,31.0,30.0,30.0,32.0,32.0,51.0,48.0,42.0,44.0,43.0
2025-12-25T12:50:43.742357,13173.88,4729,Ring,motor_6_open,51.0,35.3125,7,31.0,30.0,29.0,31.0,31.0,29.0,31.0,30.0,30.0,32.0,32.0,51.0,48.0,42.0,45.0,43.0
2025-12-25T12:50:44.638316,13174.775,4730,Pinky,motor_7_flexed,51.0,35.1875,7,31.0,30.0,29.0,30.0,31.0,29.0,31.0,30.0,30.0,32.0,32.0,51.0,48.0,42.0,45.0,42.0
2025-12-25T12:50:46.526234,13176.664,4730,Pinky,motor_7_open,51.0,35.1875,7,31.0,30.0,29.0,31.0,31.0,29.0,31.0,30.0,30.0,32.0,32.0,51.0,48.0,42.0,44.0,42.0
2025-12-25T12:50:47.422210,13177.56,4731,Pinky,motor_8_flexed,51.0,35.1875,7,31.0,30.0,29.0,30.0,31.0,29.0,31.0,30.0,30.0,32.0,32.0,51.0,48.0,42.0,45.0,42.0
2025-12-25T12:50:49.310111,13179.449,4731,Pinky,motor_8_open,51.0,35.125,7,31.0,30.0,29.0,31.0,30.0,29.0,31.0,30.0,30.0,32.0,32.0,51.0,48.0,42.0,44.0,42.0
2025-12-25T12:50:50.206065,13180.344,4732,Pinky,motor_9_flexed,51.0,35.0625,7,31.0,30.0,29.0,30.0,30.0,29.0,31.0,30.0,30.0,32.0,32.0,51.0,48.0,42.0,44.0,42.0
2025-12-25T12:50:52.093990,13182.232,4732,Pinky,motor_9_open,51.0,35.125,7,31.0,30.0,29.0,30.0,30.0,29.0,31.0,30.0,30.0,32.0,32.0,51.0,48.0,42.0,45.0,42.0
2025-12-25T12:50:52.989949,13183.128,4733,Thumb,motor_13_flexed,51.0,35.1875,7,31.0,30.0,29.0,30.0,30.0,29.0,31.0,30.0,30.0,32.0,32.0,51.0,48.0,42.0,45.0,43.0
2025-12-25T12:50:54.877867,13185.019,4733,Thumb,motor_13_open,51.0,35.125,7,31.0,30.0,29.0,30.0,30.0,29.0,31.0,30.0,30.0,32.0,32.0,51.0,48.0,42.0,44.0,43.0
2025-12-25T12:50:55.773826,13185.913,4734,Thumb,motor_14_flexed,51.0,35.125,7,31.0,30.0,29.0,30.0,30.0,29.0,31.0,30.0,30.0,32.0,32.0,51.0,48.0,42.0,44.0,43.0
2025-12-25T12:50:57.661744,13187.8,4734,Thumb,motor_14_open,51.0,35.1875,7,31.0,30.0,29.0,31.0,30.0,29.0,31.0,30.0,30.0,32.0,32.0,51.0,48.0,42.0,45.0,42.0
2025-12-25T12:50:58.557707,13188.697,4735,Thumb,motor_12_flexed,51.0,35.125,7,31.0,30.0,29.0,30.0,30.0,29.0,31.0,30.0,30.0,32.0,32.0,51.0,48.0,42.0,45.0,42.0
2025-12-25T12:51:00.445620,13190.583,4735,Thumb,motor_12_open,51.0,35.125,7,31.0,30.0,29.0,31.0,30.0,29.0,31.0,30.0,30.0,32.0,32.0,51.0,48.0,42.0,44.0,42.0
2025-12-25T12:51:01.341581,13191.479,4736,Index,motor_2_flexed,51.0,35.0625,7,31.0,30.0,29.0,30.0,30.0,29.0,31.0,30.0,30.0,32.0,32.0,51.0,48.0,42.0,44.0,42.0
2025-12-25T12:51:03.229499,13193.368,4736,Index,motor_2_open,51.0,35.0625,7,31.0,30.0,29.0,30.0,30.0,29.0,31.0,30.0,30.0,32.0,32.0,51.0,48.0,42.0,44.0,42.0
2025-12-25T12:51:04.125461,13194.264,4737,Index,motor_1_flexed,51.0,35.1875,7,31.0,30.0,29.0,30.0,30.0,29.0,31.0,30.0,30.0,32.0,32.0,51.0,48.0,42.0,45.0,43.0
2025-12-25T12:51:06.013377,13196.153,4737,Index,motor_1_open,51.0,35.125,7,31.0,30.0,29.0,30.0,30.0,29.0,31.0,30.0,30.0,32.0,32.0,51.0,48.0,42.0,45.0,42.0
2025-12-25T12:51:06.909339,13197.049,4738,Index,motor_3_flexed,51.0,35.0625,7,31.0,30.0,29.0,30.0,30.0,29.0,31.0,30.0,30.0,32.0,32.0,51.0,48.0,42.0,44.0,42.0
2025-12-25T12:51:08.797255,13198.938,4738,Index,motor_3_open,51.0,35.1875,7,31.0,30.0,29.0,30.0,30.0,29.0,31.0,30.0,30.0,32.0,32.0,51.0,48.0,42.0,45.0,43.0
2025-12-25T12:51:09.693213,13199.829,4739,Middle,motor_11_flexed,51.0,35.0625,7,31.0,30.0,29.0,30.0,30.0,29.0,31.0,30.0,30.0,32.0,32.0,51.0,48.0,42.0,45.0,41.0
2025-12-25T12:51:10.781165,13200.919,4739,Middle,motor_11_flex_hold,51.0,35.125,7,31.0,30.0,29.0,30.0,30.0,29.0,31.0,30.0,30.0,32.0,32.0,51.0,48.0,42.0,44.0,43.0
2025-12-25T12:51:11.581130,13201.72,4739,Middle,motor_11_open,51.0,35.0625,7,31.0,30.0,29.0,30.0,30.0,29.0,31.0,30.0,30.0,32.0,32.0,51.0,48.0,42.0,44.0,42.0
2025-12-25T12:51:12.477092,13202.617,4740,Middle,motor_10_flexed,51.0,35.0625,7,31.0,30.0,29.0,30.0,30.0,29.0,31.0,30.0,30.0,32.0,32.0,51.0,48.0,42.0,44.0,42.0
2025-12-25T12:51:14.365008,13204.504,4740,Middle,motor_10_open,51.0,35.1875,7,31.0,30.0,29.0,31.0,30.0,29.0,31.0,30.0,30.0,32.0,32.0,51.0,48.0,42.0,45.0,42.0
2025-12-25T12:51:15.260970,13205.402,4741,Ring,motor_4_flexed,51.0,35.125,7,31.0,30.0,29.0,30.0,30.0,29.0,31.0,30.0,30.0,32.0,32.0,51.0,48.0,42.0,45.0,42.0
2025-12-25T12:51:17.148888,13207.289,4741,Ring,motor_4_open,51.0,35.125,7,31.0,30.0,29.0,30.0,30.0,29.0,31.0,30.0,30.0,32.0,32.0,51.0,48.0,42.0,44.0,43.0
2025-12-25T12:51:18.044843,13208.181,4742,Ring,motor_5_flexed,51.0,35.1875,7,31.0,30.0,29.0,31.0,30.0,29.0,31.0,30.0,30.0,32.0,32.0,51.0,48.0,42.0,45.0,42.0
2025-12-25T12:51:19.932763,13210.072,4742,Ring,motor_5_open,51.0,35.0625,7,31.0,30.0,29.0,30.0,30.0,29.0,31.0,30.0,30.0,32.0,32.0,51.0,48.0,42.0,44.0,42.0
2025-12-25T12:51:20.828722,13210.963,4743,Ring,motor_6_flexed,51.0,35.125,7,31.0,30.0,29.0,30.0,30.0,29.0,31.0,30.0,30.0,32.0,32.0,51.0,48.0,42.0,44.0,43.0
2025-12-25T12:51:22.716641,13212.854,4743,Ring,motor_6_open,51.0,35.125,7,31.0,30.0,29.0,31.0,30.0,29.0,31.0,30.0,30.0,32.0,32.0,51.0,48.0,42.0,44.0,42.0
2025-12-25T12:51:23.612601,13213.749,4744,Pinky,motor_7_flexed,51.0,35.0625,7,31.0,30.0,29.0,30.0,30.0,29.0,31.0,30.0,30.0,32.0,32.0,51.0,48.0,42.0,44.0,42.0
2025-12-25T12:51:25.500513,13215.64,4744,Pinky,motor_7_open,51.0,35.1875,7,31.0,30.0,29.0,30.0,31.0,29.0,31.0,30.0,30.0,32.0,32.0,51.0,48.0,42.0,45.0,42.0
2025-12-25T12:51:26.396487,13216.536,4745,Pinky,motor_8_flexed,51.0,35.125,7,31.0,30.0,29.0,30.0,31.0,29.0,31.0,30.0,30.0,32.0,32.0,51.0,48.0,42.0,44.0,42.0
2025-12-25T12:51:28.284383,13218.421,4745,Pinky,motor_8_open,51.0,35.125,7,31.0,30.0,29.0,30.0,30.0,29.0,31.0,30.0,30.0,32.0,32.0,51.0,48.0,42.0,45.0,42.0
2025-12-25T12:51:29.180342,13219.315,4746,Pinky,motor_9_flexed,51.0,35.125,7,31.0,30.0,29.0,30.0,30.0,29.0,31.0,30.0,30.0,32.0,32.0,51.0,48.0,42.0,45.0,42.0
2025-12-25T12:51:31.068264,13221.207,4746,Pinky,motor_9_open,51.0,35.125,7,31.0,30.0,29.0,30.0,30.0,29.0,31.0,30.0,30.0,32.0,32.0,51.0,48.0,42.0,44.0,43.0
2025-12-25T12:51:31.964233,13222.101,4747,Thumb,motor_13_flexed,51.0,35.125,7,31.0,30.0,29.0,30.0,30.0,29.0,31.0,30.0,30.0,32.0,32.0,51.0,48.0,42.0,45.0,42.0
2025-12-25T12:51:33.852138,13223.989,4747,Thumb,motor_13_open,51.0,35.0625,7,31.0,30.0,29.0,30.0,30.0,29.0,31.0,30.0,30.0,32.0,32.0,51.0,48.0,42.0,44.0,42.0
2025-12-25T12:51:34.748099,13224.885,4748,Thumb,motor_14_flexed,51.0,35.0625,7,31.0,30.0,29.0,30.0,30.0,29.0,31.0,30.0,30.0,32.0,32.0,51.0,48.0,42.0,44.0,42.0
2025-12-25T12:51:36.636015,13226.773,4748,Thumb,motor_14_open,51.0,35.125,7,31.0,30.0,29.0,31.0,30.0,29.0,31.0,30.0,30.0,32.0,32.0,51.0,48.0,42.0,44.0,42.0
2025-12-25T12:51:37.531976,13227.67,4749,Thumb,motor_12_flexed,51.0,35.0625,7,31.0,30.0,29.0,30.0,30.0,29.0,31.0,30.0,30.0,32.0,32.0,51.0,48.0,42.0,44.0,42.0
2025-12-25T12:51:39.419902,13229.556,4749,Thumb,motor_12_open,51.0,35.0625,7,31.0,30.0,29.0,30.0,30.0,29.0,31.0,30.0,30.0,32.0,32.0,51.0,48.0,42.0,44.0,42.0
2025-12-25T12:51:40.315873,13230.453,4750,Index,motor_2_flexed,51.0,35.125,7,31.0,30.0,29.0,30.0,30.0,29.0,31.0,30.0,30.0,32.0,32.0,51.0,48.0,42.0,45.0,42.0
2025-12-25T12:51:42.203782,13232.344,4750,Index,motor_2_open,51.0,35.125,7,31.0,30.0,29.0,30.0,30.0,29.0,31.0,30.0,30.0,32.0,32.0,51.0,48.0,42.0,44.0,43.0
2025-12-25T12:51:43.099741,13233.237,4751,Index,motor_1_flexed,51.0,35.125,7,31.0,30.0,29.0,31.0,30.0,29.0,31.0,30.0,30.0,32.0,32.0,51.0,48.0,42.0,44.0,42.0
2025-12-25T12:51:44.987669,13235.124,4751,Index,motor_1_open,51.0,35.125,7,31.0,30.0,29.0,30.0,30.0,29.0,31.0,30.0,30.0,32.0,32.0,51.0,48.0,42.0,45.0,42.0
2025-12-25T12:51:45.883610,13236.022,4752,Index,motor_3_flexed,51.0,35.125,7,31.0,30.0,29.0,30.0,30.0,29.0,31.0,30.0,30.0,32.0,32.0,51.0,48.0,42.0,45.0,42.0
2025-12-25T12:51:47.771533,13237.911,4752,Index,motor_3_open,51.0,35.125,7,31.0,30.0,29.0,31.0,30.0,29.0,31.0,30.0,30.0,32.0,32.0,51.0,48.0,42.0,44.0,42.0
2025-12-25T12:51:48.667496,13238.804,4753,Middle,motor_11_flexed,51.0,35.125,7,31.0,30.0,29.0,30.0,30.0,29.0,31.0,30.0,30.0,32.0,32.0,51.0,48.0,42.0,45.0,42.0
2025-12-25T12:51:50.555411,13240.692,4753,Middle,motor_11_open,51.0,35.125,7,31.0,30.0,29.0,31.0,30.0,29.0,31.0,30.0,30.0,32.0,32.0,51.0,48.0,42.0,44.0,42.0
2025-12-25T12:51:51.451365,13241.589,4754,Middle,motor_10_flexed,51.0,35.125,7,31.0,30.0,29.0,30.0,30.0,29.0,31.0,30.0,30.0,32.0,32.0,51.0,48.0,42.0,44.0,43.0
2025-12-25T12:51:53.339290,13243.479,4754,Middle,motor_10_open,51.0,35.125,7,31.0,30.0,29.0,31.0,30.0,29.0,31.0,30.0,30.0,32.0,32.0,51.0,48.0,42.0,44.0,42.0
2025-12-25T12:51:54.235262,13244.373,4755,Ring,motor_4_flexed,51.0,35.125,7,31.0,30.0,29.0,31.0,30.0,29.0,31.0,30.0,30.0,32.0,32.0,51.0,48.0,42.0,44.0,42.0
2025-12-25T12:51:56.123165,13246.261,4755,Ring,motor_4_open,51.0,35.125,7,31.0,30.0,29.0,30.0,30.0,29.0,31.0,30.0,30.0,32.0,32.0,51.0,48.0,42.0,44.0,43.0
2025-12-25T12:51:57.019127,13247.156,4756,Ring,motor_5_flexed,51.0,35.0625,7,31.0,30.0,29.0,30.0,30.0,29.0,31.0,30.0,30.0,32.0,32.0,51.0,48.0,42.0,44.0,42.0
2025-12-25T12:51:58.907059,13249.044,4756,Ring,motor_5_open,51.0,35.125,7,31.0,30.0,29.0,31.0,30.0,29.0,31.0,30.0,30.0,32.0,32.0,51.0,48.0,42.0,44.0,42.0
2025-12-25T12:51:59.803002,13249.942,4757,Ring,motor_6_flexed,51.0,35.125,7,31.0,30.0,29.0,30.0,30.0,29.0,31.0,30.0,30.0,32.0,32.0,51.0,48.0,42.0,45.0,42.0
2025-12-25T12:52:01.690921,13251.829,4757,Ring,motor_6_open,51.0,35.1875,7,31.0,30.0,29.0,30.0,31.0,29.0,31.0,30.0,30.0,32.0,32.0,51.0,48.0,42.0,45.0,42.0
2025-12-25T12:52:02.586879,13252.723,4758,Pinky,motor_7_flexed,51.0,35.0625,7,31.0,30.0,29.0,30.0,30.0,29.0,31.0,30.0,30.0,32.0,32.0,51.0,48.0,42.0,44.0,42.0
2025-12-25T12:52:04.474796,13254.613,4758,Pinky,motor_7_open,51.0,35.125,7,31.0,30.0,29.0,31.0,30.0,29.0,31.0,30.0,30.0,32.0,32.0,51.0,48.0,42.0,44.0,42.0
2025-12-25T12:52:05.370756,13255.511,4759,Pinky,motor_8_flexed,51.0,35.125,7,31.0,30.0,29.0,30.0,31.0,29.0,31.0,30.0,30.0,32.0,32.0,51.0,48.0,42.0,44.0,42.0
2025-12-25T12:52:07.258662,13257.393,4759,Pinky,motor_8_open,51.0,35.0625,7,31.0,30.0,29.0,30.0,30.0,29.0,31.0,30.0,30.0,32.0,32.0,51.0,48.0,42.0,44.0,42.0
2025-12-25T12:52:08.154639,13258.286,4760,Pinky,motor_9_flexed,51.0,35.1875,7,31.0,30.0,29.0,31.0,30.0,29.0,31.0,30.0,30.0,32.0,32.0,51.0,48.0,42.0,44.0,43.0
2025-12-25T12:52:10.042543,13260.179,4760,Pinky,motor_9_open,51.0,35.0625,7,31.0,30.0,29.0,30.0,30.0,29.0,31.0,30.0,30.0,32.0,32.0,51.0,48.0,42.0,44.0,42.0
2025-12-25T12:52:10.938499,13261.075,4761,Thumb,motor_13_flexed,51.0,35.0625,7,31.0,30.0,29.0,30.0,30.0,29.0,31.0,30.0,30.0,32.0,32.0,51.0,48.0,42.0,44.0,42.0
2025-12-25T12:52:12.826415,13262.957,4761,Thumb,motor_13_open,51.0,35.1875,7,31.0,30.0,29.0,30.0,31.0,29.0,31.0,30.0,30.0,32.0,32.0,51.0,48.0,42.0,45.0,42.0
2025-12-25T12:52:13.722376,13263.859,4762,Thumb,motor_14_flexed,51.0,35.125,7,31.0,30.0,29.0,30.0,30.0,29.0,31.0,30.0,30.0,32.0,32.0,51.0,48.0,42.0,44.0,43.0
2025-12-25T12:52:15.610285,13265.745,4762,Thumb,motor_14_open,51.0,35.0625,7,31.0,30.0,29.0,30.0,30.0,29.0,31.0,30.0,30.0,32.0,32.0,51.0,48.0,42.0,45.0,41.0
2025-12-25T12:52:16.506254,13266.643,4763,Thumb,motor_12_flexed,51.0,35.0625,7,31.0,30.0,29.0,30.0,30.0,29.0,31.0,30.0,30.0,32.0,32.0,51.0,48.0,42.0,44.0,42.0
2025-12-25T12:52:18.394171,13268.526,4763,Thumb,motor_12_open,51.0,35.0625,7,31.0,30.0,29.0,30.0,30.0,29.0,31.0,30.0,30.0,32.0,32.0,51.0,48.0,42.0,44.0,42.0
2025-12-25T12:52:19.290131,13269.428,4764,Index,motor_2_flexed,51.0,35.125,7,31.0,30.0,29.0,30.0,30.0,29.0,31.0,30.0,30.0,32.0,32.0,51.0,48.0,42.0,45.0,42.0
2025-12-25T12:52:21.178047,13271.31,4764,Index,motor_2_open,51.0,35.125,7,31.0,30.0,29.0,30.0,30.0,29.0,31.0,30.0,30.0,32.0,32.0,51.0,48.0,42.0,45.0,42.0
2025-12-25T12:52:22.074007,13272.206,4765,Index,motor_1_flexed,51.0,35.125,7,31.0,30.0,29.0,30.0,30.0,29.0,31.0,30.0,30.0,32.0,32.0,51.0,48.0,42.0,45.0,42.0
2025-12-25T12:52:23.961935,13274.099,4765,Index,motor_1_open,51.0,35.1875,7,31.0,30.0,29.0,31.0,30.0,29.0,31.0,30.0,30.0,32.0,32.0,51.0,48.0,42.0,45.0,42.0
2025-12-25T12:52:24.857895,13274.996,4766,Index,motor_3_flexed,51.0,35.125,7,31.0,30.0,29.0,30.0,30.0,29.0,31.0,30.0,30.0,32.0,32.0,51.0,48.0,42.0,45.0,42.0
2025-12-25T12:52:26.745811,13276.882,4766,Index,motor_3_open,51.0,35.1875,7,31.0,30.0,29.0,31.0,30.0,29.0,31.0,30.0,30.0,32.0,32.0,51.0,48.0,42.0,44.0,43.0
2025-12-25T12:52:27.641773,13277.78,4767,Middle,motor_11_flexed,51.0,35.125,7,31.0,30.0,29.0,30.0,30.0,29.0,31.0,30.0,30.0,32.0,32.0,51.0,48.0,42.0,45.0,42.0
2025-12-25T12:52:29.529691,13279.665,4767,Middle,motor_11_open,51.0,35.125,7,31.0,30.0,29.0,30.0,30.0,29.0,31.0,30.0,30.0,32.0,32.0,51.0,48.0,42.0,45.0,42.0
2025-12-25T12:52:30.425649,13280.564,4768,Middle,motor_10_flexed,51.0,35.125,7,31.0,30.0,29.0,30.0,30.0,29.0,31.0,30.0,30.0,32.0,32.0,51.0,48.0,42.0,45.0,42.0
2025-12-25T12:52:32.313566,13282.451,4768,Middle,motor_10_open,51.0,35.125,7,31.0,30.0,29.0,30.0,30.0,29.0,31.0,30.0,30.0,32.0,32.0,51.0,48.0,42.0,44.0,43.0
2025-12-25T12:52:33.209528,13283.347,4769,Ring,motor_4_flexed,51.0,35.125,7,31.0,30.0,29.0,30.0,30.0,29.0,31.0,30.0,30.0,32.0,32.0,51.0,48.0,42.0,45.0,42.0
2025-12-25T12:52:35.097432,13285.238,4769,Ring,motor_4_open,51.0,35.1875,7,31.0,30.0,29.0,31.0,30.0,29.0,31.0,30.0,30.0,32.0,32.0,51.0,48.0,42.0,44.0,43.0
2025-12-25T12:52:35.993403,13286.132,4770,Ring,motor_5_flexed,51.0,35.0625,7,31.0,30.0,29.0,30.0,30.0,29.0,31.0,30.0,30.0,32.0,32.0,51.0,48.0,42.0,44.0,42.0
2025-12-25T12:52:37.881321,13288.018,4770,Ring,motor_5_open,51.0,35.125,7,31.0,30.0,29.0,31.0,30.0,29.0,31.0,30.0,30.0,32.0,32.0,51.0,48.0,42.0,44.0,42.0
2025-12-25T12:52:38.777277,13288.916,4771,Ring,motor_6_flexed,51.0,35.125,7,31.0,30.0,29.0,30.0,30.0,29.0,31.0,30.0,30.0,32.0,32.0,51.0,48.0,42.0,45.0,42.0
2025-12-25T12:52:40.665197,13290.804,4771,Ring,motor_6_open,51.0,35.1875,7,31.0,30.0,29.0,30.0,30.0,29.0,31.0,30.0,30.0,32.0,32.0,51.0,48.0,42.0,45.0,43.0
2025-12-25T12:52:41.561154,13291.699,4772,Pinky,motor_7_flexed,51.0,35.1875,7,31.0,30.0,29.0,31.0,31.0,29.0,31.0,30.0,30.0,32.0,32.0,51.0,48.0,42.0,44.0,42.0
2025-12-25T12:52:43.449063,13293.585,4772,Pinky,motor_7_open,51.0,35.0625,7,31.0,30.0,29.0,30.0,31.0,29.0,31.0,30.0,30.0,32.0,32.0,51.0,48.0,42.0,44.0,41.0
2025-12-25T12:52:44.345034,13294.483,4773,Pinky,motor_8_flexed,51.0,35.125,7,31.0,30.0,29.0,30.0,31.0,29.0,31.0,30.0,30.0,32.0,32.0,51.0,48.0,42.0,44.0,42.0
2025-12-25T12:52:46.232982,13296.371,4773,Pinky,motor_8_open,51.0,35.0625,7,31.0,30.0,29.0,31.0,30.0,29.0,31.0,30.0,30.0,32.0,32.0,51.0,48.0,42.0,44.0,41.0
2025-12-25T12:52:47.128908,13297.27,4774,Pinky,motor_9_flexed,51.0,35.1875,7,31.0,30.0,29.0,30.0,31.0,29.0,31.0,30.0,30.0,32.0,32.0,51.0,48.0,42.0,45.0,42.0
2025-12-25T12:52:49.016844,13299.158,4774,Pinky,motor_9_open,51.0,35.1875,7,31.0,30.0,29.0,30.0,30.0,29.0,31.0,30.0,30.0,32.0,32.0,51.0,48.0,42.0,45.0,43.0
2025-12-25T12:52:49.912806,13300.052,4775,Thumb,motor_13_flexed,51.0,35.1875,7,31.0,30.0,29.0,31.0,30.0,29.0,31.0,30.0,30.0,32.0,32.0,51.0,48.0,42.0,45.0,42.0
2025-12-25T12:52:51.800705,13301.936,4775,Thumb,motor_13_open,51.0,35.0625,7,31.0,30.0,29.0,30.0,30.0,29.0,31.0,30.0,30.0,32.0,32.0,51.0,48.0,42.0,44.0,42.0
2025-12-25T12:52:52.696668,13302.835,4776,Thumb,motor_14_flexed,51.0,35.0625,7,31.0,30.0,29.0,30.0,30.0,29.0,31.0,30.0,30.0,32.0,32.0,51.0,48.0,42.0,44.0,42.0
2025-12-25T12:52:54.584606,13304.726,4776,Thumb,motor_14_open,51.0,35.25,7,31.0,30.0,29.0,31.0,31.0,29.0,31.0,30.0,30.0,32.0,32.0,51.0,48.0,42.0,45.0,42.0
2025-12-25T12:52:55.480565,13305.619,4777,Thumb,motor_12_flexed,51.0,35.125,7,31.0,30.0,29.0,30.0,30.0,29.0,31.0,30.0,30.0,32.0,32.0,51.0,48.0,42.0,45.0,42.0
2025-12-25T12:52:57.368477,13307.506,4777,Thumb,motor_12_open,51.0,35.0625,7,31.0,30.0,29.0,30.0,30.0,29.0,31.0,30.0,30.0,32.0,32.0,51.0,48.0,42.0,44.0,42.0
2025-12-25T12:52:58.264434,13308.406,4778,Index,motor_2_flexed,51.0,35.125,7,31.0,30.0,29.0,30.0,30.0,29.0,31.0,30.0,30.0,32.0,32.0,51.0,48.0,42.0,45.0,42.0
2025-12-25T12:53:00.152344,13310.293,4778,Index,motor_2_open,51.0,35.0625,7,31.0,30.0,29.0,30.0,30.0,29.0,31.0,30.0,30.0,32.0,32.0,51.0,48.0,42.0,44.0,42.0
2025-12-25T12:53:01.048278,13311.184,4779,Index,motor_1_flexed,51.0,35.25,7,31.0,30.0,29.0,31.0,30.0,29.0,31.0,30.0,30.0,32.0,32.0,51.0,48.0,42.0,45.0,43.0
2025-12-25T12:53:02.936195,13313.069,4779,Index,motor_1_open,51.0,35.125,7,31.0,30.0,29.0,30.0,30.0,29.0,31.0,30.0,30.0,32.0,32.0,51.0,48.0,42.0,44.0,43.0
2025-12-25T12:53:03.832160,13313.968,4780,Index,motor_3_flexed,51.0,35.0625,7,31.0,30.0,29.0,30.0,30.0,29.0,31.0,30.0,30.0,32.0,32.0,51.0,48.0,42.0,44.0,42.0
2025-12-25T12:53:05.720085,13315.859,4780,Index,motor_3_open,51.0,35.1875,7,31.0,30.0,29.0,30.0,30.0,29.0,31.0,30.0,30.0,32.0,32.0,51.0,48.0,42.0,45.0,43.0
2025-12-25T12:53:06.616035,13316.752,4781,Middle,motor_11_flexed,51.0,35.125,7,31.0,30.0,29.0,30.0,30.0,29.0,31.0,30.0,30.0,32.0,32.0,51.0,48.0,42.0,44.0,43.0
2025-12-25T12:53:08.503950,13318.64,4781,Middle,motor_11_open,51.0,35.0625,7,31.0,30.0,29.0,30.0,30.0,29.0,31.0,30.0,30.0,32.0,32.0,51.0,48.0,42.0,44.0,42.0
2025-12-25T12:53:09.399910,13319.535,4782,Middle,motor_10_flexed,51.0,35.125,7,31.0,30.0,29.0,30.0,30.0,29.0,31.0,30.0,30.0,32.0,32.0,51.0,48.0,42.0,45.0,42.0
2025-12-25T12:53:10.487866,13320.626,4782,Middle,motor_10_flex_hold,51.0,35.125,7,31.0,30.0,29.0,30.0,30.0,29.0,31.0,30.0,30.0,32.0,32.0,51.0,48.0,42.0,45.0,42.0
2025-12-25T12:53:11.287825,13321.427,4782,Middle,motor_10_open,51.0,35.0625,7,31.0,30.0,29.0,30.0,30.0,29.0,31.0,30.0,30.0,32.0,32.0,51.0,48.0,42.0,44.0,42.0
2025-12-25T12:53:12.183787,13322.321,4783,Ring,motor_4_flexed,51.0,34.875,7,31.0,30.0,29.0,30.0,30.0,29.0,31.0,30.0,30.0,32.0,32.0,51.0,48.0,42.0,44.0,39.0
2025-12-25T12:53:14.071702,13324.209,4783,Ring,motor_4_open,51.0,35.0625,7,31.0,30.0,29.0,30.0,30.0,29.0,31.0,30.0,30.0,32.0,32.0,51.0,48.0,42.0,44.0,42.0
2025-12-25T12:53:14.967677,13325.106,4784,Ring,motor_5_flexed,51.0,35.0625,7,31.0,30.0,29.0,30.0,30.0,29.0,31.0,30.0,30.0,32.0,32.0,51.0,48.0,42.0,44.0,42.0
2025-12-25T12:53:16.855580,13326.99,4784,Ring,motor_5_open,51.0,34.9375,7,31.0,30.0,29.0,30.0,30.0,29.0,31.0,30.0,30.0,32.0,32.0,51.0,48.0,42.0,44.0,40.0
2025-12-25T12:53:17.751544,13327.889,4785,Ring,motor_6_flexed,51.0,35.125,7,31.0,30.0,29.0,31.0,30.0,29.0,31.0,30.0,30.0,32.0,32.0,51.0,48.0,42.0,44.0,42.0
2025-12-25T12:53:19.639475,13329.779,4785,Ring,motor_6_open,51.0,34.9375,7,31.0,30.0,29.0,30.0,30.0,29.0,31.0,30.0,30.0,32.0,32.0,51.0,48.0,42.0,45.0,39.0
2025-12-25T12:53:20.535420,13330.672,4786,Pinky,motor_7_flexed,51.0,35.0625,7,31.0,30.0,29.0,30.0,30.0,29.0,31.0,30.0,30.0,32.0,32.0,51.0,48.0,42.0,44.0,42.0
2025-12-25T12:53:22.423336,13332.561,4786,Pinky,motor_7_open,51.0,35.1875,7,31.0,30.0,29.0,30.0,31.0,29.0,31.0,30.0,30.0,32.0,32.0,51.0,48.0,42.0,45.0,42.0
2025-12-25T12:53:23.319296,13333.458,4787,Pinky,motor_8_flexed,51.0,35.1875,7,31.0,30.0,29.0,30.0,31.0,29.0,31.0,30.0,30.0,32.0,32.0,51.0,48.0,42.0,45.0,42.0
2025-12-25T12:53:25.207210,13335.344,4787,Pinky,motor_8_open,51.0,35.1875,7,31.0,30.0,29.0,30.0,31.0,29.0,31.0,30.0,30.0,32.0,32.0,51.0,48.0,42.0,44.0,43.0
2025-12-25T12:53:26.103215,13336.241,4788,Pinky,motor_9_flexed,51.0,35.0625,7,31.0,30.0,29.0,30.0,30.0,29.0,31.0,30.0,30.0,32.0,32.0,51.0,48.0,42.0,44.0,42.0
2025-12-25T12:53:27.991129,13338.13,4788,Pinky,motor_9_open,51.0,35.125,7,31.0,30.0,29.0,30.0,30.0,29.0,31.0,30.0,30.0,32.0,32.0,51.0,48.0,42.0,45.0,42.0
2025-12-25T12:53:28.887105,13339.025,4789,Thumb,motor_13_flexed,51.0,35.0625,7,31.0,30.0,29.0,30.0,30.0,29.0,31.0,30.0,30.0,32.0,32.0,51.0,48.0,42.0,44.0,42.0
2025-12-25T12:53:30.775005,13340.914,4789,Thumb,motor_13_open,51.0,35.0625,7,31.0,30.0,29.0,30.0,30.0,29.0,31.0,30.0,30.0,32.0,32.0,51.0,48.0,42.0,44.0,42.0
2025-12-25T12:53:31.670967,13341.808,4790,Thumb,motor_14_flexed,51.0,35.0625,7,31.0,30.0,29.0,30.0,30.0,29.0,31.0,30.0,30.0,32.0,32.0,51.0,48.0,42.0,44.0,42.0
2025-12-25T12:53:33.558880,13343.695,4790,Thumb,motor_14_open,51.0,35.125,7,31.0,30.0,29.0,30.0,30.0,29.0,31.0,30.0,30.0,32.0,32.0,51.0,48.0,42.0,44.0,43.0
2025-12-25T12:53:34.454842,13344.594,4791,Thumb,motor_12_flexed,51.0,35.0625,7,31.0,30.0,29.0,30.0,30.0,29.0,31.0,30.0,30.0,32.0,32.0,51.0,48.0,42.0,44.0,42.0
2025-12-25T12:53:36.342746,13346.482,4791,Thumb,motor_12_open,51.0,35.1875,7,31.0,30.0,29.0,30.0,30.0,29.0,31.0,30.0,30.0,32.0,32.0,51.0,48.0,42.0,45.0,43.0
2025-12-25T12:53:37.238704,13347.38,4792,Index,motor_2_flexed,51.0,35.0625,7,31.0,30.0,29.0,30.0,30.0,29.0,31.0,30.0,30.0,32.0,32.0,51.0,48.0,42.0,44.0,42.0
2025-12-25T12:53:39.126620,13349.263,4792,Index,motor_2_open,51.0,35.1875,7,31.0,30.0,29.0,30.0,30.0,29.0,31.0,30.0,30.0,32.0,32.0,51.0,48.0,42.0,45.0,43.0
2025-12-25T12:53:40.022580,13350.161,4793,Index,motor_1_flexed,51.0,35.25,7,31.0,30.0,29.0,31.0,30.0,29.0,31.0,30.0,30.0,32.0,32.0,51.0,48.0,42.0,45.0,43.0
2025-12-25T12:53:41.910493,13352.051,4793,Index,motor_1_open,51.0,35.0625,7,31.0,30.0,29.0,30.0,30.0,29.0,31.0,30.0,30.0,32.0,32.0,51.0,48.0,42.0,44.0,42.0
2025-12-25T12:53:42.806458,13352.945,4794,Index,motor_3_flexed,51.0,35.0625,7,31.0,30.0,29.0,30.0,30.0,29.0,31.0,30.0,30.0,32.0,32.0,51.0,48.0,42.0,44.0,42.0
2025-12-25T12:53:44.694373,13354.832,4794,Index,motor_3_open,51.0,35.125,7,31.0,30.0,29.0,30.0,30.0,29.0,31.0,30.0,30.0,32.0,32.0,51.0,48.0,42.0,44.0,43.0
2025-12-25T12:53:45.590331,13355.73,4795,Middle,motor_11_flexed,51.0,35.1875,7,31.0,30.0,29.0,30.0,30.0,29.0,31.0,30.0,30.0,32.0,32.0,51.0,48.0,42.0,45.0,43.0
2025-12-25T12:53:47.478250,13357.617,4795,Middle,motor_11_open,51.0,35.0625,7,31.0,30.0,29.0,30.0,30.0,29.0,31.0,30.0,30.0,32.0,32.0,51.0,48.0,42.0,44.0,42.0
2025-12-25T12:53:48.374211,13358.512,4796,Middle,motor_10_flexed,51.0,35.1875,7,31.0,30.0,29.0,30.0,30.0,29.0,31.0,30.0,30.0,32.0,32.0,51.0,48.0,42.0,45.0,43.0
2025-12-25T12:53:50.262118,13360.396,4796,Middle,motor_10_open,51.0,35.0625,7,31.0,30.0,29.0,30.0,30.0,29.0,31.0,30.0,30.0,32.0,32.0,51.0,48.0,42.0,44.0,42.0
2025-12-25T12:53:51.158084,13361.295,4797,Ring,motor_4_flexed,51.0,35.125,7,31.0,30.0,29.0,30.0,30.0,29.0,31.0,30.0,30.0,32.0,32.0,51.0,48.0,42.0,45.0,42.0
2025-12-25T12:53:53.046015,13363.185,4797,Ring,motor_4_open,51.0,35.1875,7,31.0,30.0,29.0,30.0,30.0,29.0,31.0,30.0,30.0,32.0,32.0,51.0,48.0,42.0,45.0,43.0
2025-12-25T12:53:53.941974,13364.08,4798,Ring,motor_5_flexed,51.0,35.125,7,31.0,30.0,29.0,30.0,30.0,29.0,31.0,30.0,30.0,32.0,32.0,51.0,48.0,42.0,45.0,42.0
2025-12-25T12:53:55.829892,13365.968,4798,Ring,motor_5_open,51.0,35.25,7,31.0,30.0,29.0,31.0,30.0,29.0,31.0,30.0,30.0,32.0,32.0,51.0,48.0,42.0,45.0,43.0
2025-12-25T12:53:56.725852,13366.865,4799,Ring,motor_6_flexed,51.0,35.125,7,31.0,30.0,29.0,31.0,30.0,29.0,31.0,30.0,30.0,32.0,32.0,51.0,48.0,42.0,44.0,42.0
2025-12-25T12:53:58.613771,13368.753,4799,Ring,motor_6_open,51.0,35.1875,7,31.0,30.0,29.0,31.0,30.0,29.0,31.0,30.0,30.0,32.0,32.0,51.0,48.0,42.0,45.0,42.0
2025-12-25T12:53:59.509728,13369.65,4800,Pinky,motor_7_flexed,51.0,35.1875,7,31.0,30.0,29.0,30.0,31.0,29.0,31.0,30.0,30.0,32.0,32.0,51.0,48.0,42.0,45.0,42.0
2025-12-25T12:54:01.397640,13371.535,4800,Pinky,motor_7_open,51.0,35.0625,7,31.0,30.0,29.0,30.0,30.0,29.0,31.0,30.0,30.0,32.0,32.0,51.0,48.0,42.0,44.0,42.0
2025-12-25T12:54:02.293600,13372.432,4801,Pinky,motor_8_flexed,51.0,35.1875,7,31.0,30.0,29.0,31.0,31.0,29.0,31.0,30.0,30.0,32.0,32.0,51.0,48.0,42.0,44.0,42.0
2025-12-25T12:54:04.181495,13374.322,4801,Pinky,motor_8_open,51.0,35.1875,7,31.0,30.0,29.0,30.0,30.0,29.0,31.0,30.0,30.0,32.0,32.0,51.0,48.0,42.0,45.0,43.0
2025-12-25T12:54:05.077454,13375.218,4802,Pinky,motor_9_flexed,51.0,35.125,7,31.0,30.0,29.0,30.0,30.0,29.0,31.0,30.0,30.0,32.0,32.0,51.0,48.0,42.0,45.0,42.0
2025-12-25T12:54:06.965394,13377.105,4802,Pinky,motor_9_open,51.0,35.0625,7,31.0,30.0,29.0,30.0,30.0,29.0,31.0,30.0,30.0,32.0,32.0,51.0,48.0,42.0,44.0,42.0
2025-12-25T12:54:07.861359,13377.999,4803,Thumb,motor_13_flexed,51.0,35.125,7,31.0,30.0,29.0,30.0,30.0,29.0,31.0,30.0,30.0,32.0,32.0,51.0,48.0,42.0,44.0,43.0
2025-12-25T12:54:09.749273,13379.891,4803,Thumb,motor_13_open,51.0,35.125,7,31.0,30.0,29.0,30.0,30.0,29.0,31.0,30.0,30.0,32.0,32.0,51.0,48.0,42.0,44.0,43.0
2025-12-25T12:54:10.341255,13380.475,4803,Thumb,motor_13_open_hold,51.0,35.0625,7,31.0,30.0,29.0,30.0,30.0,29.0,31.0,30.0,30.0,32.0,32.0,51.0,48.0,42.0,44.0,42.0
2025-12-25T12:54:10.741202,13380.88,4804,Thumb,motor_14_flexed,51.0,35.125,7,31.0,30.0,29.0,30.0,30.0,29.0,31.0,30.0,30.0,32.0,32.0,51.0,48.0,42.0,45.0,42.0
2025-12-25T12:54:12.629156,13382.768,4804,Thumb,motor_14_open,51.0,35.0625,7,31.0,30.0,29.0,30.0,30.0,29.0,31.0,30.0,30.0,32.0,32.0,51.0,48.0,42.0,44.0,42.0
2025-12-25T12:54:13.525104,13383.665,4805,Thumb,motor_12_flexed,51.0,35.125,7,31.0,30.0,29.0,30.0,30.0,29.0,31.0,30.0,30.0,32.0,32.0,51.0,48.0,42.0,45.0,42.0
2025-12-25T12:54:15.413022,13385.552,4805,Thumb,motor_12_open,51.0,35.125,7,31.0,30.0,29.0,30.0,30.0,29.0,31.0,30.0,30.0,32.0,32.0,51.0,48.0,42.0,45.0,42.0
2025-12-25T12:54:16.308982,13386.45,4806,Index,motor_2_flexed,51.0,35.125,7,31.0,30.0,29.0,30.0,30.0,29.0,31.0,30.0,30.0,32.0,32.0,51.0,48.0,42.0,45.0,42.0
2025-12-25T12:54:18.196886,13388.336,4806,Index,motor_2_open,51.0,35.0625,7,31.0,30.0,29.0,30.0,30.0,29.0,31.0,30.0,30.0,32.0,32.0,51.0,48.0,42.0,44.0,42.0
2025-12-25T12:54:19.092860,13389.232,4807,Index,motor_1_flexed,51.0,35.125,7,31.0,30.0,29.0,30.0,30.0,29.0,31.0,30.0,30.0,32.0,32.0,51.0,48.0,42.0,45.0,42.0
2025-12-25T12:54:20.980763,13391.121,4807,Index,motor_1_open,51.0,35.0625,7,31.0,30.0,29.0,30.0,30.0,29.0,31.0,30.0,30.0,32.0,32.0,51.0,48.0,42.0,44.0,42.0
2025-12-25T12:54:21.876738,13392.016,4808,Index,motor_3_flexed,51.0,35.0625,7,31.0,30.0,29.0,30.0,30.0,29.0,31.0,30.0,30.0,32.0,32.0,51.0,48.0,42.0,44.0,42.0
2025-12-25T12:54:23.764625,13393.905,4808,Index,motor_3_open,51.0,35.125,7,31.0,30.0,29.0,30.0,30.0,29.0,31.0,30.0,30.0,32.0,32.0,51.0,48.0,42.0,44.0,43.0
2025-12-25T12:54:24.660598,13394.801,4809,Middle,motor_11_flexed,51.0,35.0625,7,31.0,30.0,29.0,30.0,30.0,29.0,31.0,30.0,30.0,32.0,32.0,51.0,48.0,42.0,44.0,42.0
2025-12-25T12:54:26.548533,13396.685,4809,Middle,motor_11_open,51.0,35.125,7,31.0,30.0,29.0,30.0,30.0,29.0,31.0,30.0,30.0,32.0,32.0,51.0,48.0,42.0,45.0,42.0
2025-12-25T12:54:27.444478,13397.58,4810,Middle,motor_10_flexed,51.0,35.125,7,31.0,30.0,29.0,30.0,30.0,29.0,31.0,30.0,30.0,32.0,32.0,51.0,48.0,42.0,44.0,43.0
2025-12-25T12:54:29.332382,13399.469,4810,Middle,motor_10_open,51.0,35.0625,7,31.0,30.0,29.0,30.0,30.0,29.0,31.0,30.0,30.0,32.0,32.0,51.0,48.0,42.0,44.0,42.0
2025-12-25T12:54:30.228353,13400.366,4811,Ring,motor_4_flexed,51.0,35.1875,7,31.0,30.0,29.0,30.0,30.0,29.0,31.0,30.0,30.0,32.0,32.0,51.0,48.0,42.0,45.0,43.0
2025-12-25T12:54:32.116264,13402.25,4811,Ring,motor_4_open,51.0,35.0625,7,31.0,30.0,29.0,30.0,30.0,29.0,31.0,30.0,30.0,32.0,32.0,51.0,48.0,42.0,44.0,42.0
2025-12-25T12:54:33.012216,13403.149,4812,Ring,motor_5_flexed,51.0,35.0625,7,31.0,30.0,29.0,30.0,30.0,29.0,31.0,30.0,30.0,32.0,32.0,51.0,48.0,42.0,44.0,42.0
2025-12-25T12:54:34.900134,13405.032,4812,Ring,motor_5_open,51.0,35.1875,7,31.0,30.0,29.0,31.0,30.0,29.0,31.0,30.0,30.0,32.0,32.0,51.0,48.0,42.0,44.0,43.0
2025-12-25T12:54:35.796111,13405.933,4813,Ring,motor_6_flexed,51.0,35.0625,7,31.0,30.0,29.0,30.0,30.0,29.0,31.0,30.0,30.0,32.0,32.0,51.0,48.0,42.0,44.0,42.0
2025-12-25T12:54:37.684010,13407.821,4813,Ring,motor_6_open,51.0,35.1875,7,31.0,30.0,29.0,31.0,30.0,29.0,31.0,30.0,30.0,32.0,32.0,51.0,48.0,42.0,45.0,42.0
2025-12-25T12:54:38.579970,13408.717,4814,Pinky,motor_7_flexed,51.0,35.25,7,31.0,30.0,29.0,30.0,31.0,29.0,31.0,30.0,30.0,32.0,32.0,51.0,48.0,42.0,45.0,43.0
2025-12-25T12:54:40.467894,13410.599,4814,Pinky,motor_7_open,51.0,35.0625,7,31.0,30.0,29.0,30.0,30.0,29.0,31.0,30.0,30.0,32.0,32.0,51.0,48.0,42.0,44.0,42.0
2025-12-25T12:54:41.363856,13411.505,4815,Pinky,motor_8_flexed,51.0,35.1875,7,31.0,30.0,29.0,30.0,31.0,29.0,31.0,30.0,30.0,32.0,32.0,51.0,48.0,42.0,45.0,42.0
2025-12-25T12:54:43.251765,13413.389,4815,Pinky,motor_8_open,51.0,35.25,7,31.0,30.0,29.0,30.0,31.0,29.0,31.0,30.0,30.0,32.0,32.0,51.0,48.0,42.0,45.0,43.0
2025-12-25T12:54:44.147730,13414.284,4816,Pinky,motor_9_flexed,51.0,35.25,7,31.0,30.0,29.0,31.0,30.0,29.0,31.0,30.0,30.0,32.0,32.0,51.0,48.0,42.0,45.0,43.0
2025-12-25T12:54:46.035647,13416.174,4816,Pinky,motor_9_open,51.0,35.0625,7,31.0,30.0,29.0,30.0,30.0,29.0,31.0,30.0,30.0,32.0,32.0,51.0,48.0,42.0,44.0,42.0
2025-12-25T12:54:46.931606,13417.071,4817,Thumb,motor_13_flexed,51.0,35.0,7,31.0,30.0,29.0,30.0,30.0,29.0,31.0,30.0,30.0,32.0,32.0,51.0,48.0,42.0,45.0,40.0
2025-12-25T12:54:48.819521,13418.957,4817,Thumb,motor_13_open,51.0,35.125,7,31.0,30.0,29.0,30.0,30.0,29.0,31.0,30.0,30.0,32.0,32.0,51.0,48.0,42.0,44.0,43.0
2025-12-25T12:54:49.715470,13419.854,4818,Thumb,motor_14_flexed,51.0,35.0625,7,31.0,30.0,29.0,30.0,30.0,29.0,31.0,30.0,30.0,32.0,32.0,51.0,48.0,42.0,44.0,42.0
2025-12-25T12:54:51.603397,13421.741,4818,Thumb,motor_14_open,51.0,35.0625,7,31.0,30.0,29.0,30.0,30.0,29.0,31.0,30.0,30.0,32.0,32.0,51.0,48.0,42.0,44.0,42.0
2025-12-25T12:54:52.499356,13422.638,4819,Thumb,motor_12_flexed,51.0,35.1875,7,31.0,30.0,29.0,31.0,30.0,29.0,31.0,30.0,30.0,32.0,32.0,51.0,48.0,42.0,44.0,43.0
2025-12-25T12:54:54.387274,13424.527,4819,Thumb,motor_12_open,51.0,35.0625,7,31.0,30.0,29.0,30.0,30.0,29.0,31.0,30.0,30.0,32.0,32.0,51.0,48.0,42.0,44.0,42.0
2025-12-25T12:54:55.283238,13425.422,4820,Index,motor_2_flexed,51.0,35.125,7,31.0,30.0,29.0,31.0,30.0,29.0,31.0,30.0,30.0,32.0,32.0,51.0,48.0,42.0,44.0,42.0
2025-12-25T12:54:57.171152,13427.307,4820,Index,motor_2_open,51.0,35.0625,7,31.0,30.0,29.0,30.0,30.0,29.0,31.0,30.0,30.0,32.0,32.0,51.0,48.0,42.0,44.0,42.0
2025-12-25T12:54:58.067115,13428.205,4821,Index,motor_1_flexed,51.0,35.25,7,31.0,30.0,29.0,31.0,30.0,29.0,31.0,30.0,30.0,32.0,32.0,51.0,48.0,42.0,45.0,43.0
2025-12-25T12:54:59.955027,13430.094,4821,Index,motor_1_open,51.0,35.1875,7,31.0,30.0,29.0,31.0,30.0,29.0,31.0,30.0,30.0,32.0,32.0,51.0,48.0,42.0,45.0,42.0
2025-12-25T12:55:00.850987,13430.992,4822,Index,motor_3_flexed,51.0,35.25,7,31.0,30.0,29.0,31.0,30.0,29.0,31.0,30.0,30.0,32.0,32.0,51.0,48.0,42.0,45.0,43.0
2025-12-25T12:55:02.738904,13432.875,4822,Index,motor_3_open,51.0,35.0625,7,31.0,30.0,29.0,30.0,30.0,29.0,31.0,30.0,30.0,32.0,32.0,51.0,48.0,42.0,44.0,42.0
2025-12-25T12:55:03.634865,13433.775,4823,Middle,motor_11_flexed,51.0,35.125,7,31.0,30.0,29.0,31.0,30.0,29.0,31.0,30.0,30.0,32.0,32.0,51.0,48.0,42.0,44.0,42.0
2025-12-25T12:55:05.522763,13435.661,4823,Middle,motor_11_open,51.0,35.0625,7,31.0,30.0,29.0,30.0,30.0,29.0,31.0,30.0,30.0,32.0,32.0,51.0,48.0,42.0,45.0,41.0
2025-12-25T12:55:06.418721,13436.557,4824,Middle,motor_10_flexed,51.0,35.0625,7,31.0,30.0,29.0,30.0,30.0,29.0,31.0,30.0,30.0,32.0,32.0,51.0,48.0,42.0,44.0,42.0
2025-12-25T12:55:08.306634,13438.444,4824,Middle,motor_10_open,51.0,35.1875,7,31.0,30.0,29.0,31.0,30.0,29.0,31.0,30.0,30.0,32.0,32.0,51.0,48.0,42.0,44.0,43.0
2025-12-25T12:55:09.202629,13439.341,4825,Ring,motor_4_flexed,51.0,35.0625,7,31.0,30.0,29.0,30.0,30.0,29.0,31.0,30.0,30.0,32.0,32.0,51.0,48.0,42.0,44.0,42.0
2025-12-25T12:55:10.290585,13440.429,4825,Ring,motor_4_flex_hold,51.0,35.125,7,31.0,30.0,29.0,31.0,30.0,29.0,31.0,30.0,30.0,32.0,32.0,51.0,48.0,42.0,44.0,42.0
2025-12-25T12:55:11.090515,13441.23,4825,Ring,motor_4_open,51.0,35.1875,7,31.0,30.0,29.0,31.0,30.0,29.0,31.0,30.0,30.0,32.0,32.0,51.0,48.0,42.0,45.0,42.0
2025-12-25T12:55:11.986500,13442.126,4826,Ring,motor_5_flexed,51.0,35.0625,7,31.0,30.0,29.0,30.0,30.0,29.0,31.0,30.0,30.0,32.0,32.0,51.0,48.0,42.0,44.0,42.0
2025-12-25T12:55:13.874406,13444.015,4826,Ring,motor_5_open,51.0,35.125,7,31.0,30.0,29.0,30.0,30.0,29.0,31.0,30.0,30.0,32.0,32.0,51.0,48.0,42.0,44.0,43.0
2025-12-25T12:55:14.770368,13444.909,4827,Ring,motor_6_flexed,51.0,35.25,7,31.0,30.0,29.0,31.0,30.0,29.0,31.0,30.0,30.0,32.0,32.0,51.0,48.0,42.0,45.0,43.0
2025-12-25T12:55:16.658265,13446.798,4827,Ring,motor_6_open,51.0,35.25,7,31.0,30.0,29.0,30.0,31.0,29.0,31.0,30.0,30.0,32.0,32.0,51.0,48.0,42.0,45.0,43.0
2025-12-25T12:55:17.554240,13447.693,4828,Pinky,motor_7_flexed,51.0,35.125,7,31.0,30.0,29.0,30.0,30.0,29.0,31.0,30.0,30.0,32.0,32.0,51.0,48.0,42.0,45.0,42.0
2025-12-25T12:55:19.442138,13449.579,4828,Pinky,motor_7_open,51.0,35.1875,7,31.0,30.0,29.0,30.0,31.0,29.0,31.0,30.0,30.0,32.0,32.0,51.0,48.0,42.0,45.0,42.0
2025-12-25T12:55:20.338116,13450.475,4829,Pinky,motor_8_flexed,51.0,35.125,7,31.0,30.0,29.0,31.0,30.0,29.0,31.0,30.0,30.0,32.0,32.0,51.0,48.0,42.0,44.0,42.0
2025-12-25T12:55:22.226017,13452.365,4829,Pinky,motor_8_open,51.0,35.1875,7,31.0,30.0,29.0,30.0,30.0,29.0,31.0,30.0,30.0,32.0,32.0,51.0,48.0,42.0,45.0,43.0
2025-12-25T12:55:23.121993,13453.26,4830,Pinky,motor_9_flexed,51.0,35.1875,7,31.0,30.0,29.0,30.0,30.0,29.0,31.0,30.0,30.0,32.0,32.0,51.0,48.0,42.0,45.0,43.0
2025-12-25T12:55:25.009894,13455.147,4830,Pinky,motor_9_open,51.0,35.0625,7,31.0,30.0,29.0,30.0,30.0,29.0,31.0,30.0,30.0,32.0,32.0,51.0,48.0,42.0,44.0,42.0
2025-12-25T12:55:25.905867,13456.043,4831,Thumb,motor_13_flexed,51.0,35.125,7,31.0,30.0,29.0,31.0,30.0,29.0,31.0,30.0,30.0,32.0,32.0,51.0,48.0,42.0,44.0,42.0
2025-12-25T12:55:27.793783,13457.933,4831,Thumb,motor_13_open,51.0,35.125,7,31.0,30.0,29.0,30.0,30.0,29.0,31.0,30.0,30.0,32.0,32.0,51.0,48.0,42.0,45.0,42.0
2025-12-25T12:55:28.689738,13458.832,4832,Thumb,motor_14_flexed,51.0,35.125,7,31.0,30.0,29.0,30.0,30.0,29.0,31.0,30.0,30.0,32.0,32.0,51.0,48.0,42.0,45.0,42.0
2025-12-25T12:55:30.577640,13460.709,4832,Thumb,motor_14_open,51.0,35.125,7,31.0,30.0,29.0,31.0,30.0,29.0,31.0,30.0,30.0,32.0,32.0,51.0,48.0,42.0,44.0,42.0
2025-12-25T12:55:31.473620,13461.611,4833,Thumb,motor_12_flexed,51.0,35.1875,7,31.0,30.0,29.0,31.0,31.0,29.0,31.0,30.0,30.0,32.0,32.0,51.0,48.0,42.0,45.0,41.0
2025-12-25T12:55:33.361546,13463.5,4833,Thumb,motor_12_open,51.0,35.125,7,31.0,30.0,29.0,31.0,30.0,29.0,31.0,30.0,30.0,32.0,32.0,51.0,48.0,42.0,44.0,42.0
2025-12-25T12:55:34.257480,13464.391,4834,Index,motor_2_flexed,51.0,35.25,7,31.0,30.0,29.0,31.0,30.0,29.0,31.0,30.0,30.0,32.0,32.0,51.0,48.0,42.0,45.0,43.0
2025-12-25T12:55:36.145400,13466.283,4834,Index,motor_2_open,51.0,35.1875,7,31.0,30.0,29.0,31.0,30.0,29.0,31.0,30.0,30.0,32.0,32.0,51.0,48.0,42.0,45.0,42.0
2025-12-25T12:55:37.041351,13467.178,4835,Index,motor_1_flexed,51.0,35.1875,7,31.0,30.0,29.0,30.0,30.0,29.0,31.0,30.0,30.0,32.0,32.0,51.0,48.0,42.0,45.0,43.0
2025-12-25T12:55:38.929267,13469.067,4835,Index,motor_1_open,51.0,35.1875,7,31.0,30.0,29.0,30.0,30.0,29.0,31.0,30.0,30.0,32.0,32.0,51.0,48.0,42.0,45.0,43.0
2025-12-25T12:55:39.825229,13469.965,4836,Index,motor_3_flexed,51.0,35.125,7,31.0,30.0,29.0,30.0,30.0,29.0,31.0,30.0,30.0,32.0,32.0,51.0,48.0,42.0,45.0,42.0
2025-12-25T12:55:41.713145,13471.855,4836,Index,motor_3_open,51.0,35.125,7,31.0,30.0,29.0,30.0,30.0,29.0,31.0,30.0,30.0,32.0,32.0,51.0,48.0,42.0,45.0,42.0
2025-12-25T12:55:42.609117,13472.748,4837,Middle,motor_11_flexed,51.0,35.0625,7,31.0,30.0,29.0,30.0,30.0,29.0,31.0,30.0,30.0,32.0,32.0,51.0,48.0,42.0,44.0,42.0
2025-12-25T12:55:44.497020,13474.635,4837,Middle,motor_11_open,51.0,35.125,7,31.0,30.0,29.0,30.0,30.0,29.0,31.0,30.0,30.0,32.0,32.0,51.0,48.0,42.0,44.0,43.0
2025-12-25T12:55:45.392980,13475.532,4838,Middle,motor_10_flexed,51.0,35.1875,7,31.0,30.0,29.0,30.0,30.0,29.0,31.0,30.0,30.0,32.0,32.0,51.0,48.0,42.0,45.0,43.0
2025-12-25T12:55:47.280926,13477.421,4838,Middle,motor_10_open,51.0,35.1875,7,31.0,30.0,29.0,30.0,30.0,29.0,31.0,30.0,30.0,32.0,32.0,51.0,48.0,42.0,45.0,43.0
2025-12-25T12:55:48.176861,13478.313,4839,Ring,motor_4_flexed,51.0,35.0625,7,31.0,30.0,29.0,30.0,30.0,29.0,31.0,30.0,30.0,32.0,32.0,51.0,48.0,42.0,44.0,42.0
2025-12-25T12:55:50.064777,13480.201,4839,Ring,motor_4_open,51.0,35.0625,7,31.0,30.0,29.0,30.0,30.0,29.0,31.0,30.0,30.0,32.0,32.0,51.0,48.0,42.0,44.0,42.0
2025-12-25T12:55:50.960741,13481.099,4840,Ring,motor_5_flexed,51.0,35.125,7,31.0,30.0,29.0,30.0,30.0,29.0,31.0,30.0,30.0,32.0,32.0,51.0,48.0,42.0,45.0,42.0
2025-12-25T12:55:52.848657,13482.988,4840,Ring,motor_5_open,51.0,35.1875,7,31.0,30.0,29.0,30.0,30.0,29.0,31.0,30.0,30.0,32.0,32.0,51.0,48.0,42.0,45.0,43.0
2025-12-25T12:55:53.744615,13483.876,4841,Ring,motor_6_flexed,51.0,35.25,7,31.0,30.0,29.0,31.0,31.0,29.0,31.0,30.0,30.0,32.0,32.0,51.0,48.0,42.0,45.0,42.0
2025-12-25T12:55:55.632535,13485.771,4841,Ring,motor_6_open,51.0,35.25,7,31.0,30.0,29.0,30.0,31.0,29.0,31.0,30.0,30.0,32.0,32.0,51.0,48.0,42.0,45.0,43.0
2025-12-25T12:55:56.528509,13486.665,4842,Pinky,motor_7_flexed,51.0,35.125,7,31.0,30.0,29.0,30.0,31.0,29.0,31.0,30.0,30.0,32.0,32.0,51.0,48.0,42.0,44.0,42.0
2025-12-25T12:55:58.416406,13488.556,4842,Pinky,motor_7_open,51.0,35.1875,7,31.0,30.0,29.0,30.0,31.0,29.0,31.0,30.0,30.0,32.0,32.0,51.0,48.0,42.0,44.0,43.0
2025-12-25T12:55:59.312369,13489.449,4843,Pinky,motor_8_flexed,51.0,35.25,7,31.0,30.0,29.0,31.0,30.0,29.0,31.0,30.0,30.0,32.0,32.0,51.0,48.0,42.0,45.0,43.0
2025-12-25T12:56:01.200279,13491.339,4843,Pinky,motor_8_open,51.0,35.25,7,31.0,30.0,29.0,31.0,31.0,29.0,31.0,30.0,30.0,32.0,32.0,51.0,48.0,42.0,45.0,42.0
2025-12-25T12:56:02.096242,13492.234,4844,Pinky,motor_9_flexed,51.0,35.1875,7,31.0,30.0,29.0,30.0,30.0,29.0,31.0,30.0,30.0,32.0,32.0,51.0,48.0,42.0,45.0,43.0
2025-12-25T12:56:03.984138,13494.125,4844,Pinky,motor_9_open,51.0,35.125,7,31.0,30.0,29.0,31.0,30.0,29.0,31.0,30.0,30.0,32.0,32.0,51.0,48.0,42.0,44.0,42.0
2025-12-25T12:56:04.880140,13495.018,4845,Thumb,motor_13_flexed,51.0,35.1875,7,31.0,30.0,29.0,30.0,30.0,29.0,31.0,30.0,30.0,32.0,32.0,51.0,48.0,42.0,45.0,43.0
2025-12-25T12:56:06.768044,13496.905,4845,Thumb,motor_13_open,51.0,35.0625,7,31.0,30.0,29.0,30.0,30.0,29.0,31.0,30.0,30.0,32.0,32.0,51.0,48.0,42.0,44.0,42.0
2025-12-25T12:56:07.664001,13497.802,4846,Thumb,motor_14_flexed,51.0,35.1875,7,31.0,30.0,29.0,30.0,30.0,29.0,31.0,30.0,30.0,32.0,32.0,51.0,48.0,42.0,45.0,43.0
2025-12-25T12:56:09.551918,13499.692,4846,Thumb,motor_14_open,51.0,35.1875,7,31.0,30.0,29.0,30.0,31.0,29.0,31.0,30.0,30.0,32.0,32.0,51.0,48.0,42.0,45.0,42.0
2025-12-25T12:56:10.143896,13500.278,4846,Thumb,motor_14_open_hold,51.0,35.125,7,31.0,30.0,29.0,31.0,30.0,29.0,31.0,30.0,30.0,32.0,32.0,51.0,48.0,42.0,44.0,42.0
2025-12-25T12:56:10.543872,13500.682,4847,Thumb,motor_12_flexed,51.0,35.125,7,31.0,30.0,29.0,30.0,30.0,29.0,31.0,30.0,30.0,32.0,32.0,51.0,48.0,42.0,45.0,42.0
2025-12-25T12:56:12.431793,13502.572,4847,Thumb,motor_12_open,51.0,35.125,7,31.0,30.0,29.0,31.0,30.0,29.0,31.0,30.0,30.0,32.0,32.0,51.0,48.0,42.0,44.0,42.0
2025-12-25T12:56:13.327749,13503.467,4848,Index,motor_2_flexed,51.0,35.125,7,31.0,30.0,29.0,30.0,30.0,29.0,31.0,30.0,30.0,32.0,32.0,51.0,48.0,42.0,45.0,42.0
2025-12-25T12:56:15.215664,13505.355,4848,Index,motor_2_open,51.0,35.125,7,31.0,30.0,29.0,30.0,30.0,29.0,31.0,30.0,30.0,32.0,32.0,51.0,48.0,42.0,44.0,43.0
2025-12-25T12:56:16.111623,13506.252,4849,Index,motor_1_flexed,51.0,35.1875,7,31.0,30.0,29.0,31.0,30.0,29.0,31.0,30.0,30.0,32.0,32.0,51.0,48.0,42.0,44.0,43.0
2025-12-25T12:56:17.999539,13508.137,4849,Index,motor_1_open,51.0,35.125,7,31.0,30.0,29.0,30.0,30.0,29.0,31.0,30.0,30.0,32.0,32.0,51.0,48.0,42.0,44.0,43.0
2025-12-25T12:56:18.895500,13509.034,4850,Index,motor_3_flexed,51.0,35.1875,7,31.0,30.0,29.0,31.0,30.0,29.0,31.0,30.0,30.0,32.0,32.0,51.0,48.0,42.0,45.0,42.0
2025-12-25T12:56:20.783412,13510.917,4850,Index,motor_3_open,51.0,35.125,7,31.0,30.0,29.0,30.0,30.0,29.0,31.0,30.0,30.0,32.0,32.0,51.0,48.0,42.0,44.0,43.0
2025-12-25T12:56:21.679380,13511.818,4851,Middle,motor_11_flexed,51.0,35.0625,7,31.0,30.0,29.0,30.0,30.0,29.0,31.0,30.0,30.0,32.0,32.0,51.0,48.0,42.0,44.0,42.0
2025-12-25T12:56:23.567309,13513.707,4851,Middle,motor_11_open,51.0,35.125,7,31.0,30.0,29.0,30.0,30.0,29.0,31.0,30.0,30.0,32.0,32.0,51.0,48.0,42.0,45.0,42.0
2025-12-25T12:56:24.463270,13514.601,4852,Middle,motor_10_flexed,51.0,35.1875,7,31.0,30.0,29.0,30.0,30.0,29.0,31.0,30.0,30.0,32.0,32.0,51.0,48.0,42.0,45.0,43.0
2025-12-25T12:56:26.351191,13516.491,4852,Middle,motor_10_open,51.0,35.1875,7,31.0,30.0,29.0,31.0,30.0,29.0,31.0,30.0,30.0,32.0,32.0,51.0,48.0,42.0,45.0,42.0
2025-12-25T12:56:27.247143,13517.385,4853,Ring,motor_4_flexed,51.0,35.125,7,31.0,30.0,29.0,30.0,30.0,29.0,31.0,30.0,30.0,32.0,32.0,51.0,48.0,42.0,44.0,43.0
2025-12-25T12:56:29.135059,13519.273,4853,Ring,motor_4_open,51.0,35.1875,7,31.0,30.0,29.0,31.0,30.0,29.0,31.0,30.0,30.0,32.0,32.0,51.0,48.0,42.0,45.0,42.0
2025-12-25T12:56:30.031019,13520.171,4854,Ring,motor_5_flexed,51.0,35.125,7,31.0,30.0,29.0,30.0,30.0,29.0,31.0,30.0,30.0,32.0,32.0,51.0,48.0,42.0,45.0,42.0
2025-12-25T12:56:31.918916,13522.057,4854,Ring,motor_5_open,51.0,35.0625,7,31.0,30.0,29.0,30.0,30.0,29.0,31.0,30.0,30.0,32.0,32.0,51.0,48.0,42.0,44.0,42.0
2025-12-25T12:56:32.814879,13522.952,4855,Ring,motor_6_flexed,51.0,35.25,7,31.0,30.0,29.0,31.0,30.0,29.0,31.0,30.0,30.0,32.0,32.0,51.0,48.0,42.0,45.0,43.0
2025-12-25T12:56:34.702793,13524.84,4855,Ring,motor_6_open,51.0,35.125,7,31.0,30.0,29.0,30.0,31.0,29.0,31.0,30.0,30.0,32.0,32.0,51.0,48.0,42.0,45.0,41.0
2025-12-25T12:56:35.598763,13525.739,4856,Pinky,motor_7_flexed,51.0,35.25,7,31.0,30.0,29.0,31.0,31.0,29.0,31.0,30.0,30.0,32.0,32.0,51.0,48.0,42.0,44.0,43.0
2025-12-25T12:56:37.486670,13527.623,4856,Pinky,motor_7_open,51.0,35.0625,7,31.0,30.0,29.0,30.0,30.0,29.0,31.0,30.0,30.0,32.0,32.0,51.0,48.0,42.0,44.0,42.0
2025-12-25T12:56:38.382624,13528.518,4857,Pinky,motor_8_flexed,51.0,35.125,7,31.0,30.0,29.0,30.0,30.0,29.0,31.0,30.0,30.0,32.0,32.0,51.0,48.0,42.0,45.0,42.0
2025-12-25T12:56:40.270555,13530.408,4857,Pinky,motor_8_open,51.0,35.1875,7,31.0,30.0,29.0,30.0,30.0,29.0,31.0,30.0,30.0,32.0,32.0,51.0,48.0,42.0,45.0,43.0
2025-12-25T12:56:41.166505,13531.306,4858,Pinky,motor_9_flexed,51.0,35.1875,7,31.0,30.0,29.0,30.0,30.0,29.0,31.0,30.0,30.0,32.0,32.0,51.0,48.0,42.0,45.0,43.0
2025-12-25T12:56:43.054420,13533.192,4858,Pinky,motor_9_open,51.0,35.1875,7,31.0,30.0,29.0,31.0,30.0,29.0,31.0,30.0,30.0,32.0,32.0,51.0,48.0,42.0,44.0,43.0
2025-12-25T12:56:43.950380,13534.088,4859,Thumb,motor_13_flexed,51.0,35.0625,7,31.0,30.0,29.0,30.0,30.0,29.0,31.0,30.0,30.0,32.0,32.0,51.0,48.0,42.0,44.0,42.0
2025-12-25T12:56:45.838296,13535.977,4859,Thumb,motor_13_open,51.0,35.1875,7,31.0,30.0,29.0,31.0,30.0,29.0,31.0,30.0,30.0,32.0,32.0,51.0,48.0,42.0,45.0,42.0
2025-12-25T12:56:46.734268,13536.874,4860,Thumb,motor_14_flexed,51.0,35.0625,7,31.0,30.0,29.0,30.0,30.0,29.0,31.0,30.0,30.0,32.0,32.0,51.0,48.0,42.0,44.0,42.0
2025-12-25T12:56:48.622187,13538.764,4860,Thumb,motor_14_open,51.0,35.0625,7,31.0,30.0,29.0,30.0,30.0,29.0,31.0,30.0,30.0,32.0,32.0,51.0,48.0,42.0,44.0,42.0
2025-12-25T12:56:49.518116,13539.655,4861,Thumb,motor_12_flexed,51.0,35.1875,7,31.0,30.0,29.0,31.0,30.0,29.0,31.0,30.0,30.0,32.0,32.0,51.0,48.0,42.0,45.0,42.0
2025-12-25T12:56:51.406063,13541.544,4861,Thumb,motor_12_open,51.0,35.1875,7,31.0,30.0,29.0,30.0,30.0,29.0,31.0,30.0,30.0,32.0,32.0,51.0,48.0,42.0,45.0,43.0
2025-12-25T12:56:52.302021,13542.44,4862,Index,motor_2_flexed,51.0,35.1875,7,31.0,30.0,29.0,31.0,30.0,29.0,31.0,30.0,30.0,32.0,32.0,51.0,48.0,42.0,44.0,43.0
2025-12-25T12:56:54.189936,13544.328,4862,Index,motor_2_open,51.0,35.125,7,31.0,30.0,29.0,30.0,30.0,29.0,31.0,30.0,30.0,32.0,32.0,51.0,48.0,42.0,45.0,42.0
2025-12-25T12:56:55.085881,13545.224,4863,Index,motor_1_flexed,51.0,35.25,7,31.0,30.0,29.0,30.0,31.0,29.0,31.0,30.0,30.0,32.0,32.0,51.0,48.0,42.0,45.0,43.0
2025-12-25T12:56:56.973796,13547.111,4863,Index,motor_1_open,51.0,35.0625,7,31.0,30.0,29.0,30.0,30.0,29.0,31.0,30.0,30.0,32.0,32.0,51.0,48.0,42.0,44.0,42.0
2025-12-25T12:56:57.869756,13548.009,4864,Index,motor_3_flexed,51.0,35.0625,7,31.0,30.0,29.0,30.0,30.0,29.0,31.0,30.0,30.0,32.0,32.0,51.0,48.0,42.0,44.0,42.0
2025-12-25T12:56:59.757672,13549.898,4864,Index,motor_3_open,51.0,35.1875,7,31.0,30.0,29.0,30.0,30.0,29.0,31.0,30.0,30.0,32.0,32.0,51.0,48.0,42.0,45.0,43.0
2025-12-25T12:57:00.653633,13550.792,4865,Middle,motor_11_flexed,51.0,35.0625,7,31.0,30.0,29.0,30.0,30.0,29.0,31.0,30.0,30.0,32.0,32.0,51.0,48.0,42.0,44.0,42.0
2025-12-25T12:57:02.541552,13552.682,4865,Middle,motor_11_open,51.0,35.125,7,31.0,30.0,29.0,30.0,30.0,29.0,31.0,30.0,30.0,32.0,32.0,51.0,48.0,42.0,45.0,42.0
2025-12-25T12:57:03.437525,13553.576,4866,Middle,motor_10_flexed,51.0,35.0625,7,31.0,30.0,29.0,30.0,30.0,29.0,31.0,30.0,30.0,32.0,32.0,51.0,48.0,42.0,44.0,42.0
2025-12-25T12:57:05.325424,13555.466,4866,Middle,motor_10_open,51.0,35.0625,7,31.0,30.0,29.0,30.0,30.0,29.0,31.0,30.0,30.0,32.0,32.0,51.0,48.0,42.0,44.0,42.0
2025-12-25T12:57:06.221383,13556.361,4867,Ring,motor_4_flexed,51.0,35.1875,7,31.0,30.0,29.0,30.0,30.0,29.0,31.0,30.0,30.0,32.0,32.0,51.0,48.0,42.0,45.0,43.0
2025-12-25T12:57:08.109299,13558.248,4867,Ring,motor_4_open,51.0,35.0625,7,31.0,30.0,29.0,30.0,30.0,29.0,31.0,30.0,30.0,32.0,32.0,51.0,48.0,42.0,44.0,42.0
2025-12-25T12:57:09.005260,13559.146,4868,Ring,motor_5_flexed,51.0,35.1875,7,31.0,30.0,29.0,30.0,30.0,29.0,31.0,30.0,30.0,32.0,32.0,51.0,48.0,42.0,45.0,43.0
2025-12-25T12:57:10.093215,13560.232,4868,Ring,motor_5_flex_hold,51.0,35.0625,7,31.0,30.0,29.0,30.0,30.0,29.0,31.0,30.0,30.0,32.0,32.0,51.0,48.0,42.0,44.0,42.0
2025-12-25T12:57:10.893164,13561.034,4868,Ring,motor_5_open,51.0,35.0625,7,31.0,30.0,29.0,30.0,30.0,29.0,31.0,30.0,30.0,32.0,32.0,51.0,48.0,42.0,44.0,42.0
2025-12-25T12:57:11.789122,13561.93,4869,Ring,motor_6_flexed,51.0,35.1875,7,31.0,30.0,29.0,30.0,31.0,29.0,31.0,30.0,30.0,32.0,32.0,51.0,48.0,42.0,44.0,43.0
2025-12-25T12:57:13.677039,13563.815,4869,Ring,motor_6_open,51.0,35.1875,7,31.0,30.0,29.0,30.0,31.0,29.0,31.0,30.0,30.0,32.0,32.0,51.0,48.0,42.0,44.0,43.0
2025-12-25T12:57:14.572999,13564.71,4870,Pinky,motor_7_flexed,51.0,35.125,7,31.0,30.0,29.0,30.0,30.0,29.0,31.0,30.0,30.0,32.0,32.0,51.0,48.0,42.0,45.0,42.0
2025-12-25T12:57:16.460926,13566.597,4870,Pinky,motor_7_open,51.0,35.1875,7,31.0,30.0,29.0,30.0,31.0,29.0,31.0,30.0,30.0,32.0,32.0,51.0,48.0,42.0,45.0,42.0
2025-12-25T12:57:17.356886,13567.498,4871,Pinky,motor_8_flexed,51.0,35.125,7,31.0,30.0,29.0,30.0,31.0,29.0,31.0,30.0,30.0,32.0,32.0,51.0,48.0,42.0,45.0,41.0
2025-12-25T12:57:19.244798,13569.384,4871,Pinky,motor_8_open,51.0,35.25,7,31.0,30.0,29.0,31.0,30.0,29.0,31.0,30.0,30.0,32.0,32.0,51.0,48.0,42.0,45.0,43.0
2025-12-25T12:57:20.140758,13570.28,4872,Pinky,motor_9_flexed,51.0,35.125,7,31.0,30.0,29.0,30.0,30.0,29.0,31.0,30.0,30.0,32.0,32.0,51.0,48.0,42.0,44.0,43.0
2025-12-25T12:57:22.028676,13572.169,4872,Pinky,motor_9_open,51.0,35.1875,7,31.0,30.0,29.0,30.0,31.0,29.0,31.0,30.0,30.0,32.0,32.0,51.0,48.0,42.0,45.0,42.0
2025-12-25T12:57:22.924637,13573.065,4873,Thumb,motor_13_flexed,51.0,35.0625,7,31.0,30.0,29.0,30.0,30.0,29.0,31.0,30.0,30.0,32.0,32.0,51.0,48.0,42.0,44.0,42.0
2025-12-25T12:57:24.812549,13574.951,4873,Thumb,motor_13_open,51.0,35.0625,7,31.0,30.0,29.0,30.0,30.0,29.0,31.0,30.0,30.0,32.0,32.0,51.0,48.0,42.0,44.0,42.0
2025-12-25T12:57:25.708512,13575.846,4874,Thumb,motor_14_flexed,51.0,35.1875,7,31.0,30.0,29.0,30.0,31.0,29.0,31.0,30.0,30.0,32.0,32.0,51.0,48.0,42.0,45.0,42.0
2025-12-25T12:57:27.596424,13577.735,4874,Thumb,motor_14_open,51.0,35.125,7,31.0,30.0,29.0,30.0,30.0,29.0,31.0,30.0,30.0,32.0,32.0,51.0,48.0,42.0,44.0,43.0
2025-12-25T12:57:28.492385,13578.63,4875,Thumb,motor_12_flexed,51.0,35.125,7,31.0,30.0,29.0,30.0,30.0,29.0,31.0,30.0,30.0,32.0,32.0,51.0,48.0,42.0,44.0,43.0
2025-12-25T12:57:30.380302,13580.519,4875,Thumb,motor_12_open,51.0,35.0625,7,31.0,30.0,29.0,30.0,30.0,29.0,31.0,30.0,30.0,32.0,32.0,51.0,48.0,42.0,44.0,42.0
2025-12-25T12:57:31.276259,13581.414,4876,Index,motor_2_flexed,51.0,35.25,7,31.0,30.0,29.0,31.0,30.0,29.0,31.0,30.0,30.0,32.0,32.0,51.0,48.0,42.0,45.0,43.0
2025-12-25T12:57:33.164177,13583.303,4876,Index,motor_2_open,51.0,35.125,7,31.0,30.0,29.0,31.0,30.0,29.0,31.0,30.0,30.0,32.0,32.0,51.0,48.0,42.0,44.0,42.0
2025-12-25T12:57:34.060134,13584.198,4877,Index,motor_1_flexed,51.0,35.125,7,31.0,30.0,29.0,30.0,30.0,29.0,31.0,30.0,30.0,32.0,32.0,51.0,48.0,42.0,44.0,43.0
2025-12-25T12:57:35.948049,13586.088,4877,Index,motor_1_open,51.0,35.1875,7,31.0,30.0,29.0,30.0,30.0,29.0,31.0,30.0,30.0,32.0,32.0,51.0,48.0,42.0,45.0,43.0
2025-12-25T12:57:36.844005,13586.982,4878,Index,motor_3_flexed,51.0,35.25,7,31.0,30.0,29.0,31.0,30.0,29.0,31.0,30.0,30.0,32.0,32.0,51.0,48.0,42.0,45.0,43.0
2025-12-25T12:57:38.731930,13588.87,4878,Index,motor_3_open,51.0,35.1875,7,31.0,30.0,29.0,30.0,30.0,29.0,31.0,30.0,30.0,32.0,32.0,51.0,48.0,42.0,45.0,43.0
2025-12-25T12:57:39.627885,13589.768,4879,Middle,motor_11_flexed,51.0,35.0625,7,31.0,30.0,29.0,30.0,30.0,29.0,31.0,30.0,30.0,32.0,32.0,51.0,48.0,42.0,44.0,42.0
2025-12-25T12:57:41.515792,13591.654,4879,Middle,motor_11_open,51.0,35.125,7,31.0,30.0,29.0,30.0,30.0,29.0,31.0,30.0,30.0,32.0,32.0,51.0,48.0,42.0,44.0,43.0
2025-12-25T12:57:42.411767,13592.549,4880,Middle,motor_10_flexed,51.0,35.125,7,31.0,30.0,29.0,30.0,30.0,29.0,31.0,30.0,30.0,32.0,32.0,51.0,48.0,42.0,45.0,42.0
2025-12-25T12:57:44.299677,13594.441,4880,Middle,motor_10_open,51.0,35.125,7,31.0,30.0,29.0,30.0,30.0,29.0,31.0,30.0,30.0,32.0,32.0,51.0,48.0,42.0,44.0,43.0
2025-12-25T12:57:45.195637,13595.332,4881,Ring,motor_4_flexed,51.0,35.0625,7,31.0,30.0,29.0,30.0,30.0,29.0,31.0,30.0,30.0,32.0,32.0,51.0,48.0,42.0,44.0,42.0
2025-12-25T12:57:47.083543,13597.222,4881,Ring,motor_4_open,51.0,35.0625,7,31.0,30.0,29.0,30.0,30.0,29.0,31.0,30.0,30.0,32.0,32.0,51.0,48.0,42.0,45.0,41.0
2025-12-25T12:57:47.979495,13598.118,4882,Ring,motor_5_flexed,51.0,35.125,7,31.0,30.0,29.0,30.0,30.0,29.0,31.0,30.0,30.0,32.0,32.0,51.0,48.0,42.0,45.0,42.0
2025-12-25T12:57:49.867409,13600.005,4882,Ring,motor_5_open,51.0,35.125,7,31.0,30.0,29.0,30.0,30.0,29.0,31.0,30.0,30.0,32.0,32.0,51.0,48.0,42.0,44.0,43.0
2025-12-25T12:57:50.763386,13600.902,4883,Ring,motor_6_flexed,51.0,35.125,7,31.0,30.0,29.0,30.0,30.0,29.0,31.0,30.0,30.0,32.0,32.0,51.0,48.0,42.0,44.0,43.0
2025-12-25T12:57:52.651288,13602.79,4883,Ring,motor_6_open,51.0,35.1875,7,31.0,30.0,29.0,30.0,31.0,29.0,31.0,30.0,30.0,32.0,32.0,51.0,48.0,42.0,45.0,42.0
2025-12-25T12:57:53.547262,13603.688,4884,Pinky,motor_7_flexed,51.0,35.1875,7,31.0,30.0,29.0,30.0,31.0,29.0,31.0,30.0,30.0,32.0,32.0,51.0,48.0,42.0,45.0,42.0
2025-12-25T12:57:55.435177,13605.572,4884,Pinky,motor_7_open,51.0,35.0625,7,31.0,30.0,29.0,30.0,30.0,29.0,31.0,30.0,30.0,32.0,32.0,51.0,48.0,42.0,44.0,42.0
2025-12-25T12:57:56.331145,13606.47,4885,Pinky,motor_8_flexed,51.0,35.0625,7,31.0,30.0,29.0,30.0,30.0,29.0,31.0,30.0,30.0,32.0,32.0,51.0,48.0,42.0,44.0,42.0
2025-12-25T12:57:58.219046,13608.357,4885,Pinky,motor_8_open,51.0,35.1875,7,31.0,30.0,29.0,30.0,30.0,29.0,31.0,30.0,30.0,32.0,32.0,51.0,48.0,42.0,45.0,43.0
2025-12-25T12:57:59.114997,13609.255,4886,Pinky,motor_9_flexed,51.0,35.1875,7,31.0,30.0,29.0,30.0,31.0,29.0,31.0,30.0,30.0,32.0,32.0,51.0,48.0,42.0,45.0,42.0
2025-12-25T12:58:01.002940,13611.143,4886,Pinky,motor_9_open,51.0,35.125,7,31.0,30.0,29.0,30.0,30.0,29.0,31.0,30.0,30.0,32.0,32.0,51.0,48.0,42.0,45.0,42.0
2025-12-25T12:58:01.898887,13612.038,4887,Thumb,motor_13_flexed,51.0,35.125,7,31.0,30.0,29.0,30.0,30.0,29.0,31.0,30.0,30.0,32.0,32.0,51.0,48.0,42.0,45.0,42.0
2025-12-25T12:58:03.786803,13613.925,4887,Thumb,motor_13_open,51.0,35.125,7,31.0,30.0,29.0,30.0,30.0,29.0,31.0,30.0,30.0,32.0,32.0,51.0,48.0,42.0,45.0,42.0
2025-12-25T12:58:04.682747,13614.823,4888,Thumb,motor_14_flexed,51.0,35.125,7,31.0,30.0,29.0,30.0,30.0,29.0,31.0,30.0,30.0,32.0,32.0,51.0,48.0,42.0,45.0,42.0
2025-12-25T12:58:06.570677,13616.71,4888,Thumb,motor_14_open,51.0,35.1875,7,31.0,30.0,29.0,30.0,31.0,29.0,31.0,30.0,30.0,32.0,32.0,51.0,48.0,42.0,44.0,43.0
2025-12-25T12:58:07.466636,13617.607,4889,Thumb,motor_12_flexed,51.0,35.0625,7,31.0,30.0,29.0,30.0,30.0,29.0,31.0,30.0,30.0,32.0,32.0,51.0,48.0,42.0,44.0,42.0
2025-12-25T12:58:09.354551,13619.494,4889,Thumb,motor_12_open,51.0,35.125,7,31.0,30.0,29.0,30.0,30.0,29.0,31.0,30.0,30.0,32.0,32.0,51.0,48.0,42.0,44.0,43.0
2025-12-25T12:58:09.946527,13620.08,4889,Thumb,motor_12_open_hold,51.0,35.125,7,31.0,30.0,29.0,30.0,30.0,29.0,31.0,30.0,30.0,32.0,32.0,51.0,48.0,42.0,45.0,42.0
2025-12-25T12:58:10.346524,13620.485,4890,Index,motor_2_flexed,51.0,35.125,7,31.0,30.0,29.0,30.0,30.0,29.0,31.0,30.0,30.0,32.0,32.0,51.0,48.0,42.0,45.0,42.0
2025-12-25T12:58:12.234408,13622.374,4890,Index,motor_2_open,51.0,35.0625,7,31.0,30.0,29.0,30.0,30.0,29.0,31.0,30.0,30.0,32.0,32.0,51.0,48.0,42.0,44.0,42.0
2025-12-25T12:58:13.130386,13623.269,4891,Index,motor_1_flexed,51.0,35.0625,7,31.0,30.0,29.0,30.0,30.0,29.0,31.0,30.0,30.0,32.0,32.0,51.0,48.0,42.0,44.0,42.0
2025-12-25T12:58:15.018284,13625.156,4891,Index,motor_1_open,51.0,35.0625,7,31.0,30.0,29.0,30.0,30.0,29.0,31.0,30.0,30.0,32.0,32.0,51.0,48.0,42.0,44.0,42.0
2025-12-25T12:58:15.914259,13626.054,4892,Index,motor_3_flexed,51.0,35.1875,7,31.0,30.0,29.0,31.0,30.0,29.0,31.0,30.0,30.0,32.0,32.0,51.0,48.0,42.0,44.0,43.0
2025-12-25T12:58:17.802172,13627.94,4892,Index,motor_3_open,51.0,35.1875,7,31.0,30.0,29.0,31.0,30.0,29.0,31.0,30.0,30.0,32.0,32.0,51.0,48.0,42.0,45.0,42.0
2025-12-25T12:58:18.698134,13628.836,4893,Middle,motor_11_flexed,51.0,35.125,7,31.0,30.0,29.0,30.0,30.0,29.0,31.0,30.0,30.0,32.0,32.0,51.0,48.0,42.0,44.0,43.0
2025-12-25T12:58:20.586035,13630.723,4893,Middle,motor_11_open,51.0,35.125,7,31.0,30.0,29.0,30.0,30.0,29.0,31.0,30.0,30.0,32.0,32.0,51.0,48.0,42.0,44.0,43.0
2025-12-25T12:58:21.482008,13631.617,4894,Middle,motor_10_flexed,51.0,35.125,7,31.0,30.0,29.0,30.0,30.0,29.0,31.0,30.0,30.0,32.0,32.0,51.0,48.0,42.0,44.0,43.0
2025-12-25T12:58:23.369925,13633.51,4894,Middle,motor_10_open,51.0,35.125,7,31.0,30.0,29.0,30.0,30.0,29.0,31.0,30.0,30.0,32.0,32.0,51.0,48.0,42.0,44.0,43.0
2025-12-25T12:58:24.265883,13634.404,4895,Ring,motor_4_flexed,51.0,35.125,7,31.0,30.0,29.0,30.0,30.0,29.0,31.0,30.0,30.0,32.0,32.0,51.0,48.0,42.0,45.0,42.0
2025-12-25T12:58:26.153800,13636.291,4895,Ring,motor_4_open,51.0,35.125,7,31.0,30.0,29.0,30.0,30.0,29.0,31.0,30.0,30.0,32.0,32.0,51.0,48.0,42.0,45.0,42.0
2025-12-25T12:58:27.049759,13637.186,4896,Ring,motor_5_flexed,51.0,35.0625,7,31.0,30.0,29.0,30.0,30.0,29.0,31.0,30.0,30.0,32.0,32.0,51.0,48.0,42.0,44.0,42.0
2025-12-25T12:58:28.937656,13639.076,4896,Ring,motor_5_open,51.0,35.0625,7,31.0,30.0,29.0,30.0,30.0,29.0,31.0,30.0,30.0,32.0,32.0,51.0,48.0,42.0,44.0,42.0
2025-12-25T12:58:29.833608,13639.971,4897,Ring,motor_6_flexed,51.0,35.0625,7,31.0,30.0,29.0,30.0,30.0,29.0,31.0,30.0,30.0,32.0,32.0,51.0,48.0,42.0,44.0,42.0
2025-12-25T12:58:31.721523,13641.858,4897,Ring,motor_6_open,51.0,35.125,7,31.0,30.0,29.0,30.0,31.0,29.0,31.0,30.0,30.0,32.0,32.0,51.0,48.0,42.0,44.0,42.0
2025-12-25T12:58:32.617491,13642.753,4898,Pinky,motor_7_flexed,51.0,35.25,7,31.0,30.0,29.0,30.0,31.0,29.0,31.0,30.0,30.0,32.0,32.0,51.0,48.0,42.0,45.0,43.0
2025-12-25T12:58:34.505393,13644.643,4898,Pinky,motor_7_open,51.0,35.125,7,31.0,30.0,29.0,30.0,30.0,29.0,31.0,30.0,30.0,32.0,32.0,51.0,48.0,42.0,45.0,42.0
2025-12-25T12:58:35.401365,13645.54,4899,Pinky,motor_8_flexed,51.0,35.1875,7,31.0,30.0,29.0,30.0,31.0,29.0,31.0,30.0,30.0,32.0,32.0,51.0,48.0,42.0,45.0,42.0
2025-12-25T12:58:37.289282,13647.428,4899,Pinky,motor_8_open,51.0,35.1875,7,31.0,30.0,29.0,30.0,31.0,29.0,31.0,30.0,30.0,32.0,32.0,51.0,48.0,42.0,44.0,43.0
2025-12-25T12:58:38.185241,13648.323,4900,Pinky,motor_9_flexed,51.0,35.25,7,31.0,30.0,29.0,31.0,31.0,29.0,31.0,30.0,30.0,32.0,32.0,51.0,48.0,42.0,45.0,42.0
2025-12-25T12:58:40.073160,13650.211,4900,Pinky,motor_9_open,51.0,35.125,7,31.0,30.0,29.0,30.0,31.0,29.0,31.0,30.0,30.0,32.0,32.0,51.0,48.0,42.0,44.0,42.0
2025-12-25T12:58:40.969132,13651.108,4901,Thumb,motor_13_flexed,51.0,35.1875,7,31.0,30.0,29.0,30.0,31.0,29.0,31.0,30.0,30.0,32.0,32.0,51.0,48.0,42.0,44.0,43.0
2025-12-25T12:58:42.857046,13652.993,4901,Thumb,motor_13_open,51.0,35.125,7,31.0,30.0,29.0,30.0,30.0,29.0,31.0,30.0,30.0,32.0,32.0,51.0,48.0,42.0,45.0,42.0
2025-12-25T12:58:43.753009,13653.891,4902,Thumb,motor_14_flexed,51.0,35.125,7,31.0,30.0,29.0,30.0,30.0,29.0,31.0,30.0,30.0,32.0,32.0,51.0,48.0,42.0,45.0,42.0
2025-12-25T12:58:45.640923,13655.78,4902,Thumb,motor_14_open,51.0,35.0625,7,31.0,30.0,29.0,30.0,30.0,29.0,31.0,30.0,30.0,32.0,32.0,51.0,48.0,42.0,44.0,42.0
2025-12-25T12:58:46.536884,13656.676,4903,Thumb,motor_12_flexed,51.0,35.25,7,31.0,30.0,29.0,31.0,30.0,29.0,31.0,30.0,30.0,32.0,32.0,51.0,48.0,42.0,45.0,43.0
2025-12-25T12:58:48.424798,13658.561,4903,Thumb,motor_12_open,51.0,35.0625,7,31.0,30.0,29.0,30.0,30.0,29.0,31.0,30.0,30.0,32.0,32.0,51.0,48.0,42.0,44.0,42.0
2025-12-25T12:58:49.320757,13659.458,4904,Index,motor_2_flexed,51.0,35.125,7,31.0,30.0,29.0,30.0,30.0,29.0,31.0,30.0,30.0,32.0,32.0,51.0,48.0,42.0,45.0,42.0
2025-12-25T12:58:51.208675,13661.347,4904,Index,motor_2_open,51.0,35.125,7,31.0,30.0,29.0,30.0,30.0,29.0,31.0,30.0,30.0,32.0,32.0,51.0,48.0,42.0,44.0,43.0
2025-12-25T12:58:52.104635,13662.242,4905,Index,motor_1_flexed,51.0,35.0625,7,31.0,30.0,29.0,30.0,30.0,29.0,31.0,30.0,30.0,32.0,32.0,51.0,48.0,42.0,44.0,42.0
2025-12-25T12:58:53.992542,13664.13,4905,Index,motor_1_open,51.0,35.0625,7,31.0,30.0,29.0,30.0,30.0,29.0,31.0,30.0,30.0,32.0,32.0,51.0,48.0,42.0,44.0,42.0
2025-12-25T12:58:54.888498,13665.027,4906,Index,motor_3_flexed,51.0,35.125,7,31.0,30.0,29.0,30.0,30.0,29.0,31.0,30.0,30.0,32.0,32.0,51.0,48.0,42.0,45.0,42.0
2025-12-25T12:58:56.792391,13666.929,4906,Index,motor_3_open,51.0,35.1875,7,31.0,30.0,29.0,30.0,30.0,29.0,31.0,30.0,30.0,32.0,32.0,51.0,48.0,42.0,45.0,43.0
2025-12-25T12:58:57.688354,13667.824,4907,Middle,motor_11_flexed,51.0,35.0625,7,31.0,30.0,29.0,30.0,30.0,29.0,31.0,30.0,30.0,32.0,32.0,51.0,48.0,42.0,44.0,42.0
2025-12-25T12:58:59.576279,13669.717,4907,Middle,motor_11_open,51.0,35.125,7,31.0,30.0,29.0,30.0,30.0,29.0,31.0,30.0,30.0,32.0,32.0,51.0,48.0,42.0,45.0,42.0
2025-12-25T12:59:00.472238,13670.613,4908,Middle,motor_10_flexed,51.0,35.125,7,31.0,30.0,29.0,30.0,30.0,29.0,31.0,30.0,30.0,32.0,32.0,51.0,48.0,42.0,44.0,43.0
2025-12-25T12:59:02.360156,13672.496,4908,Middle,motor_10_open,51.0,35.0625,7,31.0,30.0,29.0,30.0,30.0,29.0,31.0,30.0,30.0,32.0,32.0,51.0,48.0,42.0,44.0,42.0
2025-12-25T12:59:03.256125,13673.395,4909,Ring,motor_4_flexed,51.0,35.0625,7,31.0,30.0,29.0,30.0,30.0,29.0,31.0,30.0,30.0,32.0,32.0,51.0,48.0,42.0,44.0,42.0
2025-12-25T12:59:05.144029,13675.283,4909,Ring,motor_4_open,51.0,35.125,7,31.0,30.0,29.0,30.0,30.0,29.0,31.0,30.0,30.0,32.0,32.0,51.0,48.0,42.0,44.0,43.0
2025-12-25T12:59:06.039989,13676.181,4910,Ring,motor_5_flexed,51.0,35.125,7,31.0,30.0,29.0,30.0,30.0,29.0,31.0,30.0,30.0,32.0,32.0,51.0,48.0,42.0,45.0,42.0
2025-12-25T12:59:07.927918,13678.065,4910,Ring,motor_5_open,51.0,35.1875,7,31.0,30.0,29.0,30.0,30.0,29.0,31.0,30.0,30.0,32.0,32.0,51.0,48.0,42.0,45.0,43.0
2025-12-25T12:59:08.823865,13678.962,4911,Ring,motor_6_flexed,51.0,35.125,7,31.0,30.0,29.0,31.0,30.0,29.0,31.0,30.0,30.0,32.0,32.0,51.0,48.0,42.0,44.0,42.0
2025-12-25T12:59:09.911833,13680.05,4911,Ring,motor_6_flex_hold,51.0,35.125,7,31.0,30.0,29.0,30.0,30.0,29.0,31.0,30.0,30.0,32.0,32.0,51.0,48.0,42.0,44.0,43.0
2025-12-25T12:59:10.711798,13680.85,4911,Ring,motor_6_open,51.0,35.1875,7,31.0,30.0,29.0,31.0,30.0,29.0,31.0,30.0,30.0,32.0,32.0,51.0,48.0,42.0,44.0,43.0
2025-12-25T12:59:11.607757,13681.747,4912,Pinky,motor_7_flexed,51.0,35.25,7,31.0,30.0,29.0,30.0,31.0,29.0,31.0,30.0,30.0,32.0,32.0,51.0,48.0,42.0,45.0,43.0
2025-12-25T12:59:13.495653,13683.636,4912,Pinky,motor_7_open,51.0,35.1875,7,31.0,30.0,29.0,30.0,31.0,29.0,31.0,30.0,30.0,32.0,32.0,51.0,48.0,42.0,45.0,42.0
2025-12-25T12:59:14.391616,13684.53,4913,Pinky,motor_8_flexed,51.0,35.1875,7,31.0,30.0,29.0,30.0,31.0,29.0,31.0,30.0,30.0,32.0,32.0,51.0,48.0,42.0,45.0,42.0
2025-12-25T12:59:16.279510,13686.413,4913,Pinky,motor_8_open,51.0,35.1875,7,31.0,30.0,29.0,30.0,31.0,29.0,31.0,30.0,30.0,32.0,32.0,51.0,48.0,42.0,45.0,42.0
2025-12-25T12:59:17.175502,13687.316,4914,Pinky,motor_9_flexed,51.0,35.25,7,31.0,30.0,29.0,30.0,31.0,29.0,31.0,30.0,30.0,32.0,32.0,51.0,48.0,42.0,45.0,43.0
2025-12-25T12:59:19.063435,13689.204,4914,Pinky,motor_9_open,51.0,35.0625,7,31.0,30.0,29.0,30.0,30.0,29.0,31.0,30.0,30.0,32.0,32.0,51.0,48.0,42.0,44.0,42.0
2025-12-25T12:59:19.959394,13690.097,4915,Thumb,motor_13_flexed,51.0,35.0,7,31.0,30.0,29.0,30.0,31.0,29.0,31.0,30.0,30.0,32.0,32.0,51.0,48.0,42.0,44.0,40.0
2025-12-25T12:59:21.847327,13691.984,4915,Thumb,motor_13_open,51.0,35.0625,7,31.0,30.0,29.0,30.0,30.0,29.0,31.0,30.0,30.0,32.0,32.0,51.0,48.0,42.0,44.0,42.0
2025-12-25T12:59:22.743248,13692.883,4916,Thumb,motor_14_flexed,51.0,35.1875,7,31.0,30.0,29.0,31.0,30.0,29.0,31.0,30.0,30.0,32.0,32.0,51.0,48.0,42.0,45.0,42.0
2025-12-25T12:59:24.631192,13694.772,4916,Thumb,motor_14_open,51.0,35.125,7,31.0,30.0,29.0,30.0,30.0,29.0,31.0,30.0,30.0,32.0,32.0,51.0,48.0,42.0,44.0,43.0
2025-12-25T12:59:25.527151,13695.666,4917,Thumb,motor_12_flexed,51.0,35.125,7,31.0,30.0,29.0,30.0,30.0,29.0,31.0,30.0,30.0,32.0,32.0,51.0,48.0,42.0,45.0,42.0
2025-12-25T12:59:27.415064,13697.552,4917,Thumb,motor_12_open,51.0,35.125,7,31.0,30.0,29.0,31.0,30.0,29.0,31.0,30.0,30.0,32.0,32.0,51.0,48.0,42.0,45.0,41.0
2025-12-25T12:59:28.311021,13698.449,4918,Index,motor_2_flexed,51.0,35.125,7,31.0,30.0,29.0,30.0,30.0,29.0,31.0,30.0,30.0,32.0,32.0,51.0,48.0,42.0,45.0,42.0
2025-12-25T12:59:30.198939,13700.338,4918,Index,motor_2_open,51.0,35.125,7,31.0,30.0,29.0,30.0,30.0,29.0,31.0,30.0,30.0,32.0,32.0,51.0,48.0,42.0,44.0,43.0
2025-12-25T12:59:31.094914,13701.235,4919,Index,motor_1_flexed,51.0,35.1875,7,31.0,30.0,29.0,30.0,30.0,29.0,31.0,30.0,30.0,32.0,32.0,51.0,48.0,42.0,44.0,44.0
2025-12-25T12:59:32.982811,13703.119,4919,Index,motor_1_open,51.0,35.1875,7,31.0,30.0,29.0,30.0,30.0,29.0,31.0,30.0,30.0,32.0,32.0,51.0,48.0,42.0,45.0,43.0
2025-12-25T12:59:33.878738,13704.017,4920,Index,motor_3_flexed,51.0,35.125,7,31.0,30.0,29.0,30.0,30.0,29.0,31.0,30.0,30.0,32.0,32.0,51.0,48.0,42.0,45.0,42.0
2025-12-25T12:59:35.766654,13705.905,4920,Index,motor_3_open,51.0,35.0,7,31.0,30.0,29.0,30.0,30.0,29.0,31.0,30.0,30.0,32.0,32.0,51.0,48.0,42.0,43.0,42.0
2025-12-25T12:59:36.662612,13706.803,4921,Middle,motor_11_flexed,51.0,35.125,7,31.0,30.0,29.0,30.0,30.0,29.0,31.0,30.0,30.0,32.0,32.0,51.0,48.0,42.0,44.0,43.0
2025-12-25T12:59:38.550528,13708.69,4921,Middle,motor_11_open,51.0,35.125,7,31.0,30.0,29.0,30.0,30.0,29.0,31.0,30.0,30.0,32.0,32.0,51.0,48.0,42.0,45.0,42.0
2025-12-25T12:59:39.446489,13709.585,4922,Middle,motor_10_flexed,51.0,35.0625,7,31.0,30.0,29.0,30.0,30.0,29.0,31.0,30.0,30.0,32.0,32.0,51.0,48.0,42.0,44.0,42.0
2025-12-25T12:59:41.334396,13711.474,4922,Middle,motor_10_open,51.0,35.125,7,31.0,30.0,29.0,31.0,30.0,29.0,31.0,30.0,30.0,32.0,32.0,51.0,48.0,42.0,44.0,42.0
2025-12-25T12:59:42.230352,13712.368,4923,Ring,motor_4_flexed,51.0,35.125,7,31.0,30.0,29.0,30.0,30.0,29.0,31.0,30.0,30.0,32.0,32.0,51.0,48.0,42.0,45.0,42.0
2025-12-25T12:59:44.118269,13714.255,4923,Ring,motor_4_open,51.0,35.0625,7,31.0,30.0,29.0,30.0,30.0,29.0,31.0,30.0,30.0,32.0,32.0,51.0,48.0,42.0,44.0,42.0
2025-12-25T12:59:45.014228,13715.151,4924,Ring,motor_5_flexed,51.0,35.125,7,31.0,30.0,29.0,30.0,30.0,29.0,31.0,30.0,30.0,32.0,32.0,51.0,48.0,42.0,45.0,42.0
2025-12-25T12:59:46.902141,13717.04,4924,Ring,motor_5_open,51.0,35.1875,7,31.0,30.0,29.0,30.0,31.0,29.0,31.0,30.0,30.0,32.0,32.0,51.0,48.0,42.0,44.0,43.0
2025-12-25T12:59:47.798101,13717.936,4925,Ring,motor_6_flexed,51.0,35.0625,7,31.0,30.0,29.0,30.0,30.0,29.0,31.0,30.0,30.0,32.0,32.0,51.0,48.0,42.0,44.0,42.0
2025-12-25T12:59:49.686058,13719.824,4925,Ring,motor_6_open,51.0,35.0625,7,31.0,30.0,29.0,30.0,30.0,29.0,31.0,30.0,30.0,32.0,32.0,51.0,48.0,42.0,44.0,42.0
2025-12-25T12:59:50.582022,13720.721,4926,Pinky,motor_7_flexed,51.0,35.125,7,31.0,30.0,29.0,30.0,30.0,29.0,31.0,30.0,30.0,32.0,32.0,51.0,48.0,42.0,44.0,43.0
2025-12-25T12:59:52.469906,13722.61,4926,Pinky,motor_7_open,51.0,35.0625,7,31.0,30.0,29.0,30.0,30.0,29.0,31.0,30.0,30.0,32.0,32.0,51.0,48.0,42.0,44.0,42.0
2025-12-25T12:59:53.365888,13723.505,4927,Pinky,motor_8_flexed,51.0,35.25,7,31.0,30.0,29.0,30.0,31.0,29.0,31.0,30.0,30.0,32.0,32.0,51.0,48.0,42.0,45.0,43.0
2025-12-25T12:59:55.253767,13725.385,4927,Pinky,motor_8_open,51.0,35.125,7,31.0,30.0,29.0,31.0,30.0,29.0,31.0,30.0,30.0,32.0,32.0,51.0,48.0,42.0,44.0,42.0
2025-12-25T12:59:56.149726,13726.281,4928,Pinky,motor_9_flexed,51.0,35.1875,7,31.0,30.0,29.0,30.0,30.0,29.0,31.0,30.0,30.0,32.0,32.0,51.0,48.0,42.0,45.0,43.0
2025-12-25T12:59:58.037679,13728.176,4928,Pinky,motor_9_open,51.0,35.1875,7,31.0,30.0,29.0,30.0,31.0,29.0,31.0,30.0,30.0,32.0,32.0,51.0,48.0,42.0,45.0,42.0
2025-12-25T12:59:58.933614,13729.074,4929,Thumb,motor_13_flexed,51.0,35.125,7,31.0,30.0,29.0,30.0,30.0,29.0,31.0,30.0,30.0,32.0,32.0,51.0,48.0,42.0,44.0,43.0
2025-12-25T13:00:00.821556,13730.96,4929,Thumb,motor_13_open,51.0,35.0625,7,31.0,30.0,29.0,30.0,30.0,29.0,31.0,30.0,30.0,32.0,32.0,51.0,48.0,42.0,44.0,42.0
2025-12-25T13:00:01.717513,13731.855,4930,Thumb,motor_14_flexed,51.0,35.1875,7,31.0,30.0,29.0,31.0,30.0,29.0,31.0,30.0,30.0,32.0,32.0,51.0,48.0,42.0,45.0,42.0
2025-12-25T13:00:03.605399,13733.744,4930,Thumb,motor_14_open,51.0,35.125,7,31.0,30.0,29.0,30.0,31.0,29.0,31.0,30.0,30.0,32.0,32.0,51.0,48.0,42.0,44.0,42.0
2025-12-25T13:00:04.501359,13734.638,4931,Thumb,motor_12_flexed,51.0,35.0625,7,31.0,30.0,29.0,30.0,30.0,29.0,31.0,30.0,30.0,32.0,32.0,51.0,48.0,42.0,44.0,42.0
2025-12-25T13:00:06.389275,13736.527,4931,Thumb,motor_12_open,51.0,35.125,7,31.0,30.0,29.0,30.0,30.0,29.0,31.0,30.0,30.0,32.0,32.0,51.0,48.0,42.0,45.0,42.0
2025-12-25T13:00:07.285225,13737.422,4932,Index,motor_2_flexed,51.0,35.1875,7,31.0,30.0,29.0,31.0,30.0,29.0,31.0,30.0,30.0,32.0,32.0,51.0,48.0,42.0,45.0,42.0
2025-12-25T13:00:09.173141,13739.309,4932,Index,motor_2_open,51.0,35.1875,7,31.0,30.0,29.0,31.0,30.0,29.0,31.0,30.0,30.0,32.0,32.0,51.0,48.0,42.0,45.0,42.0
2025-12-25T13:00:10.069103,13740.206,4933,Index,motor_1_flexed,51.0,35.125,7,31.0,30.0,29.0,30.0,30.0,29.0,31.0,30.0,30.0,32.0,32.0,51.0,48.0,42.0,45.0,42.0
2025-12-25T13:00:11.957003,13742.093,4933,Index,motor_1_open,51.0,35.0625,7,31.0,30.0,29.0,30.0,30.0,29.0,31.0,30.0,30.0,32.0,32.0,51.0,48.0,42.0,44.0,42.0
2025-12-25T13:00:12.852973,13742.99,4934,Index,motor_3_flexed,51.0,35.1875,7,31.0,30.0,29.0,30.0,30.0,29.0,31.0,30.0,30.0,32.0,32.0,51.0,48.0,42.0,45.0,43.0
2025-12-25T13:00:14.740906,13744.877,4934,Index,motor_3_open,51.0,35.125,7,31.0,30.0,29.0,31.0,30.0,29.0,31.0,30.0,30.0,32.0,32.0,51.0,48.0,42.0,44.0,42.0
2025-12-25T13:00:15.636857,13745.776,4935,Middle,motor_11_flexed,51.0,35.125,7,31.0,30.0,29.0,30.0,30.0,29.0,31.0,30.0,30.0,32.0,32.0,51.0,48.0,42.0,45.0,42.0
2025-12-25T13:00:17.524772,13747.656,4935,Middle,motor_11_open,51.0,35.1875,7,31.0,30.0,29.0,30.0,30.0,29.0,31.0,30.0,30.0,32.0,32.0,51.0,48.0,42.0,45.0,43.0
2025-12-25T13:00:18.420735,13748.56,4936,Middle,motor_10_flexed,51.0,35.125,7,31.0,30.0,29.0,31.0,30.0,29.0,31.0,30.0,30.0,32.0,32.0,51.0,48.0,42.0,44.0,42.0
2025-12-25T13:00:20.308648,13750.446,4936,Middle,motor_10_open,51.0,35.0625,7,31.0,30.0,29.0,30.0,30.0,29.0,31.0,30.0,30.0,32.0,32.0,51.0,48.0,42.0,44.0,42.0
2025-12-25T13:00:21.204607,13751.343,4937,Ring,motor_4_flexed,51.0,35.125,7,31.0,30.0,29.0,30.0,30.0,29.0,31.0,30.0,30.0,32.0,32.0,51.0,48.0,42.0,45.0,42.0
2025-12-25T13:00:23.092515,13753.231,4937,Ring,motor_4_open,51.0,35.25,7,31.0,30.0,29.0,30.0,30.0,29.0,31.0,30.0,30.0,32.0,32.0,51.0,48.0,42.0,44.0,45.0
2025-12-25T13:00:23.988495,13754.129,4938,Ring,motor_5_flexed,51.0,35.1875,7,31.0,30.0,29.0,30.0,30.0,29.0,31.0,30.0,30.0,32.0,32.0,51.0,48.0,42.0,45.0,43.0
2025-12-25T13:00:25.876398,13756.013,4938,Ring,motor_5_open,51.0,35.125,7,31.0,30.0,29.0,30.0,30.0,29.0,31.0,30.0,30.0,32.0,32.0,51.0,48.0,42.0,45.0,42.0
2025-12-25T13:00:26.772346,13756.913,4939,Ring,motor_6_flexed,51.0,35.125,7,31.0,30.0,29.0,30.0,30.0,29.0,31.0,30.0,30.0,32.0,32.0,51.0,48.0,42.0,45.0,42.0
2025-12-25T13:00:28.660285,13758.799,4939,Ring,motor_6_open,51.0,35.1875,7,31.0,30.0,29.0,30.0,31.0,29.0,31.0,30.0,30.0,32.0,32.0,51.0,48.0,42.0,45.0,42.0
2025-12-25T13:00:29.556232,13759.693,4940,Pinky,motor_7_flexed,51.0,35.125,7,31.0,30.0,29.0,30.0,30.0,29.0,31.0,30.0,30.0,32.0,32.0,51.0,48.0,42.0,45.0,42.0
2025-12-25T13:00:31.444147,13761.577,4940,Pinky,motor_7_open,51.0,35.125,7,31.0,30.0,29.0,30.0,30.0,29.0,31.0,30.0,30.0,32.0,32.0,51.0,48.0,42.0,45.0,42.0
2025-12-25T13:00:32.340106,13762.478,4941,Pinky,motor_8_flexed,51.0,35.125,7,31.0,30.0,29.0,30.0,30.0,29.0,31.0,30.0,30.0,32.0,32.0,51.0,48.0,42.0,44.0,43.0
2025-12-25T13:00:34.228020,13764.366,4941,Pinky,motor_8_open,51.0,34.9375,7,31.0,30.0,29.0,30.0,31.0,29.0,31.0,30.0,30.0,32.0,32.0,51.0,48.0,42.0,44.0,39.0
2025-12-25T13:00:35.123980,13765.262,4942,Pinky,motor_9_flexed,51.0,35.125,7,31.0,30.0,29.0,30.0,30.0,29.0,31.0,30.0,30.0,32.0,32.0,51.0,48.0,42.0,45.0,42.0
2025-12-25T13:00:37.011897,13767.149,4942,Pinky,motor_9_open,51.0,35.25,7,31.0,30.0,29.0,31.0,31.0,29.0,31.0,30.0,30.0,32.0,32.0,51.0,48.0,42.0,44.0,43.0
2025-12-25T13:00:37.907867,13768.046,4943,Thumb,motor_13_flexed,51.0,35.0625,7,31.0,30.0,29.0,30.0,30.0,29.0,31.0,30.0,30.0,32.0,32.0,51.0,48.0,42.0,44.0,42.0
2025-12-25T13:00:39.795770,13769.934,4943,Thumb,motor_13_open,51.0,35.125,7,31.0,30.0,29.0,30.0,30.0,29.0,31.0,30.0,30.0,32.0,32.0,51.0,48.0,42.0,45.0,42.0
2025-12-25T13:00:40.691723,13770.829,4944,Thumb,motor_14_flexed,51.0,35.1875,7,31.0,30.0,29.0,31.0,30.0,29.0,31.0,30.0,30.0,32.0,32.0,51.0,48.0,42.0,44.0,43.0
2025-12-25T13:00:42.579663,13772.717,4944,Thumb,motor_14_open,51.0,35.125,7,31.0,30.0,29.0,30.0,30.0,29.0,31.0,30.0,30.0,32.0,32.0,51.0,48.0,42.0,44.0,43.0
2025-12-25T13:00:43.475592,13773.608,4945,Thumb,motor_12_flexed,51.0,35.0625,7,31.0,30.0,29.0,30.0,30.0,29.0,31.0,30.0,30.0,32.0,32.0,51.0,48.0,42.0,44.0,42.0
2025-12-25T13:00:45.363510,13775.5,4945,Thumb,motor_12_open,51.0,35.0625,7,31.0,30.0,29.0,30.0,30.0,29.0,31.0,30.0,30.0,32.0,32.0,51.0,48.0,42.0,44.0,42.0
2025-12-25T13:00:46.259471,13776.398,4946,Index,motor_2_flexed,51.0,35.1875,7,31.0,30.0,29.0,31.0,30.0,29.0,31.0,30.0,30.0,32.0,32.0,51.0,48.0,42.0,45.0,42.0
2025-12-25T13:00:48.147384,13778.28,4946,Index,motor_2_open,51.0,35.125,7,31.0,30.0,29.0,30.0,30.0,29.0,31.0,30.0,30.0,32.0,32.0,51.0,48.0,42.0,44.0,43.0
2025-12-25T13:00:49.043342,13779.175,4947,Index,motor_1_flexed,51.0,35.0625,7,31.0,30.0,29.0,30.0,30.0,29.0,31.0,30.0,30.0,32.0,32.0,51.0,48.0,42.0,44.0,42.0
2025-12-25T13:00:50.931272,13781.068,4947,Index,motor_1_open,51.0,35.0625,7,31.0,30.0,29.0,30.0,30.0,29.0,31.0,30.0,30.0,32.0,32.0,51.0,48.0,42.0,44.0,42.0
2025-12-25T13:00:51.827230,13781.967,4948,Index,motor_3_flexed,51.0,35.0625,7,31.0,30.0,29.0,30.0,30.0,29.0,31.0,30.0,30.0,32.0,32.0,51.0,48.0,42.0,44.0,42.0
2025-12-25T13:00:53.715146,13783.854,4948,Index,motor_3_open,51.0,35.0625,7,31.0,30.0,29.0,30.0,30.0,29.0,31.0,30.0,30.0,32.0,32.0,51.0,48.0,42.0,44.0,42.0
2025-12-25T13:00:54.611092,13784.748,4949,Middle,motor_11_flexed,51.0,35.0625,7,31.0,30.0,29.0,30.0,30.0,29.0,31.0,30.0,30.0,32.0,32.0,51.0,48.0,42.0,44.0,42.0
2025-12-25T13:00:56.499020,13786.636,4949,Middle,motor_11_open,51.0,35.0,7,31.0,30.0,29.0,30.0,30.0,29.0,31.0,30.0,30.0,32.0,32.0,51.0,48.0,42.0,44.0,41.0
2025-12-25T13:00:57.394978,13787.532,4950,Middle,motor_10_flexed,51.0,35.25,7,31.0,30.0,29.0,31.0,30.0,29.0,31.0,30.0,30.0,32.0,32.0,51.0,48.0,42.0,45.0,43.0
2025-12-25T13:00:59.282895,13789.424,4950,Middle,motor_10_open,51.0,35.0625,7,31.0,30.0,29.0,30.0,30.0,29.0,31.0,30.0,30.0,32.0,32.0,51.0,48.0,42.0,44.0,42.0
2025-12-25T13:01:00.178852,13790.319,4951,Ring,motor_4_flexed,51.0,35.0625,7,31.0,30.0,29.0,30.0,30.0,29.0,31.0,30.0,30.0,32.0,32.0,51.0,48.0,42.0,44.0,42.0
2025-12-25T13:01:02.066769,13792.203,4951,Ring,motor_4_open,51.0,35.0625,7,31.0,30.0,29.0,30.0,30.0,29.0,31.0,30.0,30.0,32.0,32.0,51.0,48.0,42.0,44.0,42.0
2025-12-25T13:01:02.962729,13793.099,4952,Ring,motor_5_flexed,51.0,35.1875,7,31.0,30.0,29.0,30.0,30.0,29.0,31.0,30.0,30.0,32.0,32.0,51.0,48.0,42.0,45.0,43.0
2025-12-25T13:01:04.850644,13794.99,4952,Ring,motor_5_open,51.0,35.1875,7,31.0,30.0,29.0,31.0,30.0,29.0,31.0,30.0,30.0,32.0,32.0,51.0,48.0,42.0,45.0,42.0
2025-12-25T13:01:05.746599,13795.882,4953,Ring,motor_6_flexed,51.0,35.1875,7,31.0,30.0,29.0,30.0,31.0,29.0,31.0,30.0,30.0,32.0,32.0,51.0,48.0,42.0,44.0,43.0
2025-12-25T13:01:07.634518,13797.772,4953,Ring,motor_6_open,51.0,35.25,7,31.0,30.0,29.0,31.0,31.0,29.0,31.0,30.0,30.0,32.0,32.0,51.0,48.0,42.0,44.0,43.0
2025-12-25T13:01:08.530477,13798.667,4954,Pinky,motor_7_flexed,51.0,35.1875,7,31.0,30.0,29.0,30.0,31.0,29.0,31.0,30.0,30.0,32.0,32.0,51.0,48.0,42.0,44.0,43.0
2025-12-25T13:01:10.114409,13800.256,4954,Pinky,motor_7_flex_hold,51.0,35.1875,7,31.0,30.0,29.0,30.0,31.0,29.0,31.0,30.0,30.0,32.0,32.0,51.0,48.0,42.0,45.0,42.0
2025-12-25T13:01:10.514387,13800.653,4954,Pinky,motor_7_open,51.0,35.0625,7,31.0,30.0,29.0,30.0,30.0,29.0,31.0,30.0,30.0,32.0,32.0,51.0,48.0,42.0,44.0,42.0
2025-12-25T13:01:11.410344,13801.549,4955,Pinky,motor_8_flexed,51.0,35.3125,7,31.0,30.0,29.0,31.0,31.0,29.0,31.0,30.0,30.0,32.0,32.0,51.0,48.0,42.0,45.0,43.0
2025-12-25T13:01:13.298260,13803.438,4955,Pinky,motor_8_open,51.0,35.125,7,31.0,30.0,29.0,30.0,30.0,29.0,31.0,30.0,30.0,32.0,32.0,51.0,48.0,42.0,45.0,42.0
2025-12-25T13:01:14.194221,13804.332,4956,Pinky,motor_9_flexed,51.0,35.1875,7,31.0,30.0,29.0,31.0,30.0,29.0,31.0,30.0,30.0,32.0,32.0,51.0,48.0,42.0,45.0,42.0
2025-12-25T13:01:16.082135,13806.218,4956,Pinky,motor_9_open,51.0,35.25,7,31.0,30.0,29.0,30.0,31.0,29.0,31.0,30.0,30.0,32.0,32.0,51.0,48.0,42.0,45.0,43.0
2025-12-25T13:01:16.978088,13807.117,4957,Thumb,motor_13_flexed,51.0,35.125,7,31.0,30.0,29.0,30.0,30.0,29.0,31.0,30.0,30.0,32.0,32.0,51.0,48.0,42.0,44.0,43.0
2025-12-25T13:01:18.865996,13808.999,4957,Thumb,motor_13_open,51.0,35.25,7,31.0,30.0,29.0,31.0,30.0,29.0,31.0,30.0,30.0,32.0,32.0,51.0,48.0,42.0,45.0,43.0
2025-12-25T13:01:19.761957,13809.892,4958,Thumb,motor_14_flexed,51.0,35.125,7,31.0,30.0,29.0,30.0,30.0,29.0,31.0,30.0,30.0,32.0,32.0,51.0,48.0,42.0,45.0,42.0
2025-12-25T13:01:21.649882,13811.782,4958,Thumb,motor_14_open,51.0,35.125,7,31.0,30.0,29.0,30.0,30.0,29.0,31.0,30.0,30.0,32.0,32.0,51.0,48.0,42.0,45.0,42.0
2025-12-25T13:01:22.545847,13812.683,4959,Thumb,motor_12_flexed,51.0,35.125,7,31.0,30.0,29.0,30.0,30.0,29.0,31.0,30.0,30.0,32.0,32.0,51.0,48.0,42.0,44.0,43.0
2025-12-25T13:01:24.433759,13814.571,4959,Thumb,motor_12_open,51.0,35.0625,7,31.0,30.0,29.0,30.0,30.0,29.0,31.0,30.0,30.0,32.0,32.0,51.0,48.0,42.0,44.0,42.0
2025-12-25T13:01:25.329720,13815.466,4960,Index,motor_2_flexed,51.0,35.1875,7,31.0,30.0,29.0,31.0,30.0,29.0,31.0,30.0,30.0,32.0,32.0,51.0,48.0,42.0,45.0,42.0
2025-12-25T13:01:27.217631,13817.351,4960,Index,motor_2_open,51.0,35.1875,7,31.0,30.0,29.0,31.0,30.0,29.0,31.0,30.0,30.0,32.0,32.0,51.0,48.0,42.0,45.0,42.0
2025-12-25T13:01:28.113592,13818.249,4961,Index,motor_1_flexed,51.0,35.1875,7,31.0,30.0,29.0,31.0,30.0,29.0,31.0,30.0,30.0,32.0,32.0,51.0,48.0,42.0,45.0,42.0
2025-12-25T13:01:30.001511,13820.14,4961,Index,motor_1_open,51.0,35.1875,7,31.0,30.0,29.0,30.0,30.0,29.0,31.0,30.0,30.0,32.0,32.0,51.0,48.0,42.0,45.0,43.0
2025-12-25T13:01:30.897479,13821.034,4962,Index,motor_3_flexed,51.0,35.125,7,31.0,30.0,29.0,30.0,30.0,29.0,31.0,30.0,30.0,32.0,32.0,51.0,48.0,42.0,45.0,42.0
2025-12-25T13:01:32.785382,13822.921,4962,Index,motor_3_open,51.0,35.0625,7,31.0,30.0,29.0,30.0,30.0,29.0,31.0,30.0,30.0,32.0,32.0,51.0,48.0,42.0,44.0,42.0
2025-12-25T13:01:33.681340,13823.818,4963,Middle,motor_11_flexed,51.0,35.125,7,31.0,30.0,29.0,30.0,30.0,29.0,31.0,30.0,30.0,32.0,32.0,51.0,48.0,42.0,45.0,42.0
2025-12-25T13:01:35.569272,13825.709,4963,Middle,motor_11_open,51.0,35.125,7,31.0,30.0,29.0,30.0,30.0,29.0,31.0,30.0,30.0,32.0,32.0,51.0,48.0,42.0,45.0,42.0
2025-12-25T13:01:36.465217,13826.603,4964,Middle,motor_10_flexed,51.0,35.25,7,31.0,30.0,29.0,31.0,30.0,29.0,31.0,30.0,30.0,32.0,32.0,51.0,48.0,42.0,45.0,43.0
2025-12-25T13:01:38.353131,13828.491,4964,Middle,motor_10_open,51.0,35.125,7,31.0,30.0,29.0,30.0,30.0,29.0,31.0,30.0,30.0,32.0,32.0,51.0,48.0,42.0,45.0,42.0
2025-12-25T13:01:39.249091,13829.387,4965,Ring,motor_4_flexed,51.0,35.1875,7,31.0,30.0,29.0,31.0,30.0,29.0,31.0,30.0,30.0,32.0,32.0,51.0,48.0,42.0,45.0,42.0
2025-12-25T13:01:41.137008,13831.274,4965,Ring,motor_4_open,51.0,35.125,7,31.0,30.0,29.0,30.0,30.0,29.0,31.0,30.0,30.0,32.0,32.0,51.0,48.0,42.0,44.0,43.0
2025-12-25T13:01:42.032967,13832.172,4966,Ring,motor_5_flexed,51.0,35.1875,7,31.0,30.0,29.0,30.0,30.0,29.0,31.0,30.0,30.0,32.0,32.0,51.0,48.0,42.0,45.0,43.0
2025-12-25T13:01:43.920881,13834.059,4966,Ring,motor_5_open,51.0,35.1875,7,31.0,30.0,29.0,30.0,30.0,29.0,31.0,30.0,30.0,32.0,32.0,51.0,48.0,42.0,45.0,43.0
2025-12-25T13:01:44.816856,13834.954,4967,Ring,motor_6_flexed,51.0,35.0625,7,31.0,30.0,29.0,30.0,30.0,29.0,31.0,30.0,30.0,32.0,32.0,51.0,48.0,42.0,44.0,42.0
2025-12-25T13:01:46.704755,13836.843,4967,Ring,motor_6_open,51.0,35.1875,7,31.0,30.0,29.0,31.0,31.0,29.0,31.0,30.0,30.0,32.0,32.0,51.0,48.0,42.0,44.0,42.0
2025-12-25T13:01:47.600715,13837.74,4968,Pinky,motor_7_flexed,51.0,35.125,7,31.0,30.0,29.0,31.0,30.0,29.0,31.0,30.0,30.0,32.0,32.0,51.0,48.0,42.0,44.0,42.0
2025-12-25T13:01:49.488631,13839.627,4968,Pinky,motor_7_open,51.0,35.0625,7,31.0,30.0,29.0,30.0,30.0,29.0,31.0,30.0,30.0,32.0,32.0,51.0,48.0,42.0,44.0,42.0
2025-12-25T13:01:50.384590,13840.523,4969,Pinky,motor_8_flexed,51.0,35.0625,7,31.0,30.0,29.0,30.0,30.0,29.0,31.0,30.0,30.0,32.0,32.0,51.0,48.0,42.0,44.0,42.0
2025-12-25T13:01:52.272513,13842.411,4969,Pinky,motor_8_open,51.0,35.1875,7,31.0,30.0,29.0,31.0,30.0,29.0,31.0,30.0,30.0,32.0,32.0,51.0,48.0,42.0,44.0,43.0
2025-12-25T13:01:53.168464,13843.308,4970,Pinky,motor_9_flexed,51.0,35.125,7,31.0,30.0,29.0,31.0,30.0,29.0,31.0,30.0,30.0,32.0,32.0,51.0,48.0,42.0,44.0,42.0
2025-12-25T13:01:55.056377,13845.196,4970,Pinky,motor_9_open,51.0,35.125,7,31.0,30.0,29.0,30.0,30.0,29.0,31.0,30.0,30.0,32.0,32.0,51.0,48.0,42.0,45.0,42.0
2025-12-25T13:01:55.952338,13846.089,4971,Thumb,motor_13_flexed,51.0,35.1875,7,31.0,30.0,29.0,30.0,31.0,29.0,31.0,30.0,30.0,32.0,32.0,51.0,48.0,42.0,45.0,42.0
2025-12-25T13:01:57.840253,13847.979,4971,Thumb,motor_13_open,51.0,35.1875,7,31.0,30.0,29.0,31.0,30.0,29.0,31.0,30.0,30.0,32.0,32.0,51.0,48.0,42.0,44.0,43.0
2025-12-25T13:01:58.736204,13848.878,4972,Thumb,motor_14_flexed,51.0,35.125,7,31.0,30.0,29.0,30.0,31.0,29.0,31.0,30.0,30.0,32.0,32.0,51.0,48.0,42.0,44.0,42.0
2025-12-25T13:02:00.624146,13850.764,4972,Thumb,motor_14_open,51.0,35.125,7,31.0,30.0,29.0,30.0,30.0,29.0,31.0,30.0,30.0,32.0,32.0,51.0,48.0,42.0,45.0,42.0
2025-12-25T13:02:01.520108,13851.654,4973,Thumb,motor_12_flexed,51.0,35.125,7,31.0,30.0,29.0,30.0,30.0,29.0,31.0,30.0,30.0,32.0,32.0,51.0,48.0,42.0,45.0,42.0
2025-12-25T13:02:03.408019,13853.542,4973,Thumb,motor_12_open,51.0,35.25,7,31.0,30.0,29.0,31.0,30.0,29.0,31.0,30.0,30.0,32.0,32.0,51.0,48.0,42.0,45.0,43.0
2025-12-25T13:02:04.303980,13854.443,4974,Index,motor_2_flexed,51.0,35.1875,7,31.0,30.0,29.0,31.0,30.0,29.0,31.0,30.0,30.0,32.0,32.0,51.0,48.0,42.0,45.0,42.0
2025-12-25T13:02:06.191896,13856.328,4974,Index,motor_2_open,51.0,35.0625,7,31.0,30.0,29.0,30.0,30.0,29.0,31.0,30.0,30.0,32.0,32.0,51.0,48.0,42.0,44.0,42.0
2025-12-25T13:02:07.087854,13857.222,4975,Index,motor_1_flexed,51.0,35.125,7,31.0,30.0,29.0,30.0,30.0,29.0,31.0,30.0,30.0,32.0,32.0,51.0,48.0,42.0,44.0,43.0
2025-12-25T13:02:08.975772,13859.112,4975,Index,motor_1_open,51.0,35.125,7,31.0,30.0,29.0,30.0,30.0,29.0,31.0,30.0,30.0,32.0,32.0,51.0,48.0,42.0,45.0,42.0
2025-12-25T13:02:09.871731,13860.012,4976,Index,motor_3_flexed,51.0,35.25,7,31.0,30.0,29.0,31.0,30.0,29.0,31.0,30.0,30.0,32.0,32.0,51.0,48.0,42.0,45.0,43.0
2025-12-25T13:02:11.759638,13861.896,4976,Index,motor_3_open,51.0,35.1875,7,31.0,30.0,29.0,30.0,30.0,29.0,31.0,30.0,30.0,32.0,32.0,51.0,48.0,42.0,45.0,43.0
2025-12-25T13:02:12.655604,13862.794,4977,Middle,motor_11_flexed,51.0,35.1875,7,31.0,30.0,29.0,30.0,30.0,29.0,31.0,30.0,30.0,32.0,32.0,51.0,48.0,42.0,44.0,44.0
2025-12-25T13:02:14.559522,13864.697,4977,Middle,motor_11_open,51.0,35.1875,7,31.0,30.0,29.0,30.0,30.0,29.0,31.0,30.0,30.0,32.0,32.0,51.0,48.0,42.0,45.0,43.0
2025-12-25T13:02:15.455477,13865.593,4978,Middle,motor_10_flexed,51.0,35.0625,7,31.0,30.0,29.0,30.0,30.0,29.0,31.0,30.0,30.0,32.0,32.0,51.0,48.0,42.0,44.0,42.0
2025-12-25T13:02:17.343371,13867.482,4978,Middle,motor_10_open,51.0,35.125,7,31.0,30.0,29.0,31.0,30.0,29.0,31.0,30.0,30.0,32.0,32.0,51.0,48.0,42.0,44.0,42.0
2025-12-25T13:02:18.239331,13868.377,4979,Ring,motor_4_flexed,51.0,35.1875,7,31.0,30.0,29.0,30.0,30.0,29.0,31.0,30.0,30.0,32.0,32.0,51.0,48.0,42.0,45.0,43.0
2025-12-25T13:02:20.127237,13870.261,4979,Ring,motor_4_open,51.0,35.0625,7,31.0,30.0,29.0,30.0,30.0,29.0,31.0,30.0,30.0,32.0,32.0,51.0,48.0,42.0,44.0,42.0
2025-12-25T13:02:21.023193,13871.157,4980,Ring,motor_5_flexed,51.0,35.1875,7,31.0,30.0,29.0,30.0,30.0,29.0,31.0,30.0,30.0,32.0,32.0,51.0,48.0,42.0,45.0,43.0
2025-12-25T13:02:22.911123,13873.05,4980,Ring,motor_5_open,51.0,35.0625,7,31.0,30.0,29.0,30.0,30.0,29.0,31.0,30.0,30.0,32.0,32.0,51.0,48.0,42.0,44.0,42.0
2025-12-25T13:02:23.807084,13873.943,4981,Ring,motor_6_flexed,51.0,35.125,7,31.0,30.0,29.0,30.0,30.0,29.0,31.0,30.0,30.0,32.0,32.0,51.0,48.0,42.0,45.0,42.0
2025-12-25T13:02:25.694996,13875.831,4981,Ring,motor_6_open,51.0,35.125,7,31.0,30.0,29.0,30.0,30.0,29.0,31.0,30.0,30.0,32.0,32.0,51.0,48.0,42.0,44.0,43.0
2025-12-25T13:02:26.590954,13876.728,4982,Pinky,motor_7_flexed,51.0,35.125,7,31.0,30.0,29.0,30.0,31.0,29.0,31.0,30.0,30.0,32.0,32.0,51.0,48.0,42.0,44.0,42.0
2025-12-25T13:02:28.478879,13878.618,4982,Pinky,motor_7_open,51.0,35.0,7,31.0,30.0,29.0,30.0,30.0,29.0,31.0,30.0,30.0,32.0,32.0,51.0,48.0,42.0,44.0,41.0
2025-12-25T13:02:29.374819,13879.514,4983,Pinky,motor_8_flexed,51.0,35.125,7,31.0,30.0,29.0,30.0,30.0,29.0,31.0,30.0,30.0,32.0,32.0,51.0,48.0,42.0,44.0,43.0
2025-12-25T13:02:31.262744,13881.401,4983,Pinky,motor_8_open,51.0,35.1875,7,31.0,30.0,29.0,30.0,31.0,29.0,31.0,30.0,30.0,32.0,32.0,51.0,48.0,42.0,44.0,43.0
2025-12-25T13:02:32.158702,13882.295,4984,Pinky,motor_9_flexed,51.0,35.1875,7,31.0,30.0,29.0,30.0,31.0,29.0,31.0,30.0,30.0,32.0,32.0,51.0,48.0,42.0,45.0,42.0
2025-12-25T13:02:34.046618,13884.185,4984,Pinky,motor_9_open,51.0,35.125,7,31.0,30.0,29.0,30.0,30.0,29.0,31.0,30.0,30.0,32.0,32.0,51.0,48.0,42.0,45.0,42.0
2025-12-25T13:02:34.942578,13885.079,4985,Thumb,motor_13_flexed,51.0,35.1875,7,31.0,30.0,29.0,30.0,30.0,29.0,31.0,30.0,30.0,32.0,32.0,51.0,48.0,42.0,45.0,43.0
2025-12-25T13:02:36.830493,13886.966,4985,Thumb,motor_13_open,51.0,35.125,7,31.0,30.0,29.0,30.0,30.0,29.0,31.0,30.0,30.0,32.0,32.0,51.0,48.0,42.0,44.0,43.0
2025-12-25T13:02:37.726454,13887.863,4986,Thumb,motor_14_flexed,51.0,35.125,7,31.0,30.0,29.0,30.0,30.0,29.0,31.0,30.0,30.0,32.0,32.0,51.0,48.0,42.0,45.0,42.0
2025-12-25T13:02:39.614388,13889.752,4986,Thumb,motor_14_open,51.0,35.0625,7,31.0,30.0,29.0,30.0,30.0,29.0,31.0,30.0,30.0,32.0,32.0,51.0,48.0,42.0,44.0,42.0
2025-12-25T13:02:40.510347,13890.648,4987,Thumb,motor_12_flexed,51.0,35.0625,7,31.0,30.0,29.0,30.0,30.0,29.0,31.0,30.0,30.0,32.0,32.0,51.0,48.0,42.0,44.0,42.0
2025-12-25T13:02:42.398267,13892.534,4987,Thumb,motor_12_open,51.0,35.125,7,31.0,30.0,29.0,30.0,30.0,29.0,31.0,30.0,30.0,32.0,32.0,51.0,48.0,42.0,45.0,42.0
2025-12-25T13:02:43.294222,13893.431,4988,Index,motor_2_flexed,51.0,35.125,7,31.0,30.0,29.0,30.0,30.0,29.0,31.0,30.0,30.0,32.0,32.0,51.0,48.0,42.0,45.0,42.0
2025-12-25T13:02:45.182138,13895.32,4988,Index,motor_2_open,51.0,35.1875,7,31.0,30.0,29.0,30.0,30.0,29.0,31.0,30.0,30.0,32.0,32.0,51.0,48.0,42.0,45.0,43.0
2025-12-25T13:02:46.078095,13896.218,4989,Index,motor_1_flexed,51.0,35.25,7,31.0,30.0,29.0,31.0,30.0,29.0,31.0,30.0,30.0,32.0,32.0,51.0,48.0,42.0,45.0,43.0
2025-12-25T13:02:47.966010,13898.102,4989,Index,motor_1_open,51.0,35.0625,7,31.0,30.0,29.0,30.0,30.0,29.0,31.0,30.0,30.0,32.0,32.0,51.0,48.0,42.0,44.0,42.0
2025-12-25T13:02:48.861970,13898.999,4990,Index,motor_3_flexed,51.0,35.0625,7,31.0,30.0,29.0,30.0,30.0,29.0,31.0,30.0,30.0,32.0,32.0,51.0,48.0,42.0,44.0,42.0
2025-12-25T13:02:50.749863,13900.887,4990,Index,motor_3_open,51.0,35.0625,7,31.0,30.0,29.0,30.0,30.0,29.0,31.0,30.0,30.0,32.0,32.0,51.0,48.0,42.0,44.0,42.0
2025-12-25T13:02:51.645834,13901.784,4991,Middle,motor_11_flexed,51.0,35.25,7,31.0,30.0,29.0,31.0,30.0,29.0,31.0,30.0,30.0,32.0,32.0,51.0,48.0,42.0,45.0,43.0
2025-12-25T13:02:53.533740,13903.674,4991,Middle,motor_11_open,51.0,35.125,7,31.0,30.0,29.0,30.0,30.0,29.0,31.0,30.0,30.0,32.0,32.0,51.0,48.0,42.0,44.0,43.0
2025-12-25T13:02:54.429699,13904.568,4992,Middle,motor_10_flexed,51.0,35.0625,7,31.0,30.0,29.0,30.0,30.0,29.0,31.0,30.0,30.0,32.0,32.0,51.0,48.0,42.0,44.0,42.0
2025-12-25T13:02:56.317629,13906.455,4992,Middle,motor_10_open,51.0,35.0625,7,31.0,30.0,29.0,30.0,30.0,29.0,31.0,30.0,30.0,32.0,32.0,51.0,48.0,42.0,44.0,42.0
2025-12-25T13:02:57.213573,13907.354,4993,Ring,motor_4_flexed,51.0,35.0625,7,31.0,30.0,29.0,30.0,30.0,29.0,31.0,30.0,30.0,32.0,32.0,51.0,48.0,42.0,44.0,42.0
2025-12-25T13:02:59.101476,13909.241,4993,Ring,motor_4_open,51.0,35.1875,7,31.0,30.0,29.0,31.0,30.0,29.0,31.0,30.0,30.0,32.0,32.0,51.0,48.0,42.0,44.0,43.0
2025-12-25T13:02:59.997435,13910.134,4994,Ring,motor_5_flexed,51.0,35.125,7,31.0,30.0,29.0,30.0,30.0,29.0,31.0,30.0,30.0,32.0,32.0,51.0,48.0,42.0,45.0,42.0
2025-12-25T13:03:01.885393,13912.023,4994,Ring,motor_5_open,51.0,35.1875,7,31.0,30.0,29.0,31.0,30.0,29.0,31.0,30.0,30.0,32.0,32.0,51.0,48.0,42.0,44.0,43.0
2025-12-25T13:03:02.781352,13912.92,4995,Ring,motor_6_flexed,51.0,35.1875,7,31.0,30.0,29.0,31.0,30.0,29.0,31.0,30.0,30.0,32.0,32.0,51.0,48.0,42.0,45.0,42.0
2025-12-25T13:03:04.669258,13914.811,4995,Ring,motor_6_open,51.0,35.1875,7,31.0,30.0,29.0,31.0,31.0,29.0,31.0,30.0,30.0,32.0,32.0,51.0,48.0,42.0,44.0,42.0
2025-12-25T13:03:05.565230,13915.704,4996,Pinky,motor_7_flexed,51.0,35.125,7,31.0,30.0,29.0,30.0,30.0,29.0,31.0,30.0,30.0,32.0,32.0,51.0,48.0,42.0,45.0,42.0
2025-12-25T13:03:07.469131,13917.609,4996,Pinky,motor_7_open,51.0,35.1875,7,31.0,30.0,29.0,31.0,30.0,29.0,31.0,30.0,30.0,32.0,32.0,51.0,48.0,42.0,45.0,42.0
2025-12-25T13:03:08.365090,13918.503,4997,Pinky,motor_8_flexed,51.0,35.0625,7,31.0,30.0,29.0,30.0,30.0,29.0,31.0,30.0,30.0,32.0,32.0,51.0,48.0,42.0,44.0,42.0
2025-12-25T13:03:09.949023,13920.091,4997,Pinky,motor_8_flex_hold,51.0,35.0,7,31.0,30.0,29.0,30.0,30.0,28.0,31.0,30.0,30.0,32.0,32.0,51.0,48.0,42.0,44.0,42.0
2025-12-25T13:03:10.348995,13920.488,4997,Pinky,motor_8_open,51.0,35.125,7,31.0,30.0,29.0,30.0,30.0,29.0,31.0,30.0,30.0,32.0,32.0,51.0,48.0,42.0,45.0,42.0
2025-12-25T13:03:11.244955,13921.387,4998,Pinky,motor_9_flexed,51.0,35.1875,7,31.0,30.0,29.0,31.0,31.0,29.0,31.0,30.0,30.0,32.0,32.0,51.0,48.0,42.0,44.0,42.0
2025-12-25T13:03:13.132872,13923.271,4998,Pinky,motor_9_open,51.0,35.1875,7,31.0,30.0,29.0,31.0,30.0,29.0,31.0,30.0,30.0,32.0,32.0,51.0,48.0,42.0,44.0,43.0
2025-12-25T13:03:14.028830,13924.167,4999,Thumb,motor_13_flexed,51.0,35.25,7,31.0,30.0,29.0,31.0,30.0,29.0,31.0,30.0,30.0,32.0,32.0,51.0,48.0,42.0,44.0,44.0
2025-12-25T13:03:15.916744,13926.055,4999,Thumb,motor_13_open,51.0,35.1875,7,31.0,30.0,29.0,31.0,30.0,29.0,31.0,30.0,30.0,32.0,32.0,51.0,48.0,42.0,45.0,42.0
2025-12-25T13:03:16.812703,13926.952,5000,Thumb,motor_14_flexed,51.0,35.0625,7,31.0,30.0,29.0,30.0,30.0,29.0,31.0,30.0,30.0,32.0,32.0,51.0,48.0,42.0,44.0,42.0
2025-12-25T13:03:18.700619,13928.839,5000,Thumb,motor_14_open,51.0,35.125,7,31.0,30.0,29.0,30.0,31.0,29.0,31.0,30.0,30.0,32.0,32.0,51.0,48.0,42.0,44.0,42.0
2025-12-25T13:03:19.596576,13929.734,5001,Thumb,motor_12_flexed,51.0,35.1875,7,31.0,30.0,29.0,30.0,31.0,29.0,31.0,30.0,30.0,32.0,32.0,51.0,48.0,42.0,45.0,42.0
2025-12-25T13:03:21.484503,13931.623,5001,Thumb,motor_12_open,51.0,35.125,7,31.0,30.0,29.0,30.0,30.0,29.0,31.0,30.0,30.0,32.0,32.0,51.0,48.0,42.0,45.0,42.0
2025-12-25T13:03:22.380452,13932.518,5002,Index,motor_2_flexed,51.0,35.0625,7,31.0,30.0,29.0,30.0,30.0,29.0,31.0,30.0,30.0,32.0,32.0,51.0,48.0,42.0,44.0,42.0
2025-12-25T13:03:24.268367,13934.408,5002,Index,motor_2_open,51.0,35.1875,7,31.0,30.0,29.0,30.0,30.0,29.0,31.0,30.0,30.0,32.0,32.0,51.0,48.0,42.0,45.0,43.0
2025-12-25T13:03:25.164325,13935.303,5003,Index,motor_1_flexed,51.0,35.25,7,31.0,30.0,29.0,31.0,30.0,29.0,31.0,30.0,30.0,32.0,32.0,51.0,48.0,42.0,45.0,43.0
2025-12-25T13:03:27.052239,13937.19,5003,Index,motor_1_open,51.0,35.0625,7,31.0,30.0,29.0,30.0,30.0,29.0,31.0,30.0,30.0,32.0,32.0,51.0,48.0,42.0,44.0,42.0
2025-12-25T13:03:27.948187,13938.088,5004,Index,motor_3_flexed,51.0,35.0625,7,31.0,30.0,29.0,30.0,30.0,29.0,31.0,30.0,30.0,32.0,32.0,51.0,48.0,42.0,44.0,42.0
2025-12-25T13:03:29.836103,13939.978,5004,Index,motor_3_open,51.0,35.125,7,31.0,30.0,29.0,30.0,30.0,29.0,31.0,30.0,30.0,32.0,32.0,51.0,48.0,42.0,44.0,43.0
2025-12-25T13:03:30.732095,13940.868,5005,Middle,motor_11_flexed,51.0,35.25,7,31.0,30.0,29.0,31.0,30.0,29.0,31.0,30.0,30.0,32.0,32.0,51.0,48.0,42.0,45.0,43.0
2025-12-25T13:03:32.619999,13942.759,5005,Middle,motor_11_open,51.0,35.0625,7,31.0,30.0,29.0,30.0,30.0,29.0,31.0,30.0,30.0,32.0,32.0,51.0,48.0,42.0,44.0,42.0
2025-12-25T13:03:33.515952,13943.656,5006,Middle,motor_10_flexed,51.0,35.125,7,31.0,30.0,29.0,30.0,30.0,29.0,31.0,30.0,30.0,32.0,32.0,51.0,48.0,42.0,44.0,43.0
2025-12-25T13:03:35.403859,13945.543,5006,Middle,motor_10_open,51.0,35.125,7,31.0,30.0,29.0,30.0,30.0,29.0,31.0,30.0,30.0,32.0,32.0,51.0,48.0,42.0,45.0,42.0
2025-12-25T13:03:36.299826,13946.44,5007,Ring,motor_4_flexed,51.0,35.125,7,31.0,30.0,29.0,30.0,30.0,29.0,31.0,30.0,30.0,32.0,32.0,51.0,48.0,42.0,45.0,42.0
2025-12-25T13:03:38.187738,13948.325,5007,Ring,motor_4_open,51.0,35.0625,7,31.0,30.0,29.0,30.0,30.0,29.0,31.0,30.0,30.0,32.0,32.0,51.0,48.0,42.0,44.0,42.0
2025-12-25T13:03:39.083696,13949.221,5008,Ring,motor_5_flexed,51.0,35.0625,7,31.0,30.0,29.0,30.0,30.0,29.0,31.0,30.0,30.0,32.0,32.0,51.0,48.0,42.0,44.0,42.0
2025-12-25T13:03:40.971611,13951.113,5008,Ring,motor_5_open,51.0,35.125,7,31.0,30.0,29.0,30.0,30.0,29.0,31.0,30.0,30.0,32.0,32.0,51.0,48.0,42.0,44.0,43.0
2025-12-25T13:03:41.867574,13952.008,5009,Ring,motor_6_flexed,51.0,35.0625,7,31.0,30.0,29.0,30.0,30.0,29.0,31.0,30.0,30.0,32.0,32.0,51.0,48.0,42.0,44.0,42.0
2025-12-25T13:03:43.755488,13953.892,5009,Ring,motor_6_open,51.0,35.125,7,31.0,30.0,29.0,30.0,31.0,29.0,31.0,30.0,30.0,32.0,32.0,51.0,48.0,42.0,44.0,42.0
2025-12-25T13:03:44.651458,13954.789,5010,Pinky,motor_7_flexed,51.0,35.125,7,31.0,30.0,29.0,30.0,31.0,29.0,31.0,30.0,30.0,32.0,32.0,51.0,48.0,42.0,44.0,42.0
2025-12-25T13:03:46.539359,13956.679,5010,Pinky,motor_7_open,51.0,35.1875,7,31.0,30.0,29.0,31.0,31.0,29.0,31.0,30.0,30.0,32.0,32.0,51.0,48.0,42.0,44.0,42.0
2025-12-25T13:03:47.435320,13957.575,5011,Pinky,motor_8_flexed,51.0,35.1875,7,31.0,30.0,29.0,30.0,31.0,29.0,31.0,30.0,30.0,32.0,32.0,51.0,48.0,42.0,45.0,42.0
2025-12-25T13:03:49.323250,13959.463,5011,Pinky,motor_8_open,51.0,35.1875,7,31.0,30.0,29.0,31.0,31.0,29.0,31.0,30.0,30.0,32.0,32.0,51.0,48.0,42.0,44.0,42.0
2025-12-25T13:03:50.219193,13960.357,5012,Pinky,motor_9_flexed,51.0,35.25,7,31.0,30.0,29.0,31.0,31.0,29.0,31.0,30.0,30.0,32.0,32.0,51.0,48.0,42.0,44.0,43.0
2025-12-25T13:03:52.107112,13962.245,5012,Pinky,motor_9_open,51.0,35.125,7,31.0,30.0,29.0,30.0,30.0,29.0,31.0,30.0,30.0,32.0,32.0,51.0,48.0,42.0,45.0,42.0
2025-12-25T13:03:53.003054,13963.143,5013,Thumb,motor_13_flexed,51.0,35.125,7,31.0,30.0,29.0,30.0,30.0,29.0,31.0,30.0,30.0,32.0,32.0,51.0,48.0,42.0,45.0,42.0
2025-12-25T13:03:54.890983,13965.028,5013,Thumb,motor_13_open,51.0,35.1875,7,31.0,30.0,29.0,31.0,30.0,29.0,31.0,30.0,30.0,32.0,32.0,51.0,48.0,42.0,45.0,42.0
2025-12-25T13:03:55.786943,13965.924,5014,Thumb,motor_14_flexed,51.0,35.125,7,31.0,30.0,29.0,30.0,30.0,29.0,31.0,30.0,30.0,32.0,32.0,51.0,48.0,42.0,44.0,43.0
2025-12-25T13:03:57.690857,13967.829,5014,Thumb,motor_14_open,51.0,35.125,7,31.0,30.0,29.0,30.0,31.0,29.0,31.0,30.0,30.0,32.0,32.0,51.0,48.0,42.0,44.0,42.0
2025-12-25T13:03:58.586819,13968.725,5015,Thumb,motor_12_flexed,51.0,35.125,7,31.0,30.0,29.0,30.0,30.0,29.0,31.0,30.0,30.0,32.0,32.0,51.0,48.0,42.0,44.0,43.0
2025-12-25T13:04:00.474732,13970.612,5015,Thumb,motor_12_open,51.0,35.1875,7,31.0,30.0,29.0,30.0,30.0,29.0,31.0,30.0,30.0,32.0,32.0,51.0,48.0,42.0,45.0,43.0
2025-12-25T13:04:01.370693,13971.508,5016,Index,motor_2_flexed,51.0,35.0625,7,31.0,30.0,29.0,30.0,30.0,29.0,31.0,30.0,30.0,32.0,32.0,51.0,48.0,42.0,44.0,42.0
2025-12-25T13:04:03.258610,13973.396,5016,Index,motor_2_open,51.0,35.0625,7,31.0,30.0,29.0,30.0,30.0,29.0,31.0,30.0,30.0,32.0,32.0,51.0,48.0,42.0,44.0,42.0
2025-12-25T13:04:04.154565,13974.292,5017,Index,motor_1_flexed,51.0,35.125,7,31.0,30.0,29.0,31.0,30.0,29.0,31.0,30.0,30.0,32.0,32.0,51.0,48.0,42.0,44.0,42.0
2025-12-25T13:04:06.042481,13976.179,5017,Index,motor_1_open,51.0,35.125,7,31.0,30.0,29.0,30.0,30.0,29.0,31.0,30.0,30.0,32.0,32.0,51.0,48.0,42.0,44.0,43.0
2025-12-25T13:04:06.938442,13977.075,5018,Index,motor_3_flexed,51.0,35.1875,7,31.0,30.0,29.0,31.0,30.0,29.0,31.0,30.0,30.0,32.0,32.0,51.0,48.0,42.0,45.0,42.0
2025-12-25T13:04:08.826357,13978.963,5018,Index,motor_3_open,51.0,35.1875,7,31.0,30.0,29.0,31.0,30.0,29.0,31.0,30.0,30.0,32.0,32.0,51.0,48.0,42.0,45.0,42.0
2025-12-25T13:04:09.722316,13979.859,5019,Middle,motor_11_flexed,51.0,35.1875,7,31.0,30.0,29.0,31.0,30.0,29.0,31.0,30.0,30.0,32.0,32.0,51.0,48.0,42.0,44.0,43.0
2025-12-25T13:04:10.810266,13980.949,5019,Middle,motor_11_flex_hold,51.0,35.125,7,31.0,30.0,29.0,30.0,30.0,29.0,31.0,30.0,30.0,32.0,32.0,51.0,48.0,42.0,44.0,43.0
2025-12-25T13:04:11.610229,13981.747,5019,Middle,motor_11_open,51.0,35.0625,7,31.0,30.0,29.0,30.0,30.0,29.0,31.0,30.0,30.0,32.0,32.0,51.0,48.0,42.0,44.0,42.0
2025-12-25T13:04:12.506189,13982.644,5020,Middle,motor_10_flexed,51.0,35.0625,7,31.0,30.0,29.0,30.0,30.0,29.0,31.0,30.0,30.0,32.0,32.0,51.0,48.0,42.0,44.0,42.0
2025-12-25T13:04:14.394104,13984.531,5020,Middle,motor_10_open,51.0,35.0625,7,31.0,30.0,29.0,30.0,30.0,29.0,31.0,30.0,30.0,32.0,32.0,51.0,48.0,42.0,44.0,42.0
2025-12-25T13:04:15.290045,13985.428,5021,Ring,motor_4_flexed,51.0,35.1875,7,31.0,30.0,29.0,31.0,30.0,29.0,31.0,30.0,30.0,32.0,32.0,51.0,48.0,42.0,45.0,42.0
2025-12-25T13:04:17.177958,13987.317,5021,Ring,motor_4_open,51.0,35.1875,7,31.0,30.0,29.0,30.0,30.0,29.0,31.0,30.0,30.0,32.0,32.0,51.0,48.0,42.0,45.0,43.0
2025-12-25T13:04:18.073916,13988.211,5022,Ring,motor_5_flexed,51.0,35.0625,7,31.0,30.0,29.0,30.0,30.0,29.0,31.0,30.0,30.0,32.0,32.0,51.0,48.0,42.0,44.0,42.0
2025-12-25T13:04:19.961823,13990.099,5022,Ring,motor_5_open,51.0,35.1875,7,31.0,30.0,29.0,30.0,30.0,29.0,31.0,30.0,30.0,32.0,32.0,51.0,48.0,42.0,45.0,43.0
2025-12-25T13:04:20.857781,13990.994,5023,Ring,motor_6_flexed,51.0,35.125,7,31.0,30.0,29.0,30.0,30.0,29.0,31.0,30.0,30.0,32.0,32.0,51.0,48.0,42.0,45.0,42.0
2025-12-25T13:04:22.745697,13992.883,5023,Ring,motor_6_open,51.0,35.25,7,31.0,30.0,29.0,30.0,30.0,29.0,31.0,30.0,30.0,32.0,32.0,51.0,48.0,42.0,44.0,45.0
2025-12-25T13:04:23.641664,13993.775,5024,Pinky,motor_7_flexed,51.0,35.1875,7,31.0,30.0,29.0,31.0,31.0,29.0,31.0,30.0,30.0,32.0,32.0,51.0,48.0,42.0,44.0,42.0
2025-12-25T13:04:25.529579,13995.666,5024,Pinky,motor_7_open,51.0,35.125,7,31.0,30.0,29.0,30.0,31.0,29.0,31.0,30.0,30.0,32.0,32.0,51.0,48.0,42.0,44.0,42.0
2025-12-25T13:04:26.425541,13996.562,5025,Pinky,motor_8_flexed,51.0,35.125,7,31.0,30.0,29.0,30.0,30.0,29.0,31.0,30.0,30.0,32.0,32.0,51.0,48.0,42.0,44.0,43.0
2025-12-25T13:04:28.313445,13998.45,5025,Pinky,motor_8_open,51.0,35.125,7,31.0,30.0,29.0,30.0,30.0,29.0,31.0,30.0,30.0,32.0,32.0,51.0,48.0,42.0,44.0,43.0
2025-12-25T13:04:29.209402,13999.345,5026,Pinky,motor_9_flexed,51.0,35.125,7,31.0,30.0,29.0,30.0,30.0,29.0,31.0,30.0,30.0,32.0,32.0,51.0,48.0,42.0,45.0,42.0
2025-12-25T13:04:31.097317,14001.23,5026,Pinky,motor_9_open,51.0,35.125,7,31.0,30.0,29.0,30.0,31.0,29.0,31.0,30.0,30.0,32.0,32.0,51.0,48.0,42.0,44.0,42.0
2025-12-25T13:04:31.993278,14002.124,5027,Thumb,motor_13_flexed,51.0,35.1875,7,31.0,30.0,29.0,31.0,31.0,29.0,31.0,30.0,30.0,32.0,32.0,51.0,48.0,42.0,44.0,42.0
2025-12-25T13:04:33.881190,14004.018,5027,Thumb,motor_13_open,51.0,35.125,7,31.0,30.0,29.0,30.0,30.0,29.0,31.0,30.0,30.0,32.0,32.0,51.0,48.0,42.0,45.0,42.0
2025-12-25T13:04:34.777161,14004.915,5028,Thumb,motor_14_flexed,51.0,35.1875,7,31.0,30.0,29.0,31.0,30.0,29.0,31.0,30.0,30.0,32.0,32.0,51.0,48.0,42.0,45.0,42.0
2025-12-25T13:04:36.665078,14006.802,5028,Thumb,motor_14_open,51.0,35.375,7,31.0,30.0,29.0,31.0,30.0,29.0,31.0,30.0,30.0,32.0,32.0,51.0,48.0,42.0,44.0,46.0
2025-12-25T13:04:37.561031,14007.699,5029,Thumb,motor_12_flexed,51.0,35.1875,7,31.0,30.0,29.0,31.0,30.0,29.0,31.0,30.0,30.0,32.0,32.0,51.0,48.0,42.0,45.0,42.0
2025-12-25T13:04:39.448944,14009.582,5029,Thumb,motor_12_open,51.0,35.125,7,31.0,30.0,29.0,30.0,30.0,29.0,31.0,30.0,30.0,32.0,32.0,51.0,48.0,42.0,44.0,43.0
2025-12-25T13:04:40.344897,14010.48,5030,Index,motor_2_flexed,51.0,35.125,7,31.0,30.0,29.0,30.0,30.0,29.0,31.0,30.0,30.0,32.0,32.0,51.0,48.0,42.0,45.0,42.0
2025-12-25T13:04:42.232822,14012.368,5030,Index,motor_2_open,51.0,35.1875,7,31.0,30.0,29.0,31.0,30.0,29.0,31.0,30.0,30.0,32.0,32.0,51.0,48.0,42.0,44.0,43.0
2025-12-25T13:04:43.128773,14013.266,5031,Index,motor_1_flexed,51.0,35.125,7,31.0,30.0,29.0,30.0,30.0,29.0,31.0,30.0,30.0,32.0,32.0,51.0,48.0,42.0,45.0,42.0
2025-12-25T13:04:45.016691,14015.153,5031,Index,motor_1_open,51.0,35.125,7,31.0,30.0,29.0,30.0,30.0,29.0,31.0,30.0,30.0,32.0,32.0,51.0,48.0,42.0,44.0,43.0
2025-12-25T13:04:45.912649,14016.049,5032,Index,motor_3_flexed,51.0,35.125,7,31.0,30.0,29.0,30.0,30.0,29.0,31.0,30.0,30.0,32.0,32.0,51.0,48.0,42.0,45.0,42.0
2025-12-25T13:04:47.800560,14017.94,5032,Index,motor_3_open,51.0,35.1875,7,31.0,30.0,29.0,30.0,30.0,29.0,31.0,30.0,30.0,32.0,32.0,51.0,48.0,42.0,45.0,43.0
2025-12-25T13:04:48.696530,14018.832,5033,Middle,motor_11_flexed,51.0,35.125,7,31.0,30.0,29.0,30.0,30.0,29.0,31.0,30.0,30.0,32.0,32.0,51.0,48.0,42.0,44.0,43.0
2025-12-25T13:04:50.584446,14020.723,5033,Middle,motor_11_open,51.0,35.0625,7,31.0,30.0,29.0,30.0,30.0,29.0,31.0,30.0,30.0,32.0,32.0,51.0,48.0,42.0,44.0,42.0
2025-12-25T13:04:51.480415,14021.62,5034,Middle,motor_10_flexed,51.0,35.1875,7,31.0,30.0,29.0,31.0,30.0,29.0,31.0,30.0,30.0,32.0,32.0,51.0,48.0,42.0,45.0,42.0
2025-12-25T13:04:53.368323,14023.508,5034,Middle,motor_10_open,51.0,35.1875,7,31.0,30.0,29.0,31.0,30.0,29.0,31.0,30.0,30.0,32.0,32.0,51.0,48.0,42.0,45.0,42.0
2025-12-25T13:04:54.264280,14024.399,5035,Ring,motor_4_flexed,51.0,35.0625,7,31.0,30.0,29.0,30.0,30.0,29.0,31.0,30.0,30.0,32.0,32.0,51.0,48.0,42.0,44.0,42.0
2025-12-25T13:04:56.152206,14026.289,5035,Ring,motor_4_open,51.0,35.1875,7,31.0,30.0,29.0,31.0,30.0,29.0,31.0,30.0,30.0,32.0,32.0,51.0,48.0,42.0,45.0,42.0
2025-12-25T13:04:57.048154,14027.186,5036,Ring,motor_5_flexed,51.0,35.1875,7,31.0,30.0,29.0,31.0,30.0,29.0,31.0,30.0,30.0,32.0,32.0,51.0,48.0,42.0,45.0,42.0
2025-12-25T13:04:58.936059,14029.073,5036,Ring,motor_5_open,51.0,35.125,7,31.0,30.0,29.0,31.0,30.0,29.0,31.0,30.0,30.0,32.0,32.0,51.0,48.0,42.0,44.0,42.0
2025-12-25T13:04:59.832018,14029.969,5037,Ring,motor_6_flexed,51.0,35.125,7,31.0,30.0,29.0,30.0,30.0,29.0,31.0,30.0,30.0,32.0,32.0,51.0,48.0,42.0,44.0,43.0
2025-12-25T13:05:01.719936,14031.856,5037,Ring,motor_6_open,51.0,35.125,7,31.0,30.0,29.0,30.0,31.0,29.0,31.0,30.0,30.0,32.0,32.0,51.0,48.0,42.0,44.0,42.0
2025-12-25T13:05:02.615895,14032.754,5038,Pinky,motor_7_flexed,51.0,35.125,7,31.0,30.0,29.0,30.0,30.0,29.0,31.0,30.0,30.0,32.0,32.0,51.0,48.0,42.0,45.0,42.0
2025-12-25T13:05:04.503810,14034.641,5038,Pinky,motor_7_open,51.0,35.0625,7,31.0,30.0,29.0,30.0,30.0,29.0,31.0,30.0,30.0,32.0,32.0,51.0,48.0,42.0,44.0,42.0
2025-12-25T13:05:05.399790,14035.535,5039,Pinky,motor_8_flexed,51.0,35.3125,7,31.0,30.0,29.0,31.0,31.0,29.0,31.0,30.0,30.0,32.0,32.0,51.0,48.0,42.0,45.0,43.0
2025-12-25T13:05:07.287692,14037.426,5039,Pinky,motor_8_open,51.0,35.1875,7,31.0,30.0,29.0,30.0,31.0,29.0,31.0,30.0,30.0,32.0,32.0,51.0,48.0,42.0,45.0,42.0
2025-12-25T13:05:08.183650,14038.321,5040,Pinky,motor_9_flexed,51.0,35.1875,7,31.0,30.0,29.0,31.0,30.0,29.0,31.0,30.0,30.0,32.0,32.0,51.0,48.0,42.0,45.0,42.0
2025-12-25T13:05:10.071578,14040.212,5040,Pinky,motor_9_open,51.0,35.125,7,31.0,30.0,29.0,30.0,30.0,29.0,31.0,30.0,30.0,32.0,32.0,51.0,48.0,42.0,45.0,42.0
2025-12-25T13:05:10.967500,14041.104,5041,Thumb,motor_13_flexed,51.0,35.125,7,31.0,30.0,29.0,31.0,30.0,29.0,31.0,30.0,30.0,32.0,32.0,51.0,48.0,42.0,44.0,42.0
2025-12-25T13:05:12.855426,14042.987,5041,Thumb,motor_13_open,51.0,35.125,7,31.0,30.0,29.0,30.0,30.0,29.0,31.0,30.0,30.0,32.0,32.0,51.0,48.0,42.0,45.0,42.0
2025-12-25T13:05:13.751387,14043.882,5042,Thumb,motor_14_flexed,51.0,35.1875,7,31.0,30.0,29.0,30.0,30.0,29.0,31.0,30.0,30.0,32.0,32.0,51.0,48.0,42.0,45.0,43.0
2025-12-25T13:05:15.639318,14045.777,5042,Thumb,motor_14_open,51.0,35.1875,7,31.0,30.0,29.0,31.0,31.0,29.0,31.0,30.0,30.0,32.0,32.0,51.0,48.0,42.0,44.0,42.0
2025-12-25T13:05:16.535283,14046.673,5043,Thumb,motor_12_flexed,51.0,35.125,7,31.0,30.0,29.0,30.0,30.0,29.0,31.0,30.0,30.0,32.0,32.0,51.0,48.0,42.0,45.0,42.0
2025-12-25T13:05:18.423195,14048.554,5043,Thumb,motor_12_open,51.0,35.25,7,31.0,30.0,29.0,31.0,30.0,29.0,31.0,30.0,30.0,32.0,32.0,51.0,48.0,42.0,45.0,43.0
2025-12-25T13:05:19.319173,14049.454,5044,Index,motor_2_flexed,51.0,35.125,7,31.0,30.0,29.0,30.0,30.0,29.0,31.0,30.0,30.0,32.0,32.0,51.0,48.0,42.0,44.0,43.0
2025-12-25T13:05:21.207069,14051.338,5044,Index,motor_2_open,51.0,35.125,7,31.0,30.0,29.0,31.0,30.0,29.0,31.0,30.0,30.0,32.0,32.0,51.0,48.0,42.0,44.0,42.0
2025-12-25T13:05:22.103014,14052.241,5045,Index,motor_1_flexed,51.0,35.1875,7,31.0,30.0,29.0,31.0,30.0,29.0,31.0,30.0,30.0,32.0,32.0,51.0,48.0,42.0,44.0,43.0
2025-12-25T13:05:23.990958,14054.128,5045,Index,motor_1_open,51.0,35.125,7,31.0,30.0,29.0,31.0,30.0,29.0,31.0,30.0,30.0,32.0,32.0,51.0,48.0,42.0,44.0,42.0
2025-12-25T13:05:24.886918,14055.024,5046,Index,motor_3_flexed,51.0,35.125,7,31.0,30.0,29.0,30.0,30.0,29.0,31.0,30.0,30.0,32.0,32.0,51.0,48.0,42.0,45.0,42.0
2025-12-25T13:05:26.774830,14056.913,5046,Index,motor_3_open,51.0,35.0625,7,31.0,30.0,29.0,30.0,30.0,29.0,31.0,30.0,30.0,32.0,32.0,51.0,48.0,42.0,44.0,42.0
2025-12-25T13:05:27.670789,14057.811,5047,Middle,motor_11_flexed,51.0,35.0625,7,31.0,30.0,29.0,30.0,30.0,29.0,31.0,30.0,30.0,32.0,32.0,51.0,48.0,42.0,44.0,42.0
2025-12-25T13:05:29.558701,14059.697,5047,Middle,motor_11_open,51.0,35.125,7,31.0,30.0,29.0,30.0,30.0,29.0,31.0,30.0,30.0,32.0,32.0,51.0,48.0,42.0,45.0,42.0
2025-12-25T13:05:30.454660,14060.585,5048,Middle,motor_10_flexed,51.0,35.0625,7,31.0,30.0,29.0,30.0,30.0,29.0,31.0,30.0,30.0,32.0,32.0,51.0,48.0,42.0,44.0,42.0
2025-12-25T13:05:32.342576,14062.482,5048,Middle,motor_10_open,51.0,35.125,7,31.0,30.0,29.0,30.0,30.0,29.0,31.0,30.0,30.0,32.0,32.0,51.0,48.0,42.0,44.0,43.0
2025-12-25T13:05:33.238535,14063.376,5049,Ring,motor_4_flexed,51.0,35.25,7,31.0,30.0,29.0,31.0,30.0,29.0,31.0,30.0,30.0,32.0,32.0,51.0,48.0,42.0,45.0,43.0
2025-12-25T13:05:35.126439,14065.265,5049,Ring,motor_4_open,51.0,35.125,7,31.0,30.0,29.0,31.0,30.0,29.0,31.0,30.0,30.0,32.0,32.0,51.0,48.0,42.0,44.0,42.0
2025-12-25T13:05:36.022421,14066.161,5050,Ring,motor_5_flexed,51.0,35.125,7,31.0,30.0,29.0,30.0,30.0,29.0,31.0,30.0,30.0,32.0,32.0,51.0,48.0,42.0,45.0,42.0
2025-12-25T13:05:37.910312,14068.047,5050,Ring,motor_5_open,51.0,35.125,7,31.0,30.0,29.0,31.0,30.0,29.0,31.0,30.0,30.0,32.0,32.0,51.0,48.0,42.0,44.0,42.0
2025-12-25T13:05:38.806296,14068.945,5051,Ring,motor_6_flexed,51.0,35.125,7,31.0,30.0,29.0,31.0,30.0,29.0,31.0,30.0,30.0,32.0,32.0,51.0,48.0,42.0,44.0,42.0
2025-12-25T13:05:40.694208,14070.833,5051,Ring,motor_6_open,51.0,35.1875,7,31.0,30.0,29.0,30.0,30.0,29.0,31.0,30.0,30.0,32.0,32.0,51.0,48.0,42.0,45.0,43.0
2025-12-25T13:05:41.590145,14071.728,5052,Pinky,motor_7_flexed,51.0,35.1875,7,31.0,30.0,29.0,31.0,30.0,29.0,31.0,30.0,30.0,32.0,32.0,51.0,48.0,42.0,45.0,42.0
2025-12-25T13:05:43.478085,14073.616,5052,Pinky,motor_7_open,51.0,35.1875,7,31.0,30.0,29.0,30.0,31.0,29.0,31.0,30.0,30.0,32.0,32.0,51.0,48.0,42.0,45.0,42.0
2025-12-25T13:05:44.374044,14074.511,5053,Pinky,motor_8_flexed,51.0,35.1875,7,31.0,30.0,29.0,30.0,31.0,29.0,31.0,30.0,30.0,32.0,32.0,51.0,48.0,42.0,45.0,42.0
2025-12-25T13:05:46.261962,14076.4,5053,Pinky,motor_8_open,51.0,35.125,7,31.0,30.0,29.0,30.0,30.0,29.0,31.0,30.0,30.0,32.0,32.0,51.0,48.0,42.0,45.0,42.0
2025-12-25T13:05:47.157921,14077.297,5054,Pinky,motor_9_flexed,51.0,35.125,7,31.0,30.0,29.0,30.0,30.0,29.0,31.0,30.0,30.0,32.0,32.0,51.0,48.0,42.0,44.0,43.0
2025-12-25T13:05:49.045839,14079.183,5054,Pinky,motor_9_open,51.0,35.25,7,31.0,30.0,29.0,31.0,31.0,29.0,31.0,30.0,30.0,32.0,32.0,51.0,48.0,42.0,45.0,42.0
2025-12-25T13:05:49.941794,14080.08,5055,Thumb,motor_13_flexed,51.0,35.1875,7,31.0,30.0,29.0,30.0,31.0,29.0,31.0,30.0,30.0,32.0,32.0,51.0,48.0,42.0,44.0,43.0
2025-12-25T13:05:51.829706,14081.971,5055,Thumb,motor_13_open,51.0,35.125,7,31.0,30.0,29.0,30.0,30.0,29.0,31.0,30.0,30.0,32.0,32.0,51.0,48.0,42.0,45.0,42.0
2025-12-25T13:05:52.725669,14082.866,5056,Thumb,motor_14_flexed,51.0,35.25,7,31.0,30.0,29.0,31.0,30.0,29.0,31.0,30.0,30.0,32.0,32.0,51.0,48.0,42.0,45.0,43.0
2025-12-25T13:05:54.613567,14084.752,5056,Thumb,motor_14_open,51.0,35.125,7,31.0,30.0,29.0,31.0,30.0,29.0,31.0,30.0,30.0,32.0,32.0,51.0,48.0,42.0,44.0,42.0
2025-12-25T13:05:55.509529,14085.647,5057,Thumb,motor_12_flexed,51.0,35.25,7,31.0,30.0,29.0,31.0,31.0,29.0,31.0,30.0,30.0,32.0,32.0,51.0,48.0,42.0,45.0,42.0
2025-12-25T13:05:57.397441,14087.538,5057,Thumb,motor_12_open,51.0,35.125,7,31.0,30.0,29.0,30.0,30.0,29.0,31.0,30.0,30.0,32.0,32.0,51.0,48.0,42.0,45.0,42.0
2025-12-25T13:05:58.293404,14088.433,5058,Index,motor_2_flexed,51.0,35.1875,7,31.0,30.0,29.0,31.0,30.0,29.0,31.0,30.0,30.0,32.0,32.0,51.0,48.0,42.0,45.0,42.0
2025-12-25T13:06:00.181315,14090.32,5058,Index,motor_2_open,51.0,35.125,7,31.0,30.0,29.0,30.0,30.0,29.0,31.0,30.0,30.0,32.0,32.0,51.0,48.0,42.0,45.0,42.0
2025-12-25T13:06:01.077274,14091.215,5059,Index,motor_1_flexed,51.0,35.25,7,31.0,30.0,29.0,31.0,31.0,29.0,31.0,30.0,30.0,32.0,32.0,51.0,48.0,42.0,44.0,43.0
2025-12-25T13:06:02.965197,14093.104,5059,Index,motor_1_open,51.0,35.25,7,31.0,30.0,29.0,31.0,30.0,29.0,31.0,30.0,30.0,32.0,32.0,51.0,48.0,42.0,45.0,43.0
2025-12-25T13:06:03.861150,14094.0,5060,Index,motor_3_flexed,51.0,35.0625,7,31.0,30.0,29.0,30.0,30.0,29.0,31.0,30.0,30.0,32.0,32.0,51.0,48.0,42.0,44.0,42.0
2025-12-25T13:06:05.749048,14095.888,5060,Index,motor_3_open,51.0,35.0625,7,31.0,30.0,29.0,30.0,30.0,29.0,31.0,30.0,30.0,32.0,32.0,51.0,48.0,42.0,44.0,42.0
2025-12-25T13:06:06.645023,14096.784,5061,Middle,motor_11_flexed,51.0,35.0625,7,31.0,30.0,29.0,30.0,30.0,29.0,31.0,30.0,30.0,32.0,32.0,51.0,48.0,42.0,44.0,42.0
2025-12-25T13:06:08.532925,14098.673,5061,Middle,motor_11_open,51.0,35.25,7,31.0,30.0,29.0,31.0,30.0,29.0,31.0,30.0,30.0,32.0,32.0,51.0,48.0,42.0,45.0,43.0
2025-12-25T13:06:09.428898,14099.569,5062,Middle,motor_10_flexed,51.0,35.1875,7,31.0,30.0,29.0,31.0,30.0,29.0,31.0,30.0,30.0,32.0,32.0,51.0,48.0,42.0,44.0,43.0
2025-12-25T13:06:10.516848,14100.655,5062,Middle,motor_10_flex_hold,51.0,35.125,7,31.0,30.0,29.0,30.0,30.0,29.0,31.0,30.0,30.0,32.0,32.0,51.0,48.0,42.0,45.0,42.0
2025-12-25T13:06:11.316814,14101.457,5062,Middle,motor_10_open,51.0,35.125,7,31.0,30.0,29.0,30.0,30.0,29.0,31.0,30.0,30.0,32.0,32.0,51.0,48.0,42.0,45.0,42.0
2025-12-25T13:06:12.212779,14102.349,5063,Ring,motor_4_flexed,51.0,35.25,7,31.0,30.0,29.0,31.0,30.0,29.0,31.0,30.0,30.0,32.0,32.0,51.0,48.0,42.0,45.0,43.0
2025-12-25T13:06:14.100684,14104.236,5063,Ring,motor_4_open,51.0,35.1875,7,31.0,30.0,29.0,31.0,30.0,29.0,31.0,30.0,30.0,32.0,32.0,51.0,48.0,42.0,45.0,42.0
2025-12-25T13:06:14.996631,14105.135,5064,Ring,motor_5_flexed,51.0,35.1875,7,31.0,30.0,29.0,31.0,30.0,29.0,31.0,30.0,30.0,32.0,32.0,51.0,48.0,42.0,44.0,43.0
2025-12-25T13:06:16.884559,14107.024,5064,Ring,motor_5_open,51.0,35.1875,7,31.0,30.0,29.0,31.0,31.0,29.0,31.0,30.0,30.0,32.0,32.0,51.0,48.0,42.0,44.0,42.0
2025-12-25T13:06:17.780526,14107.92,5065,Ring,motor_6_flexed,51.0,35.125,7,31.0,30.0,29.0,30.0,30.0,29.0,31.0,30.0,30.0,32.0,32.0,51.0,48.0,42.0,45.0,42.0
2025-12-25T13:06:19.668433,14109.807,5065,Ring,motor_6_open,51.0,35.3125,7,31.0,30.0,29.0,31.0,31.0,29.0,31.0,30.0,30.0,32.0,32.0,51.0,48.0,42.0,45.0,43.0
2025-12-25T13:06:20.564395,14110.704,5066,Pinky,motor_7_flexed,51.0,35.1875,7,31.0,30.0,29.0,30.0,31.0,29.0,31.0,30.0,30.0,32.0,32.0,51.0,48.0,42.0,45.0,42.0
2025-12-25T13:06:22.452294,14112.594,5066,Pinky,motor_7_open,51.0,35.3125,7,31.0,30.0,29.0,30.0,31.0,29.0,31.0,30.0,30.0,32.0,32.0,51.0,48.0,42.0,44.0,45.0
2025-12-25T13:06:23.348267,14113.487,5067,Pinky,motor_8_flexed,51.0,35.125,7,31.0,30.0,29.0,30.0,30.0,29.0,31.0,30.0,30.0,32.0,32.0,51.0,48.0,42.0,45.0,42.0
2025-12-25T13:06:25.236158,14115.372,5067,Pinky,motor_8_open,51.0,35.25,7,31.0,30.0,29.0,31.0,31.0,29.0,31.0,30.0,30.0,32.0,32.0,51.0,48.0,42.0,44.0,43.0
2025-12-25T13:06:26.132154,14116.272,5068,Pinky,motor_9_flexed,51.0,35.125,7,31.0,30.0,29.0,30.0,30.0,29.0,31.0,30.0,30.0,32.0,32.0,51.0,48.0,42.0,45.0,42.0
2025-12-25T13:06:28.020041,14118.16,5068,Pinky,motor_9_open,51.0,35.125,7,31.0,30.0,29.0,30.0,30.0,29.0,31.0,30.0,30.0,32.0,32.0,51.0,48.0,42.0,44.0,43.0
2025-12-25T13:06:28.916017,14119.055,5069,Thumb,motor_13_flexed,51.0,35.25,7,31.0,30.0,29.0,31.0,31.0,29.0,31.0,30.0,30.0,32.0,32.0,51.0,48.0,42.0,44.0,43.0
2025-12-25T13:06:30.803945,14120.944,5069,Thumb,motor_13_open,51.0,35.25,7,31.0,30.0,29.0,30.0,31.0,29.0,31.0,30.0,30.0,32.0,32.0,51.0,48.0,42.0,45.0,43.0
2025-12-25T13:06:31.699888,14121.84,5070,Thumb,motor_14_flexed,51.0,35.0625,7,31.0,30.0,29.0,30.0,30.0,29.0,31.0,30.0,30.0,32.0,32.0,51.0,48.0,42.0,44.0,42.0
2025-12-25T13:06:33.587790,14123.727,5070,Thumb,motor_14_open,51.0,35.25,7,31.0,30.0,29.0,30.0,30.0,29.0,31.0,30.0,30.0,32.0,32.0,51.0,48.0,42.0,45.0,44.0
2025-12-25T13:06:34.483751,14124.625,5071,Thumb,motor_12_flexed,51.0,35.25,7,31.0,30.0,29.0,31.0,30.0,29.0,31.0,30.0,30.0,32.0,32.0,51.0,48.0,42.0,45.0,43.0
2025-12-25T13:06:36.371679,14126.508,5071,Thumb,motor_12_open,51.0,35.125,7,31.0,30.0,29.0,30.0,30.0,29.0,31.0,30.0,30.0,32.0,32.0,51.0,48.0,42.0,44.0,43.0
2025-12-25T13:06:37.267638,14127.404,5072,Index,motor_2_flexed,51.0,35.125,7,31.0,30.0,29.0,30.0,31.0,29.0,31.0,30.0,30.0,32.0,32.0,51.0,48.0,42.0,44.0,42.0
2025-12-25T13:06:39.155549,14129.295,5072,Index,motor_2_open,51.0,35.0625,7,31.0,30.0,29.0,30.0,30.0,29.0,31.0,30.0,30.0,32.0,32.0,51.0,48.0,42.0,44.0,42.0
2025-12-25T13:06:40.051509,14130.19,5073,Index,motor_1_flexed,51.0,35.25,7,31.0,30.0,29.0,31.0,30.0,29.0,31.0,30.0,30.0,32.0,32.0,51.0,48.0,42.0,45.0,43.0
2025-12-25T13:06:41.939406,14132.078,5073,Index,motor_1_open,51.0,35.1875,7,31.0,30.0,29.0,31.0,30.0,29.0,31.0,30.0,30.0,32.0,32.0,51.0,48.0,42.0,45.0,42.0
2025-12-25T13:06:42.835367,14132.973,5074,Index,motor_3_flexed,51.0,35.125,7,31.0,30.0,29.0,30.0,30.0,29.0,31.0,30.0,30.0,32.0,32.0,51.0,48.0,42.0,45.0,42.0
2025-12-25T13:06:44.723281,14134.862,5074,Index,motor_3_open,51.0,35.125,7,31.0,30.0,29.0,31.0,30.0,29.0,31.0,30.0,30.0,32.0,32.0,51.0,48.0,42.0,44.0,42.0
2025-12-25T13:06:45.619239,14135.758,5075,Middle,motor_11_flexed,51.0,35.125,7,31.0,30.0,29.0,30.0,30.0,29.0,31.0,30.0,30.0,32.0,32.0,51.0,48.0,42.0,45.0,42.0
2025-12-25T13:06:47.507154,14137.643,5075,Middle,motor_11_open,51.0,35.1875,7,31.0,30.0,29.0,31.0,30.0,29.0,31.0,30.0,30.0,32.0,32.0,51.0,48.0,42.0,44.0,43.0
2025-12-25T13:06:48.403113,14138.539,5076,Middle,motor_10_flexed,51.0,35.125,7,31.0,30.0,29.0,30.0,30.0,29.0,31.0,30.0,30.0,32.0,32.0,51.0,48.0,42.0,45.0,42.0
2025-12-25T13:06:50.291029,14140.427,5076,Middle,motor_10_open,51.0,35.125,7,31.0,30.0,29.0,30.0,30.0,29.0,31.0,30.0,30.0,32.0,32.0,51.0,48.0,42.0,44.0,43.0
2025-12-25T13:06:51.186988,14141.327,5077,Ring,motor_4_flexed,51.0,35.1875,7,31.0,30.0,29.0,30.0,30.0,29.0,31.0,30.0,30.0,32.0,32.0,51.0,48.0,42.0,45.0,43.0
2025-12-25T13:06:53.074902,14143.214,5077,Ring,motor_4_open,51.0,35.125,7,31.0,30.0,29.0,30.0,30.0,29.0,31.0,30.0,30.0,32.0,32.0,51.0,48.0,42.0,44.0,43.0
2025-12-25T13:06:53.970864,14144.106,5078,Ring,motor_5_flexed,51.0,35.125,7,31.0,30.0,29.0,31.0,30.0,29.0,31.0,30.0,30.0,32.0,32.0,51.0,48.0,42.0,44.0,42.0
2025-12-25T13:06:55.858780,14145.997,5078,Ring,motor_5_open,51.0,35.125,7,31.0,30.0,29.0,30.0,30.0,29.0,31.0,30.0,30.0,32.0,32.0,51.0,48.0,42.0,44.0,43.0
2025-12-25T13:06:56.754734,14146.894,5079,Ring,motor_6_flexed,51.0,35.125,7,31.0,30.0,29.0,30.0,30.0,29.0,31.0,30.0,30.0,32.0,32.0,51.0,48.0,42.0,44.0,43.0
2025-12-25T13:06:58.642649,14148.782,5079,Ring,motor_6_open,51.0,35.3125,7,31.0,30.0,29.0,30.0,31.0,29.0,31.0,30.0,30.0,32.0,32.0,51.0,48.0,42.0,45.0,44.0
2025-12-25T13:06:59.538603,14149.675,5080,Pinky,motor_7_flexed,51.0,35.3125,7,31.0,30.0,29.0,31.0,31.0,29.0,31.0,30.0,30.0,32.0,32.0,51.0,48.0,42.0,45.0,43.0
2025-12-25T13:07:01.426526,14151.563,5080,Pinky,motor_7_open,51.0,35.25,7,31.0,30.0,29.0,31.0,31.0,29.0,31.0,30.0,30.0,32.0,32.0,51.0,48.0,42.0,44.0,43.0
2025-12-25T13:07:02.322483,14152.46,5081,Pinky,motor_8_flexed,51.0,35.25,7,31.0,30.0,29.0,31.0,30.0,29.0,31.0,30.0,30.0,32.0,32.0,51.0,48.0,42.0,45.0,43.0
2025-12-25T13:07:04.210399,14154.349,5081,Pinky,motor_8_open,51.0,35.125,7,31.0,30.0,29.0,30.0,30.0,29.0,31.0,30.0,30.0,32.0,32.0,51.0,48.0,42.0,45.0,42.0
2025-12-25T13:07:05.106359,14155.242,5082,Pinky,motor_9_flexed,51.0,35.25,7,31.0,30.0,29.0,30.0,31.0,29.0,31.0,30.0,30.0,32.0,32.0,51.0,48.0,42.0,45.0,43.0
2025-12-25T13:07:06.994290,14157.128,5082,Pinky,motor_9_open,51.0,35.1875,7,31.0,30.0,29.0,30.0,30.0,29.0,31.0,30.0,30.0,32.0,32.0,51.0,48.0,42.0,45.0,43.0
2025-12-25T13:07:07.890249,14158.028,5083,Thumb,motor_13_flexed,51.0,35.1875,7,31.0,30.0,29.0,30.0,30.0,29.0,31.0,30.0,30.0,32.0,32.0,51.0,48.0,42.0,45.0,43.0
2025-12-25T13:07:09.778168,14159.916,5083,Thumb,motor_13_open,51.0,35.1875,7,31.0,30.0,29.0,31.0,30.0,29.0,31.0,30.0,30.0,32.0,32.0,51.0,48.0,42.0,45.0,42.0
2025-12-25T13:07:10.370136,14160.504,5083,Thumb,motor_13_open_hold,51.0,35.125,7,31.0,30.0,29.0,30.0,30.0,29.0,31.0,30.0,30.0,32.0,32.0,51.0,48.0,42.0,45.0,42.0
2025-12-25T13:07:10.770102,14160.909,5084,Thumb,motor_14_flexed,51.0,35.125,7,31.0,30.0,29.0,30.0,31.0,29.0,31.0,30.0,30.0,32.0,32.0,51.0,48.0,42.0,44.0,42.0
2025-12-25T13:07:12.658016,14162.795,5084,Thumb,motor_14_open,51.0,35.125,7,31.0,30.0,29.0,31.0,30.0,29.0,31.0,30.0,30.0,32.0,32.0,51.0,48.0,42.0,44.0,42.0
2025-12-25T13:07:13.553976,14163.69,5085,Thumb,motor_12_flexed,51.0,35.1875,7,31.0,30.0,29.0,31.0,30.0,29.0,31.0,30.0,30.0,32.0,32.0,51.0,48.0,42.0,45.0,42.0
2025-12-25T13:07:15.441890,14165.582,5085,Thumb,motor_12_open,51.0,35.125,7,31.0,30.0,29.0,30.0,31.0,29.0,31.0,30.0,30.0,32.0,32.0,51.0,48.0,42.0,44.0,42.0
2025-12-25T13:07:16.337869,14166.477,5086,Index,motor_2_flexed,51.0,35.125,7,31.0,30.0,29.0,30.0,31.0,29.0,31.0,30.0,30.0,32.0,32.0,51.0,48.0,42.0,44.0,42.0
2025-12-25T13:07:18.225787,14168.366,5086,Index,motor_2_open,51.0,35.125,7,31.0,30.0,29.0,31.0,30.0,29.0,31.0,30.0,30.0,32.0,32.0,51.0,48.0,42.0,44.0,42.0
2025-12-25T13:07:19.121753,14169.259,5087,Index,motor_1_flexed,51.0,35.125,7,31.0,30.0,29.0,31.0,30.0,29.0,31.0,30.0,30.0,32.0,32.0,51.0,48.0,42.0,44.0,42.0
2025-12-25T13:07:21.009652,14171.144,5087,Index,motor_1_open,51.0,35.0625,7,31.0,30.0,29.0,30.0,30.0,29.0,31.0,30.0,30.0,32.0,32.0,51.0,48.0,42.0,44.0,42.0
2025-12-25T13:07:21.905615,14172.041,5088,Index,motor_3_flexed,51.0,35.125,7,31.0,30.0,29.0,30.0,30.0,29.0,31.0,30.0,30.0,32.0,32.0,51.0,48.0,42.0,45.0,42.0
2025-12-25T13:07:23.793541,14173.931,5088,Index,motor_3_open,51.0,35.125,7,31.0,30.0,29.0,31.0,30.0,29.0,31.0,30.0,30.0,32.0,32.0,51.0,48.0,42.0,44.0,42.0
2025-12-25T13:07:24.689489,14174.829,5089,Middle,motor_11_flexed,51.0,35.125,7,31.0,30.0,29.0,30.0,30.0,29.0,31.0,30.0,30.0,32.0,32.0,51.0,48.0,42.0,44.0,43.0
2025-12-25T13:07:26.577387,14176.713,5089,Middle,motor_11_open,51.0,35.0625,7,31.0,30.0,29.0,30.0,30.0,29.0,31.0,30.0,30.0,32.0,32.0,51.0,48.0,42.0,44.0,42.0
2025-12-25T13:07:27.473344,14177.612,5090,Middle,motor_10_flexed,51.0,35.125,7,31.0,30.0,29.0,30.0,30.0,29.0,31.0,30.0,30.0,32.0,32.0,51.0,48.0,42.0,45.0,42.0
2025-12-25T13:07:29.361259,14179.501,5090,Middle,motor_10_open,51.0,35.125,7,31.0,30.0,29.0,30.0,30.0,29.0,31.0,30.0,30.0,32.0,32.0,51.0,48.0,42.0,45.0,42.0
2025-12-25T13:07:30.257221,14180.395,5091,Ring,motor_4_flexed,51.0,35.125,7,31.0,30.0,29.0,30.0,30.0,29.0,31.0,30.0,30.0,32.0,32.0,51.0,48.0,42.0,45.0,42.0
2025-12-25T13:07:32.145134,14182.282,5091,Ring,motor_4_open,51.0,35.0625,7,31.0,30.0,29.0,30.0,30.0,29.0,31.0,30.0,30.0,32.0,32.0,51.0,48.0,42.0,44.0,42.0
2025-12-25T13:07:33.041104,14183.177,5092,Ring,motor_5_flexed,51.0,35.125,7,31.0,30.0,29.0,30.0,30.0,29.0,31.0,30.0,30.0,32.0,32.0,51.0,48.0,42.0,44.0,43.0
2025-12-25T13:07:34.929006,14185.065,5092,Ring,motor_5_open,51.0,35.1875,7,31.0,30.0,29.0,30.0,30.0,29.0,31.0,30.0,30.0,32.0,32.0,51.0,48.0,42.0,45.0,43.0
2025-12-25T13:07:35.824965,14185.962,5093,Ring,motor_6_flexed,51.0,35.0625,7,31.0,30.0,29.0,30.0,30.0,29.0,31.0,30.0,30.0,32.0,32.0,51.0,48.0,42.0,44.0,42.0
2025-12-25T13:07:37.712891,14187.849,5093,Ring,motor_6_open,51.0,35.125,7,31.0,30.0,29.0,31.0,30.0,29.0,31.0,30.0,30.0,32.0,32.0,51.0,48.0,42.0,44.0,42.0
2025-12-25T13:07:38.608832,14188.746,5094,Pinky,motor_7_flexed,51.0,35.1875,7,31.0,30.0,29.0,30.0,31.0,29.0,31.0,30.0,30.0,32.0,32.0,51.0,48.0,42.0,45.0,42.0
2025-12-25T13:07:40.496747,14190.636,5094,Pinky,motor_7_open,51.0,35.125,7,31.0,30.0,29.0,31.0,30.0,29.0,31.0,30.0,30.0,32.0,32.0,51.0,48.0,42.0,44.0,42.0
2025-12-25T13:07:41.392712,14191.531,5095,Pinky,motor_8_flexed,51.0,35.1875,7,31.0,30.0,29.0,31.0,30.0,29.0,31.0,30.0,30.0,32.0,32.0,51.0,48.0,42.0,45.0,42.0
2025-12-25T13:07:43.280629,14193.417,5095,Pinky,motor_8_open,51.0,35.1875,7,31.0,30.0,29.0,30.0,31.0,29.0,31.0,30.0,30.0,32.0,32.0,51.0,48.0,42.0,45.0,42.0
2025-12-25T13:07:44.176590,14194.316,5096,Pinky,motor_9_flexed,51.0,35.125,7,31.0,30.0,29.0,30.0,30.0,29.0,31.0,30.0,30.0,32.0,32.0,51.0,48.0,42.0,45.0,42.0
2025-12-25T13:07:46.064500,14196.204,5096,Pinky,motor_9_open,51.0,35.125,7,31.0,30.0,29.0,30.0,31.0,29.0,31.0,30.0,30.0,32.0,32.0,51.0,48.0,42.0,44.0,42.0
2025-12-25T13:07:46.960460,14197.098,5097,Thumb,motor_13_flexed,51.0,35.1875,7,31.0,30.0,29.0,31.0,31.0,29.0,31.0,30.0,30.0,32.0,32.0,51.0,48.0,42.0,44.0,42.0
2025-12-25T13:07:48.848365,14198.985,5097,Thumb,motor_13_open,51.0,35.125,7,31.0,30.0,29.0,30.0,31.0,29.0,31.0,30.0,30.0,32.0,32.0,51.0,48.0,42.0,44.0,42.0
2025-12-25T13:07:49.744323,14199.881,5098,Thumb,motor_14_flexed,51.0,35.0625,7,31.0,30.0,29.0,30.0,30.0,29.0,31.0,30.0,30.0,32.0,32.0,51.0,48.0,42.0,44.0,42.0
2025-12-25T13:07:51.632240,14201.773,5098,Thumb,motor_14_open,51.0,35.125,7,31.0,30.0,29.0,31.0,30.0,29.0,31.0,30.0,30.0,32.0,32.0,51.0,48.0,42.0,44.0,42.0
2025-12-25T13:07:52.528208,14202.667,5099,Thumb,motor_12_flexed,51.0,35.0625,7,31.0,30.0,29.0,30.0,30.0,29.0,31.0,30.0,30.0,32.0,32.0,51.0,48.0,42.0,44.0,42.0
2025-12-25T13:07:54.416125,14204.553,5099,Thumb,motor_12_open,51.0,35.125,7,31.0,30.0,29.0,30.0,30.0,29.0,31.0,30.0,30.0,32.0,32.0,51.0,48.0,42.0,45.0,42.0
2025-12-25T13:07:55.312084,14205.447,5100,Index,motor_2_flexed,51.0,35.125,7,31.0,30.0,29.0,30.0,30.0,29.0,31.0,30.0,30.0,32.0,32.0,51.0,48.0,42.0,45.0,42.0
2025-12-25T13:07:57.199998,14207.339,5100,Index,motor_2_open,51.0,35.0625,7,31.0,30.0,29.0,30.0,30.0,29.0,31.0,30.0,30.0,32.0,32.0,51.0,48.0,42.0,44.0,42.0
2025-12-25T13:07:58.095957,14208.234,5101,Index,motor_1_flexed,51.0,35.0625,7,31.0,30.0,29.0,30.0,30.0,29.0,31.0,30.0,30.0,32.0,32.0,51.0,48.0,42.0,44.0,42.0
2025-12-25T13:07:59.983871,14210.122,5101,Index,motor_1_open,51.0,35.125,7,31.0,30.0,29.0,30.0,30.0,29.0,31.0,30.0,30.0,32.0,32.0,51.0,48.0,42.0,45.0,42.0
2025-12-25T13:08:00.879829,14211.018,5102,Index,motor_3_flexed,51.0,35.1875,7,31.0,30.0,29.0,30.0,30.0,29.0,31.0,30.0,30.0,32.0,32.0,51.0,48.0,42.0,45.0,43.0
2025-12-25T13:08:02.767746,14212.905,5102,Index,motor_3_open,51.0,35.0625,7,31.0,30.0,29.0,30.0,30.0,29.0,31.0,30.0,30.0,32.0,32.0,51.0,48.0,42.0,44.0,42.0
2025-12-25T13:08:03.663704,14213.803,5103,Middle,motor_11_flexed,51.0,35.125,7,31.0,30.0,29.0,31.0,30.0,29.0,31.0,30.0,30.0,32.0,32.0,51.0,48.0,42.0,44.0,42.0
2025-12-25T13:08:05.551619,14215.69,5103,Middle,motor_11_open,51.0,35.125,7,31.0,30.0,29.0,31.0,30.0,29.0,31.0,30.0,30.0,32.0,32.0,51.0,48.0,42.0,44.0,42.0
2025-12-25T13:08:06.447570,14216.584,5104,Middle,motor_10_flexed,51.0,35.1875,7,31.0,30.0,29.0,30.0,30.0,29.0,31.0,30.0,30.0,32.0,32.0,51.0,48.0,42.0,45.0,43.0
2025-12-25T13:08:08.335495,14218.474,5104,Middle,motor_10_open,51.0,35.0625,7,31.0,30.0,29.0,30.0,30.0,29.0,31.0,30.0,30.0,32.0,32.0,51.0,48.0,42.0,44.0,42.0
2025-12-25T13:08:09.231454,14219.371,5105,Ring,motor_4_flexed,51.0,35.1875,7,31.0,30.0,29.0,31.0,30.0,29.0,31.0,30.0,30.0,32.0,32.0,51.0,48.0,42.0,45.0,42.0
2025-12-25T13:08:10.319404,14220.458,5105,Ring,motor_4_flex_hold,51.0,35.125,7,31.0,30.0,29.0,30.0,30.0,29.0,31.0,30.0,30.0,32.0,32.0,51.0,48.0,42.0,45.0,42.0
2025-12-25T13:08:11.119366,14221.258,5105,Ring,motor_4_open,51.0,35.125,7,31.0,30.0,29.0,30.0,30.0,29.0,31.0,30.0,30.0,32.0,32.0,51.0,48.0,42.0,44.0,43.0
2025-12-25T13:08:12.015326,14222.155,5106,Ring,motor_5_flexed,51.0,35.1875,7,31.0,30.0,29.0,31.0,30.0,29.0,31.0,30.0,30.0,32.0,32.0,51.0,48.0,42.0,44.0,43.0
2025-12-25T13:08:13.903240,14224.04,5106,Ring,motor_5_open,51.0,35.1875,7,31.0,30.0,29.0,31.0,30.0,29.0,31.0,30.0,30.0,32.0,32.0,51.0,48.0,42.0,45.0,42.0
2025-12-25T13:08:14.799189,14224.939,5107,Ring,motor_6_flexed,51.0,35.0625,7,31.0,30.0,29.0,30.0,30.0,29.0,31.0,30.0,30.0,32.0,32.0,51.0,48.0,42.0,44.0,42.0
2025-12-25T13:08:16.687108,14226.823,5107,Ring,motor_6_open,51.0,35.125,7,31.0,30.0,29.0,31.0,30.0,29.0,31.0,30.0,30.0,32.0,32.0,51.0,48.0,42.0,44.0,42.0
2025-12-25T13:08:17.583064,14227.718,5108,Pinky,motor_7_flexed,51.0,35.125,7,31.0,30.0,29.0,30.0,31.0,29.0,31.0,30.0,30.0,32.0,32.0,51.0,48.0,42.0,45.0,41.0
2025-12-25T13:08:19.470987,14229.609,5108,Pinky,motor_7_open,51.0,35.1875,7,31.0,30.0,29.0,31.0,30.0,29.0,31.0,30.0,30.0,32.0,32.0,51.0,48.0,42.0,45.0,42.0
2025-12-25T13:08:20.366946,14230.503,5109,Pinky,motor_8_flexed,51.0,35.0625,7,31.0,30.0,29.0,30.0,30.0,29.0,31.0,30.0,30.0,32.0,32.0,51.0,48.0,42.0,44.0,42.0
2025-12-25T13:08:22.254849,14232.393,5109,Pinky,motor_8_open,51.0,35.1875,7,31.0,30.0,29.0,31.0,30.0,29.0,31.0,30.0,30.0,32.0,32.0,51.0,48.0,42.0,44.0,43.0
2025-12-25T13:08:23.150814,14233.289,5110,Pinky,motor_9_flexed,51.0,35.25,7,31.0,30.0,29.0,31.0,31.0,29.0,31.0,30.0,30.0,32.0,32.0,51.0,48.0,42.0,44.0,43.0
2025-12-25T13:08:25.038722,14235.176,5110,Pinky,motor_9_open,51.0,35.1875,7,31.0,30.0,29.0,31.0,30.0,29.0,31.0,30.0,30.0,32.0,32.0,51.0,48.0,42.0,44.0,43.0
2025-12-25T13:08:25.934728,14236.071,5111,Thumb,motor_13_flexed,51.0,35.1875,7,31.0,30.0,29.0,30.0,31.0,29.0,31.0,30.0,30.0,32.0,32.0,51.0,48.0,42.0,45.0,42.0
2025-12-25T13:08:27.822629,14237.963,5111,Thumb,motor_13_open,51.0,35.1875,7,31.0,30.0,29.0,30.0,30.0,29.0,31.0,30.0,30.0,32.0,32.0,51.0,48.0,42.0,45.0,43.0
2025-12-25T13:08:28.718587,14238.857,5112,Thumb,motor_14_flexed,51.0,35.125,7,31.0,30.0,29.0,31.0,30.0,29.0,31.0,30.0,30.0,32.0,32.0,51.0,48.0,42.0,44.0,42.0
2025-12-25T13:08:30.606512,14240.744,5112,Thumb,motor_14_open,51.0,35.1875,7,31.0,30.0,29.0,31.0,30.0,29.0,31.0,30.0,30.0,32.0,32.0,51.0,48.0,42.0,45.0,42.0
2025-12-25T13:08:31.502461,14241.64,5113,Thumb,motor_12_flexed,51.0,35.125,7,31.0,30.0,29.0,30.0,30.0,29.0,31.0,30.0,30.0,32.0,32.0,51.0,48.0,42.0,45.0,42.0
2025-12-25T13:08:33.390360,14243.53,5113,Thumb,motor_12_open,51.0,35.0625,7,31.0,30.0,29.0,30.0,30.0,29.0,31.0,30.0,30.0,32.0,32.0,51.0,48.0,42.0,44.0,42.0
2025-12-25T13:08:34.286307,14244.423,5114,Index,motor_2_flexed,51.0,35.0625,7,31.0,30.0,29.0,30.0,31.0,29.0,31.0,30.0,30.0,32.0,32.0,51.0,48.0,42.0,43.0,42.0
2025-12-25T13:08:36.174230,14246.312,5114,Index,motor_2_open,51.0,35.1875,7,31.0,30.0,29.0,30.0,30.0,29.0,31.0,30.0,30.0,32.0,32.0,51.0,48.0,42.0,45.0,43.0
2025-12-25T13:08:37.070191,14247.206,5115,Index,motor_1_flexed,51.0,35.0625,7,31.0,30.0,29.0,30.0,30.0,29.0,31.0,30.0,30.0,32.0,32.0,51.0,48.0,42.0,44.0,42.0
2025-12-25T13:08:38.958102,14249.098,5115,Index,motor_1_open,51.0,35.1875,7,31.0,30.0,29.0,31.0,30.0,29.0,31.0,30.0,30.0,32.0,32.0,51.0,48.0,42.0,45.0,42.0
2025-12-25T13:08:39.854069,14249.994,5116,Index,motor_3_flexed,51.0,35.125,7,31.0,30.0,29.0,30.0,30.0,29.0,31.0,30.0,30.0,32.0,32.0,51.0,48.0,42.0,44.0,43.0
2025-12-25T13:08:41.741980,14251.878,5116,Index,motor_3_open,51.0,35.125,7,31.0,30.0,29.0,30.0,31.0,29.0,31.0,30.0,30.0,32.0,32.0,51.0,48.0,42.0,44.0,42.0
2025-12-25T13:08:42.637937,14252.777,5117,Middle,motor_11_flexed,51.0,35.0625,7,31.0,30.0,29.0,30.0,30.0,29.0,31.0,30.0,30.0,32.0,32.0,51.0,48.0,42.0,44.0,42.0
2025-12-25T13:08:44.525862,14254.664,5117,Middle,motor_11_open,51.0,35.0625,7,31.0,30.0,29.0,30.0,30.0,29.0,31.0,30.0,30.0,32.0,32.0,51.0,48.0,42.0,44.0,42.0
2025-12-25T13:08:45.421801,14255.562,5118,Middle,motor_10_flexed,51.0,35.1875,7,31.0,30.0,29.0,30.0,30.0,29.0,31.0,30.0,30.0,32.0,32.0,51.0,48.0,42.0,45.0,43.0
2025-12-25T13:08:47.309712,14257.442,5118,Middle,motor_10_open,51.0,35.25,7,31.0,30.0,29.0,31.0,30.0,29.0,31.0,30.0,30.0,32.0,32.0,51.0,48.0,42.0,45.0,43.0
2025-12-25T13:08:48.205673,14258.342,5119,Ring,motor_4_flexed,51.0,35.0625,7,31.0,30.0,29.0,30.0,30.0,29.0,31.0,30.0,30.0,32.0,32.0,51.0,48.0,42.0,44.0,42.0
2025-12-25T13:08:50.093584,14260.227,5119,Ring,motor_4_open,51.0,35.0625,7,31.0,30.0,29.0,30.0,30.0,29.0,31.0,30.0,30.0,32.0,32.0,51.0,48.0,42.0,44.0,42.0
2025-12-25T13:08:50.989547,14261.127,5120,Ring,motor_5_flexed,51.0,35.125,7,31.0,30.0,29.0,30.0,30.0,29.0,31.0,30.0,30.0,32.0,32.0,51.0,48.0,42.0,44.0,43.0
2025-12-25T13:08:52.877463,14263.014,5120,Ring,motor_5_open,51.0,35.125,7,31.0,30.0,29.0,31.0,30.0,29.0,31.0,30.0,30.0,32.0,32.0,51.0,48.0,42.0,44.0,42.0
2025-12-25T13:08:53.773435,14263.908,5121,Ring,motor_6_flexed,51.0,35.125,7,31.0,30.0,29.0,30.0,30.0,29.0,31.0,30.0,30.0,32.0,32.0,51.0,48.0,42.0,45.0,42.0
2025-12-25T13:08:55.661336,14265.799,5121,Ring,motor_6_open,51.0,35.1875,7,31.0,30.0,29.0,30.0,31.0,29.0,31.0,30.0,30.0,32.0,32.0,51.0,48.0,42.0,45.0,42.0
2025-12-25T13:08:56.557298,14266.696,5122,Pinky,motor_7_flexed,51.0,35.1875,7,31.0,30.0,29.0,31.0,31.0,29.0,31.0,30.0,30.0,32.0,32.0,51.0,48.0,42.0,44.0,42.0
2025-12-25T13:08:58.445206,14268.575,5122,Pinky,motor_7_open,51.0,35.125,7,31.0,30.0,29.0,30.0,30.0,29.0,31.0,30.0,30.0,32.0,32.0,51.0,48.0,42.0,44.0,43.0
2025-12-25T13:08:59.341166,14269.473,5123,Pinky,motor_8_flexed,51.0,35.0625,7,31.0,30.0,29.0,30.0,30.0,29.0,31.0,30.0,30.0,32.0,32.0,51.0,48.0,42.0,44.0,42.0
2025-12-25T13:09:01.229080,14271.362,5123,Pinky,motor_8_open,51.0,35.125,7,31.0,30.0,29.0,30.0,31.0,29.0,31.0,30.0,30.0,32.0,32.0,51.0,48.0,42.0,44.0,42.0
2025-12-25T13:09:02.125039,14272.257,5124,Pinky,motor_9_flexed,51.0,35.3125,7,31.0,30.0,29.0,31.0,30.0,29.0,31.0,30.0,30.0,32.0,32.0,51.0,48.0,42.0,45.0,44.0
2025-12-25T13:09:04.012958,14274.147,5124,Pinky,motor_9_open,51.0,35.25,7,31.0,30.0,29.0,31.0,30.0,29.0,31.0,30.0,30.0,32.0,32.0,51.0,48.0,42.0,45.0,43.0
2025-12-25T13:09:04.908913,14275.04,5125,Thumb,motor_13_flexed,51.0,35.125,7,31.0,30.0,29.0,30.0,31.0,29.0,31.0,30.0,30.0,32.0,32.0,51.0,48.0,42.0,44.0,42.0
2025-12-25T13:09:06.796840,14276.928,5125,Thumb,motor_13_open,51.0,35.0625,7,31.0,30.0,29.0,30.0,30.0,29.0,31.0,30.0,30.0,32.0,32.0,51.0,48.0,42.0,44.0,42.0
2025-12-25T13:09:07.692799,14277.831,5126,Thumb,motor_14_flexed,51.0,35.0625,7,31.0,30.0,29.0,30.0,30.0,29.0,31.0,30.0,30.0,32.0,32.0,51.0,48.0,42.0,44.0,42.0
2025-12-25T13:09:09.580714,14279.719,5126,Thumb,motor_14_open,51.0,35.0625,7,31.0,30.0,29.0,30.0,30.0,29.0,31.0,30.0,30.0,32.0,32.0,51.0,48.0,42.0,44.0,42.0
2025-12-25T13:09:10.172688,14280.306,5126,Thumb,motor_14_open_hold,51.0,35.1875,7,31.0,30.0,29.0,31.0,30.0,29.0,31.0,30.0,30.0,32.0,32.0,51.0,48.0,42.0,44.0,43.0
2025-12-25T13:09:10.572670,14280.709,5127,Thumb,motor_12_flexed,51.0,35.1875,7,31.0,30.0,29.0,30.0,30.0,29.0,31.0,30.0,30.0,32.0,32.0,51.0,48.0,42.0,45.0,43.0
2025-12-25T13:09:12.460582,14282.601,5127,Thumb,motor_12_open,51.0,35.125,7,31.0,30.0,29.0,30.0,30.0,29.0,31.0,30.0,30.0,32.0,32.0,51.0,48.0,42.0,45.0,42.0
2025-12-25T13:09:13.356534,14283.494,5128,Index,motor_2_flexed,51.0,35.3125,7,31.0,30.0,29.0,31.0,31.0,29.0,31.0,30.0,30.0,32.0,32.0,51.0,48.0,42.0,45.0,43.0
2025-12-25T13:09:15.244445,14285.381,5128,Index,motor_2_open,51.0,35.125,7,31.0,30.0,29.0,30.0,30.0,29.0,31.0,30.0,30.0,32.0,32.0,51.0,48.0,42.0,44.0,43.0
2025-12-25T13:09:16.140408,14286.281,5129,Index,motor_1_flexed,51.0,35.125,7,31.0,30.0,29.0,30.0,30.0,29.0,31.0,30.0,30.0,32.0,32.0,51.0,48.0,42.0,45.0,42.0
2025-12-25T13:09:18.028321,14288.168,5129,Index,motor_1_open,51.0,35.1875,7,31.0,30.0,29.0,30.0,30.0,29.0,31.0,30.0,30.0,32.0,32.0,51.0,48.0,42.0,45.0,43.0
2025-12-25T13:09:18.924295,14289.061,5130,Index,motor_3_flexed,51.0,35.0625,7,31.0,30.0,29.0,30.0,30.0,29.0,31.0,30.0,30.0,32.0,32.0,51.0,48.0,42.0,44.0,42.0
2025-12-25T13:09:20.812193,14290.949,5130,Index,motor_3_open,51.0,35.1875,7,31.0,30.0,29.0,30.0,30.0,29.0,31.0,30.0,30.0,32.0,32.0,51.0,48.0,42.0,45.0,43.0
2025-12-25T13:09:21.708153,14291.847,5131,Middle,motor_11_flexed,51.0,35.1875,7,31.0,30.0,29.0,30.0,30.0,29.0,31.0,30.0,30.0,32.0,32.0,51.0,48.0,42.0,45.0,43.0
2025-12-25T13:09:23.596076,14293.733,5131,Middle,motor_11_open,51.0,35.0,7,31.0,30.0,29.0,30.0,30.0,29.0,31.0,30.0,30.0,32.0,32.0,51.0,48.0,42.0,43.0,42.0
2025-12-25T13:09:24.492027,14294.628,5132,Middle,motor_10_flexed,51.0,35.1875,7,31.0,30.0,29.0,31.0,30.0,29.0,31.0,30.0,30.0,32.0,32.0,51.0,48.0,42.0,44.0,43.0
2025-12-25T13:09:26.379953,14296.519,5132,Middle,motor_10_open,51.0,35.1875,7,31.0,30.0,29.0,31.0,30.0,29.0,31.0,30.0,30.0,32.0,32.0,51.0,48.0,42.0,44.0,43.0
2025-12-25T13:09:27.275902,14297.415,5133,Ring,motor_4_flexed,51.0,35.0625,7,31.0,30.0,29.0,30.0,30.0,29.0,31.0,30.0,30.0,32.0,32.0,51.0,48.0,42.0,44.0,42.0
2025-12-25T13:09:29.163828,14299.302,5133,Ring,motor_4_open,51.0,35.125,7,31.0,30.0,29.0,31.0,30.0,29.0,31.0,30.0,30.0,32.0,32.0,51.0,48.0,42.0,44.0,42.0
2025-12-25T13:09:30.059803,14300.199,5134,Ring,motor_5_flexed,51.0,35.125,7,31.0,30.0,29.0,30.0,30.0,29.0,31.0,30.0,30.0,32.0,32.0,51.0,48.0,42.0,45.0,42.0
2025-12-25T13:09:31.947718,14302.085,5134,Ring,motor_5_open,51.0,35.125,7,31.0,30.0,29.0,31.0,30.0,29.0,31.0,30.0,30.0,32.0,32.0,51.0,48.0,42.0,44.0,42.0
2025-12-25T13:09:32.843685,14302.982,5135,Ring,motor_6_flexed,51.0,35.1875,7,31.0,30.0,29.0,31.0,30.0,29.0,31.0,30.0,30.0,32.0,32.0,51.0,48.0,42.0,44.0,43.0
2025-12-25T13:09:34.731593,14304.871,5135,Ring,motor_6_open,51.0,35.1875,7,31.0,30.0,29.0,31.0,30.0,29.0,31.0,30.0,30.0,32.0,32.0,51.0,48.0,42.0,44.0,43.0
2025-12-25T13:09:35.627552,14305.764,5136,Pinky,motor_7_flexed,51.0,35.1875,7,31.0,30.0,29.0,30.0,31.0,29.0,31.0,30.0,30.0,32.0,32.0,51.0,48.0,42.0,45.0,42.0
2025-12-25T13:09:37.515469,14307.652,5136,Pinky,motor_7_open,51.0,35.125,7,31.0,30.0,29.0,30.0,31.0,29.0,31.0,30.0,30.0,32.0,32.0,51.0,48.0,42.0,44.0,42.0
2025-12-25T13:09:38.411425,14308.549,5137,Pinky,motor_8_flexed,51.0,35.1875,7,31.0,30.0,29.0,30.0,31.0,29.0,31.0,30.0,30.0,32.0,32.0,51.0,48.0,42.0,45.0,42.0
2025-12-25T13:09:40.299339,14310.438,5137,Pinky,motor_8_open,51.0,35.125,7,31.0,30.0,29.0,31.0,30.0,29.0,31.0,30.0,30.0,32.0,32.0,51.0,48.0,42.0,44.0,42.0
2025-12-25T13:09:41.195299,14311.332,5138,Pinky,motor_9_flexed,51.0,35.125,7,31.0,30.0,29.0,30.0,30.0,29.0,31.0,30.0,30.0,32.0,32.0,51.0,48.0,42.0,45.0,42.0
2025-12-25T13:09:43.083213,14313.221,5138,Pinky,motor_9_open,51.0,35.1875,7,31.0,30.0,29.0,30.0,31.0,29.0,31.0,30.0,30.0,32.0,32.0,51.0,48.0,42.0,45.0,42.0
2025-12-25T13:09:43.979171,14314.117,5139,Thumb,motor_13_flexed,51.0,35.125,7,31.0,30.0,29.0,31.0,30.0,29.0,31.0,30.0,30.0,32.0,32.0,51.0,48.0,42.0,44.0,42.0
2025-12-25T13:09:45.867068,14316.007,5139,Thumb,motor_13_open,51.0,35.125,7,31.0,30.0,29.0,31.0,30.0,29.0,31.0,30.0,30.0,32.0,32.0,51.0,48.0,42.0,44.0,42.0
2025-12-25T13:09:46.763031,14316.903,5140,Thumb,motor_14_flexed,51.0,35.125,7,31.0,30.0,29.0,30.0,30.0,29.0,31.0,30.0,30.0,32.0,32.0,51.0,48.0,42.0,44.0,43.0
2025-12-25T13:09:48.650932,14318.787,5140,Thumb,motor_14_open,51.0,35.0625,7,31.0,30.0,29.0,30.0,30.0,29.0,31.0,30.0,30.0,32.0,32.0,51.0,48.0,42.0,44.0,42.0
2025-12-25T13:09:49.546890,14319.683,5141,Thumb,motor_12_flexed,51.0,35.25,7,31.0,30.0,29.0,30.0,31.0,29.0,31.0,30.0,30.0,32.0,32.0,51.0,48.0,42.0,45.0,43.0
2025-12-25T13:09:51.434822,14321.573,5141,Thumb,motor_12_open,51.0,35.0625,7,31.0,30.0,29.0,30.0,30.0,29.0,31.0,30.0,30.0,32.0,32.0,51.0,48.0,42.0,44.0,42.0
2025-12-25T13:09:52.330763,14322.469,5142,Index,motor_2_flexed,51.0,35.1875,7,31.0,30.0,29.0,31.0,30.0,29.0,31.0,30.0,30.0,32.0,32.0,51.0,48.0,42.0,45.0,42.0
2025-12-25T13:09:54.234679,14324.372,5142,Index,motor_2_open,51.0,35.1875,7,31.0,30.0,29.0,30.0,31.0,29.0,31.0,30.0,30.0,32.0,32.0,51.0,48.0,42.0,45.0,42.0
2025-12-25T13:09:55.130640,14325.268,5143,Index,motor_1_flexed,51.0,35.125,7,31.0,30.0,29.0,31.0,30.0,29.0,31.0,30.0,30.0,32.0,32.0,51.0,48.0,42.0,44.0,42.0
2025-12-25T13:09:57.018556,14327.159,5143,Index,motor_1_open,51.0,35.0625,7,31.0,30.0,29.0,30.0,30.0,29.0,31.0,30.0,30.0,32.0,32.0,51.0,48.0,42.0,44.0,42.0
2025-12-25T13:09:57.914514,14328.054,5144,Index,motor_3_flexed,51.0,35.125,7,31.0,30.0,29.0,31.0,30.0,29.0,31.0,30.0,30.0,32.0,32.0,51.0,48.0,42.0,44.0,42.0
2025-12-25T13:09:59.802429,14329.939,5144,Index,motor_3_open,51.0,35.1875,7,31.0,30.0,29.0,30.0,30.0,29.0,31.0,30.0,30.0,32.0,32.0,51.0,48.0,42.0,45.0,43.0
2025-12-25T13:10:00.698403,14330.835,5145,Middle,motor_11_flexed,51.0,35.25,7,31.0,30.0,29.0,31.0,30.0,29.0,31.0,30.0,30.0,32.0,32.0,51.0,48.0,42.0,45.0,43.0
2025-12-25T13:10:02.586296,14332.72,5145,Middle,motor_11_open,51.0,35.1875,7,31.0,30.0,29.0,31.0,30.0,29.0,31.0,30.0,30.0,32.0,32.0,51.0,48.0,42.0,45.0,42.0
2025-12-25T13:10:03.482269,14333.619,5146,Middle,motor_10_flexed,51.0,35.125,7,31.0,30.0,29.0,30.0,30.0,29.0,31.0,30.0,30.0,32.0,32.0,51.0,48.0,42.0,44.0,43.0
2025-12-25T13:10:05.370184,14335.51,5146,Middle,motor_10_open,51.0,35.0625,7,31.0,30.0,29.0,30.0,30.0,29.0,31.0,30.0,30.0,32.0,32.0,51.0,48.0,42.0,44.0,42.0
2025-12-25T13:10:06.266145,14336.402,5147,Ring,motor_4_flexed,51.0,35.0625,7,31.0,30.0,29.0,30.0,30.0,29.0,31.0,30.0,30.0,32.0,32.0,51.0,48.0,42.0,44.0,42.0
2025-12-25T13:10:08.154057,14338.29,5147,Ring,motor_4_open,51.0,35.125,7,31.0,30.0,29.0,31.0,30.0,29.0,31.0,30.0,30.0,32.0,32.0,51.0,48.0,42.0,44.0,42.0
2025-12-25T13:10:09.050018,14339.188,5148,Ring,motor_5_flexed,51.0,35.125,7,31.0,30.0,29.0,30.0,30.0,29.0,31.0,30.0,30.0,32.0,32.0,51.0,48.0,42.0,45.0,42.0
2025-12-25T13:10:10.137968,14340.276,5148,Ring,motor_5_flex_hold,51.0,35.125,7,31.0,30.0,29.0,30.0,30.0,29.0,31.0,30.0,30.0,32.0,32.0,51.0,48.0,42.0,44.0,43.0
2025-12-25T13:10:10.937931,14341.077,5148,Ring,motor_5_open,51.0,35.125,7,31.0,30.0,29.0,30.0,30.0,29.0,31.0,30.0,30.0,32.0,32.0,51.0,48.0,42.0,45.0,42.0
2025-12-25T13:10:11.833891,14341.972,5149,Ring,motor_6_flexed,51.0,35.0625,7,31.0,30.0,29.0,30.0,30.0,29.0,31.0,30.0,30.0,32.0,32.0,51.0,48.0,42.0,44.0,42.0
2025-12-25T13:10:13.721804,14343.86,5149,Ring,motor_6_open,51.0,35.1875,7,31.0,30.0,29.0,31.0,31.0,29.0,31.0,30.0,30.0,32.0,32.0,51.0,48.0,42.0,44.0,42.0
2025-12-25T13:10:14.617763,14344.756,5150,Pinky,motor_7_flexed,51.0,35.125,7,31.0,30.0,29.0,30.0,30.0,29.0,31.0,30.0,30.0,32.0,32.0,51.0,48.0,42.0,44.0,43.0
2025-12-25T13:10:16.505679,14346.645,5150,Pinky,motor_7_open,51.0,35.25,7,31.0,30.0,29.0,31.0,31.0,29.0,31.0,30.0,30.0,32.0,32.0,51.0,48.0,42.0,45.0,42.0
2025-12-25T13:10:17.401654,14347.538,5151,Pinky,motor_8_flexed,51.0,35.125,7,31.0,30.0,29.0,30.0,30.0,29.0,31.0,30.0,30.0,32.0,32.0,51.0,48.0,42.0,45.0,42.0
2025-12-25T13:10:19.289570,14349.426,5151,Pinky,motor_8_open,51.0,35.125,7,31.0,30.0,29.0,30.0,30.0,29.0,31.0,30.0,30.0,32.0,32.0,51.0,48.0,42.0,45.0,42.0
2025-12-25T13:10:20.185529,14350.323,5152,Pinky,motor_9_flexed,51.0,35.25,7,31.0,30.0,29.0,31.0,31.0,29.0,31.0,30.0,30.0,32.0,32.0,51.0,48.0,42.0,45.0,42.0
2025-12-25T13:10:22.073447,14352.213,5152,Pinky,motor_9_open,51.0,35.1875,7,31.0,30.0,29.0,31.0,30.0,29.0,31.0,30.0,30.0,32.0,32.0,51.0,48.0,42.0,44.0,43.0
2025-12-25T13:10:22.969408,14353.106,5153,Thumb,motor_13_flexed,51.0,35.25,7,31.0,30.0,29.0,31.0,31.0,29.0,31.0,30.0,30.0,32.0,32.0,51.0,48.0,42.0,44.0,43.0
2025-12-25T13:10:24.857317,14354.997,5153,Thumb,motor_13_open,51.0,35.1875,7,31.0,30.0,29.0,30.0,31.0,29.0,31.0,30.0,30.0,32.0,32.0,51.0,48.0,42.0,44.0,43.0
2025-12-25T13:10:25.753284,14355.892,5154,Thumb,motor_14_flexed,51.0,35.1875,7,31.0,30.0,29.0,30.0,31.0,29.0,31.0,30.0,30.0,32.0,32.0,51.0,48.0,42.0,44.0,43.0
2025-12-25T13:10:27.641195,14357.781,5154,Thumb,motor_14_open,51.0,35.125,7,31.0,30.0,29.0,31.0,30.0,29.0,31.0,30.0,30.0,32.0,32.0,51.0,48.0,42.0,44.0,42.0
2025-12-25T13:10:28.537156,14358.676,5155,Thumb,motor_12_flexed,51.0,35.1875,7,31.0,30.0,29.0,31.0,30.0,29.0,31.0,30.0,30.0,32.0,32.0,51.0,48.0,42.0,45.0,42.0
2025-12-25T13:10:30.425052,14360.556,5155,Thumb,motor_12_open,51.0,35.1875,7,31.0,30.0,29.0,31.0,30.0,29.0,31.0,30.0,30.0,32.0,32.0,51.0,48.0,42.0,44.0,43.0
2025-12-25T13:10:31.321009,14361.456,5156,Index,motor_2_flexed,51.0,35.125,7,31.0,30.0,29.0,30.0,30.0,29.0,31.0,30.0,30.0,32.0,32.0,51.0,48.0,42.0,45.0,42.0
2025-12-25T13:10:33.208922,14363.348,5156,Index,motor_2_open,51.0,35.125,7,31.0,30.0,29.0,30.0,30.0,29.0,31.0,30.0,30.0,32.0,32.0,51.0,48.0,42.0,45.0,42.0
2025-12-25T13:10:34.104878,14364.243,5157,Index,motor_1_flexed,51.0,35.125,7,31.0,30.0,29.0,30.0,30.0,29.0,31.0,30.0,30.0,32.0,32.0,51.0,48.0,42.0,44.0,43.0
2025-12-25T13:10:35.992809,14366.129,5157,Index,motor_1_open,51.0,35.125,7,31.0,30.0,29.0,30.0,30.0,29.0,31.0,30.0,30.0,32.0,32.0,51.0,48.0,42.0,45.0,42.0
2025-12-25T13:10:36.888773,14367.025,5158,Index,motor_3_flexed,51.0,35.0625,7,31.0,30.0,29.0,30.0,30.0,29.0,31.0,30.0,30.0,32.0,32.0,51.0,48.0,42.0,44.0,42.0
2025-12-25T13:10:38.776685,14368.916,5158,Index,motor_3_open,51.0,35.1875,7,31.0,30.0,29.0,30.0,30.0,29.0,31.0,30.0,30.0,32.0,32.0,51.0,48.0,42.0,45.0,43.0
2025-12-25T13:10:39.672650,14369.81,5159,Middle,motor_11_flexed,51.0,35.0625,7,31.0,30.0,29.0,30.0,30.0,29.0,31.0,30.0,30.0,32.0,32.0,51.0,48.0,42.0,44.0,42.0
2025-12-25T13:10:41.560561,14371.701,5159,Middle,motor_11_open,51.0,35.0,7,31.0,30.0,29.0,30.0,30.0,29.0,31.0,30.0,30.0,32.0,32.0,51.0,48.0,42.0,44.0,41.0
2025-12-25T13:10:42.456517,14372.596,5160,Middle,motor_10_flexed,51.0,35.25,7,31.0,30.0,29.0,31.0,30.0,29.0,31.0,30.0,30.0,32.0,32.0,51.0,48.0,42.0,45.0,43.0
2025-12-25T13:10:44.344441,14374.483,5160,Middle,motor_10_open,51.0,35.125,7,31.0,30.0,29.0,30.0,30.0,29.0,31.0,30.0,30.0,32.0,32.0,51.0,48.0,42.0,45.0,42.0
2025-12-25T13:10:45.240393,14375.379,5161,Ring,motor_4_flexed,51.0,35.125,7,31.0,30.0,29.0,30.0,30.0,29.0,31.0,30.0,30.0,32.0,32.0,51.0,48.0,42.0,45.0,42.0
2025-12-25T13:10:47.128300,14377.266,5161,Ring,motor_4_open,51.0,35.125,7,31.0,30.0,29.0,30.0,30.0,29.0,31.0,30.0,30.0,32.0,32.0,51.0,48.0,42.0,45.0,42.0
2025-12-25T13:10:48.024259,14378.16,5162,Ring,motor_5_flexed,51.0,35.0625,7,31.0,30.0,29.0,30.0,30.0,29.0,31.0,30.0,30.0,32.0,32.0,51.0,48.0,42.0,44.0,42.0
2025-12-25T13:10:49.912182,14380.05,5162,Ring,motor_5_open,51.0,35.1875,7,31.0,30.0,29.0,31.0,30.0,29.0,31.0,30.0,30.0,32.0,32.0,51.0,48.0,42.0,45.0,42.0
2025-12-25T13:10:50.808138,14380.943,5163,Ring,motor_6_flexed,51.0,35.1875,7,31.0,30.0,29.0,30.0,31.0,29.0,31.0,30.0,30.0,32.0,32.0,51.0,48.0,42.0,45.0,42.0
2025-12-25T13:10:52.696054,14382.835,5163,Ring,motor_6_open,51.0,35.1875,7,31.0,30.0,29.0,31.0,31.0,29.0,31.0,30.0,30.0,32.0,32.0,51.0,48.0,42.0,44.0,42.0
2025-12-25T13:10:53.592024,14383.731,5164,Pinky,motor_7_flexed,51.0,35.125,7,31.0,30.0,29.0,30.0,30.0,29.0,31.0,30.0,30.0,32.0,32.0,51.0,48.0,42.0,45.0,42.0
2025-12-25T13:10:55.479931,14385.619,5164,Pinky,motor_7_open,51.0,35.1875,7,31.0,30.0,29.0,31.0,31.0,29.0,31.0,30.0,30.0,32.0,32.0,51.0,48.0,42.0,44.0,42.0
2025-12-25T13:10:56.375887,14386.515,5165,Pinky,motor_8_flexed,51.0,35.125,7,31.0,30.0,29.0,30.0,31.0,29.0,31.0,30.0,30.0,32.0,32.0,51.0,48.0,42.0,44.0,42.0
2025-12-25T13:10:58.263817,14388.403,5165,Pinky,motor_8_open,51.0,35.1875,7,31.0,30.0,29.0,30.0,30.0,29.0,31.0,30.0,30.0,32.0,32.0,51.0,48.0,42.0,45.0,43.0
2025-12-25T13:10:59.159761,14389.298,5166,Pinky,motor_9_flexed,51.0,35.25,7,31.0,30.0,29.0,31.0,30.0,29.0,31.0,30.0,30.0,32.0,32.0,51.0,48.0,42.0,46.0,42.0
2025-12-25T13:11:01.047678,14391.187,5166,Pinky,motor_9_open,51.0,35.125,7,31.0,30.0,29.0,30.0,30.0,29.0,31.0,30.0,30.0,32.0,32.0,51.0,48.0,42.0,45.0,42.0
2025-12-25T13:11:01.943636,14392.083,5167,Thumb,motor_13_flexed,51.0,35.3125,7,31.0,30.0,29.0,31.0,31.0,29.0,31.0,30.0,30.0,32.0,32.0,51.0,48.0,42.0,45.0,43.0
2025-12-25T13:11:03.831554,14393.972,5167,Thumb,motor_13_open,51.0,35.125,7,31.0,30.0,29.0,30.0,30.0,29.0,31.0,30.0,30.0,32.0,32.0,51.0,48.0,42.0,45.0,42.0
2025-12-25T13:11:04.727504,14394.864,5168,Thumb,motor_14_flexed,51.0,35.0625,7,31.0,30.0,29.0,30.0,30.0,29.0,31.0,30.0,30.0,32.0,32.0,51.0,48.0,42.0,44.0,42.0
2025-12-25T13:11:06.615423,14396.754,5168,Thumb,motor_14_open,51.0,35.1875,7,31.0,30.0,29.0,31.0,30.0,29.0,31.0,30.0,30.0,32.0,32.0,51.0,48.0,42.0,45.0,42.0
2025-12-25T13:11:07.511392,14397.649,5169,Thumb,motor_12_flexed,51.0,35.125,7,31.0,30.0,29.0,31.0,30.0,29.0,31.0,30.0,30.0,32.0,32.0,51.0,48.0,42.0,44.0,42.0
2025-12-25T13:11:09.399297,14399.54,5169,Thumb,motor_12_open,51.0,35.1875,7,31.0,30.0,29.0,31.0,30.0,29.0,31.0,30.0,30.0,32.0,32.0,51.0,48.0,42.0,45.0,42.0
2025-12-25T13:11:09.991270,14400.125,5169,Thumb,motor_12_open_hold,51.0,35.125,7,31.0,30.0,29.0,30.0,31.0,29.0,31.0,30.0,30.0,32.0,32.0,51.0,48.0,42.0,44.0,42.0
