timestamp,elapsed_sec,cycle_index,finger,stage,max_temp_c,mean_temp_c,chunk_index,m01_temp_c,m02_temp_c,m03_temp_c,m04_temp_c,m05_temp_c,m06_temp_c,m07_temp_c,m08_temp_c,m09_temp_c,m10_temp_c,m11_temp_c,m12_temp_c,m13_temp_c,m14_temp_c,m15_temp_c,m16_temp_c
2025-12-25T09:41:11.994846,1802.134,647,Thumb,motor_12_open,50.0,34.625,1,31.0,30.0,29.0,30.0,30.0,28.0,30.0,30.0,29.0,31.0,32.0,50.0,48.0,42.0,43.0,41.0
2025-12-25T09:41:12.890797,1803.028,648,Index,motor_2_flexed,50.0,34.625,1,31.0,30.0,29.0,30.0,30.0,28.0,30.0,30.0,29.0,31.0,32.0,50.0,48.0,42.0,43.0,41.0
2025-12-25T09:41:14.778694,1804.915,648,Index,motor_2_open,50.0,34.75,1,31.0,30.0,29.0,30.0,30.0,28.0,30.0,30.0,29.0,31.0,32.0,50.0,48.0,42.0,44.0,42.0
2025-12-25T09:41:15.674647,1805.813,649,Index,motor_1_flexed,50.0,34.6875,1,31.0,30.0,29.0,30.0,30.0,28.0,30.0,30.0,29.0,31.0,32.0,50.0,48.0,42.0,44.0,41.0
2025-12-25T09:41:17.562546,1807.699,649,Index,motor_1_open,50.0,34.6875,1,31.0,30.0,29.0,30.0,30.0,28.0,30.0,30.0,29.0,31.0,32.0,50.0,48.0,42.0,43.0,42.0
2025-12-25T09:41:18.458491,1808.595,650,Index,motor_3_flexed,50.0,34.5,1,31.0,30.0,29.0,30.0,30.0,28.0,30.0,30.0,29.0,31.0,32.0,50.0,48.0,42.0,43.0,39.0
2025-12-25T09:41:20.346389,1810.484,650,Index,motor_3_open,50.0,34.6875,1,31.0,30.0,29.0,30.0,30.0,28.0,30.0,30.0,29.0,31.0,32.0,50.0,48.0,42.0,44.0,41.0
2025-12-25T09:41:21.242342,1811.38,651,Middle,motor_11_flexed,50.0,34.75,1,31.0,30.0,29.0,30.0,30.0,28.0,30.0,30.0,29.0,31.0,32.0,50.0,48.0,42.0,44.0,42.0
2025-12-25T09:41:23.130235,1813.267,651,Middle,motor_11_open,50.0,34.625,1,31.0,30.0,29.0,30.0,30.0,28.0,30.0,30.0,29.0,31.0,32.0,50.0,48.0,42.0,43.0,41.0
2025-12-25T09:41:24.026184,1814.162,652,Middle,motor_10_flexed,50.0,34.6875,1,31.0,30.0,29.0,30.0,30.0,28.0,30.0,30.0,29.0,31.0,32.0,50.0,48.0,42.0,44.0,41.0
2025-12-25T09:41:25.914083,1816.051,652,Middle,motor_10_open,50.0,34.6875,1,31.0,30.0,29.0,30.0,30.0,28.0,30.0,30.0,29.0,31.0,32.0,50.0,48.0,42.0,44.0,41.0
2025-12-25T09:41:26.810040,1816.947,653,Ring,motor_4_flexed,50.0,34.6875,1,31.0,30.0,29.0,30.0,30.0,28.0,30.0,30.0,29.0,31.0,32.0,50.0,48.0,42.0,44.0,41.0
2025-12-25T09:41:28.697931,1818.834,653,Ring,motor_4_open,50.0,34.6875,1,31.0,30.0,29.0,30.0,30.0,28.0,30.0,30.0,29.0,31.0,32.0,50.0,48.0,42.0,43.0,42.0
2025-12-25T09:41:29.593870,1819.728,654,Ring,motor_5_flexed,50.0,34.6875,1,31.0,30.0,29.0,30.0,30.0,28.0,30.0,30.0,29.0,31.0,32.0,50.0,48.0,42.0,43.0,42.0
2025-12-25T09:41:31.481773,1821.613,654,Ring,motor_5_open,50.0,34.6875,1,31.0,30.0,29.0,30.0,30.0,28.0,30.0,30.0,29.0,31.0,32.0,50.0,48.0,42.0,43.0,42.0
2025-12-25T09:41:32.377732,1822.516,655,Ring,motor_6_flexed,50.0,34.6875,1,31.0,30.0,29.0,30.0,30.0,28.0,30.0,30.0,29.0,31.0,32.0,50.0,48.0,42.0,44.0,41.0
2025-12-25T09:41:34.265629,1824.403,655,Ring,motor_6_open,50.0,34.75,1,31.0,30.0,29.0,30.0,30.0,28.0,30.0,30.0,29.0,31.0,32.0,50.0,48.0,42.0,44.0,42.0
2025-12-25T09:41:35.161578,1825.299,656,Pinky,motor_7_flexed,50.0,34.6875,1,31.0,30.0,29.0,30.0,30.0,28.0,30.0,30.0,29.0,31.0,32.0,50.0,48.0,42.0,44.0,41.0
2025-12-25T09:41:37.049466,1827.189,656,Pinky,motor_7_open,50.0,34.625,1,31.0,30.0,29.0,30.0,30.0,28.0,30.0,30.0,29.0,31.0,32.0,50.0,48.0,42.0,43.0,41.0
2025-12-25T09:41:37.945414,1828.083,657,Pinky,motor_8_flexed,50.0,34.75,1,31.0,30.0,29.0,30.0,30.0,28.0,30.0,30.0,29.0,31.0,32.0,50.0,48.0,42.0,44.0,42.0
2025-12-25T09:41:39.833322,1829.973,657,Pinky,motor_8_open,50.0,34.75,1,31.0,30.0,29.0,30.0,30.0,28.0,30.0,30.0,29.0,31.0,32.0,50.0,48.0,42.0,44.0,42.0
2025-12-25T09:41:40.729273,1830.868,658,Pinky,motor_9_flexed,50.0,34.6875,1,31.0,30.0,29.0,30.0,30.0,28.0,30.0,30.0,29.0,31.0,32.0,50.0,48.0,42.0,44.0,41.0
2025-12-25T09:41:42.617171,1832.755,658,Pinky,motor_9_open,50.0,34.75,1,31.0,30.0,29.0,30.0,30.0,28.0,30.0,30.0,29.0,31.0,32.0,50.0,48.0,42.0,44.0,42.0
2025-12-25T09:41:43.513121,1833.652,659,Thumb,motor_13_flexed,50.0,34.6875,1,31.0,30.0,29.0,30.0,30.0,28.0,30.0,30.0,29.0,31.0,32.0,50.0,48.0,42.0,44.0,41.0
2025-12-25T09:41:45.401030,1835.542,659,Thumb,motor_13_open,50.0,34.6875,1,31.0,30.0,29.0,30.0,30.0,28.0,30.0,30.0,29.0,31.0,32.0,50.0,48.0,42.0,43.0,42.0
2025-12-25T09:41:46.296969,1836.433,660,Thumb,motor_14_flexed,50.0,34.6875,1,31.0,30.0,29.0,30.0,30.0,28.0,30.0,30.0,29.0,31.0,32.0,50.0,48.0,42.0,43.0,42.0
2025-12-25T09:41:48.184868,1838.32,660,Thumb,motor_14_open,50.0,34.6875,1,31.0,30.0,29.0,30.0,30.0,28.0,30.0,30.0,29.0,31.0,32.0,50.0,48.0,42.0,43.0,42.0
2025-12-25T09:41:49.080815,1839.219,661,Thumb,motor_12_flexed,50.0,34.75,1,31.0,30.0,29.0,30.0,30.0,28.0,30.0,30.0,29.0,31.0,32.0,50.0,48.0,42.0,44.0,42.0
2025-12-25T09:41:50.968706,1841.109,661,Thumb,motor_12_open,50.0,34.75,1,31.0,30.0,29.0,30.0,30.0,28.0,30.0,30.0,29.0,31.0,32.0,50.0,48.0,42.0,44.0,42.0
2025-12-25T09:41:51.864653,1842.001,662,Index,motor_2_flexed,50.0,34.6875,1,31.0,30.0,29.0,30.0,30.0,28.0,30.0,30.0,29.0,31.0,32.0,50.0,48.0,42.0,44.0,41.0
2025-12-25T09:41:53.752548,1843.885,662,Index,motor_2_open,50.0,34.6875,1,31.0,30.0,29.0,30.0,30.0,28.0,30.0,30.0,29.0,31.0,32.0,50.0,48.0,42.0,44.0,41.0
2025-12-25T09:41:54.648516,1844.786,663,Index,motor_1_flexed,50.0,34.6875,1,31.0,30.0,29.0,30.0,30.0,28.0,30.0,30.0,29.0,31.0,32.0,50.0,48.0,42.0,44.0,41.0
2025-12-25T09:41:56.536390,1846.675,663,Index,motor_1_open,50.0,34.75,1,31.0,30.0,29.0,30.0,30.0,28.0,30.0,30.0,29.0,31.0,32.0,50.0,48.0,42.0,44.0,42.0
2025-12-25T09:41:57.432347,1847.57,664,Index,motor_3_flexed,50.0,34.75,1,31.0,30.0,29.0,30.0,30.0,28.0,30.0,30.0,29.0,31.0,32.0,50.0,48.0,42.0,44.0,42.0
2025-12-25T09:41:59.320261,1849.456,664,Index,motor_3_open,50.0,34.75,1,31.0,30.0,29.0,30.0,30.0,28.0,30.0,30.0,29.0,31.0,32.0,50.0,48.0,42.0,44.0,42.0
2025-12-25T09:42:00.216211,1850.353,665,Middle,motor_11_flexed,50.0,34.6875,1,31.0,30.0,29.0,30.0,30.0,28.0,30.0,30.0,29.0,31.0,32.0,50.0,48.0,42.0,43.0,42.0
2025-12-25T09:42:02.104103,1852.245,665,Middle,motor_11_open,50.0,34.8125,1,31.0,30.0,29.0,30.0,30.0,29.0,30.0,30.0,29.0,31.0,32.0,50.0,48.0,42.0,44.0,42.0
2025-12-25T09:42:03.000055,1853.139,666,Middle,motor_10_flexed,50.0,34.75,1,31.0,30.0,29.0,30.0,30.0,28.0,30.0,30.0,29.0,31.0,32.0,50.0,48.0,42.0,44.0,42.0
2025-12-25T09:42:04.887942,1855.027,666,Middle,motor_10_open,50.0,34.6875,1,31.0,30.0,29.0,30.0,30.0,28.0,30.0,30.0,29.0,31.0,32.0,50.0,48.0,42.0,43.0,42.0
2025-12-25T09:42:05.783893,1855.92,667,Ring,motor_4_flexed,50.0,34.8125,1,31.0,30.0,29.0,30.0,30.0,28.0,30.0,30.0,29.0,31.0,32.0,50.0,48.0,42.0,44.0,43.0
2025-12-25T09:42:07.671792,1857.81,667,Ring,motor_4_open,50.0,34.75,1,31.0,30.0,29.0,30.0,30.0,28.0,30.0,30.0,29.0,31.0,32.0,50.0,48.0,42.0,44.0,42.0
2025-12-25T09:42:08.567760,1858.707,668,Ring,motor_5_flexed,50.0,34.6875,1,31.0,30.0,29.0,30.0,30.0,28.0,30.0,30.0,29.0,31.0,32.0,50.0,48.0,42.0,43.0,42.0
2025-12-25T09:42:10.151656,1860.294,668,Ring,motor_5_flex_hold,50.0,34.6875,1,31.0,30.0,29.0,30.0,30.0,28.0,30.0,30.0,29.0,31.0,32.0,50.0,48.0,42.0,43.0,42.0
2025-12-25T09:42:10.551640,1860.682,668,Ring,motor_5_open,50.0,34.6875,1,31.0,30.0,29.0,30.0,30.0,28.0,30.0,30.0,29.0,31.0,32.0,50.0,48.0,42.0,44.0,41.0
2025-12-25T09:42:11.447593,1861.585,669,Ring,motor_6_flexed,50.0,34.6875,1,31.0,30.0,29.0,30.0,30.0,28.0,30.0,30.0,29.0,31.0,32.0,50.0,48.0,42.0,43.0,42.0
2025-12-25T09:42:13.335488,1863.472,669,Ring,motor_6_open,50.0,34.75,1,31.0,30.0,29.0,30.0,30.0,28.0,30.0,30.0,29.0,31.0,32.0,50.0,48.0,42.0,44.0,42.0
2025-12-25T09:42:14.231429,1864.368,670,Pinky,motor_7_flexed,50.0,34.6875,1,31.0,30.0,29.0,30.0,30.0,28.0,30.0,30.0,29.0,31.0,32.0,50.0,48.0,42.0,44.0,41.0
2025-12-25T09:42:16.119339,1866.258,670,Pinky,motor_7_open,50.0,34.75,1,31.0,30.0,29.0,30.0,30.0,28.0,30.0,30.0,29.0,31.0,32.0,50.0,48.0,42.0,44.0,42.0
2025-12-25T09:42:17.015282,1867.153,671,Pinky,motor_8_flexed,50.0,34.625,1,31.0,30.0,29.0,30.0,30.0,28.0,30.0,30.0,29.0,31.0,32.0,50.0,48.0,42.0,43.0,41.0
2025-12-25T09:42:18.903185,1869.044,671,Pinky,motor_8_open,50.0,34.625,1,31.0,30.0,29.0,30.0,30.0,28.0,30.0,30.0,29.0,31.0,32.0,50.0,48.0,42.0,43.0,41.0
2025-12-25T09:42:19.799137,1869.937,672,Pinky,motor_9_flexed,50.0,34.75,1,31.0,30.0,29.0,30.0,30.0,28.0,30.0,30.0,29.0,31.0,32.0,50.0,48.0,42.0,44.0,42.0
2025-12-25T09:42:21.687032,1871.827,672,Pinky,motor_9_open,50.0,34.6875,1,31.0,30.0,29.0,30.0,30.0,28.0,30.0,30.0,29.0,31.0,32.0,50.0,48.0,42.0,44.0,41.0
2025-12-25T09:42:22.582985,1872.722,673,Thumb,motor_13_flexed,50.0,34.6875,1,31.0,30.0,29.0,30.0,30.0,28.0,30.0,30.0,29.0,31.0,32.0,50.0,48.0,42.0,44.0,41.0
2025-12-25T09:42:24.470877,1874.608,673,Thumb,motor_13_open,50.0,34.625,1,31.0,30.0,29.0,30.0,30.0,28.0,30.0,30.0,29.0,31.0,32.0,50.0,48.0,42.0,43.0,41.0
2025-12-25T09:42:25.366832,1875.503,674,Thumb,motor_14_flexed,50.0,34.5625,1,31.0,30.0,29.0,30.0,30.0,28.0,30.0,30.0,29.0,31.0,32.0,50.0,48.0,42.0,43.0,40.0
2025-12-25T09:42:27.254726,1877.395,674,Thumb,motor_14_open,50.0,34.75,1,31.0,30.0,29.0,30.0,30.0,28.0,30.0,30.0,29.0,31.0,32.0,50.0,48.0,42.0,44.0,42.0
2025-12-25T09:42:28.150678,1878.288,675,Thumb,motor_12_flexed,50.0,34.6875,1,31.0,30.0,29.0,30.0,30.0,28.0,30.0,30.0,29.0,31.0,32.0,50.0,48.0,42.0,43.0,42.0
2025-12-25T09:42:30.038576,1880.175,675,Thumb,motor_12_open,50.0,34.6875,1,31.0,30.0,29.0,30.0,30.0,28.0,30.0,30.0,29.0,31.0,32.0,50.0,48.0,42.0,44.0,41.0
2025-12-25T09:42:30.934526,1881.072,676,Index,motor_2_flexed,50.0,34.6875,1,31.0,30.0,29.0,30.0,30.0,28.0,30.0,30.0,29.0,31.0,32.0,50.0,48.0,42.0,44.0,41.0
2025-12-25T09:42:32.822422,1882.96,676,Index,motor_2_open,50.0,34.625,1,31.0,30.0,29.0,30.0,30.0,28.0,30.0,30.0,29.0,31.0,32.0,50.0,48.0,42.0,43.0,41.0
2025-12-25T09:42:33.718382,1883.855,677,Index,motor_1_flexed,50.0,34.5625,1,31.0,30.0,29.0,30.0,30.0,28.0,30.0,30.0,29.0,31.0,32.0,50.0,48.0,42.0,42.0,41.0
2025-12-25T09:42:35.606273,1885.746,677,Index,motor_1_open,50.0,34.75,1,31.0,30.0,29.0,30.0,30.0,28.0,30.0,30.0,29.0,31.0,32.0,50.0,48.0,42.0,44.0,42.0
2025-12-25T09:42:36.502221,1886.637,678,Index,motor_3_flexed,50.0,34.6875,1,31.0,30.0,29.0,30.0,30.0,28.0,30.0,30.0,29.0,31.0,32.0,50.0,48.0,42.0,44.0,41.0
2025-12-25T09:42:38.390128,1888.528,678,Index,motor_3_open,50.0,34.6875,1,31.0,30.0,29.0,30.0,30.0,28.0,30.0,30.0,29.0,31.0,32.0,50.0,48.0,42.0,43.0,42.0
2025-12-25T09:42:39.286070,1889.424,679,Middle,motor_11_flexed,50.0,34.6875,1,31.0,30.0,29.0,30.0,30.0,28.0,30.0,30.0,29.0,31.0,32.0,50.0,48.0,42.0,44.0,41.0
2025-12-25T09:42:41.173966,1891.31,679,Middle,motor_11_open,50.0,34.625,1,31.0,30.0,29.0,30.0,30.0,28.0,30.0,30.0,29.0,31.0,32.0,50.0,48.0,42.0,43.0,41.0
2025-12-25T09:42:42.069919,1892.207,680,Middle,motor_10_flexed,50.0,34.6875,1,31.0,30.0,29.0,30.0,30.0,28.0,30.0,30.0,29.0,31.0,32.0,50.0,48.0,42.0,43.0,42.0
2025-12-25T09:42:43.957815,1894.098,680,Middle,motor_10_open,50.0,34.6875,1,31.0,30.0,29.0,30.0,30.0,28.0,30.0,30.0,29.0,31.0,32.0,50.0,48.0,42.0,44.0,41.0
2025-12-25T09:42:44.853766,1894.992,681,Ring,motor_4_flexed,50.0,34.6875,1,31.0,30.0,29.0,30.0,30.0,28.0,30.0,30.0,29.0,31.0,32.0,50.0,48.0,42.0,44.0,41.0
2025-12-25T09:42:46.741653,1896.88,681,Ring,motor_4_open,50.0,34.625,1,31.0,30.0,29.0,30.0,30.0,28.0,30.0,30.0,29.0,31.0,32.0,50.0,48.0,42.0,43.0,41.0
2025-12-25T09:42:47.637616,1897.775,682,Ring,motor_5_flexed,50.0,34.75,1,31.0,30.0,29.0,30.0,30.0,28.0,30.0,30.0,29.0,31.0,32.0,50.0,48.0,42.0,44.0,42.0
2025-12-25T09:42:49.525512,1899.662,682,Ring,motor_5_open,50.0,34.6875,1,31.0,30.0,29.0,30.0,30.0,28.0,30.0,30.0,29.0,31.0,32.0,50.0,48.0,42.0,44.0,41.0
2025-12-25T09:42:50.421463,1900.559,683,Ring,motor_6_flexed,50.0,34.75,1,31.0,30.0,29.0,30.0,30.0,28.0,30.0,30.0,29.0,31.0,32.0,50.0,48.0,42.0,44.0,42.0
2025-12-25T09:42:52.309370,1902.449,683,Ring,motor_6_open,50.0,34.6875,1,31.0,30.0,29.0,30.0,30.0,28.0,30.0,30.0,29.0,31.0,32.0,50.0,48.0,42.0,44.0,41.0
2025-12-25T09:42:53.205309,1903.341,684,Pinky,motor_7_flexed,50.0,34.75,1,31.0,30.0,29.0,30.0,30.0,28.0,30.0,30.0,29.0,31.0,32.0,50.0,48.0,42.0,44.0,42.0
2025-12-25T09:42:55.093205,1905.233,684,Pinky,motor_7_open,50.0,34.75,1,31.0,30.0,29.0,30.0,30.0,28.0,30.0,30.0,29.0,31.0,32.0,50.0,48.0,42.0,43.0,43.0
2025-12-25T09:42:55.989155,1906.128,685,Pinky,motor_8_flexed,50.0,34.6875,1,31.0,30.0,29.0,30.0,30.0,28.0,30.0,30.0,29.0,31.0,32.0,50.0,48.0,42.0,43.0,42.0
2025-12-25T09:42:57.877053,1908.016,685,Pinky,motor_8_open,50.0,34.6875,1,31.0,30.0,29.0,30.0,30.0,28.0,30.0,30.0,29.0,31.0,32.0,50.0,48.0,42.0,44.0,41.0
2025-12-25T09:42:58.773004,1908.909,686,Pinky,motor_9_flexed,50.0,34.75,1,31.0,30.0,29.0,30.0,30.0,28.0,30.0,30.0,29.0,31.0,32.0,50.0,48.0,42.0,44.0,42.0
2025-12-25T09:43:00.660900,1910.798,686,Pinky,motor_9_open,50.0,34.625,1,31.0,30.0,29.0,30.0,30.0,28.0,30.0,30.0,29.0,31.0,32.0,50.0,48.0,42.0,43.0,41.0
2025-12-25T09:43:01.556866,1911.693,687,Thumb,motor_13_flexed,50.0,34.75,1,31.0,30.0,29.0,30.0,30.0,28.0,30.0,30.0,29.0,31.0,32.0,50.0,48.0,42.0,44.0,42.0
2025-12-25T09:43:03.444748,1913.583,687,Thumb,motor_13_open,50.0,34.6875,1,31.0,30.0,29.0,30.0,30.0,28.0,30.0,30.0,29.0,31.0,32.0,50.0,48.0,42.0,44.0,41.0
2025-12-25T09:43:04.340700,1914.479,688,Thumb,motor_14_flexed,50.0,34.75,1,31.0,30.0,29.0,30.0,30.0,28.0,30.0,30.0,29.0,31.0,32.0,50.0,48.0,42.0,44.0,42.0
2025-12-25T09:43:06.228606,1916.365,688,Thumb,motor_14_open,50.0,34.6875,1,31.0,30.0,29.0,30.0,30.0,28.0,30.0,30.0,29.0,31.0,32.0,50.0,48.0,42.0,43.0,42.0
2025-12-25T09:43:07.124539,1917.262,689,Thumb,motor_12_flexed,50.0,34.625,1,31.0,30.0,29.0,30.0,30.0,28.0,30.0,30.0,29.0,31.0,32.0,50.0,48.0,42.0,43.0,41.0
2025-12-25T09:43:09.012445,1919.152,689,Thumb,motor_12_open,50.0,34.625,1,31.0,30.0,29.0,30.0,30.0,28.0,30.0,30.0,29.0,31.0,32.0,50.0,48.0,42.0,43.0,41.0
2025-12-25T09:43:09.908396,1920.047,690,Index,motor_2_flexed,50.0,34.6875,1,31.0,30.0,29.0,30.0,30.0,28.0,30.0,30.0,29.0,31.0,32.0,50.0,48.0,42.0,44.0,41.0
2025-12-25T09:43:11.796290,1921.933,690,Index,motor_2_open,50.0,34.75,1,31.0,30.0,29.0,30.0,30.0,28.0,30.0,30.0,29.0,31.0,32.0,50.0,48.0,42.0,44.0,42.0
2025-12-25T09:43:12.692241,1922.832,691,Index,motor_1_flexed,50.0,34.75,1,31.0,30.0,29.0,30.0,30.0,28.0,30.0,30.0,29.0,31.0,32.0,50.0,48.0,42.0,44.0,42.0
2025-12-25T09:43:14.580140,1924.717,691,Index,motor_1_open,50.0,34.6875,1,31.0,30.0,29.0,30.0,30.0,28.0,30.0,30.0,29.0,31.0,32.0,50.0,48.0,42.0,44.0,41.0
2025-12-25T09:43:15.476091,1925.612,692,Index,motor_3_flexed,50.0,34.75,1,31.0,30.0,29.0,30.0,30.0,28.0,30.0,30.0,29.0,31.0,32.0,50.0,48.0,42.0,44.0,42.0
2025-12-25T09:43:17.363978,1927.5,692,Index,motor_3_open,50.0,34.625,1,31.0,30.0,29.0,30.0,30.0,28.0,30.0,30.0,29.0,31.0,32.0,50.0,48.0,42.0,43.0,41.0
2025-12-25T09:43:18.259973,1928.398,693,Middle,motor_11_flexed,50.0,34.6875,1,31.0,30.0,29.0,30.0,30.0,28.0,30.0,30.0,29.0,31.0,32.0,50.0,48.0,42.0,43.0,42.0
2025-12-25T09:43:20.147863,1930.289,693,Middle,motor_11_open,50.0,34.625,1,31.0,30.0,29.0,30.0,30.0,28.0,30.0,30.0,29.0,31.0,32.0,50.0,48.0,42.0,43.0,41.0
2025-12-25T09:43:21.043799,1931.184,694,Middle,motor_10_flexed,50.0,34.6875,1,31.0,30.0,29.0,30.0,30.0,28.0,30.0,30.0,29.0,31.0,32.0,50.0,48.0,42.0,43.0,42.0
2025-12-25T09:43:22.931697,1933.067,694,Middle,motor_10_open,50.0,34.6875,1,31.0,30.0,29.0,30.0,30.0,28.0,30.0,30.0,29.0,31.0,32.0,50.0,48.0,42.0,44.0,41.0
2025-12-25T09:43:23.827670,1933.966,695,Ring,motor_4_flexed,50.0,34.6875,1,31.0,30.0,29.0,30.0,30.0,28.0,30.0,30.0,29.0,31.0,32.0,50.0,48.0,42.0,44.0,41.0
2025-12-25T09:43:25.715558,1935.855,695,Ring,motor_4_open,50.0,34.75,1,31.0,30.0,29.0,30.0,30.0,28.0,30.0,30.0,29.0,31.0,32.0,50.0,48.0,42.0,44.0,42.0
2025-12-25T09:43:26.611487,1936.75,696,Ring,motor_5_flexed,50.0,34.6875,1,31.0,30.0,29.0,30.0,30.0,28.0,30.0,30.0,29.0,31.0,32.0,50.0,48.0,42.0,44.0,41.0
2025-12-25T09:43:28.499410,1938.641,696,Ring,motor_5_open,50.0,34.75,1,31.0,30.0,29.0,30.0,30.0,28.0,30.0,30.0,29.0,31.0,32.0,50.0,48.0,42.0,44.0,42.0
2025-12-25T09:43:29.395358,1939.534,697,Ring,motor_6_flexed,50.0,34.6875,1,31.0,30.0,29.0,30.0,30.0,28.0,30.0,30.0,29.0,31.0,32.0,50.0,48.0,42.0,43.0,42.0
2025-12-25T09:43:31.283251,1941.422,697,Ring,motor_6_open,50.0,34.8125,1,31.0,30.0,29.0,30.0,30.0,28.0,30.0,30.0,29.0,31.0,32.0,50.0,48.0,42.0,44.0,43.0
2025-12-25T09:43:32.179183,1942.319,698,Pinky,motor_7_flexed,50.0,34.625,1,31.0,30.0,29.0,30.0,30.0,28.0,30.0,30.0,29.0,31.0,32.0,50.0,48.0,42.0,43.0,41.0
2025-12-25T09:43:34.067106,1944.205,698,Pinky,motor_7_open,50.0,34.6875,1,31.0,30.0,29.0,30.0,30.0,28.0,30.0,30.0,29.0,31.0,32.0,50.0,48.0,42.0,44.0,41.0
2025-12-25T09:43:34.963032,1945.099,699,Pinky,motor_8_flexed,50.0,34.625,1,31.0,30.0,29.0,30.0,30.0,28.0,30.0,30.0,29.0,31.0,32.0,50.0,48.0,42.0,43.0,41.0
2025-12-25T09:43:36.850951,1946.99,699,Pinky,motor_8_open,50.0,34.75,1,31.0,30.0,29.0,30.0,30.0,28.0,30.0,30.0,29.0,31.0,32.0,50.0,48.0,42.0,44.0,42.0
2025-12-25T09:43:37.746912,1947.886,700,Pinky,motor_9_flexed,50.0,34.6875,1,31.0,30.0,29.0,30.0,30.0,28.0,30.0,30.0,29.0,31.0,32.0,50.0,48.0,42.0,44.0,41.0
2025-12-25T09:43:39.634804,1949.774,700,Pinky,motor_9_open,50.0,34.6875,1,31.0,30.0,29.0,30.0,30.0,28.0,30.0,30.0,29.0,31.0,32.0,50.0,48.0,42.0,44.0,41.0
2025-12-25T09:43:40.530752,1950.667,701,Thumb,motor_13_flexed,50.0,34.6875,1,31.0,30.0,29.0,30.0,30.0,28.0,30.0,30.0,29.0,31.0,32.0,50.0,48.0,42.0,43.0,42.0
2025-12-25T09:43:42.418617,1952.554,701,Thumb,motor_13_open,50.0,34.625,1,31.0,30.0,29.0,30.0,30.0,28.0,30.0,30.0,29.0,31.0,32.0,50.0,48.0,42.0,43.0,41.0
2025-12-25T09:43:43.314568,1953.45,702,Thumb,motor_14_flexed,50.0,34.625,1,31.0,30.0,29.0,30.0,30.0,28.0,30.0,30.0,29.0,31.0,32.0,50.0,48.0,42.0,43.0,41.0
2025-12-25T09:43:45.202472,1955.342,702,Thumb,motor_14_open,50.0,34.75,1,31.0,30.0,29.0,30.0,30.0,28.0,30.0,30.0,29.0,31.0,32.0,50.0,48.0,42.0,44.0,42.0
2025-12-25T09:43:46.098417,1956.234,703,Thumb,motor_12_flexed,50.0,34.6875,1,31.0,30.0,29.0,30.0,30.0,28.0,30.0,30.0,29.0,31.0,32.0,50.0,48.0,42.0,43.0,42.0
2025-12-25T09:43:47.986314,1958.123,703,Thumb,motor_12_open,50.0,34.625,1,31.0,30.0,29.0,30.0,30.0,28.0,30.0,30.0,29.0,31.0,32.0,50.0,48.0,42.0,43.0,41.0
2025-12-25T09:43:48.882258,1959.019,704,Index,motor_2_flexed,50.0,34.6875,1,31.0,30.0,29.0,30.0,30.0,28.0,30.0,30.0,29.0,31.0,32.0,50.0,48.0,42.0,44.0,41.0
2025-12-25T09:43:50.770152,1960.902,704,Index,motor_2_open,50.0,34.6875,1,31.0,30.0,29.0,30.0,30.0,28.0,30.0,30.0,29.0,31.0,32.0,50.0,48.0,42.0,43.0,42.0
2025-12-25T09:43:51.666115,1961.804,705,Index,motor_1_flexed,50.0,34.6875,1,31.0,30.0,29.0,30.0,30.0,28.0,30.0,30.0,29.0,31.0,32.0,50.0,48.0,42.0,43.0,42.0
2025-12-25T09:43:53.553998,1963.688,705,Index,motor_1_open,50.0,34.6875,1,31.0,30.0,29.0,30.0,30.0,28.0,30.0,30.0,29.0,31.0,32.0,50.0,48.0,42.0,44.0,41.0
2025-12-25T09:43:54.449968,1964.586,706,Index,motor_3_flexed,50.0,34.875,1,31.0,30.0,29.0,30.0,30.0,28.0,30.0,30.0,29.0,31.0,32.0,50.0,48.0,42.0,44.0,44.0
2025-12-25T09:43:56.337858,1966.475,706,Index,motor_3_open,50.0,34.5625,1,31.0,30.0,29.0,30.0,30.0,28.0,30.0,30.0,29.0,31.0,32.0,50.0,48.0,42.0,43.0,40.0
2025-12-25T09:43:57.233810,1967.372,707,Middle,motor_11_flexed,50.0,34.75,1,31.0,30.0,29.0,30.0,30.0,28.0,30.0,30.0,29.0,31.0,32.0,50.0,48.0,42.0,44.0,42.0
2025-12-25T09:43:59.121716,1969.257,707,Middle,motor_11_open,50.0,34.625,1,31.0,30.0,29.0,30.0,30.0,28.0,30.0,30.0,29.0,31.0,32.0,50.0,48.0,42.0,43.0,41.0
2025-12-25T09:44:00.017658,1970.154,708,Middle,motor_10_flexed,50.0,34.5625,1,31.0,30.0,29.0,30.0,30.0,28.0,30.0,30.0,29.0,31.0,32.0,50.0,47.0,42.0,43.0,41.0
2025-12-25T09:44:01.905558,1972.044,708,Middle,motor_10_open,50.0,34.625,1,31.0,30.0,29.0,30.0,30.0,28.0,30.0,30.0,29.0,31.0,32.0,50.0,47.0,42.0,44.0,41.0
2025-12-25T09:44:02.801507,1972.942,709,Ring,motor_4_flexed,50.0,34.6875,1,31.0,30.0,29.0,30.0,30.0,28.0,30.0,30.0,29.0,31.0,32.0,50.0,47.0,42.0,44.0,42.0
2025-12-25T09:44:04.689403,1974.826,709,Ring,motor_4_open,50.0,34.625,1,31.0,30.0,29.0,30.0,30.0,28.0,30.0,30.0,29.0,31.0,32.0,50.0,47.0,42.0,43.0,42.0
2025-12-25T09:44:05.585345,1975.723,710,Ring,motor_5_flexed,50.0,34.625,1,31.0,30.0,29.0,30.0,30.0,28.0,30.0,30.0,29.0,31.0,32.0,50.0,47.0,42.0,43.0,42.0
2025-12-25T09:44:07.473250,1977.613,710,Ring,motor_5_open,50.0,34.5625,1,31.0,30.0,29.0,30.0,30.0,28.0,30.0,30.0,29.0,31.0,32.0,50.0,47.0,42.0,43.0,41.0
2025-12-25T09:44:08.369213,1978.509,711,Ring,motor_6_flexed,50.0,34.625,1,31.0,30.0,29.0,30.0,30.0,28.0,30.0,30.0,29.0,31.0,32.0,50.0,47.0,42.0,43.0,42.0
2025-12-25T09:44:09.953114,1980.095,711,Ring,motor_6_flex_hold,50.0,34.6875,1,31.0,30.0,29.0,30.0,30.0,28.0,30.0,30.0,29.0,31.0,32.0,50.0,47.0,42.0,44.0,42.0
2025-12-25T09:44:10.353095,1980.493,711,Ring,motor_6_open,50.0,34.6875,1,31.0,30.0,29.0,30.0,30.0,28.0,30.0,30.0,29.0,31.0,32.0,50.0,47.0,42.0,44.0,42.0
2025-12-25T09:44:11.249048,1981.388,712,Pinky,motor_7_flexed,50.0,34.625,1,31.0,30.0,29.0,30.0,30.0,28.0,30.0,30.0,29.0,31.0,32.0,50.0,47.0,42.0,43.0,42.0
2025-12-25T09:44:13.136942,1983.273,712,Pinky,motor_7_open,50.0,34.625,1,31.0,30.0,29.0,30.0,30.0,28.0,30.0,30.0,29.0,31.0,32.0,50.0,47.0,42.0,44.0,41.0
2025-12-25T09:44:14.032894,1984.17,713,Pinky,motor_8_flexed,50.0,34.6875,1,31.0,30.0,29.0,30.0,30.0,28.0,30.0,30.0,29.0,31.0,32.0,50.0,47.0,42.0,44.0,42.0
2025-12-25T09:44:15.920793,1986.062,713,Pinky,motor_8_open,50.0,34.6875,1,31.0,30.0,29.0,30.0,30.0,28.0,30.0,30.0,29.0,31.0,32.0,50.0,47.0,42.0,44.0,42.0
2025-12-25T09:44:16.816742,1986.958,714,Pinky,motor_9_flexed,50.0,34.625,1,31.0,30.0,29.0,30.0,30.0,28.0,30.0,30.0,29.0,31.0,32.0,50.0,47.0,42.0,43.0,42.0
2025-12-25T09:44:18.704638,1988.842,714,Pinky,motor_9_open,50.0,34.6875,1,31.0,30.0,29.0,30.0,30.0,28.0,30.0,30.0,29.0,31.0,32.0,50.0,47.0,42.0,43.0,43.0
2025-12-25T09:44:19.600590,1989.741,715,Thumb,motor_13_flexed,50.0,34.625,1,31.0,30.0,29.0,30.0,30.0,28.0,30.0,30.0,29.0,31.0,32.0,50.0,47.0,42.0,44.0,41.0
2025-12-25T09:44:21.488480,1991.628,715,Thumb,motor_13_open,50.0,34.5625,1,31.0,30.0,29.0,30.0,30.0,28.0,30.0,30.0,29.0,31.0,32.0,50.0,47.0,42.0,43.0,41.0
2025-12-25T09:44:22.384440,1992.525,716,Thumb,motor_14_flexed,50.0,34.5625,1,31.0,30.0,29.0,30.0,30.0,28.0,30.0,30.0,29.0,31.0,32.0,50.0,47.0,42.0,43.0,41.0
2025-12-25T09:44:24.272335,1994.413,716,Thumb,motor_14_open,50.0,34.625,1,31.0,30.0,29.0,30.0,30.0,28.0,30.0,30.0,29.0,31.0,32.0,50.0,47.0,42.0,43.0,42.0
2025-12-25T09:44:25.168286,1995.307,717,Thumb,motor_12_flexed,50.0,34.6875,1,31.0,30.0,29.0,30.0,30.0,28.0,30.0,30.0,29.0,31.0,32.0,50.0,47.0,42.0,44.0,42.0
2025-12-25T09:44:27.056182,1997.198,717,Thumb,motor_12_open,50.0,34.625,1,31.0,30.0,29.0,30.0,30.0,28.0,30.0,30.0,29.0,31.0,32.0,50.0,47.0,42.0,44.0,41.0
2025-12-25T09:44:27.952167,1998.092,718,Index,motor_2_flexed,50.0,34.6875,1,31.0,30.0,29.0,30.0,30.0,28.0,30.0,30.0,29.0,31.0,32.0,50.0,47.0,42.0,44.0,42.0
2025-12-25T09:44:29.840064,1999.979,718,Index,motor_2_open,50.0,34.625,1,31.0,30.0,29.0,30.0,30.0,28.0,30.0,30.0,29.0,31.0,32.0,50.0,47.0,42.0,43.0,42.0
2025-12-25T09:44:30.736015,2000.875,719,Index,motor_1_flexed,50.0,34.5625,1,31.0,30.0,29.0,30.0,30.0,28.0,30.0,30.0,29.0,31.0,32.0,50.0,47.0,42.0,43.0,41.0
2025-12-25T09:44:32.623910,2002.764,719,Index,motor_1_open,50.0,34.5625,1,31.0,30.0,29.0,30.0,30.0,28.0,30.0,30.0,29.0,31.0,32.0,50.0,47.0,42.0,43.0,41.0
2025-12-25T09:44:33.519864,2003.659,720,Index,motor_3_flexed,50.0,34.6875,1,31.0,30.0,29.0,30.0,30.0,28.0,30.0,30.0,29.0,31.0,32.0,50.0,47.0,42.0,44.0,42.0
2025-12-25T09:44:35.407760,2005.545,720,Index,motor_3_open,50.0,34.6875,1,31.0,30.0,29.0,30.0,30.0,28.0,30.0,30.0,29.0,31.0,32.0,50.0,47.0,42.0,44.0,42.0
2025-12-25T09:44:36.303714,2006.44,721,Middle,motor_11_flexed,50.0,34.625,1,31.0,30.0,29.0,30.0,30.0,28.0,30.0,30.0,29.0,31.0,32.0,50.0,47.0,42.0,44.0,41.0
2025-12-25T09:44:38.191595,2008.33,721,Middle,motor_11_open,50.0,34.6875,1,31.0,30.0,29.0,30.0,30.0,28.0,30.0,30.0,29.0,31.0,32.0,50.0,47.0,42.0,44.0,42.0
2025-12-25T09:44:39.087541,2009.228,722,Middle,motor_10_flexed,50.0,34.5625,1,31.0,30.0,29.0,30.0,30.0,28.0,30.0,30.0,29.0,31.0,32.0,50.0,47.0,42.0,43.0,41.0
2025-12-25T09:44:40.975443,2011.114,722,Middle,motor_10_open,50.0,34.625,1,31.0,30.0,29.0,30.0,30.0,28.0,30.0,30.0,29.0,31.0,32.0,50.0,47.0,42.0,44.0,41.0
2025-12-25T09:44:41.871393,2012.01,723,Ring,motor_4_flexed,50.0,34.625,1,31.0,30.0,29.0,30.0,30.0,28.0,30.0,30.0,29.0,31.0,32.0,50.0,47.0,42.0,43.0,42.0
2025-12-25T09:44:43.759288,2013.897,723,Ring,motor_4_open,50.0,34.625,1,31.0,30.0,29.0,30.0,30.0,28.0,30.0,30.0,29.0,31.0,32.0,50.0,47.0,42.0,44.0,41.0
2025-12-25T09:44:44.655241,2014.795,724,Ring,motor_5_flexed,50.0,34.5625,1,31.0,30.0,29.0,30.0,30.0,28.0,30.0,30.0,29.0,31.0,32.0,50.0,47.0,42.0,43.0,41.0
2025-12-25T09:44:46.543136,2016.681,724,Ring,motor_5_open,50.0,34.625,1,31.0,30.0,29.0,30.0,30.0,28.0,30.0,30.0,29.0,31.0,32.0,50.0,47.0,42.0,43.0,42.0
2025-12-25T09:44:47.439093,2017.576,725,Ring,motor_6_flexed,50.0,34.625,1,31.0,30.0,29.0,30.0,30.0,28.0,30.0,30.0,29.0,31.0,32.0,50.0,47.0,42.0,44.0,41.0
2025-12-25T09:44:49.326987,2019.465,725,Ring,motor_6_open,50.0,34.5625,1,31.0,30.0,29.0,30.0,30.0,28.0,30.0,30.0,29.0,31.0,32.0,50.0,47.0,42.0,43.0,41.0
2025-12-25T09:44:50.222935,2020.36,726,Pinky,motor_7_flexed,50.0,34.5625,1,31.0,30.0,29.0,30.0,30.0,28.0,30.0,30.0,29.0,31.0,32.0,50.0,47.0,42.0,43.0,41.0
2025-12-25T09:44:52.110838,2022.248,726,Pinky,motor_7_open,50.0,34.6875,1,31.0,30.0,29.0,30.0,30.0,28.0,30.0,30.0,29.0,31.0,32.0,50.0,47.0,42.0,44.0,42.0
2025-12-25T09:44:53.006783,2023.143,727,Pinky,motor_8_flexed,50.0,34.6875,1,31.0,30.0,29.0,30.0,30.0,28.0,30.0,30.0,29.0,31.0,32.0,50.0,47.0,42.0,44.0,42.0
2025-12-25T09:44:54.894667,2025.031,727,Pinky,motor_8_open,50.0,34.75,1,31.0,30.0,29.0,30.0,30.0,28.0,30.0,30.0,29.0,31.0,32.0,50.0,47.0,42.0,44.0,43.0
2025-12-25T09:44:55.790630,2025.929,728,Pinky,motor_9_flexed,50.0,34.625,1,31.0,30.0,29.0,30.0,30.0,28.0,30.0,30.0,29.0,31.0,32.0,50.0,47.0,42.0,44.0,41.0
2025-12-25T09:44:57.678533,2027.816,728,Pinky,motor_9_open,50.0,34.5625,1,31.0,30.0,29.0,30.0,30.0,28.0,30.0,30.0,29.0,31.0,32.0,50.0,47.0,42.0,43.0,41.0
2025-12-25T09:44:58.574479,2028.712,729,Thumb,motor_13_flexed,50.0,34.625,1,31.0,30.0,29.0,30.0,30.0,28.0,30.0,30.0,29.0,31.0,32.0,50.0,47.0,42.0,44.0,41.0
2025-12-25T09:45:00.462377,2030.6,729,Thumb,motor_13_open,50.0,34.625,1,31.0,30.0,29.0,30.0,30.0,28.0,30.0,30.0,29.0,31.0,32.0,50.0,47.0,42.0,44.0,41.0
2025-12-25T09:45:01.358340,2031.497,730,Thumb,motor_14_flexed,50.0,34.6875,1,31.0,30.0,29.0,30.0,30.0,28.0,30.0,30.0,29.0,31.0,32.0,50.0,47.0,42.0,43.0,43.0
2025-12-25T09:45:03.246226,2033.385,730,Thumb,motor_14_open,50.0,34.625,1,31.0,30.0,29.0,30.0,30.0,28.0,30.0,30.0,29.0,31.0,32.0,50.0,47.0,42.0,44.0,41.0
2025-12-25T09:45:04.142177,2034.28,731,Thumb,motor_12_flexed,50.0,34.625,1,31.0,30.0,29.0,30.0,30.0,28.0,30.0,30.0,29.0,31.0,32.0,50.0,47.0,42.0,44.0,41.0
2025-12-25T09:45:06.030085,2036.167,731,Thumb,motor_12_open,50.0,34.625,1,31.0,30.0,29.0,30.0,30.0,28.0,30.0,30.0,29.0,31.0,32.0,50.0,47.0,42.0,43.0,42.0
2025-12-25T09:45:06.926024,2037.065,732,Index,motor_2_flexed,50.0,34.625,1,31.0,30.0,29.0,30.0,30.0,28.0,30.0,30.0,29.0,31.0,32.0,50.0,47.0,42.0,44.0,41.0
2025-12-25T09:45:08.813920,2038.955,732,Index,motor_2_open,50.0,34.625,1,31.0,30.0,29.0,30.0,30.0,28.0,30.0,30.0,29.0,31.0,32.0,50.0,47.0,42.0,44.0,41.0
2025-12-25T09:45:09.709876,2039.85,733,Index,motor_1_flexed,50.0,34.625,1,31.0,30.0,29.0,30.0,30.0,28.0,30.0,30.0,29.0,31.0,32.0,50.0,47.0,42.0,44.0,41.0
2025-12-25T09:45:10.797798,2040.936,733,Index,motor_1_flex_hold,50.0,34.6875,1,31.0,30.0,29.0,30.0,30.0,28.0,30.0,30.0,29.0,31.0,32.0,50.0,47.0,42.0,44.0,42.0
2025-12-25T09:45:11.597772,2041.735,733,Index,motor_1_open,50.0,34.625,1,31.0,30.0,29.0,30.0,30.0,28.0,30.0,30.0,29.0,31.0,32.0,50.0,47.0,42.0,43.0,42.0
2025-12-25T09:45:12.493721,2042.631,734,Index,motor_3_flexed,50.0,34.5625,1,31.0,30.0,29.0,30.0,30.0,28.0,30.0,30.0,29.0,31.0,32.0,50.0,47.0,42.0,43.0,41.0
2025-12-25T09:45:14.381617,2044.522,734,Index,motor_3_open,50.0,34.5625,1,31.0,30.0,29.0,30.0,30.0,28.0,30.0,30.0,29.0,31.0,32.0,50.0,47.0,42.0,43.0,41.0
2025-12-25T09:45:15.277580,2045.417,735,Middle,motor_11_flexed,50.0,34.625,1,31.0,30.0,29.0,30.0,30.0,28.0,30.0,30.0,29.0,31.0,32.0,50.0,47.0,42.0,43.0,42.0
2025-12-25T09:45:17.165467,2047.304,735,Middle,motor_11_open,50.0,34.6875,1,31.0,30.0,29.0,30.0,30.0,28.0,30.0,30.0,29.0,31.0,32.0,50.0,47.0,42.0,44.0,42.0
2025-12-25T09:45:18.061419,2048.2,736,Middle,motor_10_flexed,50.0,34.6875,1,31.0,30.0,29.0,30.0,30.0,28.0,30.0,30.0,29.0,31.0,32.0,50.0,47.0,42.0,44.0,42.0
2025-12-25T09:45:19.949330,2050.087,736,Middle,motor_10_open,50.0,34.625,1,31.0,30.0,29.0,30.0,30.0,28.0,30.0,30.0,29.0,31.0,32.0,50.0,47.0,42.0,43.0,42.0
2025-12-25T09:45:20.845265,2050.983,737,Ring,motor_4_flexed,50.0,34.625,1,31.0,30.0,29.0,30.0,30.0,28.0,30.0,30.0,29.0,31.0,32.0,50.0,47.0,42.0,43.0,42.0
2025-12-25T09:45:22.733162,2052.874,737,Ring,motor_4_open,50.0,34.625,1,31.0,30.0,29.0,30.0,30.0,28.0,30.0,30.0,29.0,31.0,32.0,50.0,47.0,42.0,44.0,41.0
2025-12-25T09:45:23.629116,2053.768,738,Ring,motor_5_flexed,50.0,34.625,1,31.0,30.0,29.0,30.0,30.0,28.0,30.0,30.0,29.0,31.0,32.0,50.0,47.0,42.0,44.0,41.0
2025-12-25T09:45:25.517010,2055.655,738,Ring,motor_5_open,50.0,34.625,1,31.0,30.0,29.0,30.0,30.0,28.0,30.0,30.0,29.0,31.0,32.0,50.0,47.0,42.0,43.0,42.0
2025-12-25T09:45:26.412964,2056.552,739,Ring,motor_6_flexed,50.0,34.6875,1,31.0,30.0,29.0,30.0,30.0,28.0,30.0,30.0,29.0,31.0,32.0,50.0,47.0,42.0,44.0,42.0
2025-12-25T09:45:28.300860,2058.44,739,Ring,motor_6_open,50.0,34.6875,1,31.0,30.0,29.0,30.0,30.0,28.0,30.0,30.0,29.0,31.0,32.0,50.0,47.0,42.0,44.0,42.0
2025-12-25T09:45:29.196824,2059.337,740,Pinky,motor_7_flexed,50.0,34.625,1,31.0,30.0,29.0,30.0,30.0,28.0,30.0,30.0,29.0,31.0,32.0,50.0,47.0,42.0,44.0,41.0
2025-12-25T09:45:31.084710,2061.226,740,Pinky,motor_7_open,50.0,34.6875,1,31.0,30.0,29.0,30.0,30.0,28.0,30.0,30.0,29.0,31.0,32.0,50.0,47.0,42.0,44.0,42.0
2025-12-25T09:45:31.980645,2062.121,741,Pinky,motor_8_flexed,50.0,34.625,1,31.0,30.0,29.0,30.0,30.0,28.0,30.0,30.0,29.0,31.0,32.0,50.0,47.0,42.0,44.0,41.0
2025-12-25T09:45:33.868552,2064.011,741,Pinky,motor_8_open,50.0,34.625,1,31.0,30.0,29.0,29.0,30.0,28.0,30.0,30.0,29.0,31.0,32.0,50.0,47.0,42.0,44.0,42.0
2025-12-25T09:45:34.764505,2064.905,742,Pinky,motor_9_flexed,50.0,34.6875,1,31.0,30.0,29.0,30.0,30.0,28.0,30.0,30.0,29.0,31.0,32.0,50.0,47.0,42.0,44.0,42.0
2025-12-25T09:45:36.652404,2066.792,742,Pinky,motor_9_open,50.0,34.625,1,31.0,30.0,29.0,30.0,30.0,28.0,30.0,30.0,29.0,31.0,32.0,50.0,47.0,42.0,43.0,42.0
2025-12-25T09:45:37.548353,2067.688,743,Thumb,motor_13_flexed,50.0,34.6875,1,31.0,30.0,29.0,30.0,30.0,28.0,30.0,30.0,29.0,31.0,32.0,50.0,47.0,42.0,44.0,42.0
2025-12-25T09:45:39.436254,2069.577,743,Thumb,motor_13_open,50.0,34.5625,1,31.0,30.0,29.0,30.0,30.0,28.0,30.0,30.0,29.0,31.0,32.0,50.0,47.0,42.0,43.0,41.0
2025-12-25T09:45:40.332217,2070.472,744,Thumb,motor_14_flexed,50.0,34.625,1,31.0,30.0,29.0,30.0,30.0,28.0,30.0,30.0,29.0,31.0,32.0,50.0,47.0,42.0,44.0,41.0
2025-12-25T09:45:42.220102,2072.36,744,Thumb,motor_14_open,50.0,34.625,1,31.0,30.0,29.0,30.0,30.0,28.0,30.0,30.0,29.0,31.0,32.0,50.0,47.0,42.0,44.0,41.0
2025-12-25T09:45:43.116052,2073.254,745,Thumb,motor_12_flexed,50.0,34.6875,1,31.0,30.0,29.0,30.0,30.0,28.0,30.0,30.0,29.0,31.0,32.0,50.0,47.0,42.0,44.0,42.0
2025-12-25T09:45:45.003935,2075.143,745,Thumb,motor_12_open,50.0,34.6875,1,31.0,30.0,29.0,30.0,30.0,28.0,30.0,30.0,29.0,31.0,32.0,50.0,47.0,42.0,44.0,42.0
2025-12-25T09:45:45.899900,2076.041,746,Index,motor_2_flexed,50.0,34.5625,1,31.0,30.0,29.0,30.0,30.0,28.0,30.0,30.0,29.0,31.0,32.0,50.0,47.0,42.0,43.0,41.0
2025-12-25T09:45:47.787799,2077.926,746,Index,motor_2_open,50.0,34.6875,1,31.0,30.0,29.0,30.0,30.0,28.0,30.0,30.0,29.0,31.0,32.0,50.0,47.0,42.0,44.0,42.0
2025-12-25T09:45:48.683751,2078.822,747,Index,motor_1_flexed,50.0,34.625,1,31.0,30.0,29.0,30.0,30.0,28.0,30.0,30.0,29.0,31.0,32.0,50.0,47.0,42.0,43.0,42.0
2025-12-25T09:45:50.571648,2080.711,747,Index,motor_1_open,50.0,34.5625,1,31.0,30.0,29.0,30.0,30.0,28.0,30.0,30.0,29.0,31.0,32.0,50.0,47.0,42.0,43.0,41.0
2025-12-25T09:45:51.467580,2081.607,748,Index,motor_3_flexed,50.0,34.5625,1,31.0,30.0,29.0,30.0,30.0,28.0,30.0,30.0,29.0,31.0,32.0,50.0,47.0,42.0,43.0,41.0
2025-12-25T09:45:53.355475,2083.494,748,Index,motor_3_open,50.0,34.5625,1,31.0,30.0,29.0,30.0,30.0,28.0,30.0,30.0,29.0,31.0,32.0,50.0,47.0,42.0,44.0,40.0
2025-12-25T09:45:54.251457,2084.39,749,Middle,motor_11_flexed,50.0,34.625,1,31.0,30.0,29.0,30.0,30.0,28.0,30.0,30.0,29.0,31.0,32.0,50.0,47.0,42.0,43.0,42.0
2025-12-25T09:45:56.139351,2086.281,749,Middle,motor_11_open,50.0,34.5625,1,31.0,30.0,29.0,30.0,30.0,28.0,30.0,30.0,29.0,31.0,32.0,50.0,47.0,42.0,43.0,41.0
2025-12-25T09:45:57.035309,2087.172,750,Middle,motor_10_flexed,50.0,34.625,1,31.0,30.0,29.0,30.0,30.0,28.0,30.0,30.0,29.0,31.0,32.0,50.0,47.0,42.0,44.0,41.0
2025-12-25T09:45:58.923207,2089.061,750,Middle,motor_10_open,50.0,34.625,1,31.0,30.0,29.0,30.0,30.0,28.0,30.0,30.0,29.0,31.0,32.0,50.0,47.0,42.0,44.0,41.0
2025-12-25T09:45:59.819157,2089.958,751,Ring,motor_4_flexed,50.0,34.5625,1,31.0,30.0,29.0,30.0,30.0,28.0,30.0,30.0,29.0,31.0,32.0,50.0,47.0,42.0,43.0,41.0
2025-12-25T09:46:01.707047,2091.845,751,Ring,motor_4_open,50.0,34.6875,1,31.0,30.0,29.0,30.0,30.0,28.0,30.0,30.0,29.0,31.0,32.0,50.0,47.0,42.0,44.0,42.0
2025-12-25T09:46:02.603000,2092.742,752,Ring,motor_5_flexed,50.0,34.625,1,31.0,30.0,29.0,30.0,30.0,28.0,30.0,30.0,29.0,31.0,32.0,50.0,47.0,42.0,43.0,42.0
2025-12-25T09:46:04.490897,2094.628,752,Ring,motor_5_open,50.0,34.625,1,31.0,30.0,29.0,30.0,30.0,28.0,30.0,30.0,29.0,31.0,32.0,50.0,47.0,42.0,43.0,42.0
2025-12-25T09:46:05.386809,2095.524,753,Ring,motor_6_flexed,50.0,34.6875,1,31.0,30.0,29.0,30.0,30.0,28.0,30.0,30.0,29.0,31.0,32.0,50.0,47.0,42.0,44.0,42.0
2025-12-25T09:46:07.274717,2097.414,753,Ring,motor_6_open,50.0,34.625,1,31.0,30.0,29.0,30.0,30.0,28.0,30.0,30.0,29.0,31.0,32.0,50.0,47.0,42.0,44.0,41.0
2025-12-25T09:46:08.170672,2098.311,754,Pinky,motor_7_flexed,50.0,34.625,1,31.0,30.0,29.0,30.0,30.0,28.0,30.0,30.0,29.0,31.0,32.0,50.0,47.0,42.0,44.0,41.0
2025-12-25T09:46:10.058566,2100.195,754,Pinky,motor_7_open,50.0,34.625,1,31.0,30.0,29.0,30.0,30.0,28.0,30.0,30.0,29.0,31.0,32.0,50.0,47.0,42.0,43.0,42.0
2025-12-25T09:46:10.954516,2101.092,755,Pinky,motor_8_flexed,50.0,34.5625,1,31.0,30.0,29.0,30.0,30.0,28.0,30.0,30.0,29.0,31.0,32.0,50.0,47.0,42.0,43.0,41.0
2025-12-25T09:46:12.842418,2102.982,755,Pinky,motor_8_open,50.0,34.5625,1,31.0,30.0,29.0,30.0,30.0,28.0,30.0,30.0,29.0,31.0,32.0,50.0,47.0,42.0,43.0,41.0
2025-12-25T09:46:13.738366,2103.878,756,Pinky,motor_9_flexed,50.0,34.625,1,31.0,30.0,29.0,30.0,30.0,28.0,30.0,30.0,29.0,31.0,32.0,50.0,47.0,42.0,43.0,42.0
2025-12-25T09:46:15.626260,2105.764,756,Pinky,motor_9_open,50.0,34.625,1,31.0,30.0,29.0,30.0,30.0,28.0,30.0,30.0,29.0,31.0,32.0,50.0,47.0,42.0,43.0,42.0
2025-12-25T09:46:16.522246,2106.661,757,Thumb,motor_13_flexed,50.0,34.625,1,31.0,30.0,29.0,30.0,30.0,28.0,30.0,30.0,29.0,31.0,32.0,50.0,47.0,42.0,43.0,42.0
2025-12-25T09:46:18.410140,2108.547,757,Thumb,motor_13_open,50.0,34.625,1,31.0,30.0,29.0,30.0,30.0,28.0,30.0,30.0,29.0,31.0,32.0,50.0,47.0,42.0,44.0,41.0
2025-12-25T09:46:19.306091,2109.446,758,Thumb,motor_14_flexed,50.0,34.5625,1,31.0,30.0,29.0,30.0,30.0,28.0,30.0,30.0,29.0,31.0,32.0,50.0,47.0,42.0,43.0,41.0
2025-12-25T09:46:21.193943,2111.332,758,Thumb,motor_14_open,50.0,34.6875,1,31.0,30.0,29.0,30.0,30.0,28.0,30.0,30.0,29.0,31.0,32.0,50.0,47.0,42.0,44.0,42.0
2025-12-25T09:46:22.089924,2112.226,759,Thumb,motor_12_flexed,50.0,34.625,1,31.0,30.0,29.0,30.0,30.0,28.0,30.0,30.0,29.0,31.0,32.0,50.0,47.0,42.0,43.0,42.0
2025-12-25T09:46:23.977808,2114.115,759,Thumb,motor_12_open,50.0,34.6875,1,31.0,30.0,29.0,30.0,30.0,28.0,30.0,30.0,29.0,31.0,32.0,50.0,47.0,42.0,44.0,42.0
2025-12-25T09:46:24.873758,2115.011,760,Index,motor_2_flexed,50.0,34.5625,1,31.0,30.0,29.0,30.0,30.0,28.0,30.0,30.0,29.0,31.0,32.0,50.0,47.0,42.0,43.0,41.0
2025-12-25T09:46:26.761671,2116.897,760,Index,motor_2_open,50.0,34.625,1,31.0,30.0,29.0,30.0,30.0,28.0,30.0,30.0,29.0,31.0,32.0,50.0,47.0,42.0,44.0,41.0
2025-12-25T09:46:27.657611,2117.796,761,Index,motor_1_flexed,50.0,34.5625,1,31.0,30.0,29.0,30.0,30.0,28.0,30.0,30.0,29.0,31.0,32.0,50.0,47.0,42.0,43.0,41.0
2025-12-25T09:46:29.545505,2119.683,761,Index,motor_1_open,50.0,34.625,1,31.0,30.0,29.0,30.0,30.0,28.0,30.0,30.0,29.0,31.0,32.0,50.0,47.0,42.0,44.0,41.0
2025-12-25T09:46:30.441461,2120.578,762,Index,motor_3_flexed,50.0,34.8125,1,31.0,30.0,29.0,30.0,30.0,28.0,30.0,30.0,29.0,31.0,32.0,50.0,47.0,42.0,43.0,45.0
2025-12-25T09:46:32.329344,2122.467,762,Index,motor_3_open,50.0,34.625,1,31.0,30.0,29.0,30.0,30.0,28.0,30.0,30.0,29.0,31.0,32.0,50.0,47.0,42.0,44.0,41.0
2025-12-25T09:46:33.225304,2123.365,763,Middle,motor_11_flexed,50.0,34.6875,1,31.0,30.0,29.0,30.0,30.0,28.0,30.0,30.0,29.0,31.0,32.0,50.0,47.0,42.0,44.0,42.0
2025-12-25T09:46:35.113207,2125.251,763,Middle,motor_11_open,50.0,34.5625,1,31.0,30.0,29.0,30.0,30.0,28.0,30.0,30.0,29.0,31.0,32.0,50.0,47.0,42.0,43.0,41.0
2025-12-25T09:46:36.009179,2126.149,764,Middle,motor_10_flexed,50.0,34.6875,1,31.0,30.0,29.0,30.0,30.0,28.0,30.0,30.0,29.0,31.0,32.0,50.0,47.0,42.0,44.0,42.0
2025-12-25T09:46:37.897065,2128.037,764,Middle,motor_10_open,50.0,34.625,1,31.0,30.0,29.0,30.0,30.0,28.0,30.0,30.0,29.0,31.0,32.0,50.0,47.0,42.0,44.0,41.0
2025-12-25T09:46:38.793017,2128.93,765,Ring,motor_4_flexed,50.0,34.5625,1,31.0,30.0,29.0,30.0,30.0,28.0,30.0,30.0,29.0,31.0,32.0,50.0,47.0,42.0,43.0,41.0
2025-12-25T09:46:40.680937,2130.819,765,Ring,motor_4_open,50.0,34.6875,1,31.0,30.0,29.0,30.0,30.0,28.0,30.0,30.0,29.0,31.0,32.0,50.0,47.0,42.0,44.0,42.0
2025-12-25T09:46:41.576876,2131.716,766,Ring,motor_5_flexed,50.0,34.625,1,31.0,30.0,29.0,30.0,30.0,28.0,30.0,30.0,29.0,31.0,32.0,50.0,47.0,42.0,44.0,41.0
2025-12-25T09:46:43.464769,2133.605,766,Ring,motor_5_open,50.0,34.6875,1,31.0,30.0,29.0,30.0,30.0,28.0,30.0,30.0,29.0,31.0,32.0,50.0,47.0,42.0,45.0,41.0
2025-12-25T09:46:44.360726,2134.5,767,Ring,motor_6_flexed,50.0,34.625,1,31.0,30.0,29.0,30.0,30.0,28.0,30.0,30.0,29.0,31.0,32.0,50.0,47.0,42.0,44.0,41.0
2025-12-25T09:46:46.248622,2136.386,767,Ring,motor_6_open,50.0,34.5625,1,31.0,30.0,29.0,30.0,30.0,28.0,30.0,30.0,29.0,31.0,32.0,50.0,47.0,42.0,43.0,41.0
2025-12-25T09:46:47.144565,2137.281,768,Pinky,motor_7_flexed,50.0,34.625,1,31.0,30.0,29.0,30.0,30.0,28.0,30.0,30.0,29.0,31.0,32.0,50.0,47.0,42.0,44.0,41.0
2025-12-25T09:46:49.032460,2139.173,768,Pinky,motor_7_open,50.0,34.5625,1,31.0,30.0,29.0,30.0,30.0,28.0,30.0,30.0,29.0,31.0,32.0,50.0,47.0,42.0,43.0,41.0
2025-12-25T09:46:49.928423,2140.068,769,Pinky,motor_8_flexed,50.0,34.6875,1,31.0,30.0,29.0,30.0,30.0,28.0,30.0,30.0,29.0,31.0,32.0,50.0,47.0,42.0,44.0,42.0
2025-12-25T09:46:51.816304,2141.955,769,Pinky,motor_8_open,50.0,34.625,1,31.0,30.0,29.0,30.0,30.0,28.0,30.0,30.0,29.0,31.0,32.0,50.0,47.0,42.0,44.0,41.0
2025-12-25T09:46:52.712251,2142.85,770,Pinky,motor_9_flexed,50.0,34.5625,1,31.0,30.0,29.0,30.0,30.0,28.0,30.0,30.0,29.0,31.0,32.0,50.0,47.0,42.0,43.0,41.0
2025-12-25T09:46:54.600169,2144.739,770,Pinky,motor_9_open,50.0,34.625,1,31.0,30.0,29.0,30.0,30.0,28.0,30.0,30.0,29.0,31.0,32.0,50.0,47.0,42.0,43.0,42.0
2025-12-25T09:46:55.496115,2145.634,771,Thumb,motor_13_flexed,50.0,34.625,1,31.0,30.0,29.0,30.0,30.0,28.0,30.0,30.0,29.0,31.0,32.0,50.0,47.0,42.0,44.0,41.0
2025-12-25T09:46:57.384017,2147.523,771,Thumb,motor_13_open,50.0,34.625,1,31.0,30.0,29.0,30.0,30.0,28.0,30.0,30.0,29.0,31.0,32.0,50.0,47.0,42.0,43.0,42.0
2025-12-25T09:46:58.279964,2148.418,772,Thumb,motor_14_flexed,50.0,34.6875,1,31.0,30.0,29.0,30.0,30.0,28.0,30.0,30.0,29.0,31.0,32.0,50.0,47.0,42.0,44.0,42.0
2025-12-25T09:47:00.167863,2150.307,772,Thumb,motor_14_open,50.0,34.75,1,31.0,30.0,29.0,30.0,30.0,28.0,30.0,30.0,29.0,31.0,32.0,50.0,47.0,42.0,44.0,43.0
2025-12-25T09:47:01.063815,2151.203,773,Thumb,motor_12_flexed,50.0,34.6875,1,31.0,30.0,29.0,30.0,30.0,28.0,30.0,30.0,29.0,31.0,32.0,50.0,47.0,42.0,44.0,42.0
2025-12-25T09:47:02.951697,2153.09,773,Thumb,motor_12_open,50.0,34.625,1,31.0,30.0,29.0,30.0,30.0,28.0,30.0,30.0,29.0,31.0,32.0,50.0,47.0,42.0,44.0,41.0
2025-12-25T09:47:03.847649,2153.986,774,Index,motor_2_flexed,50.0,34.625,1,31.0,30.0,29.0,30.0,30.0,28.0,30.0,30.0,29.0,31.0,32.0,50.0,47.0,42.0,43.0,42.0
2025-12-25T09:47:05.735545,2155.874,774,Index,motor_2_open,50.0,34.6875,1,31.0,30.0,29.0,30.0,30.0,28.0,30.0,30.0,29.0,31.0,32.0,50.0,47.0,42.0,44.0,42.0
2025-12-25T09:47:06.631494,2156.771,775,Index,motor_1_flexed,50.0,34.625,1,31.0,30.0,29.0,30.0,30.0,28.0,30.0,30.0,29.0,31.0,32.0,50.0,47.0,42.0,44.0,41.0
2025-12-25T09:47:08.519394,2158.66,775,Index,motor_1_open,50.0,34.5625,1,31.0,30.0,29.0,30.0,30.0,28.0,30.0,30.0,29.0,31.0,32.0,50.0,47.0,42.0,43.0,41.0
2025-12-25T09:47:09.415346,2159.555,776,Index,motor_3_flexed,50.0,34.625,1,31.0,30.0,29.0,30.0,30.0,28.0,30.0,30.0,29.0,31.0,32.0,50.0,47.0,42.0,44.0,41.0
2025-12-25T09:47:10.503306,2160.642,776,Index,motor_3_flex_hold,50.0,34.5625,1,31.0,30.0,29.0,30.0,30.0,28.0,30.0,30.0,29.0,31.0,32.0,50.0,47.0,42.0,43.0,41.0
2025-12-25T09:47:11.303256,2161.441,776,Index,motor_3_open,50.0,34.625,1,31.0,30.0,29.0,30.0,30.0,28.0,30.0,30.0,29.0,31.0,32.0,50.0,47.0,42.0,44.0,41.0
2025-12-25T09:47:12.199207,2162.339,777,Middle,motor_11_flexed,50.0,34.625,1,31.0,30.0,29.0,30.0,30.0,28.0,30.0,30.0,29.0,31.0,32.0,50.0,47.0,42.0,44.0,41.0
2025-12-25T09:47:14.087107,2164.227,777,Middle,motor_11_open,50.0,34.625,1,31.0,30.0,29.0,30.0,30.0,28.0,30.0,30.0,29.0,31.0,32.0,50.0,47.0,42.0,43.0,42.0
2025-12-25T09:47:14.983032,2165.123,778,Middle,motor_10_flexed,50.0,34.5625,1,31.0,30.0,29.0,30.0,30.0,28.0,30.0,30.0,29.0,31.0,32.0,50.0,47.0,42.0,43.0,41.0
2025-12-25T09:47:16.870955,2167.006,778,Middle,motor_10_open,50.0,34.625,1,31.0,30.0,29.0,30.0,30.0,28.0,30.0,30.0,29.0,31.0,32.0,50.0,47.0,42.0,43.0,42.0
2025-12-25T09:47:17.766906,2167.903,779,Ring,motor_4_flexed,50.0,34.6875,1,31.0,30.0,29.0,30.0,30.0,28.0,30.0,30.0,29.0,31.0,32.0,50.0,47.0,42.0,44.0,42.0
2025-12-25T09:47:19.654781,2169.793,779,Ring,motor_4_open,50.0,34.625,1,31.0,30.0,29.0,30.0,30.0,28.0,30.0,30.0,29.0,31.0,32.0,50.0,47.0,42.0,44.0,41.0
2025-12-25T09:47:20.550753,2170.69,780,Ring,motor_5_flexed,50.0,34.6875,1,31.0,30.0,29.0,30.0,30.0,28.0,30.0,30.0,29.0,31.0,32.0,50.0,47.0,42.0,44.0,42.0
2025-12-25T09:47:22.438650,2172.576,780,Ring,motor_5_open,50.0,34.5,1,31.0,30.0,29.0,30.0,30.0,28.0,30.0,30.0,29.0,31.0,32.0,50.0,47.0,42.0,43.0,40.0
2025-12-25T09:47:23.334585,2173.471,781,Ring,motor_6_flexed,50.0,34.625,1,31.0,30.0,29.0,30.0,30.0,28.0,30.0,30.0,29.0,31.0,32.0,50.0,47.0,42.0,44.0,41.0
2025-12-25T09:47:25.222495,2175.363,781,Ring,motor_6_open,50.0,34.625,1,31.0,30.0,29.0,30.0,30.0,28.0,30.0,30.0,29.0,31.0,32.0,50.0,47.0,42.0,44.0,41.0
2025-12-25T09:47:26.118450,2176.256,782,Pinky,motor_7_flexed,50.0,34.625,1,31.0,30.0,29.0,30.0,30.0,28.0,30.0,30.0,29.0,31.0,32.0,50.0,47.0,42.0,44.0,41.0
2025-12-25T09:47:28.006338,2178.144,782,Pinky,motor_7_open,50.0,34.625,1,31.0,30.0,29.0,30.0,30.0,28.0,30.0,30.0,29.0,31.0,32.0,50.0,47.0,42.0,43.0,42.0
2025-12-25T09:47:28.902288,2179.038,783,Pinky,motor_8_flexed,50.0,34.6875,1,31.0,30.0,29.0,30.0,30.0,28.0,30.0,30.0,29.0,31.0,32.0,50.0,47.0,42.0,44.0,42.0
2025-12-25T09:47:30.790185,2180.931,783,Pinky,motor_8_open,50.0,34.5625,1,31.0,30.0,29.0,30.0,30.0,28.0,30.0,30.0,29.0,31.0,32.0,50.0,47.0,42.0,43.0,41.0
2025-12-25T09:47:31.686128,2181.826,784,Pinky,motor_9_flexed,50.0,34.625,1,31.0,30.0,29.0,30.0,30.0,28.0,30.0,30.0,29.0,31.0,32.0,50.0,47.0,42.0,43.0,42.0
2025-12-25T09:47:33.574032,2183.713,784,Pinky,motor_9_open,50.0,34.625,1,31.0,30.0,29.0,30.0,30.0,28.0,30.0,30.0,29.0,31.0,32.0,50.0,47.0,42.0,44.0,41.0
2025-12-25T09:47:34.469981,2184.61,785,Thumb,motor_13_flexed,50.0,34.625,1,31.0,30.0,29.0,30.0,30.0,28.0,30.0,30.0,29.0,31.0,32.0,50.0,47.0,42.0,44.0,41.0
2025-12-25T09:47:36.357878,2186.498,785,Thumb,motor_13_open,50.0,34.625,1,31.0,30.0,29.0,30.0,30.0,28.0,30.0,30.0,29.0,31.0,32.0,50.0,47.0,42.0,44.0,41.0
2025-12-25T09:47:37.253812,2187.394,786,Thumb,motor_14_flexed,50.0,34.625,1,31.0,30.0,29.0,30.0,30.0,28.0,30.0,30.0,29.0,31.0,32.0,50.0,47.0,42.0,43.0,42.0
2025-12-25T09:47:39.141728,2189.282,786,Thumb,motor_14_open,50.0,34.625,1,31.0,30.0,29.0,30.0,30.0,28.0,30.0,30.0,29.0,31.0,32.0,50.0,47.0,42.0,44.0,41.0
2025-12-25T09:47:40.037673,2190.175,787,Thumb,motor_12_flexed,50.0,34.5625,1,31.0,30.0,29.0,30.0,30.0,28.0,30.0,30.0,29.0,31.0,32.0,50.0,47.0,42.0,43.0,41.0
2025-12-25T09:47:41.925572,2192.062,787,Thumb,motor_12_open,50.0,34.6875,1,31.0,30.0,29.0,30.0,30.0,28.0,30.0,30.0,29.0,31.0,32.0,50.0,47.0,42.0,44.0,42.0
2025-12-25T09:47:42.821519,2192.962,788,Index,motor_2_flexed,50.0,34.5625,1,31.0,30.0,29.0,30.0,30.0,28.0,30.0,30.0,29.0,31.0,32.0,50.0,47.0,42.0,43.0,41.0
2025-12-25T09:47:44.709421,2194.848,788,Index,motor_2_open,50.0,34.6875,1,31.0,30.0,29.0,30.0,30.0,28.0,30.0,30.0,29.0,31.0,32.0,50.0,47.0,42.0,44.0,42.0
2025-12-25T09:47:45.605365,2195.743,789,Index,motor_1_flexed,50.0,34.6875,1,31.0,30.0,29.0,30.0,30.0,28.0,30.0,30.0,29.0,31.0,32.0,50.0,47.0,42.0,44.0,42.0
2025-12-25T09:47:47.493283,2197.63,789,Index,motor_1_open,50.0,34.625,1,31.0,30.0,29.0,30.0,30.0,28.0,30.0,30.0,29.0,31.0,32.0,50.0,47.0,42.0,44.0,41.0
2025-12-25T09:47:48.389223,2198.529,790,Index,motor_3_flexed,50.0,34.625,1,31.0,30.0,29.0,30.0,30.0,28.0,30.0,30.0,29.0,31.0,32.0,50.0,47.0,42.0,44.0,41.0
2025-12-25T09:47:50.277121,2200.416,790,Index,motor_3_open,50.0,34.625,1,31.0,30.0,29.0,30.0,30.0,28.0,30.0,30.0,29.0,31.0,32.0,50.0,47.0,42.0,44.0,41.0
2025-12-25T09:47:51.173071,2201.315,791,Middle,motor_11_flexed,50.0,34.625,1,31.0,30.0,29.0,30.0,30.0,28.0,30.0,30.0,29.0,31.0,32.0,50.0,47.0,42.0,43.0,42.0
2025-12-25T09:47:53.060966,2203.199,791,Middle,motor_11_open,50.0,34.5625,1,31.0,29.0,29.0,30.0,30.0,28.0,30.0,30.0,29.0,31.0,32.0,50.0,47.0,42.0,44.0,41.0
2025-12-25T09:47:53.956916,2204.097,792,Middle,motor_10_flexed,50.0,34.6875,1,31.0,30.0,29.0,30.0,30.0,28.0,30.0,30.0,29.0,31.0,32.0,50.0,47.0,42.0,44.0,42.0
2025-12-25T09:47:55.844804,2205.984,792,Middle,motor_10_open,50.0,34.6875,1,31.0,30.0,29.0,30.0,30.0,28.0,30.0,30.0,29.0,31.0,32.0,50.0,47.0,42.0,44.0,42.0
2025-12-25T09:47:56.740777,2206.88,793,Ring,motor_4_flexed,50.0,34.625,1,31.0,30.0,29.0,30.0,30.0,28.0,30.0,30.0,29.0,31.0,32.0,50.0,47.0,42.0,44.0,41.0
2025-12-25T09:47:58.628662,2208.768,793,Ring,motor_4_open,50.0,34.625,1,31.0,30.0,29.0,30.0,30.0,28.0,30.0,30.0,29.0,31.0,32.0,50.0,47.0,42.0,44.0,41.0
2025-12-25T09:47:59.524601,2209.664,794,Ring,motor_5_flexed,50.0,34.625,1,31.0,30.0,29.0,30.0,30.0,28.0,30.0,30.0,29.0,31.0,32.0,50.0,47.0,42.0,43.0,42.0
2025-12-25T09:48:01.412516,2211.553,794,Ring,motor_5_open,50.0,34.5625,1,31.0,30.0,29.0,30.0,30.0,28.0,30.0,30.0,29.0,31.0,32.0,50.0,47.0,42.0,43.0,41.0
2025-12-25T09:48:02.308469,2212.444,795,Ring,motor_6_flexed,50.0,34.625,1,31.0,30.0,29.0,30.0,30.0,28.0,30.0,30.0,29.0,31.0,32.0,50.0,47.0,42.0,43.0,42.0
2025-12-25T09:48:04.196361,2214.337,795,Ring,motor_6_open,50.0,34.5625,1,31.0,30.0,29.0,30.0,30.0,28.0,30.0,30.0,29.0,31.0,32.0,50.0,47.0,42.0,43.0,41.0
2025-12-25T09:48:05.092299,2215.229,796,Pinky,motor_7_flexed,50.0,34.6875,1,31.0,30.0,29.0,30.0,30.0,28.0,30.0,30.0,29.0,31.0,32.0,50.0,47.0,42.0,44.0,42.0
2025-12-25T09:48:06.980197,2217.121,796,Pinky,motor_7_open,50.0,34.6875,1,31.0,30.0,29.0,30.0,30.0,28.0,30.0,30.0,29.0,31.0,32.0,50.0,47.0,42.0,44.0,42.0
2025-12-25T09:48:07.876139,2218.016,797,Pinky,motor_8_flexed,50.0,34.625,1,31.0,30.0,29.0,30.0,30.0,28.0,30.0,30.0,29.0,31.0,32.0,50.0,47.0,42.0,44.0,41.0
2025-12-25T09:48:09.764045,2219.901,797,Pinky,motor_8_open,50.0,34.625,1,31.0,30.0,29.0,30.0,30.0,28.0,30.0,30.0,29.0,31.0,32.0,50.0,47.0,42.0,44.0,41.0
2025-12-25T09:48:10.356015,2220.49,797,Pinky,motor_8_open_hold,50.0,34.625,1,31.0,30.0,29.0,30.0,30.0,28.0,30.0,30.0,29.0,31.0,32.0,50.0,47.0,42.0,44.0,41.0
2025-12-25T09:48:10.755991,2220.892,798,Pinky,motor_9_flexed,50.0,34.6875,1,31.0,30.0,29.0,30.0,30.0,28.0,30.0,30.0,29.0,31.0,32.0,50.0,47.0,42.0,44.0,42.0
2025-12-25T09:48:12.643897,2222.781,798,Pinky,motor_9_open,50.0,34.625,1,31.0,30.0,29.0,30.0,30.0,28.0,30.0,30.0,29.0,31.0,32.0,50.0,47.0,42.0,43.0,42.0
2025-12-25T09:48:13.539828,2223.678,799,Thumb,motor_13_flexed,50.0,34.5625,1,31.0,30.0,29.0,30.0,30.0,28.0,30.0,30.0,29.0,31.0,32.0,50.0,47.0,42.0,43.0,41.0
2025-12-25T09:48:15.427743,2225.568,799,Thumb,motor_13_open,50.0,34.625,1,31.0,30.0,29.0,30.0,30.0,28.0,30.0,30.0,29.0,31.0,32.0,50.0,47.0,42.0,44.0,41.0
2025-12-25T09:48:16.323703,2226.463,800,Thumb,motor_14_flexed,50.0,34.6875,1,31.0,30.0,29.0,30.0,30.0,28.0,30.0,30.0,29.0,31.0,32.0,50.0,47.0,42.0,44.0,42.0
2025-12-25T09:48:18.211598,2228.35,800,Thumb,motor_14_open,50.0,34.625,1,31.0,30.0,29.0,30.0,30.0,28.0,30.0,30.0,29.0,31.0,32.0,50.0,47.0,42.0,44.0,41.0
2025-12-25T09:48:19.107545,2229.245,801,Thumb,motor_12_flexed,50.0,34.5625,1,31.0,30.0,29.0,30.0,30.0,28.0,30.0,30.0,29.0,31.0,32.0,50.0,47.0,42.0,43.0,41.0
2025-12-25T09:48:20.995432,2231.135,801,Thumb,motor_12_open,50.0,34.625,1,31.0,30.0,29.0,30.0,30.0,28.0,30.0,30.0,29.0,31.0,32.0,50.0,47.0,42.0,43.0,42.0
2025-12-25T09:48:21.891395,2232.029,802,Index,motor_2_flexed,50.0,34.625,1,31.0,30.0,29.0,30.0,30.0,28.0,30.0,30.0,29.0,31.0,32.0,50.0,47.0,42.0,43.0,42.0
2025-12-25T09:48:23.779289,2233.917,802,Index,motor_2_open,50.0,34.6875,1,31.0,30.0,29.0,30.0,30.0,28.0,30.0,30.0,29.0,31.0,32.0,50.0,47.0,42.0,44.0,42.0
2025-12-25T09:48:24.675248,2234.815,803,Index,motor_1_flexed,50.0,34.625,1,31.0,30.0,29.0,30.0,30.0,28.0,30.0,30.0,29.0,31.0,32.0,50.0,47.0,42.0,44.0,41.0
2025-12-25T09:48:26.563143,2236.703,803,Index,motor_1_open,50.0,34.5625,1,31.0,30.0,29.0,30.0,30.0,28.0,30.0,30.0,29.0,31.0,32.0,50.0,47.0,42.0,43.0,41.0
2025-12-25T09:48:27.459096,2237.599,804,Index,motor_3_flexed,50.0,34.625,1,31.0,29.0,29.0,30.0,30.0,28.0,30.0,30.0,29.0,31.0,32.0,50.0,47.0,42.0,44.0,42.0
2025-12-25T09:48:29.346992,2239.484,804,Index,motor_3_open,50.0,34.6875,1,31.0,30.0,29.0,30.0,30.0,28.0,30.0,30.0,29.0,31.0,32.0,50.0,47.0,42.0,44.0,42.0
2025-12-25T09:48:30.242946,2240.382,805,Middle,motor_11_flexed,50.0,34.625,1,31.0,30.0,29.0,30.0,30.0,28.0,30.0,30.0,29.0,31.0,32.0,50.0,47.0,42.0,44.0,41.0
2025-12-25T09:48:32.130841,2242.271,805,Middle,motor_11_open,50.0,34.5625,1,31.0,30.0,29.0,30.0,30.0,28.0,30.0,30.0,29.0,31.0,32.0,50.0,47.0,42.0,43.0,41.0
2025-12-25T09:48:33.026792,2243.166,806,Middle,motor_10_flexed,50.0,34.625,1,31.0,30.0,29.0,30.0,30.0,28.0,30.0,30.0,29.0,31.0,32.0,50.0,47.0,42.0,44.0,41.0
2025-12-25T09:48:34.914689,2245.052,806,Middle,motor_10_open,50.0,34.625,1,31.0,30.0,29.0,30.0,30.0,28.0,30.0,30.0,29.0,31.0,32.0,50.0,47.0,42.0,43.0,42.0
2025-12-25T09:48:35.810643,2245.949,807,Ring,motor_4_flexed,50.0,34.625,1,31.0,30.0,29.0,30.0,30.0,28.0,30.0,30.0,29.0,31.0,32.0,50.0,47.0,42.0,43.0,42.0
2025-12-25T09:48:37.698537,2247.838,807,Ring,motor_4_open,50.0,34.5625,1,31.0,30.0,29.0,30.0,30.0,28.0,30.0,30.0,29.0,31.0,32.0,50.0,47.0,42.0,43.0,41.0
2025-12-25T09:48:38.594488,2248.735,808,Ring,motor_5_flexed,50.0,34.5625,1,31.0,30.0,29.0,30.0,30.0,28.0,30.0,30.0,29.0,31.0,32.0,50.0,47.0,42.0,43.0,41.0
2025-12-25T09:48:40.482391,2250.62,808,Ring,motor_5_open,50.0,34.6875,1,31.0,30.0,29.0,30.0,30.0,28.0,30.0,30.0,29.0,31.0,32.0,50.0,47.0,42.0,44.0,42.0
2025-12-25T09:48:41.378336,2251.519,809,Ring,motor_6_flexed,50.0,34.5625,1,31.0,30.0,29.0,30.0,30.0,28.0,30.0,30.0,29.0,31.0,32.0,50.0,47.0,42.0,43.0,41.0
2025-12-25T09:48:43.266247,2253.405,809,Ring,motor_6_open,50.0,34.6875,1,31.0,30.0,29.0,30.0,30.0,28.0,30.0,30.0,29.0,31.0,32.0,50.0,47.0,42.0,44.0,42.0
2025-12-25T09:48:44.162200,2254.302,810,Pinky,motor_7_flexed,50.0,34.6875,1,31.0,30.0,29.0,30.0,30.0,28.0,30.0,30.0,29.0,31.0,32.0,50.0,47.0,42.0,44.0,42.0
2025-12-25T09:48:46.050096,2256.188,810,Pinky,motor_7_open,50.0,34.625,1,31.0,30.0,29.0,30.0,30.0,28.0,30.0,30.0,29.0,31.0,32.0,50.0,47.0,42.0,43.0,42.0
2025-12-25T09:48:46.946047,2257.085,811,Pinky,motor_8_flexed,50.0,34.625,1,31.0,29.0,29.0,30.0,30.0,28.0,30.0,30.0,29.0,31.0,32.0,50.0,47.0,42.0,44.0,42.0
2025-12-25T09:48:48.849940,2258.99,811,Pinky,motor_8_open,50.0,34.625,1,31.0,30.0,29.0,30.0,30.0,28.0,30.0,30.0,29.0,31.0,32.0,50.0,47.0,42.0,44.0,41.0
2025-12-25T09:48:49.745876,2259.886,812,Pinky,motor_9_flexed,50.0,34.625,1,31.0,30.0,29.0,30.0,30.0,28.0,30.0,30.0,29.0,31.0,32.0,50.0,47.0,42.0,43.0,42.0
2025-12-25T09:48:51.633778,2261.774,812,Pinky,motor_9_open,50.0,34.625,1,31.0,30.0,29.0,30.0,30.0,28.0,30.0,30.0,29.0,31.0,32.0,50.0,47.0,42.0,43.0,42.0
2025-12-25T09:48:52.529750,2262.668,813,Thumb,motor_13_flexed,50.0,34.5625,1,31.0,30.0,29.0,30.0,30.0,28.0,30.0,30.0,29.0,31.0,32.0,50.0,47.0,42.0,43.0,41.0
2025-12-25T09:48:54.417653,2264.555,813,Thumb,motor_13_open,50.0,34.5625,1,31.0,29.0,29.0,30.0,30.0,28.0,30.0,30.0,29.0,31.0,32.0,50.0,47.0,42.0,43.0,42.0
2025-12-25T09:48:55.313592,2265.451,814,Thumb,motor_14_flexed,50.0,34.625,1,31.0,30.0,29.0,30.0,30.0,28.0,30.0,30.0,29.0,31.0,32.0,50.0,47.0,42.0,43.0,42.0
2025-12-25T09:48:57.201490,2267.341,814,Thumb,motor_14_open,50.0,34.6875,1,31.0,30.0,29.0,30.0,30.0,28.0,30.0,30.0,29.0,31.0,32.0,50.0,47.0,42.0,44.0,42.0
2025-12-25T09:48:58.097440,2268.238,815,Thumb,motor_12_flexed,50.0,34.625,1,31.0,29.0,29.0,30.0,30.0,28.0,30.0,30.0,29.0,31.0,32.0,50.0,47.0,42.0,44.0,42.0
2025-12-25T09:48:59.985334,2270.125,815,Thumb,motor_12_open,50.0,34.6875,1,31.0,30.0,29.0,30.0,30.0,28.0,30.0,30.0,29.0,31.0,32.0,50.0,47.0,42.0,44.0,42.0
2025-12-25T09:49:00.881289,2271.021,816,Index,motor_2_flexed,50.0,34.625,1,31.0,30.0,29.0,30.0,30.0,28.0,30.0,30.0,29.0,31.0,32.0,50.0,47.0,42.0,43.0,42.0
2025-12-25T09:49:02.769176,2272.91,816,Index,motor_2_open,50.0,34.625,1,31.0,29.0,29.0,30.0,30.0,28.0,30.0,30.0,29.0,31.0,32.0,50.0,47.0,42.0,44.0,42.0
2025-12-25T09:49:03.665138,2273.804,817,Index,motor_1_flexed,50.0,34.625,1,31.0,30.0,29.0,30.0,30.0,28.0,30.0,30.0,29.0,31.0,32.0,50.0,47.0,42.0,43.0,42.0
2025-12-25T09:49:05.553022,2275.693,817,Index,motor_1_open,50.0,34.6875,1,31.0,30.0,29.0,30.0,30.0,28.0,30.0,30.0,29.0,31.0,32.0,50.0,47.0,42.0,44.0,42.0
2025-12-25T09:49:06.448974,2276.588,818,Index,motor_3_flexed,50.0,34.5625,1,31.0,30.0,29.0,30.0,30.0,28.0,30.0,30.0,29.0,31.0,32.0,50.0,47.0,42.0,43.0,41.0
2025-12-25T09:49:08.336887,2278.477,818,Index,motor_3_open,50.0,34.625,1,31.0,30.0,29.0,30.0,30.0,28.0,30.0,30.0,29.0,31.0,32.0,50.0,47.0,42.0,44.0,41.0
2025-12-25T09:49:09.232822,2279.373,819,Middle,motor_11_flexed,50.0,34.6875,1,31.0,30.0,29.0,30.0,30.0,28.0,30.0,30.0,29.0,31.0,32.0,50.0,47.0,42.0,44.0,42.0
2025-12-25T09:49:10.320765,2280.459,819,Middle,motor_11_flex_hold,50.0,34.6875,1,31.0,30.0,29.0,30.0,30.0,28.0,30.0,30.0,29.0,31.0,32.0,50.0,47.0,42.0,44.0,42.0
2025-12-25T09:49:11.120719,2281.258,819,Middle,motor_11_open,50.0,34.5625,1,31.0,30.0,29.0,30.0,30.0,28.0,30.0,30.0,29.0,31.0,32.0,50.0,47.0,42.0,43.0,41.0
2025-12-25T09:49:12.016673,2282.156,820,Middle,motor_10_flexed,50.0,34.5625,1,31.0,30.0,29.0,30.0,30.0,28.0,30.0,30.0,29.0,31.0,32.0,50.0,47.0,42.0,43.0,41.0
2025-12-25T09:49:13.904576,2284.045,820,Middle,motor_10_open,50.0,34.5625,1,31.0,30.0,29.0,30.0,30.0,28.0,30.0,30.0,29.0,31.0,32.0,50.0,47.0,42.0,42.0,42.0
2025-12-25T09:49:14.800528,2284.942,821,Ring,motor_4_flexed,50.0,34.5625,1,31.0,30.0,29.0,30.0,30.0,28.0,30.0,30.0,29.0,31.0,32.0,50.0,47.0,42.0,43.0,41.0
2025-12-25T09:49:16.688431,2286.827,821,Ring,motor_4_open,50.0,34.625,1,31.0,30.0,29.0,30.0,30.0,28.0,30.0,30.0,29.0,31.0,32.0,50.0,47.0,42.0,44.0,41.0
2025-12-25T09:49:17.584403,2287.722,822,Ring,motor_5_flexed,50.0,34.625,1,31.0,30.0,29.0,30.0,30.0,28.0,30.0,30.0,29.0,31.0,32.0,50.0,47.0,42.0,44.0,41.0
2025-12-25T09:49:19.472273,2289.613,822,Ring,motor_5_open,50.0,34.6875,1,31.0,30.0,29.0,30.0,30.0,28.0,30.0,30.0,29.0,31.0,32.0,50.0,47.0,42.0,44.0,42.0
2025-12-25T09:49:20.368214,2290.507,823,Ring,motor_6_flexed,50.0,34.625,1,31.0,30.0,29.0,30.0,30.0,28.0,30.0,30.0,29.0,31.0,32.0,50.0,47.0,42.0,44.0,41.0
2025-12-25T09:49:22.256111,2292.394,823,Ring,motor_6_open,50.0,34.5625,1,31.0,30.0,29.0,30.0,30.0,28.0,30.0,30.0,29.0,31.0,32.0,50.0,47.0,42.0,43.0,41.0
2025-12-25T09:49:23.152080,2293.29,824,Pinky,motor_7_flexed,50.0,34.6875,1,31.0,30.0,29.0,30.0,30.0,28.0,30.0,30.0,29.0,31.0,32.0,50.0,47.0,42.0,44.0,42.0
2025-12-25T09:49:25.039949,2295.178,824,Pinky,motor_7_open,50.0,34.6875,1,31.0,30.0,29.0,30.0,30.0,28.0,30.0,30.0,29.0,31.0,32.0,50.0,47.0,42.0,44.0,42.0
2025-12-25T09:49:25.935899,2296.076,825,Pinky,motor_8_flexed,50.0,34.6875,1,31.0,30.0,29.0,30.0,30.0,28.0,30.0,30.0,29.0,31.0,32.0,50.0,47.0,42.0,44.0,42.0
2025-12-25T09:49:27.823801,2297.963,825,Pinky,motor_8_open,50.0,34.6875,1,31.0,30.0,29.0,30.0,30.0,28.0,30.0,30.0,29.0,31.0,32.0,50.0,47.0,42.0,44.0,42.0
2025-12-25T09:49:28.719761,2298.859,826,Pinky,motor_9_flexed,50.0,34.5625,1,31.0,30.0,29.0,30.0,30.0,28.0,30.0,30.0,29.0,31.0,32.0,50.0,47.0,42.0,43.0,41.0
2025-12-25T09:49:30.607658,2300.747,826,Pinky,motor_9_open,50.0,34.6875,1,31.0,30.0,29.0,30.0,30.0,28.0,30.0,30.0,29.0,31.0,32.0,50.0,47.0,42.0,44.0,42.0
2025-12-25T09:49:31.503597,2301.645,827,Thumb,motor_13_flexed,50.0,34.625,1,31.0,30.0,29.0,30.0,30.0,28.0,30.0,30.0,29.0,31.0,32.0,50.0,47.0,42.0,44.0,41.0
2025-12-25T09:49:33.391519,2303.533,827,Thumb,motor_13_open,50.0,34.625,1,31.0,30.0,29.0,30.0,30.0,28.0,30.0,30.0,29.0,31.0,32.0,50.0,47.0,42.0,43.0,42.0
2025-12-25T09:49:34.287472,2304.425,828,Thumb,motor_14_flexed,50.0,34.625,1,31.0,30.0,29.0,30.0,30.0,28.0,30.0,30.0,29.0,31.0,32.0,50.0,47.0,42.0,44.0,41.0
2025-12-25T09:49:36.175365,2306.315,828,Thumb,motor_14_open,50.0,34.625,1,31.0,30.0,29.0,30.0,30.0,28.0,30.0,30.0,29.0,31.0,32.0,50.0,47.0,42.0,44.0,41.0
2025-12-25T09:49:37.071311,2307.212,829,Thumb,motor_12_flexed,50.0,34.625,1,31.0,29.0,29.0,30.0,30.0,28.0,30.0,30.0,29.0,31.0,32.0,50.0,47.0,42.0,44.0,42.0
2025-12-25T09:49:38.959213,2309.1,829,Thumb,motor_12_open,50.0,34.5625,1,31.0,29.0,29.0,30.0,30.0,28.0,30.0,30.0,29.0,31.0,32.0,50.0,47.0,42.0,44.0,41.0
2025-12-25T09:49:39.855164,2309.992,830,Index,motor_2_flexed,50.0,34.625,1,31.0,30.0,29.0,30.0,30.0,28.0,30.0,30.0,29.0,31.0,32.0,50.0,47.0,42.0,44.0,41.0
2025-12-25T09:49:41.759068,2311.896,830,Index,motor_2_open,50.0,34.5625,1,31.0,29.0,29.0,30.0,30.0,28.0,30.0,30.0,29.0,31.0,32.0,50.0,47.0,42.0,43.0,42.0
2025-12-25T09:49:42.655015,2312.794,831,Index,motor_1_flexed,50.0,34.6875,1,31.0,30.0,29.0,30.0,30.0,28.0,30.0,30.0,29.0,31.0,32.0,50.0,47.0,42.0,44.0,42.0
2025-12-25T09:49:44.542886,2314.683,831,Index,motor_1_open,50.0,34.625,1,31.0,30.0,29.0,30.0,30.0,28.0,30.0,30.0,29.0,31.0,32.0,50.0,47.0,42.0,43.0,42.0
2025-12-25T09:49:45.438864,2315.577,832,Index,motor_3_flexed,50.0,34.5625,1,31.0,29.0,29.0,30.0,30.0,28.0,30.0,30.0,29.0,31.0,32.0,50.0,47.0,42.0,44.0,41.0
2025-12-25T09:49:47.342763,2317.48,832,Index,motor_3_open,50.0,34.625,1,31.0,29.0,29.0,30.0,30.0,28.0,30.0,30.0,29.0,31.0,32.0,50.0,47.0,42.0,44.0,42.0
2025-12-25T09:49:48.238701,2318.376,833,Middle,motor_11_flexed,50.0,34.625,1,31.0,30.0,29.0,30.0,30.0,28.0,30.0,30.0,29.0,31.0,32.0,50.0,47.0,42.0,44.0,41.0
2025-12-25T09:49:50.126581,2320.267,833,Middle,motor_11_open,50.0,34.625,1,31.0,30.0,29.0,30.0,30.0,28.0,30.0,30.0,29.0,31.0,32.0,50.0,47.0,42.0,44.0,41.0
2025-12-25T09:49:51.022547,2321.161,834,Middle,motor_10_flexed,50.0,34.6875,1,31.0,30.0,29.0,30.0,30.0,28.0,30.0,30.0,29.0,31.0,32.0,50.0,47.0,42.0,44.0,42.0
2025-12-25T09:49:52.910444,2323.049,834,Middle,motor_10_open,50.0,34.6875,1,31.0,30.0,29.0,30.0,30.0,28.0,30.0,30.0,29.0,31.0,32.0,50.0,47.0,42.0,44.0,42.0
2025-12-25T09:49:53.806398,2323.946,835,Ring,motor_4_flexed,50.0,34.5625,1,31.0,30.0,29.0,30.0,30.0,28.0,30.0,30.0,29.0,31.0,32.0,50.0,47.0,42.0,43.0,41.0
2025-12-25T09:49:55.694291,2325.834,835,Ring,motor_4_open,50.0,34.5625,1,31.0,29.0,29.0,30.0,30.0,28.0,30.0,30.0,29.0,31.0,32.0,50.0,47.0,42.0,44.0,41.0
2025-12-25T09:49:56.590249,2326.733,836,Ring,motor_5_flexed,50.0,34.625,1,31.0,30.0,29.0,30.0,30.0,28.0,30.0,30.0,29.0,31.0,32.0,50.0,47.0,42.0,44.0,41.0
2025-12-25T09:49:58.478140,2328.616,836,Ring,motor_5_open,50.0,34.625,1,31.0,30.0,29.0,30.0,30.0,28.0,30.0,30.0,29.0,31.0,32.0,50.0,47.0,42.0,44.0,41.0
2025-12-25T09:49:59.374089,2329.514,837,Ring,motor_6_flexed,50.0,34.625,1,31.0,29.0,29.0,30.0,30.0,28.0,30.0,30.0,29.0,31.0,32.0,50.0,47.0,42.0,44.0,42.0
2025-12-25T09:50:01.261986,2331.4,837,Ring,motor_6_open,50.0,34.625,1,31.0,30.0,29.0,30.0,30.0,28.0,30.0,30.0,29.0,31.0,32.0,50.0,47.0,42.0,44.0,41.0
2025-12-25T09:50:02.157926,2332.298,838,Pinky,motor_7_flexed,50.0,34.625,1,31.0,30.0,29.0,30.0,30.0,28.0,30.0,30.0,29.0,31.0,32.0,50.0,47.0,42.0,43.0,42.0
2025-12-25T09:50:04.045845,2334.185,838,Pinky,motor_7_open,50.0,34.5625,1,31.0,30.0,29.0,30.0,30.0,28.0,30.0,30.0,29.0,31.0,32.0,50.0,47.0,42.0,43.0,41.0
2025-12-25T09:50:04.941794,2335.079,839,Pinky,motor_8_flexed,50.0,34.5625,1,31.0,30.0,29.0,30.0,30.0,28.0,30.0,30.0,29.0,31.0,32.0,50.0,47.0,42.0,43.0,41.0
2025-12-25T09:50:06.829687,2336.968,839,Pinky,motor_8_open,50.0,34.6875,1,31.0,30.0,29.0,30.0,30.0,28.0,30.0,30.0,29.0,31.0,32.0,50.0,47.0,42.0,44.0,42.0
2025-12-25T09:50:07.725623,2337.866,840,Pinky,motor_9_flexed,50.0,34.6875,1,31.0,30.0,29.0,30.0,31.0,28.0,30.0,30.0,29.0,31.0,32.0,50.0,47.0,42.0,44.0,41.0
2025-12-25T09:50:09.613537,2339.755,840,Pinky,motor_9_open,50.0,34.6875,1,31.0,30.0,29.0,30.0,30.0,28.0,30.0,30.0,29.0,31.0,32.0,50.0,47.0,42.0,44.0,42.0
2025-12-25T09:50:10.205488,2340.34,840,Pinky,motor_9_open_hold,50.0,34.625,1,31.0,30.0,29.0,30.0,30.0,28.0,30.0,30.0,29.0,31.0,32.0,50.0,47.0,42.0,43.0,42.0
2025-12-25T09:50:10.605497,2340.742,841,Thumb,motor_13_flexed,50.0,34.5625,1,31.0,29.0,29.0,30.0,30.0,28.0,30.0,30.0,29.0,31.0,32.0,50.0,47.0,42.0,44.0,41.0
2025-12-25T09:50:12.493378,2342.63,841,Thumb,motor_13_open,50.0,34.625,1,31.0,30.0,29.0,30.0,30.0,28.0,30.0,30.0,29.0,31.0,32.0,50.0,47.0,42.0,44.0,41.0
2025-12-25T09:50:13.389319,2343.528,842,Thumb,motor_14_flexed,50.0,34.625,1,31.0,29.0,29.0,30.0,30.0,28.0,30.0,30.0,29.0,31.0,32.0,50.0,47.0,42.0,44.0,42.0
2025-12-25T09:50:15.277217,2345.416,842,Thumb,motor_14_open,50.0,34.625,1,31.0,30.0,29.0,30.0,30.0,28.0,30.0,30.0,29.0,31.0,32.0,50.0,47.0,42.0,43.0,42.0
2025-12-25T09:50:16.173169,2346.31,843,Thumb,motor_12_flexed,50.0,34.5625,1,31.0,29.0,29.0,30.0,30.0,28.0,30.0,30.0,29.0,31.0,32.0,50.0,47.0,42.0,44.0,41.0
2025-12-25T09:50:18.061041,2348.191,843,Thumb,motor_12_open,50.0,34.5625,1,31.0,29.0,29.0,30.0,30.0,28.0,30.0,30.0,29.0,31.0,32.0,50.0,47.0,42.0,43.0,42.0
2025-12-25T09:50:18.957015,2349.087,844,Index,motor_2_flexed,50.0,34.625,1,31.0,30.0,29.0,30.0,30.0,28.0,30.0,30.0,29.0,31.0,32.0,50.0,47.0,42.0,44.0,41.0
2025-12-25T09:50:20.844908,2350.98,844,Index,motor_2_open,50.0,34.625,1,31.0,30.0,29.0,30.0,30.0,28.0,30.0,30.0,29.0,31.0,32.0,50.0,47.0,42.0,44.0,41.0
2025-12-25T09:50:21.740849,2351.879,845,Index,motor_1_flexed,50.0,34.5625,1,31.0,30.0,29.0,30.0,30.0,28.0,30.0,30.0,29.0,31.0,32.0,50.0,47.0,42.0,43.0,41.0
2025-12-25T09:50:23.628755,2353.766,845,Index,motor_1_open,50.0,34.5,1,31.0,29.0,29.0,30.0,30.0,28.0,30.0,30.0,29.0,31.0,32.0,50.0,47.0,42.0,43.0,41.0
2025-12-25T09:50:24.524705,2354.656,846,Index,motor_3_flexed,50.0,34.625,1,31.0,30.0,29.0,30.0,30.0,28.0,30.0,30.0,29.0,31.0,32.0,50.0,47.0,42.0,43.0,42.0
2025-12-25T09:50:26.412601,2356.55,846,Index,motor_3_open,50.0,34.5625,1,31.0,30.0,29.0,30.0,30.0,28.0,30.0,30.0,29.0,31.0,32.0,50.0,47.0,42.0,43.0,41.0
2025-12-25T09:50:27.308545,2357.448,847,Middle,motor_11_flexed,50.0,34.5625,1,31.0,29.0,29.0,30.0,30.0,28.0,30.0,30.0,29.0,31.0,32.0,50.0,47.0,42.0,44.0,41.0
2025-12-25T09:50:29.196442,2359.334,847,Middle,motor_11_open,50.0,34.6875,1,31.0,30.0,29.0,30.0,30.0,28.0,30.0,30.0,29.0,31.0,32.0,50.0,47.0,42.0,44.0,42.0
2025-12-25T09:50:30.092391,2360.231,848,Middle,motor_10_flexed,50.0,34.5,1,31.0,29.0,29.0,30.0,30.0,28.0,30.0,30.0,29.0,31.0,32.0,50.0,47.0,42.0,43.0,41.0
2025-12-25T09:50:31.980284,2362.111,848,Middle,motor_10_open,50.0,34.625,1,31.0,29.0,29.0,30.0,30.0,28.0,30.0,30.0,29.0,31.0,32.0,50.0,47.0,42.0,44.0,42.0
2025-12-25T09:50:32.876250,2363.014,849,Ring,motor_4_flexed,50.0,34.625,1,31.0,29.0,29.0,30.0,30.0,28.0,30.0,30.0,29.0,31.0,32.0,50.0,47.0,42.0,44.0,42.0
2025-12-25T09:50:34.764147,2364.902,849,Ring,motor_4_open,50.0,34.6875,1,31.0,30.0,29.0,30.0,30.0,28.0,30.0,30.0,29.0,31.0,32.0,50.0,47.0,42.0,44.0,42.0
2025-12-25T09:50:35.660090,2365.791,850,Ring,motor_5_flexed,50.0,34.625,1,31.0,30.0,29.0,30.0,30.0,28.0,30.0,30.0,29.0,31.0,32.0,50.0,47.0,42.0,44.0,41.0
2025-12-25T09:50:37.548018,2367.686,850,Ring,motor_5_open,50.0,34.5625,1,31.0,30.0,29.0,30.0,30.0,28.0,30.0,30.0,29.0,31.0,32.0,50.0,47.0,42.0,43.0,41.0
2025-12-25T09:50:38.443969,2368.582,851,Ring,motor_6_flexed,50.0,34.625,1,31.0,30.0,29.0,30.0,30.0,28.0,30.0,30.0,29.0,31.0,32.0,50.0,47.0,42.0,44.0,41.0
2025-12-25T09:50:40.331869,2370.471,851,Ring,motor_6_open,50.0,34.5625,1,31.0,30.0,29.0,30.0,30.0,28.0,30.0,30.0,29.0,31.0,32.0,50.0,47.0,42.0,44.0,40.0
2025-12-25T09:50:41.227811,2371.365,852,Pinky,motor_7_flexed,50.0,34.5625,1,31.0,29.0,29.0,30.0,30.0,28.0,30.0,30.0,29.0,31.0,32.0,50.0,47.0,42.0,43.0,42.0
2025-12-25T09:50:43.115714,2373.254,852,Pinky,motor_7_open,50.0,34.625,1,31.0,30.0,29.0,30.0,30.0,28.0,30.0,30.0,29.0,31.0,32.0,50.0,47.0,42.0,44.0,41.0
2025-12-25T09:50:44.011666,2374.152,853,Pinky,motor_8_flexed,50.0,34.6875,1,31.0,30.0,29.0,30.0,30.0,28.0,30.0,30.0,29.0,31.0,32.0,50.0,47.0,42.0,44.0,42.0
2025-12-25T09:50:45.899556,2376.038,853,Pinky,motor_8_open,50.0,34.5625,1,31.0,30.0,29.0,30.0,30.0,28.0,30.0,30.0,29.0,31.0,32.0,50.0,47.0,42.0,43.0,41.0
2025-12-25T09:50:46.795519,2376.931,854,Pinky,motor_9_flexed,50.0,34.625,1,31.0,30.0,29.0,30.0,30.0,28.0,30.0,30.0,29.0,31.0,32.0,50.0,47.0,42.0,43.0,42.0
2025-12-25T09:50:48.683412,2378.822,854,Pinky,motor_9_open,50.0,34.5625,1,31.0,29.0,29.0,30.0,30.0,28.0,30.0,30.0,29.0,31.0,32.0,50.0,47.0,42.0,44.0,41.0
2025-12-25T09:50:49.579372,2379.718,855,Thumb,motor_13_flexed,50.0,34.5625,1,31.0,29.0,29.0,30.0,30.0,28.0,30.0,30.0,29.0,31.0,32.0,50.0,47.0,42.0,43.0,42.0
2025-12-25T09:50:51.483259,2381.622,855,Thumb,motor_13_open,50.0,34.5625,1,31.0,29.0,29.0,30.0,30.0,28.0,30.0,30.0,29.0,31.0,32.0,50.0,47.0,42.0,44.0,41.0
2025-12-25T09:50:52.379192,2382.518,856,Thumb,motor_14_flexed,50.0,34.625,1,31.0,29.0,29.0,30.0,30.0,28.0,30.0,30.0,29.0,31.0,32.0,50.0,47.0,42.0,44.0,42.0
2025-12-25T09:50:54.267097,2384.401,856,Thumb,motor_14_open,50.0,34.75,1,31.0,30.0,29.0,30.0,30.0,28.0,30.0,30.0,29.0,31.0,32.0,50.0,47.0,42.0,45.0,42.0
2025-12-25T09:50:55.163039,2385.299,857,Thumb,motor_12_flexed,51.0,34.75,1,31.0,30.0,29.0,30.0,30.0,28.0,30.0,30.0,29.0,31.0,32.0,51.0,47.0,42.0,44.0,42.0
2025-12-25T09:50:57.050935,2387.189,857,Thumb,motor_12_open,51.0,34.5625,1,31.0,29.0,29.0,30.0,30.0,28.0,30.0,30.0,29.0,31.0,32.0,51.0,47.0,42.0,43.0,41.0
2025-12-25T09:50:57.946886,2388.08,858,Index,motor_2_flexed,51.0,34.6875,1,31.0,30.0,29.0,30.0,30.0,28.0,30.0,30.0,29.0,31.0,32.0,51.0,47.0,42.0,44.0,41.0
2025-12-25T09:50:59.834785,2389.972,858,Index,motor_2_open,51.0,34.625,1,31.0,29.0,29.0,30.0,30.0,28.0,30.0,30.0,29.0,31.0,32.0,51.0,47.0,42.0,44.0,41.0
2025-12-25T09:51:00.730724,2390.866,859,Index,motor_1_flexed,51.0,34.6875,1,31.0,29.0,29.0,30.0,30.0,28.0,30.0,30.0,29.0,31.0,32.0,51.0,47.0,42.0,44.0,42.0
2025-12-25T09:51:02.618622,2392.754,859,Index,motor_1_open,51.0,34.5625,1,31.0,29.0,29.0,30.0,30.0,28.0,30.0,30.0,29.0,31.0,32.0,51.0,47.0,42.0,43.0,41.0
2025-12-25T09:51:03.514582,2393.652,860,Index,motor_3_flexed,51.0,34.625,1,31.0,29.0,29.0,30.0,30.0,28.0,30.0,30.0,29.0,31.0,32.0,51.0,47.0,42.0,43.0,42.0
2025-12-25T09:51:05.402484,2395.54,860,Index,motor_3_open,51.0,34.6875,1,31.0,29.0,29.0,30.0,30.0,28.0,30.0,30.0,29.0,31.0,32.0,51.0,47.0,42.0,44.0,42.0
2025-12-25T09:51:06.298425,2396.434,861,Middle,motor_11_flexed,51.0,34.625,1,31.0,29.0,29.0,30.0,30.0,28.0,30.0,30.0,29.0,31.0,32.0,51.0,47.0,42.0,43.0,42.0
2025-12-25T09:51:08.186361,2398.325,861,Middle,motor_11_open,51.0,34.625,1,31.0,29.0,29.0,30.0,30.0,28.0,30.0,30.0,29.0,31.0,32.0,51.0,47.0,42.0,44.0,41.0
2025-12-25T09:51:09.082302,2399.222,862,Middle,motor_10_flexed,51.0,34.625,1,31.0,29.0,29.0,30.0,30.0,28.0,30.0,30.0,29.0,31.0,32.0,51.0,47.0,42.0,44.0,41.0
2025-12-25T09:51:10.170232,2400.308,862,Middle,motor_10_flex_hold,51.0,34.625,1,31.0,29.0,29.0,30.0,30.0,28.0,30.0,30.0,29.0,31.0,32.0,51.0,47.0,42.0,43.0,42.0
2025-12-25T09:51:10.970201,2401.11,862,Middle,motor_10_open,51.0,34.625,1,31.0,29.0,29.0,30.0,30.0,28.0,30.0,30.0,29.0,31.0,32.0,51.0,47.0,42.0,43.0,42.0
2025-12-25T09:51:11.866154,2402.006,863,Ring,motor_4_flexed,51.0,34.625,1,31.0,29.0,29.0,30.0,30.0,28.0,30.0,30.0,29.0,31.0,32.0,51.0,47.0,42.0,44.0,41.0
2025-12-25T09:51:13.754029,2403.893,863,Ring,motor_4_open,51.0,34.625,1,31.0,29.0,29.0,30.0,30.0,28.0,30.0,30.0,29.0,31.0,32.0,51.0,47.0,42.0,44.0,41.0
2025-12-25T09:51:14.650006,2404.789,864,Ring,motor_5_flexed,51.0,34.625,1,31.0,30.0,29.0,30.0,30.0,28.0,30.0,30.0,29.0,31.0,32.0,51.0,47.0,42.0,43.0,41.0
2025-12-25T09:51:16.537906,2406.68,864,Ring,motor_5_open,51.0,34.625,1,31.0,30.0,29.0,30.0,30.0,28.0,30.0,30.0,29.0,31.0,32.0,51.0,47.0,42.0,43.0,41.0
2025-12-25T09:51:17.433871,2407.573,865,Ring,motor_6_flexed,50.0,34.625,1,31.0,30.0,29.0,30.0,30.0,28.0,30.0,30.0,29.0,31.0,32.0,50.0,47.0,42.0,44.0,41.0
2025-12-25T09:51:19.321727,2409.46,865,Ring,motor_6_open,50.0,34.625,1,31.0,29.0,29.0,30.0,30.0,28.0,30.0,30.0,29.0,31.0,32.0,50.0,47.0,42.0,45.0,41.0
2025-12-25T09:51:20.217676,2410.356,866,Pinky,motor_7_flexed,50.0,34.5625,1,31.0,30.0,29.0,30.0,30.0,28.0,30.0,30.0,29.0,31.0,32.0,50.0,47.0,42.0,43.0,41.0
2025-12-25T09:51:22.105589,2412.247,866,Pinky,motor_7_open,50.0,34.625,1,31.0,30.0,29.0,30.0,30.0,28.0,30.0,30.0,29.0,31.0,32.0,50.0,47.0,42.0,43.0,42.0
2025-12-25T09:51:23.001540,2413.141,867,Pinky,motor_8_flexed,50.0,34.625,1,31.0,30.0,29.0,30.0,30.0,28.0,30.0,30.0,29.0,31.0,32.0,50.0,47.0,42.0,44.0,41.0
2025-12-25T09:51:24.889436,2415.027,867,Pinky,motor_8_open,50.0,34.625,1,31.0,30.0,29.0,30.0,30.0,28.0,30.0,30.0,29.0,31.0,32.0,50.0,47.0,42.0,43.0,42.0
2025-12-25T09:51:25.785393,2415.924,868,Pinky,motor_9_flexed,50.0,34.625,1,31.0,30.0,29.0,30.0,30.0,28.0,30.0,30.0,29.0,31.0,32.0,50.0,47.0,42.0,43.0,42.0
2025-12-25T09:51:27.673274,2417.813,868,Pinky,motor_9_open,50.0,34.625,1,31.0,30.0,29.0,30.0,30.0,28.0,30.0,30.0,29.0,31.0,32.0,50.0,47.0,42.0,43.0,42.0
2025-12-25T09:51:28.569236,2418.708,869,Thumb,motor_13_flexed,50.0,34.625,1,31.0,29.0,29.0,30.0,30.0,28.0,30.0,30.0,29.0,31.0,32.0,50.0,47.0,42.0,44.0,42.0
2025-12-25T09:51:30.457137,2420.596,869,Thumb,motor_13_open,50.0,34.5625,1,31.0,29.0,29.0,30.0,30.0,28.0,30.0,30.0,29.0,31.0,32.0,50.0,47.0,42.0,43.0,42.0
2025-12-25T09:51:31.353107,2421.49,870,Thumb,motor_14_flexed,50.0,34.625,1,31.0,30.0,29.0,30.0,30.0,28.0,30.0,30.0,29.0,31.0,32.0,50.0,47.0,42.0,44.0,41.0
2025-12-25T09:51:33.240970,2423.381,870,Thumb,motor_14_open,50.0,34.5,1,31.0,29.0,29.0,30.0,30.0,28.0,30.0,30.0,29.0,31.0,32.0,50.0,47.0,42.0,43.0,41.0
2025-12-25T09:51:34.136932,2424.275,871,Thumb,motor_12_flexed,50.0,34.5625,1,31.0,29.0,29.0,30.0,30.0,28.0,30.0,30.0,29.0,31.0,32.0,50.0,47.0,42.0,43.0,42.0
2025-12-25T09:51:36.024837,2426.165,871,Thumb,motor_12_open,50.0,34.625,1,31.0,30.0,29.0,30.0,30.0,28.0,30.0,30.0,29.0,31.0,32.0,50.0,47.0,42.0,44.0,41.0
2025-12-25T09:51:36.920787,2427.059,872,Index,motor_2_flexed,50.0,34.5,1,31.0,29.0,29.0,30.0,30.0,28.0,30.0,30.0,29.0,31.0,32.0,50.0,47.0,42.0,43.0,41.0
2025-12-25T09:51:38.808665,2428.948,872,Index,motor_2_open,50.0,34.6875,1,31.0,30.0,29.0,30.0,30.0,28.0,30.0,30.0,29.0,31.0,32.0,50.0,47.0,42.0,44.0,42.0
2025-12-25T09:51:39.704615,2429.844,873,Index,motor_1_flexed,50.0,34.5,1,31.0,29.0,29.0,30.0,30.0,28.0,30.0,30.0,29.0,31.0,32.0,50.0,47.0,42.0,43.0,41.0
2025-12-25T09:51:41.592523,2431.731,873,Index,motor_1_open,50.0,34.5625,1,31.0,29.0,28.0,30.0,30.0,28.0,30.0,30.0,29.0,31.0,32.0,50.0,47.0,42.0,44.0,42.0
2025-12-25T09:51:42.488466,2432.627,874,Index,motor_3_flexed,50.0,34.5,1,31.0,29.0,29.0,30.0,30.0,28.0,30.0,30.0,29.0,31.0,32.0,50.0,47.0,42.0,43.0,41.0
2025-12-25T09:51:44.376363,2434.515,874,Index,motor_3_open,50.0,34.625,1,31.0,29.0,29.0,30.0,30.0,28.0,30.0,30.0,29.0,31.0,32.0,50.0,47.0,42.0,44.0,42.0
2025-12-25T09:51:45.272307,2435.411,875,Middle,motor_11_flexed,50.0,34.5625,1,31.0,29.0,29.0,30.0,30.0,28.0,30.0,30.0,29.0,31.0,32.0,50.0,47.0,42.0,43.0,42.0
2025-12-25T09:51:47.160202,2437.299,875,Middle,motor_11_open,50.0,34.75,1,31.0,29.0,29.0,30.0,30.0,28.0,30.0,30.0,29.0,31.0,32.0,50.0,47.0,42.0,44.0,44.0
2025-12-25T09:51:48.056153,2438.193,876,Middle,motor_10_flexed,50.0,34.5625,1,31.0,29.0,29.0,30.0,30.0,28.0,30.0,30.0,29.0,31.0,32.0,50.0,47.0,42.0,43.0,42.0
2025-12-25T09:51:49.944050,2440.08,876,Middle,motor_10_open,50.0,34.5625,1,31.0,29.0,29.0,30.0,30.0,28.0,30.0,30.0,29.0,31.0,32.0,50.0,47.0,42.0,44.0,41.0
2025-12-25T09:51:50.839998,2440.979,877,Ring,motor_4_flexed,50.0,34.5625,1,31.0,29.0,29.0,30.0,30.0,28.0,30.0,30.0,29.0,31.0,32.0,50.0,47.0,42.0,43.0,42.0
2025-12-25T09:51:52.727907,2442.865,877,Ring,motor_4_open,50.0,34.5,1,31.0,29.0,29.0,30.0,30.0,28.0,30.0,30.0,29.0,31.0,32.0,50.0,47.0,42.0,43.0,41.0
2025-12-25T09:51:53.623860,2443.763,878,Ring,motor_5_flexed,50.0,34.5625,1,31.0,29.0,29.0,30.0,30.0,28.0,30.0,30.0,29.0,31.0,32.0,50.0,47.0,42.0,43.0,42.0
2025-12-25T09:51:55.511776,2445.65,878,Ring,motor_5_open,50.0,34.5625,1,31.0,29.0,29.0,30.0,30.0,28.0,30.0,30.0,29.0,31.0,32.0,50.0,47.0,42.0,43.0,42.0
2025-12-25T09:51:56.407728,2446.55,879,Ring,motor_6_flexed,50.0,34.625,1,31.0,29.0,29.0,30.0,30.0,28.0,30.0,30.0,29.0,31.0,32.0,50.0,47.0,42.0,44.0,42.0
2025-12-25T09:51:58.295624,2448.434,879,Ring,motor_6_open,50.0,34.625,1,31.0,29.0,29.0,30.0,30.0,28.0,30.0,30.0,29.0,31.0,32.0,50.0,47.0,42.0,44.0,42.0
2025-12-25T09:51:59.191563,2449.331,880,Pinky,motor_7_flexed,50.0,34.5,1,31.0,29.0,29.0,30.0,30.0,28.0,30.0,30.0,29.0,31.0,32.0,50.0,47.0,42.0,43.0,41.0
2025-12-25T09:52:01.079463,2451.215,880,Pinky,motor_7_open,50.0,34.5625,1,31.0,29.0,29.0,30.0,30.0,28.0,30.0,30.0,29.0,31.0,32.0,50.0,47.0,42.0,44.0,41.0
2025-12-25T09:52:01.975413,2452.113,881,Pinky,motor_8_flexed,50.0,34.5625,1,31.0,29.0,29.0,30.0,30.0,28.0,30.0,30.0,29.0,31.0,32.0,50.0,47.0,42.0,44.0,41.0
2025-12-25T09:52:03.863307,2453.994,881,Pinky,motor_8_open,50.0,34.625,1,31.0,29.0,29.0,30.0,30.0,28.0,30.0,30.0,29.0,31.0,32.0,50.0,47.0,42.0,44.0,42.0
2025-12-25T09:52:04.759244,2454.892,882,Pinky,motor_9_flexed,50.0,34.5625,1,31.0,29.0,29.0,30.0,30.0,28.0,30.0,30.0,29.0,31.0,32.0,50.0,47.0,42.0,44.0,41.0
2025-12-25T09:52:06.647159,2456.783,882,Pinky,motor_9_open,50.0,34.5625,1,31.0,29.0,29.0,30.0,30.0,28.0,30.0,30.0,29.0,31.0,32.0,50.0,47.0,42.0,44.0,41.0
2025-12-25T09:52:07.543109,2457.676,883,Thumb,motor_13_flexed,50.0,34.5,1,31.0,29.0,28.0,30.0,30.0,28.0,30.0,30.0,29.0,31.0,32.0,50.0,47.0,42.0,44.0,41.0
2025-12-25T09:52:09.431009,2459.568,883,Thumb,motor_13_open,50.0,34.5,1,31.0,29.0,28.0,30.0,30.0,28.0,30.0,30.0,29.0,31.0,32.0,50.0,47.0,42.0,43.0,42.0
2025-12-25T09:52:10.022978,2460.157,883,Thumb,motor_13_open_hold,50.0,34.5625,1,31.0,29.0,29.0,30.0,30.0,28.0,30.0,30.0,29.0,31.0,32.0,50.0,47.0,42.0,44.0,41.0
2025-12-25T09:52:10.422941,2460.555,884,Thumb,motor_14_flexed,50.0,34.625,1,31.0,29.0,29.0,30.0,30.0,28.0,30.0,30.0,29.0,31.0,32.0,50.0,47.0,42.0,44.0,42.0
2025-12-25T09:52:12.310834,2462.447,884,Thumb,motor_14_open,50.0,34.5625,1,31.0,29.0,29.0,30.0,30.0,28.0,30.0,30.0,29.0,31.0,32.0,50.0,47.0,42.0,43.0,42.0
2025-12-25T09:52:13.206784,2463.343,885,Thumb,motor_12_flexed,50.0,34.625,1,31.0,29.0,29.0,30.0,30.0,28.0,30.0,30.0,29.0,31.0,32.0,50.0,47.0,42.0,44.0,42.0
2025-12-25T09:52:15.094695,2465.231,885,Thumb,motor_12_open,50.0,34.625,1,31.0,29.0,29.0,30.0,30.0,28.0,30.0,30.0,29.0,31.0,32.0,50.0,47.0,42.0,44.0,42.0
2025-12-25T09:52:15.990634,2466.129,886,Index,motor_2_flexed,50.0,34.625,1,31.0,29.0,29.0,30.0,30.0,28.0,30.0,30.0,29.0,31.0,32.0,50.0,47.0,42.0,44.0,42.0
2025-12-25T09:52:17.878530,2468.017,886,Index,motor_2_open,50.0,34.5625,1,31.0,29.0,29.0,30.0,30.0,28.0,30.0,30.0,29.0,31.0,32.0,50.0,47.0,42.0,44.0,41.0
2025-12-25T09:52:18.774481,2468.911,887,Index,motor_1_flexed,50.0,34.625,1,31.0,29.0,29.0,30.0,30.0,28.0,30.0,30.0,29.0,31.0,32.0,50.0,47.0,42.0,44.0,42.0
2025-12-25T09:52:20.662378,2470.801,887,Index,motor_1_open,50.0,34.5625,1,31.0,29.0,28.0,30.0,30.0,28.0,30.0,30.0,29.0,31.0,32.0,50.0,47.0,42.0,44.0,42.0
2025-12-25T09:52:21.558330,2471.697,888,Index,motor_3_flexed,50.0,34.5,1,31.0,29.0,28.0,30.0,30.0,28.0,30.0,30.0,29.0,31.0,32.0,50.0,47.0,42.0,44.0,41.0
2025-12-25T09:52:23.446227,2473.584,888,Index,motor_3_open,50.0,34.5625,1,31.0,29.0,29.0,30.0,30.0,28.0,30.0,30.0,29.0,31.0,32.0,50.0,47.0,42.0,44.0,41.0
2025-12-25T09:52:24.342193,2474.48,889,Middle,motor_11_flexed,50.0,34.5625,1,31.0,29.0,29.0,30.0,30.0,28.0,30.0,30.0,29.0,31.0,32.0,50.0,47.0,42.0,44.0,41.0
2025-12-25T09:52:26.230108,2476.369,889,Middle,motor_11_open,50.0,34.5625,1,31.0,29.0,29.0,30.0,30.0,28.0,30.0,30.0,29.0,31.0,32.0,50.0,47.0,42.0,44.0,41.0
2025-12-25T09:52:27.126051,2477.266,890,Middle,motor_10_flexed,50.0,34.5,1,31.0,29.0,29.0,30.0,30.0,28.0,30.0,30.0,29.0,31.0,32.0,50.0,47.0,42.0,43.0,41.0
2025-12-25T09:52:29.013935,2479.152,890,Middle,motor_10_open,50.0,34.5625,1,31.0,29.0,29.0,30.0,30.0,28.0,30.0,30.0,29.0,31.0,32.0,50.0,47.0,42.0,44.0,41.0
2025-12-25T09:52:29.909886,2480.047,891,Ring,motor_4_flexed,50.0,34.5625,1,31.0,29.0,29.0,30.0,30.0,28.0,30.0,30.0,29.0,31.0,32.0,50.0,47.0,42.0,43.0,42.0
2025-12-25T09:52:31.797776,2481.936,891,Ring,motor_4_open,50.0,34.5625,1,31.0,29.0,29.0,30.0,30.0,28.0,30.0,30.0,29.0,31.0,32.0,50.0,47.0,42.0,44.0,41.0
2025-12-25T09:52:32.693736,2482.835,892,Ring,motor_5_flexed,50.0,34.5625,1,31.0,29.0,29.0,30.0,30.0,28.0,30.0,30.0,29.0,31.0,32.0,50.0,47.0,42.0,44.0,41.0
2025-12-25T09:52:34.581631,2484.722,892,Ring,motor_5_open,50.0,34.625,1,31.0,29.0,29.0,30.0,30.0,28.0,30.0,30.0,29.0,31.0,32.0,50.0,47.0,42.0,44.0,42.0
2025-12-25T09:52:35.477584,2485.615,893,Ring,motor_6_flexed,50.0,34.5625,1,31.0,29.0,29.0,30.0,30.0,28.0,30.0,30.0,29.0,31.0,32.0,50.0,47.0,42.0,43.0,42.0
2025-12-25T09:52:37.365480,2487.503,893,Ring,motor_6_open,50.0,34.5625,1,31.0,29.0,29.0,30.0,30.0,28.0,30.0,30.0,29.0,31.0,32.0,50.0,47.0,42.0,44.0,41.0
2025-12-25T09:52:38.261433,2488.401,894,Pinky,motor_7_flexed,50.0,34.5625,1,31.0,29.0,29.0,30.0,30.0,28.0,30.0,30.0,29.0,31.0,32.0,50.0,47.0,42.0,44.0,41.0
2025-12-25T09:52:40.149330,2490.289,894,Pinky,motor_7_open,50.0,34.5625,1,31.0,29.0,29.0,30.0,30.0,28.0,30.0,30.0,29.0,31.0,32.0,50.0,47.0,42.0,43.0,42.0
2025-12-25T09:52:41.045281,2491.184,895,Pinky,motor_8_flexed,50.0,34.625,1,31.0,29.0,29.0,30.0,30.0,28.0,30.0,30.0,29.0,31.0,32.0,50.0,47.0,42.0,44.0,42.0
2025-12-25T09:52:42.933170,2493.072,895,Pinky,motor_8_open,50.0,34.5625,1,31.0,29.0,29.0,30.0,30.0,28.0,30.0,30.0,29.0,31.0,32.0,50.0,47.0,42.0,44.0,41.0
2025-12-25T09:52:43.829120,2493.966,896,Pinky,motor_9_flexed,50.0,34.5625,1,31.0,29.0,28.0,30.0,30.0,28.0,30.0,30.0,29.0,31.0,32.0,50.0,47.0,42.0,44.0,42.0
2025-12-25T09:52:45.717025,2495.856,896,Pinky,motor_9_open,50.0,34.5625,1,31.0,29.0,29.0,30.0,30.0,28.0,30.0,30.0,29.0,31.0,32.0,50.0,47.0,42.0,43.0,42.0
2025-12-25T09:52:46.613011,2496.753,897,Thumb,motor_13_flexed,50.0,34.4375,1,31.0,29.0,28.0,30.0,30.0,28.0,30.0,30.0,29.0,31.0,32.0,50.0,47.0,42.0,43.0,41.0
2025-12-25T09:52:48.500892,2498.64,897,Thumb,motor_13_open,50.0,34.625,1,31.0,29.0,29.0,30.0,30.0,28.0,30.0,30.0,29.0,31.0,32.0,50.0,47.0,42.0,44.0,42.0
2025-12-25T09:52:49.396841,2499.537,898,Thumb,motor_14_flexed,50.0,34.5625,1,31.0,29.0,29.0,30.0,30.0,28.0,30.0,30.0,29.0,31.0,32.0,50.0,47.0,42.0,43.0,42.0
2025-12-25T09:52:51.284747,2501.423,898,Thumb,motor_14_open,50.0,34.5,1,31.0,29.0,29.0,30.0,30.0,28.0,30.0,30.0,29.0,31.0,32.0,50.0,47.0,42.0,43.0,41.0
2025-12-25T09:52:52.180697,2502.32,899,Thumb,motor_12_flexed,50.0,34.625,1,31.0,29.0,29.0,30.0,30.0,28.0,30.0,30.0,29.0,31.0,32.0,50.0,47.0,42.0,44.0,42.0
2025-12-25T09:52:54.068595,2504.21,899,Thumb,motor_12_open,50.0,34.5,1,31.0,29.0,28.0,30.0,30.0,28.0,30.0,30.0,29.0,31.0,32.0,50.0,47.0,42.0,44.0,41.0
2025-12-25T09:52:54.964522,2505.103,900,Index,motor_2_flexed,50.0,34.5,1,31.0,29.0,28.0,30.0,30.0,28.0,30.0,30.0,29.0,31.0,32.0,50.0,47.0,42.0,44.0,41.0
2025-12-25T09:52:56.852437,2506.992,900,Index,motor_2_open,50.0,34.5625,1,31.0,29.0,28.0,30.0,30.0,28.0,30.0,30.0,29.0,31.0,32.0,50.0,47.0,42.0,44.0,42.0
2025-12-25T09:52:57.748402,2507.89,901,Index,motor_1_flexed,50.0,34.5,1,31.0,29.0,28.0,30.0,30.0,28.0,30.0,30.0,29.0,31.0,32.0,50.0,47.0,42.0,44.0,41.0
2025-12-25T09:52:59.636299,2509.778,901,Index,motor_1_open,50.0,34.5625,1,31.0,29.0,28.0,30.0,31.0,28.0,30.0,30.0,29.0,31.0,32.0,50.0,47.0,42.0,43.0,42.0
2025-12-25T09:53:00.532251,2510.671,902,Index,motor_3_flexed,50.0,34.5625,1,31.0,29.0,28.0,30.0,30.0,28.0,30.0,30.0,29.0,31.0,32.0,50.0,47.0,42.0,44.0,42.0
2025-12-25T09:53:02.420148,2512.559,902,Index,motor_3_open,50.0,34.5,1,31.0,29.0,28.0,30.0,30.0,28.0,30.0,30.0,29.0,31.0,32.0,50.0,47.0,42.0,44.0,41.0
2025-12-25T09:53:03.316103,2513.457,903,Middle,motor_11_flexed,50.0,34.5625,1,31.0,29.0,29.0,30.0,30.0,28.0,30.0,30.0,29.0,31.0,32.0,50.0,47.0,42.0,44.0,41.0
2025-12-25T09:53:05.203998,2515.343,903,Middle,motor_11_open,50.0,34.625,1,31.0,29.0,29.0,30.0,30.0,28.0,30.0,30.0,29.0,31.0,32.0,50.0,47.0,42.0,44.0,42.0
2025-12-25T09:53:06.099925,2516.237,904,Middle,motor_10_flexed,50.0,34.625,1,31.0,29.0,29.0,30.0,30.0,28.0,30.0,30.0,29.0,31.0,32.0,50.0,47.0,42.0,44.0,42.0
2025-12-25T09:53:07.987837,2518.126,904,Middle,motor_10_open,50.0,34.625,1,31.0,29.0,29.0,30.0,30.0,28.0,30.0,30.0,29.0,31.0,32.0,50.0,47.0,42.0,44.0,42.0
2025-12-25T09:53:08.883785,2519.024,905,Ring,motor_4_flexed,50.0,34.5625,1,31.0,29.0,28.0,30.0,30.0,28.0,30.0,30.0,29.0,31.0,32.0,50.0,47.0,42.0,44.0,42.0
2025-12-25T09:53:09.971728,2520.11,905,Ring,motor_4_flex_hold,50.0,34.5,1,31.0,29.0,28.0,30.0,30.0,28.0,30.0,30.0,29.0,31.0,32.0,50.0,47.0,42.0,44.0,41.0
2025-12-25T09:53:10.771680,2520.912,905,Ring,motor_4_open,50.0,34.5625,1,31.0,29.0,29.0,30.0,30.0,28.0,30.0,30.0,29.0,31.0,32.0,50.0,47.0,42.0,44.0,41.0
2025-12-25T09:53:11.667635,2521.806,906,Ring,motor_5_flexed,50.0,34.625,1,31.0,29.0,29.0,30.0,30.0,28.0,30.0,30.0,29.0,31.0,32.0,50.0,47.0,42.0,44.0,42.0
2025-12-25T09:53:13.555531,2523.692,906,Ring,motor_5_open,50.0,34.625,1,31.0,29.0,29.0,30.0,30.0,28.0,30.0,30.0,29.0,31.0,32.0,50.0,47.0,42.0,44.0,42.0
2025-12-25T09:53:14.451481,2524.591,907,Ring,motor_6_flexed,50.0,34.625,1,31.0,29.0,29.0,30.0,30.0,28.0,30.0,30.0,29.0,31.0,32.0,50.0,47.0,42.0,44.0,42.0
2025-12-25T09:53:16.339379,2526.479,907,Ring,motor_6_open,50.0,34.625,1,31.0,29.0,29.0,30.0,30.0,28.0,30.0,30.0,29.0,31.0,32.0,50.0,47.0,42.0,44.0,42.0
2025-12-25T09:53:17.235338,2527.375,908,Pinky,motor_7_flexed,50.0,34.5625,1,31.0,29.0,28.0,30.0,30.0,28.0,30.0,30.0,29.0,31.0,32.0,50.0,47.0,42.0,44.0,42.0
2025-12-25T09:53:19.139230,2529.279,908,Pinky,motor_7_open,50.0,34.5625,1,31.0,29.0,29.0,30.0,30.0,28.0,30.0,30.0,29.0,31.0,32.0,50.0,47.0,42.0,44.0,41.0
2025-12-25T09:53:20.035178,2530.174,909,Pinky,motor_8_flexed,50.0,34.5625,1,31.0,29.0,29.0,30.0,30.0,28.0,30.0,30.0,29.0,31.0,32.0,50.0,47.0,42.0,44.0,41.0
2025-12-25T09:53:21.923088,2532.062,909,Pinky,motor_8_open,50.0,34.5625,1,31.0,29.0,29.0,30.0,30.0,28.0,30.0,30.0,29.0,31.0,32.0,50.0,47.0,42.0,44.0,41.0
2025-12-25T09:53:22.819030,2532.959,910,Pinky,motor_9_flexed,50.0,34.375,1,31.0,29.0,28.0,30.0,30.0,28.0,30.0,30.0,29.0,31.0,32.0,50.0,47.0,42.0,43.0,40.0
2025-12-25T09:53:24.706925,2534.844,910,Pinky,motor_9_open,50.0,34.5625,1,31.0,29.0,29.0,30.0,30.0,28.0,30.0,30.0,29.0,31.0,32.0,50.0,47.0,42.0,44.0,41.0
2025-12-25T09:53:25.602877,2535.741,911,Thumb,motor_13_flexed,50.0,34.6875,1,31.0,29.0,29.0,30.0,30.0,28.0,30.0,30.0,29.0,31.0,32.0,50.0,47.0,42.0,44.0,43.0
2025-12-25T09:53:27.490774,2537.629,911,Thumb,motor_13_open,50.0,34.5,1,31.0,29.0,28.0,30.0,30.0,28.0,30.0,30.0,29.0,31.0,32.0,50.0,47.0,42.0,44.0,41.0
2025-12-25T09:53:28.386723,2538.526,912,Thumb,motor_14_flexed,50.0,34.5625,1,31.0,29.0,29.0,30.0,30.0,28.0,30.0,30.0,29.0,31.0,32.0,50.0,47.0,42.0,44.0,41.0
2025-12-25T09:53:30.274622,2540.414,912,Thumb,motor_14_open,50.0,34.625,1,31.0,29.0,29.0,30.0,30.0,28.0,30.0,30.0,29.0,31.0,32.0,50.0,47.0,42.0,44.0,42.0
2025-12-25T09:53:31.170585,2541.304,913,Thumb,motor_12_flexed,50.0,34.5,1,31.0,29.0,29.0,30.0,30.0,28.0,30.0,30.0,29.0,31.0,32.0,50.0,47.0,42.0,43.0,41.0
2025-12-25T09:53:33.058473,2543.196,913,Thumb,motor_12_open,50.0,34.5,1,31.0,29.0,28.0,30.0,30.0,28.0,30.0,30.0,29.0,31.0,32.0,50.0,47.0,42.0,44.0,41.0
2025-12-25T09:53:33.954413,2544.095,914,Index,motor_2_flexed,50.0,34.5625,1,31.0,29.0,28.0,30.0,30.0,28.0,30.0,30.0,29.0,31.0,32.0,50.0,47.0,42.0,44.0,42.0
2025-12-25T09:53:35.842319,2545.977,914,Index,motor_2_open,50.0,34.5,1,31.0,29.0,28.0,30.0,30.0,28.0,30.0,30.0,29.0,31.0,32.0,50.0,47.0,42.0,43.0,42.0
2025-12-25T09:53:36.738271,2546.876,915,Index,motor_1_flexed,50.0,34.5625,1,31.0,29.0,29.0,30.0,30.0,28.0,30.0,30.0,29.0,31.0,32.0,50.0,47.0,42.0,43.0,42.0
2025-12-25T09:53:38.626170,2548.763,915,Index,motor_1_open,50.0,34.5625,1,31.0,29.0,29.0,30.0,30.0,28.0,30.0,30.0,29.0,31.0,32.0,50.0,47.0,42.0,44.0,41.0
2025-12-25T09:53:39.522122,2549.662,916,Index,motor_3_flexed,50.0,34.5625,1,31.0,29.0,29.0,30.0,30.0,28.0,30.0,30.0,29.0,31.0,32.0,50.0,47.0,42.0,44.0,41.0
2025-12-25T09:53:41.410019,2551.549,916,Index,motor_3_open,50.0,34.5625,1,31.0,29.0,29.0,30.0,30.0,28.0,30.0,30.0,29.0,31.0,32.0,50.0,47.0,42.0,44.0,41.0
2025-12-25T09:53:42.305970,2552.444,917,Middle,motor_11_flexed,50.0,34.5625,1,31.0,29.0,29.0,30.0,30.0,28.0,30.0,30.0,29.0,31.0,32.0,50.0,47.0,42.0,43.0,42.0
2025-12-25T09:53:44.193868,2554.332,917,Middle,motor_11_open,50.0,34.625,1,31.0,29.0,29.0,30.0,30.0,28.0,30.0,30.0,29.0,31.0,32.0,50.0,47.0,42.0,44.0,42.0
2025-12-25T09:53:45.089836,2555.231,918,Middle,motor_10_flexed,50.0,34.5,1,31.0,29.0,29.0,30.0,30.0,28.0,30.0,30.0,29.0,31.0,32.0,50.0,47.0,42.0,43.0,41.0
2025-12-25T09:53:46.977705,2557.118,918,Middle,motor_10_open,50.0,34.5625,1,31.0,29.0,29.0,30.0,30.0,28.0,30.0,30.0,29.0,31.0,32.0,50.0,47.0,42.0,44.0,41.0
2025-12-25T09:53:47.873667,2558.012,919,Ring,motor_4_flexed,50.0,34.5625,1,31.0,29.0,29.0,30.0,30.0,28.0,30.0,30.0,29.0,31.0,32.0,50.0,47.0,42.0,43.0,42.0
2025-12-25T09:53:49.761566,2559.899,919,Ring,motor_4_open,50.0,34.625,1,31.0,30.0,29.0,30.0,30.0,28.0,30.0,30.0,29.0,31.0,32.0,50.0,47.0,42.0,43.0,42.0
2025-12-25T09:53:50.657516,2560.796,920,Ring,motor_5_flexed,50.0,34.625,1,31.0,29.0,29.0,30.0,30.0,28.0,30.0,30.0,29.0,31.0,32.0,50.0,47.0,42.0,44.0,42.0
2025-12-25T09:53:52.545415,2562.687,920,Ring,motor_5_open,50.0,34.5625,1,31.0,29.0,29.0,30.0,30.0,28.0,30.0,30.0,29.0,31.0,32.0,50.0,47.0,42.0,43.0,42.0
2025-12-25T09:53:53.441368,2563.579,921,Ring,motor_6_flexed,50.0,34.5,1,31.0,29.0,29.0,30.0,30.0,28.0,30.0,30.0,29.0,31.0,32.0,50.0,47.0,42.0,43.0,41.0
2025-12-25T09:53:55.329264,2565.468,921,Ring,motor_6_open,50.0,34.5625,1,31.0,29.0,29.0,30.0,30.0,28.0,30.0,30.0,29.0,31.0,32.0,50.0,47.0,42.0,44.0,41.0
2025-12-25T09:53:56.225211,2566.364,922,Pinky,motor_7_flexed,50.0,34.5625,1,31.0,30.0,29.0,30.0,30.0,28.0,30.0,30.0,29.0,31.0,32.0,50.0,47.0,42.0,43.0,41.0
2025-12-25T09:53:58.113109,2568.253,922,Pinky,motor_7_open,50.0,34.5625,1,31.0,29.0,29.0,30.0,30.0,28.0,30.0,30.0,29.0,31.0,32.0,50.0,47.0,42.0,44.0,41.0
2025-12-25T09:53:59.009061,2569.147,923,Pinky,motor_8_flexed,50.0,34.625,1,31.0,30.0,29.0,30.0,30.0,28.0,30.0,30.0,29.0,31.0,32.0,50.0,47.0,42.0,44.0,41.0
2025-12-25T09:54:00.896957,2571.036,923,Pinky,motor_8_open,50.0,34.5625,1,31.0,29.0,29.0,30.0,30.0,28.0,30.0,30.0,29.0,31.0,32.0,50.0,47.0,42.0,44.0,41.0
2025-12-25T09:54:01.792908,2571.931,924,Pinky,motor_9_flexed,50.0,34.625,1,31.0,29.0,29.0,30.0,30.0,28.0,30.0,30.0,29.0,31.0,32.0,50.0,47.0,42.0,44.0,42.0
2025-12-25T09:54:03.680805,2573.821,924,Pinky,motor_9_open,50.0,34.5625,1,31.0,29.0,29.0,30.0,30.0,28.0,30.0,30.0,29.0,31.0,32.0,50.0,47.0,42.0,43.0,42.0
2025-12-25T09:54:04.576757,2574.715,925,Thumb,motor_13_flexed,50.0,34.5,1,31.0,29.0,29.0,30.0,30.0,28.0,30.0,30.0,29.0,31.0,32.0,50.0,47.0,42.0,43.0,41.0
2025-12-25T09:54:06.464654,2576.606,925,Thumb,motor_13_open,50.0,34.625,1,31.0,29.0,29.0,30.0,30.0,28.0,30.0,30.0,29.0,31.0,32.0,50.0,47.0,42.0,44.0,42.0
2025-12-25T09:54:07.360600,2577.498,926,Thumb,motor_14_flexed,50.0,34.5625,1,31.0,29.0,29.0,30.0,30.0,28.0,30.0,30.0,29.0,31.0,32.0,50.0,47.0,42.0,44.0,41.0
2025-12-25T09:54:09.248502,2579.387,926,Thumb,motor_14_open,50.0,34.5625,1,31.0,29.0,29.0,30.0,30.0,28.0,30.0,30.0,29.0,31.0,32.0,50.0,47.0,42.0,44.0,41.0
2025-12-25T09:54:10.144455,2580.285,927,Thumb,motor_12_flexed,50.0,34.5,1,31.0,29.0,29.0,30.0,30.0,28.0,30.0,30.0,29.0,31.0,32.0,50.0,47.0,42.0,43.0,41.0
2025-12-25T09:54:12.032353,2582.172,927,Thumb,motor_12_open,50.0,34.5625,1,31.0,29.0,29.0,30.0,30.0,28.0,30.0,30.0,29.0,31.0,32.0,50.0,47.0,42.0,43.0,42.0
2025-12-25T09:54:12.928293,2583.066,928,Index,motor_2_flexed,50.0,34.625,1,31.0,30.0,28.0,30.0,30.0,28.0,30.0,30.0,29.0,31.0,32.0,50.0,47.0,42.0,44.0,42.0
2025-12-25T09:54:14.816202,2584.956,928,Index,motor_2_open,50.0,34.625,1,31.0,30.0,29.0,30.0,30.0,28.0,30.0,30.0,29.0,31.0,32.0,50.0,47.0,42.0,44.0,41.0
2025-12-25T09:54:15.712154,2585.849,929,Index,motor_1_flexed,50.0,34.625,1,31.0,29.0,29.0,30.0,30.0,28.0,30.0,30.0,29.0,31.0,32.0,50.0,47.0,42.0,44.0,42.0
2025-12-25T09:54:17.600052,2587.738,929,Index,motor_1_open,50.0,34.5625,1,31.0,29.0,29.0,30.0,30.0,28.0,30.0,30.0,29.0,31.0,32.0,50.0,47.0,42.0,43.0,42.0
2025-12-25T09:54:18.496002,2588.634,930,Index,motor_3_flexed,50.0,34.5625,1,31.0,29.0,29.0,30.0,30.0,28.0,30.0,30.0,29.0,31.0,32.0,50.0,47.0,42.0,44.0,41.0
2025-12-25T09:54:20.383897,2590.523,930,Index,motor_3_open,50.0,34.5,1,31.0,29.0,29.0,30.0,30.0,28.0,30.0,30.0,29.0,31.0,32.0,50.0,47.0,42.0,43.0,41.0
2025-12-25T09:54:21.279843,2591.421,931,Middle,motor_11_flexed,50.0,34.5625,1,31.0,29.0,29.0,30.0,30.0,28.0,30.0,30.0,29.0,31.0,32.0,50.0,47.0,42.0,43.0,42.0
2025-12-25T09:54:23.167751,2593.305,931,Middle,motor_11_open,50.0,34.5,1,31.0,29.0,29.0,30.0,30.0,28.0,30.0,30.0,29.0,31.0,32.0,50.0,47.0,42.0,43.0,41.0
2025-12-25T09:54:24.063705,2594.202,932,Middle,motor_10_flexed,50.0,34.5625,1,31.0,29.0,29.0,30.0,30.0,28.0,30.0,30.0,29.0,31.0,32.0,50.0,47.0,42.0,43.0,42.0
2025-12-25T09:54:25.951597,2596.092,932,Middle,motor_10_open,50.0,34.5625,1,31.0,29.0,29.0,30.0,30.0,28.0,30.0,30.0,29.0,31.0,32.0,50.0,47.0,42.0,43.0,42.0
2025-12-25T09:54:26.847547,2596.989,933,Ring,motor_4_flexed,50.0,34.6875,1,31.0,29.0,29.0,30.0,30.0,28.0,30.0,30.0,29.0,31.0,32.0,50.0,47.0,42.0,44.0,43.0
2025-12-25T09:54:28.735454,2598.876,933,Ring,motor_4_open,50.0,34.5625,1,31.0,29.0,29.0,30.0,30.0,28.0,30.0,30.0,29.0,31.0,32.0,50.0,47.0,42.0,44.0,41.0
2025-12-25T09:54:29.631398,2599.769,934,Ring,motor_5_flexed,50.0,34.5625,1,31.0,29.0,29.0,30.0,30.0,28.0,30.0,30.0,29.0,31.0,32.0,50.0,47.0,42.0,44.0,41.0
2025-12-25T09:54:31.519296,2601.656,934,Ring,motor_5_open,50.0,34.5,1,31.0,29.0,29.0,30.0,30.0,28.0,30.0,30.0,29.0,31.0,32.0,50.0,47.0,42.0,43.0,41.0
2025-12-25T09:54:32.415248,2602.557,935,Ring,motor_6_flexed,50.0,34.6875,1,31.0,30.0,29.0,30.0,30.0,28.0,30.0,30.0,29.0,31.0,32.0,50.0,47.0,42.0,44.0,42.0
2025-12-25T09:54:34.303142,2604.443,935,Ring,motor_6_open,50.0,34.5625,1,31.0,29.0,29.0,30.0,30.0,28.0,30.0,30.0,29.0,31.0,32.0,50.0,47.0,42.0,43.0,42.0
2025-12-25T09:54:35.199097,2605.333,936,Pinky,motor_7_flexed,50.0,34.5625,1,31.0,29.0,29.0,30.0,30.0,28.0,30.0,30.0,29.0,31.0,32.0,50.0,47.0,42.0,44.0,41.0
2025-12-25T09:54:37.086994,2607.225,936,Pinky,motor_7_open,50.0,34.625,1,31.0,29.0,29.0,30.0,30.0,28.0,30.0,30.0,29.0,31.0,32.0,50.0,47.0,42.0,44.0,42.0
2025-12-25T09:54:37.982947,2608.121,937,Pinky,motor_8_flexed,50.0,34.625,1,31.0,29.0,29.0,30.0,30.0,28.0,30.0,30.0,29.0,31.0,32.0,50.0,47.0,42.0,44.0,42.0
2025-12-25T09:54:39.870844,2610.01,937,Pinky,motor_8_open,50.0,34.625,1,31.0,29.0,29.0,30.0,30.0,28.0,30.0,30.0,29.0,31.0,32.0,50.0,47.0,42.0,44.0,42.0
2025-12-25T09:54:40.766791,2610.905,938,Pinky,motor_9_flexed,50.0,34.625,1,31.0,29.0,29.0,30.0,30.0,28.0,30.0,30.0,29.0,31.0,32.0,50.0,47.0,42.0,44.0,42.0
2025-12-25T09:54:42.654701,2612.794,938,Pinky,motor_9_open,50.0,34.5625,1,31.0,29.0,29.0,30.0,30.0,28.0,30.0,30.0,29.0,31.0,32.0,50.0,47.0,42.0,43.0,42.0
2025-12-25T09:54:43.550640,2613.688,939,Thumb,motor_13_flexed,50.0,34.5625,1,31.0,29.0,28.0,30.0,30.0,28.0,30.0,30.0,29.0,31.0,32.0,50.0,47.0,42.0,44.0,42.0
2025-12-25T09:54:45.438531,2615.576,939,Thumb,motor_13_open,51.0,34.625,1,31.0,29.0,29.0,30.0,30.0,28.0,30.0,30.0,29.0,31.0,32.0,51.0,47.0,42.0,44.0,41.0
2025-12-25T09:54:46.334491,2616.473,940,Thumb,motor_14_flexed,51.0,34.625,1,31.0,29.0,29.0,30.0,30.0,28.0,30.0,30.0,29.0,31.0,32.0,51.0,47.0,42.0,44.0,41.0
2025-12-25T09:54:48.222387,2618.357,940,Thumb,motor_14_open,51.0,34.6875,1,31.0,30.0,29.0,30.0,30.0,28.0,30.0,30.0,29.0,31.0,32.0,51.0,47.0,42.0,43.0,42.0
2025-12-25T09:54:49.118337,2619.256,941,Thumb,motor_12_flexed,51.0,34.6875,1,31.0,29.0,29.0,30.0,30.0,28.0,30.0,30.0,29.0,31.0,32.0,51.0,47.0,42.0,44.0,42.0
2025-12-25T09:54:51.006236,2621.143,941,Thumb,motor_12_open,51.0,34.6875,1,31.0,29.0,29.0,30.0,30.0,28.0,30.0,30.0,29.0,31.0,32.0,51.0,47.0,42.0,44.0,42.0
2025-12-25T09:54:51.902196,2622.04,942,Index,motor_2_flexed,51.0,34.6875,1,31.0,29.0,29.0,30.0,30.0,28.0,30.0,30.0,29.0,31.0,32.0,51.0,47.0,42.0,44.0,42.0
2025-12-25T09:54:53.790084,2623.927,942,Index,motor_2_open,51.0,34.5,1,31.0,29.0,28.0,30.0,30.0,28.0,30.0,30.0,29.0,31.0,32.0,51.0,47.0,42.0,43.0,41.0
2025-12-25T09:54:54.686035,2624.826,943,Index,motor_1_flexed,51.0,34.6875,1,31.0,29.0,29.0,30.0,30.0,28.0,30.0,30.0,29.0,31.0,32.0,51.0,47.0,42.0,44.0,42.0
2025-12-25T09:54:56.573914,2626.712,943,Index,motor_1_open,51.0,34.625,1,31.0,29.0,28.0,30.0,30.0,28.0,30.0,30.0,29.0,31.0,32.0,51.0,47.0,42.0,44.0,42.0
2025-12-25T09:54:57.469878,2627.608,944,Index,motor_3_flexed,51.0,34.625,1,31.0,29.0,29.0,30.0,30.0,28.0,30.0,30.0,29.0,31.0,32.0,51.0,47.0,42.0,44.0,41.0
2025-12-25T09:54:59.357776,2629.497,944,Index,motor_3_open,51.0,34.6875,1,31.0,29.0,29.0,30.0,30.0,28.0,30.0,30.0,29.0,31.0,32.0,51.0,47.0,42.0,44.0,42.0
2025-12-25T09:55:00.253729,2630.391,945,Middle,motor_11_flexed,51.0,34.5625,1,31.0,29.0,29.0,30.0,30.0,28.0,30.0,30.0,29.0,31.0,32.0,51.0,47.0,42.0,43.0,41.0
2025-12-25T09:55:02.141616,2632.28,945,Middle,motor_11_open,51.0,34.75,1,31.0,30.0,29.0,30.0,30.0,28.0,30.0,30.0,29.0,31.0,32.0,51.0,47.0,42.0,44.0,42.0
2025-12-25T09:55:03.037585,2633.175,946,Middle,motor_10_flexed,51.0,34.6875,1,31.0,29.0,29.0,30.0,30.0,28.0,30.0,30.0,29.0,31.0,32.0,51.0,47.0,42.0,44.0,42.0
2025-12-25T09:55:04.925489,2635.061,946,Middle,motor_10_open,51.0,34.625,1,31.0,29.0,29.0,30.0,30.0,28.0,30.0,30.0,29.0,31.0,32.0,51.0,47.0,42.0,43.0,42.0
2025-12-25T09:55:05.821444,2635.96,947,Ring,motor_4_flexed,51.0,34.625,1,31.0,29.0,29.0,30.0,30.0,28.0,30.0,30.0,29.0,31.0,32.0,51.0,47.0,42.0,44.0,41.0
2025-12-25T09:55:07.709313,2637.849,947,Ring,motor_4_open,51.0,34.6875,1,31.0,30.0,29.0,30.0,30.0,28.0,30.0,30.0,29.0,31.0,32.0,51.0,47.0,42.0,44.0,41.0
2025-12-25T09:55:08.605264,2638.746,948,Ring,motor_5_flexed,51.0,34.625,1,31.0,29.0,29.0,30.0,30.0,28.0,30.0,30.0,29.0,31.0,32.0,51.0,47.0,42.0,43.0,42.0
2025-12-25T09:55:10.189202,2640.331,948,Ring,motor_5_flex_hold,51.0,34.6875,1,31.0,29.0,29.0,30.0,30.0,28.0,30.0,30.0,29.0,31.0,32.0,51.0,47.0,42.0,44.0,42.0
2025-12-25T09:55:10.589159,2640.727,948,Ring,motor_5_open,51.0,34.625,1,31.0,29.0,29.0,30.0,30.0,28.0,30.0,30.0,29.0,31.0,32.0,51.0,47.0,42.0,44.0,41.0
2025-12-25T09:55:11.485127,2641.624,949,Ring,motor_6_flexed,51.0,34.625,1,31.0,29.0,29.0,30.0,30.0,28.0,30.0,30.0,29.0,31.0,32.0,51.0,47.0,42.0,44.0,41.0
2025-12-25T09:55:13.373022,2643.513,949,Ring,motor_6_open,51.0,34.6875,1,31.0,29.0,29.0,30.0,30.0,28.0,30.0,30.0,29.0,31.0,32.0,51.0,47.0,42.0,44.0,42.0
2025-12-25T09:55:14.268974,2644.408,950,Pinky,motor_7_flexed,51.0,34.6875,1,31.0,29.0,29.0,30.0,30.0,28.0,30.0,30.0,29.0,31.0,32.0,51.0,47.0,42.0,44.0,42.0
2025-12-25T09:55:16.156869,2646.297,950,Pinky,motor_7_open,51.0,34.6875,1,31.0,29.0,29.0,30.0,30.0,28.0,30.0,30.0,29.0,31.0,32.0,51.0,47.0,42.0,44.0,42.0
2025-12-25T09:55:17.052821,2647.193,951,Pinky,motor_8_flexed,51.0,34.6875,1,31.0,29.0,29.0,30.0,30.0,28.0,30.0,30.0,29.0,31.0,32.0,51.0,47.0,42.0,44.0,42.0
2025-12-25T09:55:18.940717,2649.078,951,Pinky,motor_8_open,51.0,34.5625,1,31.0,29.0,29.0,30.0,30.0,28.0,30.0,30.0,29.0,31.0,32.0,51.0,47.0,42.0,43.0,41.0
2025-12-25T09:55:19.836671,2649.974,952,Pinky,motor_9_flexed,51.0,34.75,1,31.0,30.0,29.0,30.0,30.0,28.0,30.0,30.0,29.0,31.0,32.0,51.0,47.0,42.0,44.0,42.0
2025-12-25T09:55:21.724569,2651.864,952,Pinky,motor_9_open,51.0,34.625,1,31.0,29.0,29.0,30.0,30.0,28.0,30.0,30.0,29.0,31.0,32.0,51.0,47.0,42.0,44.0,41.0
2025-12-25T09:55:22.620509,2652.76,953,Thumb,motor_13_flexed,51.0,34.625,1,31.0,29.0,29.0,30.0,30.0,28.0,30.0,30.0,29.0,31.0,32.0,51.0,47.0,42.0,43.0,42.0
2025-12-25T09:55:24.508415,2654.647,953,Thumb,motor_13_open,51.0,34.625,1,31.0,29.0,29.0,30.0,30.0,28.0,30.0,30.0,29.0,31.0,32.0,51.0,47.0,42.0,43.0,42.0
2025-12-25T09:55:25.404365,2655.543,954,Thumb,motor_14_flexed,51.0,34.625,1,31.0,29.0,29.0,30.0,30.0,28.0,30.0,30.0,29.0,31.0,32.0,51.0,47.0,42.0,44.0,41.0
2025-12-25T09:55:27.292253,2657.431,954,Thumb,motor_14_open,51.0,34.75,1,31.0,30.0,29.0,30.0,30.0,28.0,30.0,30.0,29.0,31.0,32.0,51.0,47.0,42.0,44.0,42.0
2025-12-25T09:55:28.188216,2658.329,955,Thumb,motor_12_flexed,51.0,34.625,1,31.0,29.0,29.0,30.0,30.0,28.0,30.0,30.0,29.0,31.0,32.0,51.0,47.0,42.0,44.0,41.0
2025-12-25T09:55:30.076114,2660.213,955,Thumb,motor_12_open,51.0,34.6875,1,31.0,29.0,29.0,30.0,30.0,28.0,30.0,30.0,29.0,31.0,32.0,51.0,47.0,42.0,44.0,42.0
2025-12-25T09:55:30.972069,2661.11,956,Index,motor_2_flexed,51.0,34.5625,1,31.0,29.0,29.0,30.0,30.0,28.0,30.0,30.0,29.0,31.0,32.0,51.0,47.0,42.0,43.0,41.0
2025-12-25T09:55:32.859956,2662.999,956,Index,motor_2_open,51.0,34.625,1,31.0,29.0,29.0,30.0,30.0,28.0,30.0,30.0,29.0,31.0,32.0,51.0,47.0,42.0,44.0,41.0
2025-12-25T09:55:33.755900,2663.895,957,Index,motor_1_flexed,51.0,34.625,1,31.0,29.0,29.0,30.0,30.0,28.0,30.0,30.0,29.0,31.0,32.0,51.0,47.0,42.0,44.0,41.0
2025-12-25T09:55:35.643802,2665.781,957,Index,motor_1_open,51.0,34.6875,1,31.0,29.0,29.0,30.0,30.0,28.0,30.0,30.0,29.0,31.0,32.0,51.0,47.0,42.0,44.0,42.0
2025-12-25T09:55:36.539750,2666.676,958,Index,motor_3_flexed,51.0,34.5625,1,31.0,29.0,29.0,30.0,30.0,28.0,30.0,30.0,29.0,31.0,32.0,51.0,47.0,42.0,43.0,41.0
2025-12-25T09:55:38.427653,2668.565,958,Index,motor_3_open,51.0,34.625,1,31.0,29.0,29.0,30.0,30.0,28.0,30.0,30.0,29.0,31.0,32.0,51.0,47.0,42.0,44.0,41.0
2025-12-25T09:55:39.323584,2669.463,959,Middle,motor_11_flexed,51.0,34.6875,1,31.0,29.0,29.0,30.0,30.0,28.0,30.0,30.0,29.0,31.0,32.0,51.0,47.0,42.0,44.0,42.0
2025-12-25T09:55:41.211495,2671.348,959,Middle,motor_11_open,51.0,34.625,1,31.0,29.0,29.0,30.0,30.0,28.0,30.0,30.0,29.0,31.0,32.0,51.0,47.0,42.0,44.0,41.0
2025-12-25T09:55:42.107446,2672.244,960,Middle,motor_10_flexed,51.0,34.6875,1,31.0,29.0,29.0,30.0,30.0,28.0,30.0,30.0,29.0,31.0,32.0,51.0,47.0,42.0,44.0,42.0
2025-12-25T09:55:43.995352,2674.133,960,Middle,motor_10_open,51.0,34.625,1,31.0,29.0,29.0,30.0,30.0,28.0,30.0,30.0,29.0,31.0,32.0,51.0,47.0,42.0,43.0,42.0
2025-12-25T09:55:44.891301,2675.03,961,Ring,motor_4_flexed,51.0,34.625,1,31.0,29.0,29.0,30.0,30.0,28.0,30.0,30.0,29.0,31.0,32.0,51.0,47.0,42.0,43.0,42.0
2025-12-25T09:55:46.779199,2676.918,961,Ring,motor_4_open,51.0,34.625,1,31.0,29.0,29.0,30.0,30.0,28.0,30.0,30.0,29.0,31.0,32.0,51.0,47.0,42.0,43.0,42.0
2025-12-25T09:55:47.675154,2677.816,962,Ring,motor_5_flexed,51.0,34.5625,1,31.0,29.0,28.0,30.0,30.0,28.0,30.0,30.0,29.0,31.0,32.0,51.0,47.0,42.0,44.0,41.0
2025-12-25T09:55:49.579067,2679.718,962,Ring,motor_5_open,51.0,34.6875,1,31.0,29.0,29.0,30.0,30.0,28.0,30.0,30.0,29.0,31.0,32.0,51.0,47.0,42.0,44.0,42.0
2025-12-25T09:55:50.475003,2680.613,963,Ring,motor_6_flexed,51.0,34.5625,1,31.0,29.0,29.0,30.0,30.0,28.0,30.0,30.0,29.0,31.0,32.0,51.0,47.0,42.0,43.0,41.0
2025-12-25T09:55:52.362894,2682.501,963,Ring,motor_6_open,51.0,34.625,1,31.0,29.0,29.0,30.0,30.0,28.0,30.0,30.0,29.0,31.0,32.0,51.0,47.0,42.0,43.0,42.0
2025-12-25T09:55:53.258854,2683.396,964,Pinky,motor_7_flexed,51.0,34.625,1,31.0,29.0,29.0,30.0,30.0,28.0,30.0,30.0,29.0,31.0,32.0,51.0,47.0,42.0,43.0,42.0
2025-12-25T09:55:55.146754,2685.284,964,Pinky,motor_7_open,51.0,34.5625,1,31.0,29.0,29.0,30.0,30.0,28.0,30.0,30.0,29.0,31.0,32.0,51.0,47.0,42.0,43.0,41.0
2025-12-25T09:55:56.042704,2686.182,965,Pinky,motor_8_flexed,51.0,34.6875,1,31.0,30.0,29.0,30.0,30.0,28.0,30.0,30.0,29.0,31.0,32.0,51.0,47.0,42.0,44.0,41.0
2025-12-25T09:55:57.930600,2688.07,965,Pinky,motor_8_open,51.0,34.625,1,31.0,29.0,29.0,30.0,30.0,28.0,30.0,30.0,29.0,31.0,32.0,51.0,47.0,42.0,44.0,41.0
2025-12-25T09:55:58.826564,2688.966,966,Pinky,motor_9_flexed,51.0,34.5625,1,31.0,29.0,29.0,30.0,30.0,28.0,30.0,30.0,29.0,31.0,32.0,51.0,47.0,42.0,43.0,41.0
2025-12-25T09:56:00.714450,2690.851,966,Pinky,motor_9_open,51.0,34.8125,1,31.0,30.0,29.0,30.0,30.0,28.0,30.0,30.0,29.0,31.0,32.0,51.0,47.0,42.0,43.0,44.0
2025-12-25T09:56:01.610400,2691.748,967,Thumb,motor_13_flexed,51.0,34.6875,1,31.0,29.0,29.0,30.0,30.0,28.0,30.0,30.0,29.0,31.0,32.0,51.0,47.0,42.0,44.0,42.0
2025-12-25T09:56:03.498312,2693.639,967,Thumb,motor_13_open,51.0,34.5625,1,31.0,29.0,29.0,30.0,30.0,28.0,30.0,30.0,29.0,31.0,32.0,51.0,47.0,42.0,43.0,41.0
2025-12-25T09:56:04.394253,2694.53,968,Thumb,motor_14_flexed,51.0,34.75,1,31.0,30.0,29.0,30.0,30.0,28.0,30.0,30.0,29.0,31.0,32.0,51.0,47.0,42.0,44.0,42.0
2025-12-25T09:56:06.282147,2696.419,968,Thumb,motor_14_open,51.0,34.5625,1,31.0,29.0,29.0,30.0,30.0,28.0,30.0,30.0,29.0,31.0,32.0,51.0,47.0,42.0,44.0,40.0
2025-12-25T09:56:07.178100,2697.316,969,Thumb,motor_12_flexed,51.0,34.6875,1,31.0,29.0,29.0,30.0,30.0,28.0,30.0,30.0,29.0,31.0,32.0,51.0,47.0,42.0,44.0,42.0
2025-12-25T09:56:09.065998,2699.203,969,Thumb,motor_12_open,51.0,34.625,1,31.0,29.0,29.0,30.0,30.0,28.0,30.0,30.0,29.0,31.0,32.0,51.0,47.0,42.0,44.0,41.0
2025-12-25T09:56:09.961947,2700.1,970,Index,motor_2_flexed,51.0,34.6875,1,31.0,29.0,29.0,30.0,30.0,28.0,30.0,30.0,29.0,31.0,32.0,51.0,47.0,42.0,44.0,42.0
2025-12-25T09:56:11.865843,2702.003,970,Index,motor_2_open,51.0,34.625,1,31.0,29.0,29.0,30.0,30.0,28.0,30.0,30.0,29.0,31.0,32.0,51.0,47.0,42.0,44.0,41.0
2025-12-25T09:56:12.761795,2702.9,971,Index,motor_1_flexed,51.0,34.6875,1,31.0,29.0,29.0,30.0,30.0,28.0,30.0,30.0,29.0,31.0,32.0,51.0,47.0,42.0,44.0,42.0
2025-12-25T09:56:14.649693,2704.789,971,Index,motor_1_open,51.0,34.625,1,31.0,29.0,29.0,30.0,30.0,28.0,30.0,30.0,29.0,31.0,32.0,51.0,47.0,42.0,43.0,42.0
2025-12-25T09:56:15.545645,2705.687,972,Index,motor_3_flexed,51.0,34.6875,1,31.0,29.0,29.0,30.0,30.0,28.0,30.0,30.0,29.0,31.0,32.0,51.0,47.0,42.0,44.0,42.0
2025-12-25T09:56:17.433531,2707.571,972,Index,motor_3_open,51.0,34.5625,1,31.0,29.0,29.0,30.0,30.0,28.0,30.0,30.0,29.0,31.0,32.0,51.0,47.0,42.0,43.0,41.0
2025-12-25T09:56:18.329484,2708.466,973,Middle,motor_11_flexed,51.0,34.625,1,31.0,29.0,29.0,30.0,30.0,28.0,30.0,30.0,29.0,31.0,32.0,51.0,47.0,42.0,43.0,42.0
2025-12-25T09:56:20.217393,2710.354,973,Middle,motor_11_open,51.0,34.625,1,31.0,29.0,29.0,30.0,30.0,28.0,30.0,30.0,29.0,31.0,32.0,51.0,47.0,42.0,44.0,41.0
2025-12-25T09:56:21.113327,2711.252,974,Middle,motor_10_flexed,51.0,34.625,1,31.0,29.0,29.0,30.0,30.0,28.0,30.0,30.0,29.0,31.0,32.0,51.0,47.0,42.0,44.0,41.0
2025-12-25T09:56:23.001225,2713.137,974,Middle,motor_10_open,51.0,34.625,1,31.0,29.0,29.0,30.0,30.0,28.0,30.0,30.0,29.0,31.0,32.0,51.0,47.0,42.0,43.0,42.0
2025-12-25T09:56:23.897192,2714.037,975,Ring,motor_4_flexed,51.0,34.625,1,31.0,29.0,29.0,30.0,30.0,28.0,30.0,30.0,29.0,31.0,32.0,51.0,47.0,42.0,44.0,41.0
2025-12-25T09:56:25.785086,2715.923,975,Ring,motor_4_open,51.0,34.5625,1,31.0,29.0,29.0,30.0,30.0,28.0,30.0,30.0,29.0,31.0,32.0,51.0,47.0,42.0,43.0,41.0
2025-12-25T09:56:26.681026,2716.822,976,Ring,motor_5_flexed,51.0,34.625,1,31.0,29.0,29.0,30.0,30.0,28.0,30.0,30.0,29.0,31.0,32.0,51.0,47.0,42.0,44.0,41.0
2025-12-25T09:56:28.568937,2718.709,976,Ring,motor_5_open,51.0,34.625,1,31.0,29.0,29.0,30.0,30.0,28.0,30.0,30.0,29.0,31.0,32.0,51.0,47.0,42.0,44.0,41.0
2025-12-25T09:56:29.464888,2719.602,977,Ring,motor_6_flexed,51.0,34.5625,1,31.0,29.0,29.0,30.0,30.0,28.0,30.0,30.0,29.0,31.0,32.0,51.0,47.0,42.0,43.0,41.0
2025-12-25T09:56:31.352786,2721.493,977,Ring,motor_6_open,51.0,34.625,1,31.0,29.0,29.0,30.0,30.0,28.0,30.0,30.0,29.0,31.0,32.0,51.0,47.0,42.0,44.0,41.0
2025-12-25T09:56:32.248738,2722.388,978,Pinky,motor_7_flexed,51.0,34.6875,1,31.0,29.0,29.0,30.0,30.0,28.0,30.0,30.0,29.0,31.0,32.0,51.0,47.0,42.0,44.0,42.0
2025-12-25T09:56:34.136619,2724.275,978,Pinky,motor_7_open,51.0,34.5625,1,31.0,29.0,29.0,30.0,30.0,28.0,30.0,30.0,29.0,31.0,32.0,51.0,47.0,42.0,43.0,41.0
2025-12-25T09:56:35.032579,2725.17,979,Pinky,motor_8_flexed,51.0,34.6875,1,31.0,29.0,29.0,30.0,30.0,28.0,30.0,30.0,29.0,31.0,32.0,51.0,47.0,42.0,43.0,43.0
2025-12-25T09:56:36.920468,2727.058,979,Pinky,motor_8_open,51.0,34.625,1,31.0,29.0,29.0,30.0,30.0,28.0,30.0,30.0,29.0,31.0,32.0,51.0,47.0,42.0,43.0,42.0
2025-12-25T09:56:37.816422,2727.954,980,Pinky,motor_9_flexed,51.0,34.6875,1,31.0,29.0,29.0,30.0,30.0,28.0,30.0,30.0,29.0,31.0,32.0,51.0,47.0,42.0,44.0,42.0
2025-12-25T09:56:39.704319,2729.844,980,Pinky,motor_9_open,51.0,34.6875,1,31.0,29.0,29.0,30.0,30.0,28.0,30.0,30.0,29.0,31.0,32.0,51.0,47.0,42.0,44.0,42.0
2025-12-25T09:56:40.600282,2730.741,981,Thumb,motor_13_flexed,51.0,34.625,1,31.0,29.0,29.0,30.0,30.0,28.0,30.0,30.0,29.0,31.0,32.0,51.0,47.0,42.0,44.0,41.0
2025-12-25T09:56:42.488186,2732.627,981,Thumb,motor_13_open,51.0,34.6875,1,31.0,29.0,29.0,30.0,30.0,28.0,30.0,30.0,29.0,31.0,32.0,51.0,47.0,42.0,44.0,42.0
2025-12-25T09:56:43.384131,2733.522,982,Thumb,motor_14_flexed,51.0,34.5625,1,31.0,29.0,29.0,30.0,30.0,28.0,30.0,30.0,29.0,31.0,32.0,51.0,47.0,42.0,43.0,41.0
2025-12-25T09:56:45.272029,2735.414,982,Thumb,motor_14_open,51.0,34.625,1,31.0,29.0,29.0,30.0,30.0,28.0,30.0,30.0,29.0,31.0,32.0,51.0,47.0,42.0,44.0,41.0
2025-12-25T09:56:46.167981,2736.307,983,Thumb,motor_12_flexed,51.0,34.625,1,31.0,29.0,29.0,30.0,30.0,28.0,30.0,30.0,29.0,31.0,32.0,51.0,47.0,42.0,43.0,42.0
2025-12-25T09:56:48.055881,2738.192,983,Thumb,motor_12_open,51.0,34.625,1,31.0,29.0,29.0,30.0,30.0,28.0,30.0,30.0,29.0,31.0,32.0,51.0,47.0,42.0,44.0,41.0
2025-12-25T09:56:48.951831,2739.089,984,Index,motor_2_flexed,51.0,34.625,1,31.0,29.0,29.0,30.0,30.0,28.0,30.0,30.0,29.0,31.0,32.0,51.0,47.0,42.0,44.0,41.0
2025-12-25T09:56:50.839726,2740.975,984,Index,motor_2_open,51.0,34.5625,1,31.0,29.0,29.0,30.0,30.0,28.0,30.0,30.0,29.0,31.0,32.0,51.0,47.0,42.0,43.0,41.0
2025-12-25T09:56:51.735685,2741.876,985,Index,motor_1_flexed,51.0,34.6875,1,31.0,29.0,29.0,30.0,30.0,28.0,30.0,30.0,29.0,31.0,32.0,51.0,47.0,42.0,44.0,42.0
2025-12-25T09:56:53.623578,2743.763,985,Index,motor_1_open,51.0,34.5,1,31.0,29.0,29.0,30.0,30.0,28.0,30.0,30.0,29.0,31.0,32.0,51.0,47.0,42.0,44.0,39.0
2025-12-25T09:56:54.519529,2744.657,986,Index,motor_3_flexed,51.0,34.625,1,31.0,29.0,29.0,30.0,30.0,28.0,30.0,30.0,29.0,31.0,32.0,51.0,47.0,42.0,44.0,41.0
2025-12-25T09:56:56.407433,2746.546,986,Index,motor_3_open,51.0,34.5625,1,31.0,29.0,29.0,30.0,30.0,28.0,30.0,30.0,29.0,31.0,32.0,51.0,47.0,42.0,43.0,41.0
2025-12-25T09:56:57.303375,2747.443,987,Middle,motor_11_flexed,51.0,34.625,1,31.0,30.0,29.0,30.0,30.0,28.0,30.0,30.0,29.0,31.0,32.0,51.0,47.0,42.0,43.0,41.0
2025-12-25T09:56:59.191272,2749.329,987,Middle,motor_11_open,51.0,34.6875,1,31.0,29.0,29.0,30.0,30.0,28.0,30.0,30.0,29.0,31.0,32.0,51.0,47.0,42.0,44.0,42.0
2025-12-25T09:57:00.087228,2750.227,988,Middle,motor_10_flexed,51.0,34.625,1,31.0,29.0,29.0,30.0,30.0,28.0,30.0,30.0,29.0,31.0,32.0,51.0,47.0,42.0,43.0,42.0
2025-12-25T09:57:01.975122,2752.113,988,Middle,motor_10_open,51.0,34.5,1,31.0,29.0,29.0,30.0,30.0,28.0,30.0,30.0,29.0,31.0,32.0,51.0,47.0,42.0,43.0,40.0
2025-12-25T09:57:02.871075,2753.009,989,Ring,motor_4_flexed,51.0,34.6875,1,31.0,29.0,29.0,30.0,30.0,28.0,30.0,30.0,29.0,31.0,32.0,51.0,47.0,42.0,44.0,42.0
2025-12-25T09:57:04.758970,2754.898,989,Ring,motor_4_open,51.0,34.625,1,31.0,29.0,29.0,30.0,30.0,28.0,30.0,30.0,29.0,31.0,32.0,51.0,47.0,42.0,44.0,41.0
2025-12-25T09:57:05.654932,2755.795,990,Ring,motor_5_flexed,51.0,34.6875,1,31.0,29.0,29.0,30.0,30.0,28.0,30.0,30.0,29.0,31.0,32.0,51.0,47.0,42.0,44.0,42.0
2025-12-25T09:57:07.542821,2757.684,990,Ring,motor_5_open,51.0,34.5625,1,31.0,29.0,29.0,30.0,30.0,28.0,30.0,30.0,29.0,31.0,32.0,51.0,47.0,42.0,43.0,41.0
2025-12-25T09:57:08.438759,2758.578,991,Ring,motor_6_flexed,51.0,34.5625,1,31.0,29.0,29.0,30.0,30.0,28.0,30.0,30.0,29.0,31.0,32.0,51.0,47.0,42.0,43.0,41.0
2025-12-25T09:57:10.022685,2760.164,991,Ring,motor_6_flex_hold,51.0,34.625,1,31.0,29.0,29.0,30.0,30.0,28.0,30.0,30.0,29.0,31.0,32.0,51.0,47.0,42.0,44.0,41.0
2025-12-25T09:57:10.422669,2760.562,991,Ring,motor_6_open,51.0,34.625,1,31.0,29.0,29.0,30.0,30.0,28.0,30.0,30.0,29.0,31.0,32.0,51.0,47.0,42.0,43.0,42.0
2025-12-25T09:57:11.318616,2761.457,992,Pinky,motor_7_flexed,51.0,34.625,1,31.0,29.0,29.0,30.0,30.0,28.0,30.0,30.0,29.0,31.0,32.0,51.0,47.0,42.0,44.0,41.0
2025-12-25T09:57:13.206516,2763.345,992,Pinky,motor_7_open,51.0,34.6875,1,31.0,29.0,29.0,30.0,30.0,28.0,30.0,30.0,29.0,31.0,32.0,51.0,47.0,42.0,44.0,42.0
2025-12-25T09:57:14.102463,2764.241,993,Pinky,motor_8_flexed,51.0,34.625,1,31.0,29.0,29.0,30.0,30.0,28.0,30.0,30.0,29.0,31.0,32.0,51.0,47.0,42.0,44.0,41.0
2025-12-25T09:57:15.990361,2766.129,993,Pinky,motor_8_open,51.0,34.6875,1,31.0,29.0,29.0,30.0,30.0,28.0,30.0,30.0,29.0,31.0,32.0,51.0,47.0,42.0,44.0,42.0
2025-12-25T09:57:16.886312,2767.026,994,Pinky,motor_9_flexed,51.0,34.625,1,31.0,29.0,29.0,30.0,30.0,28.0,30.0,30.0,29.0,31.0,32.0,51.0,47.0,42.0,44.0,41.0
2025-12-25T09:57:18.774212,2768.916,994,Pinky,motor_9_open,51.0,34.6875,1,31.0,29.0,29.0,30.0,30.0,28.0,30.0,30.0,29.0,31.0,32.0,51.0,47.0,42.0,44.0,42.0
2025-12-25T09:57:19.670163,2769.808,995,Thumb,motor_13_flexed,51.0,34.5625,1,31.0,29.0,29.0,30.0,30.0,28.0,30.0,30.0,29.0,31.0,32.0,51.0,47.0,42.0,43.0,41.0
2025-12-25T09:57:21.558059,2771.7,995,Thumb,motor_13_open,51.0,34.625,1,31.0,29.0,29.0,30.0,30.0,28.0,30.0,30.0,29.0,31.0,32.0,51.0,47.0,42.0,43.0,42.0
2025-12-25T09:57:22.454012,2772.591,996,Thumb,motor_14_flexed,51.0,34.6875,1,31.0,29.0,29.0,30.0,30.0,28.0,30.0,30.0,29.0,31.0,32.0,51.0,47.0,42.0,44.0,42.0
2025-12-25T09:57:24.341909,2774.479,996,Thumb,motor_14_open,51.0,34.625,1,31.0,29.0,29.0,30.0,30.0,28.0,30.0,30.0,29.0,31.0,32.0,51.0,47.0,42.0,43.0,42.0
2025-12-25T09:57:25.237861,2775.375,997,Thumb,motor_12_flexed,51.0,34.625,1,31.0,29.0,29.0,30.0,30.0,28.0,30.0,30.0,29.0,31.0,32.0,51.0,47.0,42.0,44.0,41.0
2025-12-25T09:57:27.125757,2777.265,997,Thumb,motor_12_open,51.0,34.625,1,31.0,29.0,29.0,30.0,30.0,28.0,30.0,30.0,29.0,31.0,32.0,51.0,47.0,42.0,44.0,41.0
2025-12-25T09:57:28.021708,2778.16,998,Index,motor_2_flexed,51.0,34.625,1,31.0,29.0,29.0,30.0,30.0,28.0,30.0,30.0,29.0,31.0,32.0,51.0,47.0,42.0,43.0,42.0
2025-12-25T09:57:29.909609,2780.048,998,Index,motor_2_open,51.0,34.5625,1,31.0,29.0,29.0,30.0,30.0,28.0,30.0,30.0,29.0,31.0,32.0,51.0,47.0,42.0,43.0,41.0
2025-12-25T09:57:30.805558,2780.945,999,Index,motor_1_flexed,51.0,34.6875,1,31.0,29.0,29.0,30.0,30.0,28.0,30.0,30.0,29.0,31.0,32.0,51.0,47.0,42.0,44.0,42.0
2025-12-25T09:57:32.693453,2782.831,999,Index,motor_1_open,51.0,34.6875,1,31.0,29.0,29.0,30.0,30.0,28.0,30.0,30.0,29.0,31.0,32.0,51.0,47.0,42.0,44.0,42.0
2025-12-25T09:57:33.589407,2783.73,1000,Index,motor_3_flexed,51.0,34.625,1,31.0,29.0,29.0,30.0,30.0,28.0,30.0,30.0,29.0,31.0,32.0,51.0,47.0,42.0,44.0,41.0
2025-12-25T09:57:35.477304,2785.618,1000,Index,motor_3_open,51.0,34.625,1,31.0,29.0,29.0,30.0,30.0,28.0,30.0,30.0,29.0,31.0,32.0,51.0,47.0,42.0,44.0,41.0
2025-12-25T09:57:36.373255,2786.511,1001,Middle,motor_11_flexed,51.0,34.625,1,31.0,29.0,29.0,30.0,30.0,28.0,30.0,30.0,29.0,31.0,32.0,51.0,47.0,42.0,44.0,41.0
2025-12-25T09:57:38.261152,2788.4,1001,Middle,motor_11_open,51.0,34.625,1,31.0,29.0,29.0,30.0,30.0,28.0,30.0,30.0,29.0,31.0,32.0,51.0,47.0,42.0,44.0,41.0
2025-12-25T09:57:39.157106,2789.298,1002,Middle,motor_10_flexed,51.0,34.6875,1,31.0,29.0,29.0,30.0,30.0,28.0,30.0,30.0,29.0,31.0,32.0,51.0,47.0,42.0,44.0,42.0
2025-12-25T09:57:41.045001,2791.186,1002,Middle,motor_10_open,51.0,34.625,1,31.0,29.0,29.0,30.0,30.0,28.0,30.0,30.0,29.0,31.0,32.0,51.0,47.0,42.0,44.0,41.0
2025-12-25T09:57:41.940955,2792.079,1003,Ring,motor_4_flexed,51.0,34.5625,1,31.0,29.0,29.0,30.0,30.0,28.0,30.0,30.0,29.0,31.0,32.0,51.0,47.0,42.0,43.0,41.0
2025-12-25T09:57:43.828851,2793.968,1003,Ring,motor_4_open,51.0,34.5625,1,31.0,29.0,29.0,30.0,30.0,28.0,30.0,30.0,29.0,31.0,32.0,51.0,47.0,42.0,43.0,41.0
2025-12-25T09:57:44.724793,2794.863,1004,Ring,motor_5_flexed,51.0,34.6875,1,31.0,29.0,29.0,30.0,30.0,28.0,30.0,30.0,29.0,31.0,32.0,51.0,47.0,42.0,44.0,42.0
2025-12-25T09:57:46.612701,2796.751,1004,Ring,motor_5_open,51.0,34.6875,1,31.0,29.0,29.0,30.0,30.0,28.0,30.0,30.0,29.0,31.0,32.0,51.0,47.0,42.0,44.0,42.0
2025-12-25T09:57:47.508649,2797.647,1005,Ring,motor_6_flexed,51.0,34.625,1,31.0,29.0,29.0,30.0,30.0,28.0,30.0,30.0,29.0,31.0,32.0,51.0,47.0,42.0,43.0,42.0
2025-12-25T09:57:49.396546,2799.534,1005,Ring,motor_6_open,51.0,34.625,1,31.0,29.0,29.0,30.0,30.0,28.0,30.0,30.0,29.0,31.0,32.0,51.0,47.0,42.0,43.0,42.0
2025-12-25T09:57:50.292511,2800.431,1006,Pinky,motor_7_flexed,51.0,34.625,1,31.0,29.0,28.0,30.0,30.0,28.0,30.0,30.0,29.0,31.0,32.0,51.0,47.0,42.0,44.0,42.0
2025-12-25T09:57:52.180395,2802.32,1006,Pinky,motor_7_open,51.0,34.625,1,31.0,29.0,29.0,30.0,30.0,28.0,30.0,30.0,29.0,31.0,32.0,51.0,47.0,42.0,44.0,41.0
2025-12-25T09:57:53.076347,2803.216,1007,Pinky,motor_8_flexed,51.0,34.625,1,31.0,29.0,29.0,30.0,30.0,28.0,30.0,30.0,29.0,31.0,32.0,51.0,47.0,42.0,43.0,42.0
2025-12-25T09:57:54.964226,2805.104,1007,Pinky,motor_8_open,51.0,34.5625,1,31.0,29.0,29.0,30.0,30.0,28.0,30.0,30.0,29.0,31.0,32.0,51.0,47.0,42.0,43.0,41.0
2025-12-25T09:57:55.860198,2805.998,1008,Pinky,motor_9_flexed,51.0,34.625,1,31.0,29.0,29.0,30.0,30.0,28.0,30.0,30.0,29.0,31.0,32.0,51.0,47.0,42.0,44.0,41.0
2025-12-25T09:57:57.748096,2807.888,1008,Pinky,motor_9_open,51.0,34.625,1,31.0,29.0,29.0,30.0,30.0,28.0,30.0,30.0,29.0,31.0,32.0,51.0,47.0,42.0,44.0,41.0
2025-12-25T09:57:58.644054,2808.784,1009,Thumb,motor_13_flexed,51.0,34.625,1,31.0,29.0,28.0,30.0,30.0,28.0,30.0,30.0,29.0,31.0,32.0,51.0,47.0,42.0,44.0,42.0
2025-12-25T09:58:00.531946,2810.671,1009,Thumb,motor_13_open,51.0,34.5625,1,31.0,29.0,28.0,30.0,30.0,28.0,30.0,30.0,29.0,31.0,32.0,51.0,47.0,42.0,43.0,42.0
2025-12-25T09:58:01.427893,2811.567,1010,Thumb,motor_14_flexed,51.0,34.6875,1,31.0,29.0,29.0,30.0,30.0,28.0,30.0,30.0,29.0,31.0,32.0,51.0,47.0,42.0,44.0,42.0
2025-12-25T09:58:03.315800,2813.454,1010,Thumb,motor_14_open,51.0,34.625,1,31.0,29.0,29.0,30.0,30.0,28.0,30.0,30.0,29.0,31.0,32.0,51.0,47.0,42.0,44.0,41.0
2025-12-25T09:58:04.211747,2814.352,1011,Thumb,motor_12_flexed,51.0,34.625,1,31.0,29.0,29.0,30.0,30.0,28.0,30.0,30.0,29.0,31.0,32.0,51.0,47.0,42.0,44.0,41.0
2025-12-25T09:58:06.099642,2816.236,1011,Thumb,motor_12_open,51.0,34.6875,1,31.0,29.0,29.0,30.0,30.0,28.0,30.0,30.0,29.0,31.0,32.0,51.0,47.0,42.0,44.0,42.0
2025-12-25T09:58:06.995596,2817.135,1012,Index,motor_2_flexed,51.0,34.625,1,31.0,29.0,29.0,30.0,30.0,28.0,30.0,30.0,29.0,31.0,32.0,51.0,47.0,42.0,44.0,41.0
2025-12-25T09:58:08.883492,2819.023,1012,Index,motor_2_open,51.0,34.6875,1,31.0,29.0,29.0,30.0,30.0,28.0,30.0,30.0,29.0,31.0,32.0,51.0,47.0,42.0,44.0,42.0
2025-12-25T09:58:09.779428,2819.921,1013,Index,motor_1_flexed,51.0,34.5625,1,31.0,29.0,29.0,30.0,30.0,28.0,30.0,30.0,29.0,31.0,32.0,51.0,47.0,42.0,43.0,41.0
2025-12-25T09:58:10.867386,2821.006,1013,Index,motor_1_flex_hold,51.0,34.625,1,31.0,29.0,28.0,30.0,30.0,28.0,30.0,30.0,29.0,31.0,32.0,51.0,47.0,42.0,44.0,42.0
2025-12-25T09:58:11.667342,2821.804,1013,Index,motor_1_open,51.0,34.5625,1,31.0,29.0,28.0,30.0,30.0,28.0,30.0,30.0,29.0,31.0,32.0,51.0,47.0,42.0,43.0,42.0
2025-12-25T09:58:12.563301,2822.703,1014,Index,motor_3_flexed,51.0,34.5625,1,31.0,29.0,29.0,30.0,30.0,28.0,30.0,30.0,29.0,31.0,32.0,51.0,47.0,42.0,43.0,41.0
2025-12-25T09:58:14.451188,2824.589,1014,Index,motor_3_open,51.0,34.6875,1,31.0,29.0,29.0,30.0,30.0,28.0,30.0,30.0,29.0,31.0,32.0,51.0,47.0,42.0,44.0,42.0
2025-12-25T09:58:15.347141,2825.486,1015,Middle,motor_11_flexed,51.0,34.625,1,31.0,29.0,29.0,30.0,30.0,28.0,30.0,30.0,29.0,31.0,32.0,51.0,47.0,42.0,43.0,42.0
2025-12-25T09:58:17.235036,2827.374,1015,Middle,motor_11_open,51.0,34.6875,1,31.0,29.0,29.0,30.0,30.0,28.0,30.0,30.0,29.0,31.0,32.0,51.0,47.0,42.0,44.0,42.0
2025-12-25T09:58:18.130994,2828.269,1016,Middle,motor_10_flexed,51.0,34.625,1,31.0,29.0,29.0,30.0,30.0,28.0,30.0,30.0,29.0,31.0,32.0,51.0,47.0,42.0,44.0,41.0
2025-12-25T09:58:20.018890,2830.157,1016,Middle,motor_10_open,50.0,34.375,1,31.0,29.0,29.0,30.0,30.0,28.0,30.0,30.0,29.0,31.0,32.0,50.0,47.0,42.0,43.0,39.0
2025-12-25T09:58:20.914843,2831.053,1017,Ring,motor_4_flexed,50.0,34.5,1,31.0,29.0,29.0,30.0,30.0,28.0,30.0,30.0,29.0,31.0,32.0,50.0,47.0,42.0,43.0,41.0
2025-12-25T09:58:22.818738,2832.957,1017,Ring,motor_4_open,50.0,34.5625,1,31.0,29.0,29.0,30.0,30.0,28.0,30.0,30.0,29.0,31.0,32.0,50.0,47.0,42.0,43.0,42.0
2025-12-25T09:58:23.714690,2833.852,1018,Ring,motor_5_flexed,50.0,34.5625,1,31.0,29.0,29.0,30.0,30.0,28.0,30.0,30.0,29.0,31.0,32.0,50.0,47.0,42.0,43.0,42.0
2025-12-25T09:58:25.602586,2835.738,1018,Ring,motor_5_open,50.0,34.5,1,31.0,29.0,29.0,30.0,30.0,28.0,30.0,30.0,29.0,31.0,32.0,50.0,47.0,42.0,43.0,41.0
2025-12-25T09:58:26.498552,2836.634,1019,Ring,motor_6_flexed,50.0,34.5625,1,31.0,29.0,29.0,30.0,30.0,28.0,30.0,30.0,29.0,31.0,32.0,50.0,47.0,42.0,44.0,41.0
2025-12-25T09:58:28.402416,2838.537,1019,Ring,motor_6_open,50.0,34.625,1,31.0,29.0,29.0,30.0,30.0,28.0,30.0,30.0,29.0,31.0,32.0,50.0,47.0,42.0,44.0,42.0
2025-12-25T09:58:29.298384,2839.438,1020,Pinky,motor_7_flexed,50.0,34.5,1,31.0,29.0,29.0,30.0,30.0,28.0,30.0,30.0,29.0,31.0,32.0,50.0,47.0,42.0,44.0,40.0
2025-12-25T09:58:31.186258,2841.322,1020,Pinky,motor_7_open,50.0,34.5,1,31.0,29.0,29.0,30.0,30.0,28.0,30.0,30.0,29.0,31.0,32.0,50.0,47.0,42.0,43.0,41.0
2025-12-25T09:58:32.082234,2842.219,1021,Pinky,motor_8_flexed,50.0,34.5625,1,31.0,29.0,28.0,30.0,30.0,28.0,30.0,30.0,29.0,31.0,32.0,50.0,47.0,42.0,44.0,42.0
2025-12-25T09:58:33.970116,2844.109,1021,Pinky,motor_8_open,50.0,34.5625,1,31.0,29.0,28.0,30.0,30.0,28.0,30.0,30.0,29.0,31.0,32.0,50.0,47.0,42.0,44.0,42.0
2025-12-25T09:58:34.866080,2845.002,1022,Pinky,motor_9_flexed,50.0,34.5625,1,31.0,29.0,29.0,30.0,30.0,28.0,30.0,30.0,29.0,31.0,32.0,50.0,47.0,42.0,43.0,42.0
2025-12-25T09:58:36.753980,2846.892,1022,Pinky,motor_9_open,50.0,34.5625,1,31.0,29.0,29.0,30.0,30.0,28.0,30.0,30.0,29.0,31.0,32.0,50.0,47.0,42.0,43.0,42.0
2025-12-25T09:58:37.649932,2847.787,1023,Thumb,motor_13_flexed,50.0,34.5,1,31.0,29.0,29.0,30.0,30.0,28.0,30.0,30.0,29.0,31.0,32.0,50.0,47.0,42.0,43.0,41.0
2025-12-25T09:58:39.537826,2849.679,1023,Thumb,motor_13_open,50.0,34.625,1,31.0,29.0,29.0,30.0,30.0,28.0,30.0,30.0,29.0,31.0,32.0,50.0,47.0,42.0,44.0,42.0
2025-12-25T09:58:40.433771,2850.573,1024,Thumb,motor_14_flexed,50.0,34.5,1,31.0,29.0,28.0,30.0,30.0,28.0,30.0,30.0,29.0,31.0,32.0,50.0,47.0,42.0,44.0,41.0
2025-12-25T09:58:42.321667,2852.461,1024,Thumb,motor_14_open,50.0,34.5,1,31.0,29.0,28.0,30.0,30.0,28.0,30.0,30.0,29.0,31.0,32.0,50.0,47.0,42.0,43.0,42.0
2025-12-25T09:58:43.217616,2853.355,1025,Thumb,motor_12_flexed,50.0,34.5,1,31.0,29.0,29.0,30.0,30.0,28.0,30.0,30.0,29.0,31.0,32.0,50.0,47.0,42.0,43.0,41.0
2025-12-25T09:58:45.105520,2855.244,1025,Thumb,motor_12_open,50.0,34.5625,1,31.0,29.0,28.0,30.0,30.0,28.0,30.0,30.0,29.0,31.0,32.0,50.0,47.0,42.0,44.0,42.0
2025-12-25T09:58:46.001472,2856.143,1026,Index,motor_2_flexed,50.0,34.5,1,31.0,29.0,28.0,30.0,30.0,28.0,30.0,30.0,29.0,31.0,32.0,50.0,47.0,42.0,44.0,41.0
2025-12-25T09:58:47.889374,2858.026,1026,Index,motor_2_open,50.0,34.5,1,31.0,29.0,29.0,30.0,30.0,28.0,30.0,30.0,29.0,31.0,32.0,50.0,47.0,42.0,43.0,41.0
2025-12-25T09:58:48.785325,2858.924,1027,Index,motor_1_flexed,50.0,34.5625,1,31.0,29.0,29.0,30.0,30.0,28.0,30.0,30.0,29.0,31.0,32.0,50.0,47.0,42.0,44.0,41.0
2025-12-25T09:58:50.673200,2860.81,1027,Index,motor_1_open,50.0,34.4375,1,31.0,29.0,28.0,30.0,30.0,28.0,30.0,30.0,29.0,31.0,32.0,50.0,47.0,42.0,43.0,41.0
2025-12-25T09:58:51.569176,2861.706,1028,Index,motor_3_flexed,50.0,34.5625,1,31.0,29.0,28.0,30.0,30.0,28.0,30.0,30.0,29.0,31.0,32.0,50.0,47.0,42.0,44.0,42.0
2025-12-25T09:58:53.457079,2863.595,1028,Index,motor_3_open,50.0,34.4375,1,31.0,29.0,28.0,30.0,30.0,28.0,30.0,30.0,29.0,31.0,32.0,50.0,47.0,42.0,43.0,41.0
2025-12-25T09:58:54.353026,2864.49,1029,Middle,motor_11_flexed,50.0,34.5625,1,31.0,29.0,29.0,30.0,30.0,28.0,30.0,30.0,29.0,31.0,32.0,50.0,47.0,42.0,44.0,41.0
2025-12-25T09:58:56.240925,2866.379,1029,Middle,motor_11_open,50.0,34.625,1,31.0,29.0,29.0,30.0,30.0,28.0,30.0,30.0,29.0,31.0,32.0,50.0,47.0,42.0,44.0,42.0
2025-12-25T09:58:57.136874,2867.276,1030,Middle,motor_10_flexed,50.0,34.625,1,31.0,29.0,29.0,30.0,30.0,28.0,30.0,30.0,29.0,31.0,32.0,50.0,47.0,42.0,44.0,42.0
2025-12-25T09:58:59.024773,2869.164,1030,Middle,motor_10_open,50.0,34.5625,1,31.0,29.0,29.0,30.0,30.0,28.0,30.0,30.0,29.0,31.0,32.0,50.0,47.0,42.0,44.0,41.0
2025-12-25T09:58:59.920723,2870.058,1031,Ring,motor_4_flexed,50.0,34.625,1,31.0,29.0,29.0,30.0,30.0,28.0,30.0,30.0,29.0,31.0,32.0,50.0,47.0,42.0,44.0,42.0
2025-12-25T09:59:01.808620,2871.947,1031,Ring,motor_4_open,50.0,34.5625,1,31.0,29.0,29.0,30.0,30.0,28.0,30.0,30.0,29.0,31.0,32.0,50.0,47.0,42.0,44.0,41.0
2025-12-25T09:59:02.704562,2872.845,1032,Ring,motor_5_flexed,50.0,34.5,1,31.0,29.0,28.0,30.0,30.0,28.0,30.0,30.0,29.0,31.0,32.0,50.0,47.0,42.0,43.0,42.0
2025-12-25T09:59:04.592454,2874.731,1032,Ring,motor_5_open,50.0,34.625,1,31.0,29.0,29.0,30.0,30.0,28.0,30.0,30.0,29.0,31.0,32.0,50.0,47.0,42.0,44.0,42.0
2025-12-25T09:59:05.488394,2875.622,1033,Ring,motor_6_flexed,50.0,34.5625,1,31.0,29.0,29.0,30.0,30.0,28.0,30.0,30.0,29.0,31.0,32.0,50.0,47.0,42.0,43.0,42.0
2025-12-25T09:59:07.376307,2877.509,1033,Ring,motor_6_open,50.0,34.5,1,31.0,29.0,29.0,30.0,30.0,28.0,30.0,30.0,29.0,31.0,32.0,50.0,47.0,42.0,43.0,41.0
2025-12-25T09:59:08.272265,2878.411,1034,Pinky,motor_7_flexed,50.0,34.5625,1,31.0,29.0,29.0,30.0,30.0,28.0,30.0,30.0,29.0,31.0,32.0,50.0,47.0,42.0,44.0,41.0
2025-12-25T09:59:10.160173,2880.3,1034,Pinky,motor_7_open,50.0,34.625,1,31.0,29.0,29.0,30.0,30.0,28.0,30.0,30.0,29.0,31.0,32.0,50.0,47.0,42.0,44.0,42.0
2025-12-25T09:59:11.056119,2881.192,1035,Pinky,motor_8_flexed,50.0,34.5625,1,31.0,29.0,29.0,30.0,30.0,28.0,30.0,30.0,29.0,31.0,32.0,50.0,47.0,42.0,43.0,42.0
2025-12-25T09:59:12.944005,2883.075,1035,Pinky,motor_8_open,50.0,34.5,1,31.0,29.0,29.0,30.0,30.0,28.0,30.0,30.0,29.0,31.0,32.0,50.0,47.0,42.0,43.0,41.0
2025-12-25T09:59:13.839957,2883.974,1036,Pinky,motor_9_flexed,50.0,34.5625,1,31.0,29.0,29.0,30.0,30.0,28.0,30.0,30.0,29.0,31.0,32.0,50.0,47.0,42.0,44.0,41.0
2025-12-25T09:59:15.727858,2885.868,1036,Pinky,motor_9_open,50.0,34.5625,1,31.0,29.0,29.0,30.0,30.0,28.0,30.0,30.0,29.0,31.0,32.0,50.0,47.0,42.0,43.0,42.0
2025-12-25T09:59:16.623807,2886.76,1037,Thumb,motor_13_flexed,50.0,34.5,1,31.0,29.0,29.0,30.0,30.0,28.0,30.0,30.0,29.0,31.0,32.0,50.0,47.0,42.0,43.0,41.0
2025-12-25T09:59:18.511705,2888.647,1037,Thumb,motor_13_open,50.0,34.4375,1,31.0,29.0,28.0,30.0,30.0,28.0,30.0,30.0,29.0,31.0,32.0,50.0,47.0,42.0,43.0,41.0
2025-12-25T09:59:19.407657,2889.545,1038,Thumb,motor_14_flexed,50.0,34.625,1,31.0,29.0,29.0,30.0,30.0,28.0,30.0,30.0,29.0,31.0,32.0,50.0,47.0,42.0,44.0,42.0
2025-12-25T09:59:21.295551,2891.431,1038,Thumb,motor_14_open,50.0,34.5,1,31.0,29.0,28.0,30.0,30.0,28.0,30.0,30.0,29.0,31.0,32.0,50.0,47.0,42.0,43.0,42.0
2025-12-25T09:59:22.191505,2892.329,1039,Thumb,motor_12_flexed,50.0,34.4375,1,31.0,29.0,28.0,30.0,30.0,28.0,30.0,30.0,29.0,31.0,32.0,50.0,47.0,42.0,43.0,41.0
2025-12-25T09:59:24.079411,2894.217,1039,Thumb,motor_12_open,50.0,34.4375,1,31.0,29.0,28.0,30.0,30.0,28.0,30.0,30.0,29.0,31.0,32.0,50.0,47.0,42.0,43.0,41.0
2025-12-25T09:59:24.975351,2895.108,1040,Index,motor_2_flexed,50.0,34.5625,1,31.0,29.0,29.0,30.0,30.0,28.0,30.0,30.0,29.0,31.0,32.0,50.0,47.0,42.0,43.0,42.0
2025-12-25T09:59:26.863261,2897.004,1040,Index,motor_2_open,50.0,34.5,1,31.0,29.0,28.0,30.0,30.0,28.0,30.0,30.0,29.0,31.0,32.0,50.0,47.0,42.0,44.0,41.0
2025-12-25T09:59:27.759197,2897.898,1041,Index,motor_1_flexed,50.0,34.5,1,31.0,29.0,28.0,30.0,30.0,28.0,30.0,30.0,29.0,31.0,32.0,50.0,47.0,42.0,44.0,41.0
2025-12-25T09:59:29.647112,2899.784,1041,Index,motor_1_open,50.0,34.625,1,31.0,29.0,29.0,30.0,30.0,28.0,30.0,30.0,29.0,31.0,32.0,50.0,47.0,42.0,44.0,42.0
2025-12-25T09:59:30.543050,2900.68,1042,Index,motor_3_flexed,50.0,34.5625,1,31.0,29.0,28.0,30.0,30.0,28.0,30.0,30.0,29.0,31.0,32.0,50.0,47.0,42.0,44.0,42.0
2025-12-25T09:59:32.430960,2902.569,1042,Index,motor_3_open,50.0,34.4375,1,31.0,29.0,28.0,30.0,30.0,28.0,30.0,30.0,29.0,31.0,32.0,50.0,47.0,42.0,43.0,41.0
2025-12-25T09:59:33.326922,2903.467,1043,Middle,motor_11_flexed,50.0,34.5,1,31.0,29.0,28.0,30.0,30.0,28.0,30.0,30.0,29.0,31.0,32.0,50.0,47.0,42.0,44.0,41.0
2025-12-25T09:59:35.214809,2905.35,1043,Middle,motor_11_open,50.0,34.5,1,31.0,29.0,28.0,30.0,30.0,28.0,30.0,30.0,29.0,31.0,32.0,50.0,47.0,42.0,43.0,42.0
2025-12-25T09:59:36.110741,2906.244,1044,Middle,motor_10_flexed,50.0,34.5,1,31.0,29.0,28.0,30.0,30.0,28.0,30.0,30.0,29.0,31.0,32.0,50.0,47.0,42.0,43.0,42.0
2025-12-25T09:59:37.998667,2908.136,1044,Middle,motor_10_open,50.0,34.5625,1,31.0,29.0,29.0,30.0,30.0,28.0,30.0,30.0,29.0,31.0,32.0,50.0,47.0,42.0,44.0,41.0
2025-12-25T09:59:38.894600,2909.031,1045,Ring,motor_4_flexed,50.0,34.5625,1,31.0,29.0,29.0,30.0,30.0,28.0,30.0,30.0,29.0,31.0,32.0,50.0,47.0,42.0,44.0,41.0
2025-12-25T09:59:40.782473,2910.919,1045,Ring,motor_4_open,50.0,34.625,1,31.0,29.0,29.0,30.0,30.0,28.0,30.0,30.0,29.0,31.0,32.0,50.0,47.0,42.0,44.0,42.0
2025-12-25T09:59:41.678427,2911.814,1046,Ring,motor_5_flexed,50.0,34.5,1,31.0,29.0,28.0,30.0,30.0,28.0,30.0,30.0,29.0,31.0,32.0,50.0,47.0,42.0,44.0,41.0
2025-12-25T09:59:43.566323,2913.7,1046,Ring,motor_5_open,50.0,34.625,1,31.0,29.0,29.0,30.0,30.0,28.0,30.0,30.0,29.0,31.0,32.0,50.0,47.0,42.0,44.0,42.0
2025-12-25T09:59:44.462274,2914.594,1047,Ring,motor_6_flexed,50.0,34.5,1,31.0,29.0,28.0,30.0,30.0,28.0,30.0,30.0,29.0,31.0,32.0,50.0,47.0,42.0,44.0,41.0
2025-12-25T09:59:46.350186,2916.483,1047,Ring,motor_6_open,50.0,34.5,1,31.0,29.0,28.0,30.0,30.0,28.0,30.0,30.0,29.0,31.0,32.0,50.0,47.0,42.0,44.0,41.0
2025-12-25T09:59:47.246152,2917.378,1048,Pinky,motor_7_flexed,50.0,34.5625,1,31.0,29.0,28.0,30.0,30.0,28.0,30.0,30.0,29.0,31.0,32.0,50.0,47.0,42.0,44.0,42.0
2025-12-25T09:59:49.134037,2919.266,1048,Pinky,motor_7_open,50.0,34.5625,1,31.0,29.0,28.0,30.0,30.0,28.0,30.0,30.0,29.0,31.0,32.0,50.0,47.0,42.0,44.0,42.0
2025-12-25T09:59:50.029973,2920.164,1049,Pinky,motor_8_flexed,50.0,34.5625,1,31.0,29.0,29.0,30.0,30.0,28.0,30.0,30.0,29.0,31.0,32.0,50.0,47.0,42.0,44.0,41.0
2025-12-25T09:59:51.917892,2922.056,1049,Pinky,motor_8_open,50.0,34.5,1,31.0,29.0,28.0,30.0,30.0,28.0,30.0,30.0,29.0,31.0,32.0,50.0,47.0,42.0,43.0,42.0
2025-12-25T09:59:52.813825,2922.954,1050,Pinky,motor_9_flexed,50.0,34.5,1,31.0,29.0,28.0,30.0,30.0,28.0,30.0,30.0,29.0,31.0,32.0,50.0,47.0,42.0,44.0,41.0
2025-12-25T09:59:54.701748,2924.839,1050,Pinky,motor_9_open,50.0,34.5,1,31.0,29.0,28.0,30.0,30.0,28.0,30.0,30.0,29.0,31.0,32.0,50.0,47.0,42.0,44.0,41.0
2025-12-25T09:59:55.597699,2925.736,1051,Thumb,motor_13_flexed,50.0,34.5,1,31.0,29.0,28.0,30.0,30.0,28.0,30.0,30.0,29.0,31.0,32.0,50.0,47.0,42.0,44.0,41.0
2025-12-25T09:59:57.485599,2927.626,1051,Thumb,motor_13_open,50.0,34.5,1,31.0,29.0,28.0,30.0,30.0,28.0,30.0,30.0,29.0,31.0,32.0,50.0,47.0,42.0,44.0,41.0
2025-12-25T09:59:58.381549,2928.522,1052,Thumb,motor_14_flexed,50.0,34.5,1,31.0,29.0,28.0,30.0,30.0,28.0,30.0,30.0,29.0,31.0,32.0,50.0,47.0,42.0,44.0,41.0
2025-12-25T10:00:00.269446,2930.41,1052,Thumb,motor_14_open,50.0,34.5625,1,31.0,29.0,28.0,30.0,30.0,28.0,30.0,30.0,29.0,31.0,32.0,50.0,47.0,42.0,44.0,42.0
2025-12-25T10:00:01.165396,2931.304,1053,Thumb,motor_12_flexed,50.0,34.5,1,31.0,29.0,28.0,30.0,30.0,28.0,30.0,30.0,29.0,31.0,32.0,50.0,47.0,42.0,44.0,41.0
2025-12-25T10:00:03.053294,2933.193,1053,Thumb,motor_12_open,50.0,34.4375,1,31.0,29.0,28.0,30.0,30.0,28.0,30.0,30.0,29.0,31.0,32.0,50.0,47.0,42.0,43.0,41.0
2025-12-25T10:00:03.949246,2934.086,1054,Index,motor_2_flexed,50.0,34.5625,1,31.0,29.0,28.0,30.0,30.0,28.0,30.0,30.0,29.0,31.0,32.0,50.0,47.0,42.0,44.0,42.0
2025-12-25T10:00:05.837136,2935.974,1054,Index,motor_2_open,50.0,34.4375,1,31.0,29.0,28.0,30.0,30.0,28.0,30.0,30.0,29.0,31.0,32.0,50.0,47.0,42.0,43.0,41.0
2025-12-25T10:00:06.733094,2936.872,1055,Index,motor_1_flexed,50.0,34.5,1,31.0,29.0,28.0,30.0,30.0,28.0,30.0,30.0,29.0,31.0,32.0,50.0,47.0,42.0,44.0,41.0
2025-12-25T10:00:08.620995,2938.76,1055,Index,motor_1_open,50.0,34.5625,1,31.0,29.0,28.0,30.0,30.0,28.0,30.0,30.0,29.0,31.0,32.0,50.0,47.0,42.0,44.0,42.0
2025-12-25T10:00:09.516958,2939.656,1056,Index,motor_3_flexed,50.0,34.5,1,31.0,29.0,28.0,30.0,30.0,28.0,30.0,30.0,29.0,31.0,32.0,50.0,47.0,42.0,44.0,41.0
2025-12-25T10:00:10.604899,2940.744,1056,Index,motor_3_flex_hold,50.0,34.5625,1,31.0,29.0,28.0,30.0,30.0,28.0,30.0,30.0,29.0,31.0,32.0,50.0,47.0,42.0,44.0,42.0
2025-12-25T10:00:11.404856,2941.542,1056,Index,motor_3_open,50.0,34.625,1,31.0,29.0,29.0,30.0,30.0,28.0,30.0,30.0,29.0,31.0,32.0,50.0,47.0,42.0,44.0,42.0
2025-12-25T10:00:12.300812,2942.438,1057,Middle,motor_11_flexed,50.0,34.4375,1,31.0,29.0,28.0,30.0,30.0,28.0,30.0,30.0,29.0,31.0,32.0,50.0,47.0,42.0,43.0,41.0
2025-12-25T10:00:14.188705,2944.33,1057,Middle,motor_11_open,50.0,34.5,1,31.0,29.0,28.0,30.0,30.0,28.0,30.0,30.0,29.0,31.0,32.0,50.0,47.0,42.0,44.0,41.0
2025-12-25T10:00:15.084658,2945.224,1058,Middle,motor_10_flexed,50.0,34.5625,1,31.0,29.0,28.0,30.0,30.0,28.0,30.0,30.0,29.0,31.0,32.0,50.0,47.0,42.0,44.0,42.0
2025-12-25T10:00:16.972560,2947.111,1058,Middle,motor_10_open,50.0,34.5,1,31.0,29.0,28.0,30.0,30.0,28.0,30.0,30.0,29.0,31.0,32.0,50.0,47.0,42.0,44.0,41.0
2025-12-25T10:00:17.868503,2948.007,1059,Ring,motor_4_flexed,50.0,34.5625,1,31.0,29.0,28.0,30.0,30.0,28.0,30.0,30.0,29.0,31.0,32.0,50.0,47.0,42.0,44.0,42.0
2025-12-25T10:00:19.756400,2949.897,1059,Ring,motor_4_open,50.0,34.5,1,31.0,29.0,28.0,30.0,30.0,28.0,30.0,30.0,29.0,31.0,32.0,50.0,47.0,42.0,44.0,41.0
2025-12-25T10:00:20.652328,2950.794,1060,Ring,motor_5_flexed,50.0,34.625,1,31.0,29.0,29.0,30.0,30.0,28.0,30.0,30.0,29.0,31.0,32.0,50.0,47.0,42.0,44.0,42.0
2025-12-25T10:00:22.540249,2952.677,1060,Ring,motor_5_open,50.0,34.5625,1,31.0,29.0,28.0,30.0,30.0,28.0,30.0,30.0,29.0,31.0,32.0,50.0,47.0,42.0,44.0,42.0
2025-12-25T10:00:23.436205,2953.576,1061,Ring,motor_6_flexed,50.0,34.5,1,31.0,29.0,28.0,30.0,30.0,28.0,30.0,30.0,29.0,31.0,32.0,50.0,47.0,42.0,43.0,42.0
2025-12-25T10:00:25.324084,2955.461,1061,Ring,motor_6_open,50.0,34.5625,1,31.0,29.0,29.0,30.0,30.0,28.0,30.0,30.0,29.0,31.0,32.0,50.0,47.0,42.0,44.0,41.0
2025-12-25T10:00:26.220038,2956.362,1062,Pinky,motor_7_flexed,50.0,34.5625,1,31.0,29.0,29.0,30.0,30.0,28.0,30.0,30.0,29.0,31.0,32.0,50.0,47.0,42.0,44.0,41.0
2025-12-25T10:00:28.107934,2958.248,1062,Pinky,motor_7_open,50.0,34.5,1,31.0,29.0,28.0,30.0,30.0,28.0,30.0,30.0,29.0,31.0,32.0,50.0,47.0,42.0,44.0,41.0
2025-12-25T10:00:29.003883,2959.142,1063,Pinky,motor_8_flexed,50.0,34.625,1,31.0,29.0,29.0,30.0,30.0,28.0,30.0,30.0,29.0,31.0,32.0,50.0,47.0,42.0,44.0,42.0
2025-12-25T10:00:30.891788,2961.029,1063,Pinky,motor_8_open,50.0,34.5625,1,31.0,29.0,28.0,30.0,30.0,28.0,30.0,30.0,29.0,31.0,32.0,50.0,47.0,42.0,44.0,42.0
2025-12-25T10:00:31.787725,2961.925,1064,Pinky,motor_9_flexed,50.0,34.625,1,31.0,29.0,28.0,30.0,30.0,28.0,30.0,30.0,29.0,31.0,32.0,50.0,47.0,42.0,44.0,43.0
2025-12-25T10:00:33.675631,2963.814,1064,Pinky,motor_9_open,50.0,34.5,1,31.0,29.0,28.0,30.0,30.0,28.0,30.0,30.0,29.0,31.0,32.0,50.0,47.0,42.0,44.0,41.0
2025-12-25T10:00:34.571585,2964.711,1065,Thumb,motor_13_flexed,50.0,34.5625,1,31.0,29.0,28.0,30.0,30.0,28.0,30.0,30.0,29.0,31.0,32.0,50.0,47.0,42.0,44.0,42.0
2025-12-25T10:00:36.459481,2966.598,1065,Thumb,motor_13_open,50.0,34.5,1,31.0,29.0,28.0,30.0,30.0,28.0,30.0,30.0,29.0,31.0,32.0,50.0,47.0,42.0,44.0,41.0
2025-12-25T10:00:37.355419,2967.495,1066,Thumb,motor_14_flexed,50.0,34.5625,1,31.0,29.0,28.0,30.0,30.0,28.0,30.0,30.0,29.0,31.0,32.0,50.0,47.0,42.0,44.0,42.0
2025-12-25T10:00:39.243331,2969.381,1066,Thumb,motor_14_open,50.0,34.5625,1,31.0,29.0,28.0,30.0,30.0,28.0,30.0,30.0,29.0,31.0,32.0,50.0,47.0,42.0,44.0,42.0
2025-12-25T10:00:40.139277,2970.277,1067,Thumb,motor_12_flexed,50.0,34.5625,1,31.0,29.0,28.0,30.0,30.0,28.0,30.0,30.0,29.0,31.0,32.0,50.0,47.0,42.0,44.0,42.0
2025-12-25T10:00:42.027164,2972.164,1067,Thumb,motor_12_open,50.0,34.5625,1,31.0,29.0,28.0,30.0,30.0,28.0,30.0,30.0,29.0,31.0,32.0,50.0,47.0,42.0,44.0,42.0
2025-12-25T10:00:42.923131,2973.062,1068,Index,motor_2_flexed,50.0,34.625,1,31.0,29.0,29.0,30.0,30.0,28.0,30.0,30.0,29.0,31.0,32.0,50.0,47.0,42.0,44.0,42.0
2025-12-25T10:00:44.811035,2974.95,1068,Index,motor_2_open,50.0,34.5,1,31.0,29.0,28.0,30.0,30.0,28.0,30.0,30.0,29.0,31.0,32.0,50.0,47.0,42.0,44.0,41.0
2025-12-25T10:00:45.706978,2975.845,1069,Index,motor_1_flexed,50.0,34.4375,1,31.0,29.0,28.0,30.0,30.0,28.0,30.0,30.0,29.0,31.0,32.0,50.0,47.0,42.0,44.0,40.0
2025-12-25T10:00:47.594876,2977.732,1069,Index,motor_1_open,50.0,34.5,1,31.0,29.0,28.0,30.0,30.0,28.0,30.0,30.0,29.0,31.0,32.0,50.0,47.0,42.0,44.0,41.0
2025-12-25T10:00:48.490827,2978.628,1070,Index,motor_3_flexed,50.0,34.5,1,31.0,29.0,28.0,30.0,30.0,28.0,30.0,30.0,29.0,31.0,32.0,50.0,47.0,42.0,44.0,41.0
2025-12-25T10:00:50.378726,2980.521,1070,Index,motor_3_open,50.0,34.5625,1,31.0,29.0,28.0,30.0,30.0,28.0,30.0,30.0,29.0,31.0,32.0,50.0,47.0,42.0,44.0,42.0
2025-12-25T10:00:51.274696,2981.412,1071,Middle,motor_11_flexed,50.0,34.5625,1,31.0,29.0,28.0,30.0,30.0,28.0,30.0,30.0,29.0,31.0,32.0,50.0,47.0,42.0,44.0,42.0
2025-12-25T10:00:53.162573,2983.3,1071,Middle,motor_11_open,50.0,34.5,1,31.0,29.0,28.0,30.0,30.0,28.0,30.0,30.0,29.0,31.0,32.0,50.0,47.0,42.0,44.0,41.0
2025-12-25T10:00:54.058537,2984.197,1072,Middle,motor_10_flexed,50.0,34.5,1,31.0,29.0,28.0,30.0,30.0,28.0,30.0,30.0,29.0,31.0,32.0,50.0,47.0,42.0,44.0,41.0
2025-12-25T10:00:55.946402,2986.083,1072,Middle,motor_10_open,50.0,34.5,1,31.0,29.0,28.0,30.0,30.0,28.0,30.0,30.0,29.0,31.0,32.0,50.0,47.0,42.0,44.0,41.0
2025-12-25T10:00:56.842361,2986.979,1073,Ring,motor_4_flexed,50.0,34.625,1,31.0,29.0,29.0,30.0,30.0,28.0,30.0,30.0,29.0,31.0,32.0,50.0,47.0,42.0,44.0,42.0
2025-12-25T10:00:58.730271,2988.867,1073,Ring,motor_4_open,50.0,34.5625,1,31.0,29.0,28.0,30.0,30.0,28.0,30.0,30.0,29.0,31.0,32.0,50.0,47.0,42.0,44.0,42.0
2025-12-25T10:00:59.626213,2989.763,1074,Ring,motor_5_flexed,50.0,34.5,1,31.0,29.0,28.0,30.0,30.0,28.0,30.0,30.0,29.0,31.0,32.0,50.0,47.0,42.0,44.0,41.0
2025-12-25T10:01:01.514110,2991.652,1074,Ring,motor_5_open,50.0,34.5625,1,31.0,29.0,28.0,30.0,30.0,28.0,30.0,30.0,29.0,31.0,32.0,50.0,47.0,42.0,44.0,42.0
2025-12-25T10:01:02.410053,2992.547,1075,Ring,motor_6_flexed,50.0,34.5,1,31.0,29.0,28.0,30.0,30.0,28.0,30.0,30.0,29.0,31.0,32.0,50.0,47.0,42.0,44.0,41.0
2025-12-25T10:01:04.297958,2994.433,1075,Ring,motor_6_open,50.0,34.5625,1,31.0,29.0,28.0,30.0,30.0,28.0,30.0,30.0,29.0,31.0,32.0,50.0,47.0,42.0,44.0,42.0
2025-12-25T10:01:05.193914,2995.331,1076,Pinky,motor_7_flexed,50.0,34.5,1,31.0,29.0,28.0,30.0,30.0,28.0,30.0,30.0,29.0,31.0,32.0,50.0,47.0,42.0,44.0,41.0
2025-12-25T10:01:07.081809,2997.219,1076,Pinky,motor_7_open,50.0,34.5,1,31.0,29.0,28.0,30.0,30.0,28.0,30.0,30.0,29.0,31.0,32.0,50.0,47.0,42.0,43.0,42.0
2025-12-25T10:01:07.977785,2998.115,1077,Pinky,motor_8_flexed,50.0,34.5,1,31.0,29.0,28.0,30.0,30.0,28.0,30.0,30.0,29.0,31.0,32.0,50.0,47.0,42.0,44.0,41.0
2025-12-25T10:01:09.865668,3000.002,1077,Pinky,motor_8_open,50.0,34.5,1,31.0,29.0,28.0,30.0,30.0,28.0,30.0,30.0,29.0,31.0,32.0,50.0,47.0,42.0,44.0,41.0
2025-12-25T10:01:10.761619,3000.899,1078,Pinky,motor_9_flexed,50.0,34.5,1,31.0,29.0,28.0,30.0,30.0,28.0,30.0,30.0,29.0,31.0,32.0,50.0,47.0,42.0,44.0,41.0
2025-12-25T10:01:12.649534,3002.787,1078,Pinky,motor_9_open,50.0,34.4375,1,30.0,29.0,28.0,30.0,30.0,28.0,30.0,30.0,29.0,31.0,32.0,50.0,47.0,42.0,43.0,42.0
2025-12-25T10:01:13.545468,3003.684,1079,Thumb,motor_13_flexed,50.0,34.5625,1,31.0,29.0,28.0,30.0,30.0,28.0,30.0,30.0,29.0,31.0,32.0,50.0,47.0,42.0,44.0,42.0
2025-12-25T10:01:15.433366,3005.572,1079,Thumb,motor_13_open,50.0,34.4375,1,31.0,29.0,28.0,30.0,30.0,28.0,30.0,30.0,29.0,31.0,32.0,50.0,47.0,42.0,43.0,41.0
2025-12-25T10:01:16.329319,3006.467,1080,Thumb,motor_14_flexed,50.0,34.5625,1,31.0,29.0,28.0,30.0,30.0,28.0,30.0,30.0,29.0,31.0,32.0,50.0,47.0,42.0,44.0,42.0
2025-12-25T10:01:18.217215,3008.355,1080,Thumb,motor_14_open,50.0,34.5,1,31.0,29.0,28.0,30.0,30.0,28.0,30.0,30.0,29.0,31.0,32.0,50.0,47.0,42.0,44.0,41.0
2025-12-25T10:01:19.113163,3009.252,1081,Thumb,motor_12_flexed,50.0,34.4375,1,31.0,29.0,28.0,30.0,30.0,28.0,30.0,30.0,29.0,31.0,32.0,50.0,47.0,42.0,43.0,41.0
2025-12-25T10:01:21.001064,3011.14,1081,Thumb,motor_12_open,50.0,34.5,1,31.0,29.0,28.0,30.0,30.0,28.0,30.0,30.0,29.0,31.0,32.0,50.0,47.0,42.0,43.0,42.0
2025-12-25T10:01:21.897014,3012.035,1082,Index,motor_2_flexed,50.0,34.5,1,31.0,29.0,28.0,30.0,30.0,28.0,30.0,30.0,29.0,31.0,32.0,50.0,47.0,42.0,44.0,41.0
2025-12-25T10:01:23.784909,3013.922,1082,Index,motor_2_open,50.0,34.5,1,31.0,29.0,28.0,30.0,30.0,28.0,30.0,30.0,29.0,31.0,32.0,50.0,47.0,42.0,44.0,41.0
2025-12-25T10:01:24.680864,3014.817,1083,Index,motor_1_flexed,50.0,34.4375,1,31.0,29.0,28.0,30.0,30.0,28.0,30.0,30.0,29.0,31.0,32.0,50.0,47.0,42.0,43.0,41.0
2025-12-25T10:01:26.568761,3016.709,1083,Index,motor_1_open,50.0,34.5,1,31.0,29.0,28.0,30.0,30.0,28.0,30.0,30.0,29.0,31.0,32.0,50.0,47.0,42.0,44.0,41.0
2025-12-25T10:01:27.464712,3017.601,1084,Index,motor_3_flexed,50.0,34.5,1,31.0,29.0,28.0,30.0,30.0,28.0,30.0,30.0,29.0,31.0,32.0,50.0,47.0,42.0,43.0,42.0
2025-12-25T10:01:29.352598,3019.491,1084,Index,motor_3_open,50.0,34.5,1,31.0,29.0,28.0,30.0,30.0,28.0,30.0,30.0,29.0,31.0,32.0,50.0,47.0,42.0,43.0,42.0
2025-12-25T10:01:30.248543,3020.388,1085,Middle,motor_11_flexed,50.0,34.5625,1,31.0,29.0,28.0,30.0,30.0,28.0,30.0,30.0,29.0,31.0,32.0,50.0,47.0,42.0,44.0,42.0
2025-12-25T10:01:32.136461,3022.276,1085,Middle,motor_11_open,50.0,34.5625,1,31.0,29.0,28.0,30.0,30.0,28.0,30.0,30.0,29.0,31.0,32.0,50.0,47.0,42.0,44.0,42.0
2025-12-25T10:01:33.032413,3023.168,1086,Middle,motor_10_flexed,50.0,34.5,1,31.0,29.0,28.0,30.0,30.0,28.0,30.0,30.0,29.0,31.0,32.0,50.0,47.0,42.0,44.0,41.0
2025-12-25T10:01:34.920311,3025.058,1086,Middle,motor_10_open,50.0,34.4375,1,31.0,29.0,28.0,30.0,30.0,28.0,30.0,30.0,29.0,31.0,32.0,50.0,47.0,42.0,43.0,41.0
2025-12-25T10:01:35.816259,3025.953,1087,Ring,motor_4_flexed,50.0,34.5625,1,31.0,29.0,28.0,30.0,30.0,28.0,30.0,30.0,29.0,31.0,32.0,50.0,47.0,42.0,44.0,42.0
2025-12-25T10:01:37.704157,3027.845,1087,Ring,motor_4_open,50.0,34.5,1,31.0,29.0,28.0,30.0,30.0,28.0,30.0,30.0,29.0,31.0,32.0,50.0,47.0,42.0,44.0,41.0
2025-12-25T10:01:38.600109,3028.739,1088,Ring,motor_5_flexed,50.0,34.5,1,31.0,29.0,28.0,30.0,30.0,28.0,30.0,30.0,29.0,31.0,32.0,50.0,47.0,42.0,44.0,41.0
2025-12-25T10:01:40.488003,3030.626,1088,Ring,motor_5_open,50.0,34.5625,1,31.0,29.0,28.0,30.0,30.0,28.0,30.0,30.0,29.0,31.0,32.0,50.0,47.0,42.0,44.0,42.0
2025-12-25T10:01:41.383957,3031.522,1089,Ring,motor_6_flexed,50.0,34.5,1,31.0,29.0,28.0,30.0,30.0,28.0,30.0,30.0,29.0,31.0,32.0,50.0,47.0,42.0,43.0,42.0
2025-12-25T10:01:43.271855,3033.41,1089,Ring,motor_6_open,50.0,34.5625,1,31.0,29.0,28.0,30.0,30.0,28.0,30.0,30.0,29.0,31.0,32.0,50.0,47.0,42.0,44.0,42.0
2025-12-25T10:01:44.167796,3034.307,1090,Pinky,motor_7_flexed,50.0,34.5,1,31.0,29.0,28.0,30.0,30.0,28.0,30.0,30.0,29.0,31.0,32.0,50.0,47.0,42.0,44.0,41.0
2025-12-25T10:01:46.055700,3036.191,1090,Pinky,motor_7_open,50.0,34.5625,1,31.0,29.0,28.0,30.0,30.0,28.0,30.0,30.0,29.0,31.0,32.0,50.0,47.0,42.0,44.0,42.0
2025-12-25T10:01:46.951654,3037.091,1091,Pinky,motor_8_flexed,50.0,34.5,1,31.0,29.0,28.0,30.0,30.0,28.0,30.0,30.0,29.0,31.0,32.0,50.0,47.0,42.0,43.0,42.0
2025-12-25T10:01:48.839547,3038.979,1091,Pinky,motor_8_open,50.0,34.5625,1,31.0,29.0,28.0,30.0,30.0,28.0,30.0,30.0,29.0,31.0,32.0,50.0,47.0,42.0,44.0,42.0
2025-12-25T10:01:49.735488,3039.877,1092,Pinky,motor_9_flexed,50.0,34.5,1,31.0,29.0,28.0,30.0,30.0,28.0,30.0,30.0,29.0,31.0,32.0,50.0,47.0,42.0,44.0,41.0
2025-12-25T10:01:51.623407,3041.764,1092,Pinky,motor_9_open,50.0,34.5,1,31.0,29.0,28.0,30.0,30.0,28.0,30.0,30.0,29.0,31.0,32.0,50.0,47.0,42.0,44.0,41.0
2025-12-25T10:01:52.519353,3042.656,1093,Thumb,motor_13_flexed,50.0,34.5,1,31.0,29.0,28.0,30.0,30.0,28.0,30.0,30.0,29.0,31.0,32.0,50.0,47.0,42.0,44.0,41.0
2025-12-25T10:01:54.407248,3044.545,1093,Thumb,motor_13_open,50.0,34.5625,1,31.0,29.0,28.0,30.0,30.0,28.0,30.0,30.0,29.0,31.0,32.0,50.0,47.0,42.0,44.0,42.0
2025-12-25T10:01:55.303202,3045.441,1094,Thumb,motor_14_flexed,50.0,34.5,1,31.0,29.0,28.0,30.0,30.0,28.0,30.0,30.0,29.0,31.0,32.0,50.0,47.0,42.0,44.0,41.0
2025-12-25T10:01:57.191098,3047.329,1094,Thumb,motor_14_open,50.0,34.5625,1,31.0,29.0,28.0,30.0,30.0,28.0,30.0,30.0,29.0,31.0,32.0,50.0,47.0,42.0,44.0,42.0
2025-12-25T10:01:58.087050,3048.225,1095,Thumb,motor_12_flexed,50.0,34.5,1,31.0,29.0,28.0,30.0,30.0,28.0,30.0,30.0,29.0,31.0,32.0,50.0,47.0,42.0,43.0,42.0
2025-12-25T10:01:59.974950,3050.112,1095,Thumb,motor_12_open,50.0,34.5625,1,31.0,29.0,28.0,30.0,30.0,28.0,30.0,30.0,29.0,31.0,32.0,50.0,47.0,42.0,44.0,42.0
2025-12-25T10:02:00.870906,3051.012,1096,Index,motor_2_flexed,51.0,34.5625,1,31.0,29.0,28.0,30.0,30.0,28.0,30.0,30.0,29.0,31.0,32.0,51.0,47.0,42.0,44.0,41.0
2025-12-25T10:02:02.758795,3052.896,1096,Index,motor_2_open,51.0,34.625,1,31.0,29.0,28.0,30.0,30.0,28.0,30.0,30.0,29.0,31.0,32.0,51.0,47.0,42.0,44.0,42.0
2025-12-25T10:02:03.654748,3053.791,1097,Index,motor_1_flexed,51.0,34.625,1,31.0,29.0,28.0,30.0,30.0,28.0,30.0,30.0,29.0,31.0,32.0,51.0,47.0,42.0,44.0,42.0
2025-12-25T10:02:05.542655,3055.681,1097,Index,motor_1_open,51.0,34.625,1,31.0,29.0,28.0,30.0,30.0,28.0,30.0,30.0,29.0,31.0,32.0,51.0,47.0,42.0,44.0,42.0
2025-12-25T10:02:06.438597,3056.579,1098,Index,motor_3_flexed,51.0,34.5625,1,31.0,29.0,28.0,30.0,30.0,28.0,30.0,30.0,29.0,31.0,32.0,51.0,47.0,42.0,44.0,41.0
2025-12-25T10:02:08.342494,3058.483,1098,Index,motor_3_open,51.0,34.625,1,31.0,29.0,28.0,30.0,30.0,28.0,30.0,30.0,29.0,31.0,32.0,51.0,47.0,42.0,44.0,42.0
2025-12-25T10:02:09.238446,3059.376,1099,Middle,motor_11_flexed,51.0,34.5625,1,31.0,29.0,28.0,30.0,30.0,28.0,30.0,30.0,29.0,31.0,32.0,51.0,47.0,42.0,43.0,42.0
2025-12-25T10:02:10.326387,3060.465,1099,Middle,motor_11_flex_hold,51.0,34.625,1,31.0,29.0,28.0,30.0,30.0,28.0,30.0,30.0,29.0,31.0,32.0,51.0,47.0,42.0,44.0,42.0
2025-12-25T10:02:11.126347,3061.262,1099,Middle,motor_11_open,51.0,34.625,1,31.0,29.0,28.0,30.0,30.0,28.0,30.0,30.0,29.0,31.0,32.0,51.0,47.0,42.0,44.0,42.0
2025-12-25T10:02:12.022307,3062.16,1100,Middle,motor_10_flexed,51.0,34.625,1,31.0,29.0,28.0,30.0,30.0,28.0,30.0,30.0,29.0,31.0,32.0,51.0,47.0,42.0,44.0,42.0
2025-12-25T10:02:13.910191,3064.049,1100,Middle,motor_10_open,51.0,34.5625,1,31.0,29.0,28.0,30.0,30.0,28.0,30.0,30.0,29.0,31.0,32.0,51.0,47.0,42.0,43.0,42.0
2025-12-25T10:02:14.806153,3064.945,1101,Ring,motor_4_flexed,51.0,34.625,1,31.0,29.0,28.0,30.0,30.0,28.0,30.0,30.0,29.0,31.0,32.0,51.0,47.0,42.0,44.0,42.0
2025-12-25T10:02:16.694040,3066.833,1101,Ring,motor_4_open,51.0,34.625,1,31.0,29.0,28.0,30.0,30.0,28.0,30.0,30.0,29.0,31.0,32.0,51.0,47.0,42.0,44.0,42.0
2025-12-25T10:02:17.589991,3067.727,1102,Ring,motor_5_flexed,51.0,34.5625,1,31.0,29.0,28.0,30.0,30.0,28.0,30.0,30.0,29.0,31.0,32.0,51.0,47.0,42.0,44.0,41.0
2025-12-25T10:02:19.477905,3069.616,1102,Ring,motor_5_open,51.0,34.625,1,31.0,29.0,28.0,30.0,30.0,28.0,30.0,30.0,29.0,31.0,32.0,51.0,47.0,42.0,44.0,42.0
2025-12-25T10:02:20.373841,3070.513,1103,Ring,motor_6_flexed,51.0,34.625,1,31.0,29.0,28.0,30.0,30.0,28.0,30.0,30.0,29.0,31.0,32.0,51.0,47.0,42.0,44.0,42.0
2025-12-25T10:02:22.261741,3072.398,1103,Ring,motor_6_open,51.0,34.625,1,31.0,29.0,28.0,30.0,30.0,28.0,30.0,30.0,29.0,31.0,32.0,51.0,47.0,42.0,44.0,42.0
2025-12-25T10:02:23.157692,3073.295,1104,Pinky,motor_7_flexed,51.0,34.625,1,31.0,29.0,28.0,30.0,30.0,28.0,30.0,30.0,29.0,31.0,32.0,51.0,47.0,42.0,44.0,42.0
2025-12-25T10:02:25.045586,3075.186,1104,Pinky,motor_7_open,51.0,34.5625,1,31.0,29.0,28.0,30.0,30.0,28.0,30.0,30.0,29.0,31.0,32.0,51.0,47.0,42.0,43.0,42.0
2025-12-25T10:02:25.941541,3076.081,1105,Pinky,motor_8_flexed,51.0,34.625,1,31.0,29.0,28.0,30.0,30.0,28.0,30.0,30.0,29.0,31.0,32.0,51.0,47.0,42.0,44.0,42.0
2025-12-25T10:02:27.829436,3077.967,1105,Pinky,motor_8_open,51.0,34.5625,1,31.0,29.0,28.0,30.0,30.0,28.0,30.0,30.0,29.0,31.0,32.0,51.0,47.0,42.0,43.0,42.0
2025-12-25T10:02:28.725403,3078.864,1106,Pinky,motor_9_flexed,51.0,34.5,1,31.0,29.0,28.0,30.0,30.0,28.0,30.0,30.0,29.0,31.0,32.0,51.0,47.0,42.0,43.0,41.0
2025-12-25T10:02:30.613297,3080.753,1106,Pinky,motor_9_open,51.0,34.625,1,31.0,29.0,28.0,30.0,30.0,28.0,30.0,30.0,29.0,31.0,32.0,51.0,47.0,42.0,44.0,42.0
2025-12-25T10:02:31.509226,3081.647,1107,Thumb,motor_13_flexed,51.0,34.5625,1,31.0,29.0,28.0,30.0,30.0,28.0,30.0,30.0,29.0,31.0,32.0,51.0,47.0,42.0,44.0,41.0
2025-12-25T10:02:33.397138,3083.533,1107,Thumb,motor_13_open,51.0,34.5625,1,31.0,29.0,28.0,30.0,30.0,28.0,30.0,30.0,29.0,31.0,32.0,51.0,47.0,42.0,44.0,41.0
2025-12-25T10:02:34.293067,3084.429,1108,Thumb,motor_14_flexed,51.0,34.625,1,31.0,29.0,28.0,30.0,30.0,28.0,30.0,30.0,29.0,31.0,32.0,51.0,47.0,42.0,44.0,42.0
2025-12-25T10:02:36.180993,3086.321,1108,Thumb,motor_14_open,51.0,34.625,1,31.0,29.0,28.0,30.0,30.0,28.0,30.0,30.0,29.0,31.0,32.0,51.0,47.0,42.0,44.0,42.0
2025-12-25T10:02:37.076923,3087.218,1109,Thumb,motor_12_flexed,51.0,34.5625,1,31.0,29.0,28.0,30.0,30.0,28.0,30.0,30.0,29.0,31.0,32.0,51.0,47.0,42.0,44.0,41.0
2025-12-25T10:02:38.964834,3089.105,1109,Thumb,motor_12_open,51.0,34.5625,1,31.0,29.0,28.0,30.0,30.0,28.0,30.0,30.0,29.0,31.0,32.0,51.0,47.0,42.0,44.0,41.0
2025-12-25T10:02:39.860784,3089.999,1110,Index,motor_2_flexed,51.0,34.625,1,31.0,29.0,28.0,30.0,30.0,28.0,30.0,30.0,29.0,31.0,32.0,51.0,47.0,42.0,44.0,42.0
2025-12-25T10:02:41.748667,3091.887,1110,Index,motor_2_open,51.0,34.5625,1,31.0,29.0,28.0,30.0,30.0,28.0,30.0,30.0,29.0,31.0,32.0,51.0,47.0,42.0,44.0,41.0
2025-12-25T10:02:42.644609,3092.782,1111,Index,motor_1_flexed,51.0,34.5625,1,31.0,29.0,28.0,30.0,30.0,28.0,30.0,30.0,29.0,31.0,32.0,51.0,47.0,42.0,44.0,41.0
2025-12-25T10:02:44.532517,3094.674,1111,Index,motor_1_open,51.0,34.5,1,31.0,29.0,28.0,30.0,30.0,28.0,30.0,30.0,29.0,31.0,32.0,51.0,47.0,42.0,43.0,41.0
2025-12-25T10:02:45.428487,3095.566,1112,Index,motor_3_flexed,51.0,34.625,1,31.0,29.0,28.0,30.0,30.0,28.0,30.0,30.0,29.0,31.0,32.0,51.0,47.0,42.0,44.0,42.0
2025-12-25T10:02:47.316378,3097.455,1112,Index,motor_3_open,51.0,34.5625,1,31.0,29.0,28.0,30.0,30.0,28.0,30.0,30.0,29.0,31.0,32.0,51.0,47.0,42.0,44.0,41.0
2025-12-25T10:02:48.212326,3098.352,1113,Middle,motor_11_flexed,51.0,34.625,1,31.0,29.0,28.0,30.0,30.0,28.0,30.0,30.0,29.0,31.0,32.0,51.0,47.0,42.0,44.0,42.0
2025-12-25T10:02:50.100230,3100.24,1113,Middle,motor_11_open,51.0,34.5625,1,31.0,29.0,28.0,30.0,30.0,28.0,30.0,30.0,29.0,31.0,32.0,51.0,47.0,42.0,44.0,41.0
2025-12-25T10:02:50.996179,3101.134,1114,Middle,motor_10_flexed,51.0,34.625,1,31.0,29.0,28.0,30.0,30.0,28.0,30.0,30.0,29.0,31.0,32.0,51.0,47.0,42.0,44.0,42.0
2025-12-25T10:02:52.884075,3103.023,1114,Middle,motor_10_open,51.0,34.625,1,31.0,29.0,28.0,30.0,30.0,28.0,30.0,30.0,29.0,31.0,32.0,51.0,47.0,42.0,44.0,42.0
2025-12-25T10:02:53.780029,3103.919,1115,Ring,motor_4_flexed,51.0,34.5625,1,31.0,29.0,28.0,30.0,30.0,28.0,30.0,30.0,29.0,31.0,32.0,51.0,47.0,42.0,43.0,42.0
2025-12-25T10:02:55.667914,3105.806,1115,Ring,motor_4_open,51.0,34.5625,1,31.0,29.0,28.0,30.0,30.0,28.0,30.0,30.0,29.0,31.0,32.0,51.0,47.0,42.0,43.0,42.0
2025-12-25T10:02:56.563880,3106.701,1116,Ring,motor_5_flexed,51.0,34.625,1,31.0,29.0,28.0,30.0,30.0,28.0,30.0,30.0,29.0,31.0,32.0,51.0,47.0,42.0,44.0,42.0
2025-12-25T10:02:58.451778,3108.59,1116,Ring,motor_5_open,51.0,34.625,1,31.0,29.0,28.0,30.0,30.0,28.0,30.0,30.0,29.0,31.0,32.0,51.0,47.0,42.0,44.0,42.0
2025-12-25T10:02:59.347713,3109.485,1117,Ring,motor_6_flexed,51.0,34.625,1,31.0,29.0,28.0,30.0,30.0,28.0,30.0,30.0,29.0,31.0,32.0,51.0,47.0,42.0,44.0,42.0
2025-12-25T10:03:01.235610,3111.373,1117,Ring,motor_6_open,51.0,34.5625,1,31.0,29.0,28.0,30.0,30.0,28.0,30.0,30.0,29.0,31.0,32.0,51.0,47.0,42.0,44.0,41.0
2025-12-25T10:03:02.131567,3112.268,1118,Pinky,motor_7_flexed,51.0,34.625,1,31.0,29.0,28.0,30.0,30.0,28.0,30.0,30.0,29.0,31.0,32.0,51.0,47.0,42.0,44.0,42.0
2025-12-25T10:03:04.019460,3114.157,1118,Pinky,motor_7_open,51.0,34.625,1,31.0,29.0,28.0,30.0,30.0,28.0,30.0,30.0,29.0,31.0,32.0,51.0,47.0,42.0,44.0,42.0
2025-12-25T10:03:04.915416,3115.053,1119,Pinky,motor_8_flexed,51.0,34.5625,1,31.0,29.0,28.0,30.0,30.0,28.0,30.0,30.0,29.0,31.0,32.0,51.0,47.0,42.0,44.0,41.0
2025-12-25T10:03:06.803297,3116.942,1119,Pinky,motor_8_open,51.0,34.5,1,31.0,29.0,28.0,30.0,30.0,28.0,30.0,30.0,29.0,31.0,32.0,51.0,47.0,42.0,43.0,41.0
2025-12-25T10:03:07.699278,3117.838,1120,Pinky,motor_9_flexed,51.0,34.625,1,31.0,29.0,28.0,30.0,30.0,28.0,30.0,30.0,29.0,31.0,32.0,51.0,47.0,42.0,44.0,42.0
2025-12-25T10:03:09.603168,3119.742,1120,Pinky,motor_9_open,51.0,34.625,1,31.0,29.0,28.0,30.0,30.0,28.0,30.0,30.0,29.0,31.0,32.0,51.0,47.0,42.0,44.0,42.0
2025-12-25T10:03:10.195151,3120.329,1120,Pinky,motor_9_open_hold,51.0,34.5625,1,31.0,29.0,28.0,30.0,30.0,28.0,30.0,30.0,29.0,31.0,32.0,51.0,47.0,42.0,44.0,41.0
2025-12-25T10:03:10.595115,3120.734,1121,Thumb,motor_13_flexed,51.0,34.625,1,31.0,29.0,28.0,30.0,30.0,28.0,30.0,30.0,29.0,31.0,32.0,51.0,47.0,42.0,44.0,42.0
2025-12-25T10:03:12.483029,3122.621,1121,Thumb,motor_13_open,51.0,34.5,1,31.0,29.0,28.0,30.0,30.0,28.0,30.0,30.0,29.0,31.0,32.0,51.0,47.0,42.0,43.0,41.0
2025-12-25T10:03:13.378941,3123.518,1122,Thumb,motor_14_flexed,51.0,34.625,1,31.0,29.0,28.0,30.0,30.0,28.0,30.0,30.0,29.0,31.0,32.0,51.0,47.0,42.0,44.0,42.0
2025-12-25T10:03:15.266847,3125.405,1122,Thumb,motor_14_open,51.0,34.5625,1,31.0,29.0,28.0,30.0,30.0,28.0,30.0,30.0,29.0,31.0,32.0,51.0,47.0,42.0,43.0,42.0
2025-12-25T10:03:16.162806,3126.302,1123,Thumb,motor_12_flexed,51.0,34.5625,1,31.0,29.0,28.0,30.0,30.0,28.0,30.0,30.0,29.0,31.0,32.0,51.0,47.0,42.0,43.0,42.0
2025-12-25T10:03:18.050701,3128.188,1123,Thumb,motor_12_open,51.0,34.5625,1,31.0,29.0,28.0,30.0,30.0,28.0,30.0,30.0,29.0,31.0,32.0,51.0,47.0,42.0,43.0,42.0
2025-12-25T10:03:18.946663,3129.087,1124,Index,motor_2_flexed,51.0,34.625,1,31.0,29.0,28.0,30.0,30.0,28.0,30.0,30.0,29.0,31.0,32.0,51.0,47.0,42.0,44.0,42.0
2025-12-25T10:03:20.834564,3130.973,1124,Index,motor_2_open,51.0,34.625,1,31.0,29.0,28.0,30.0,30.0,28.0,30.0,30.0,29.0,31.0,32.0,51.0,47.0,42.0,44.0,42.0
2025-12-25T10:03:21.730524,3131.871,1125,Index,motor_1_flexed,51.0,34.5625,1,31.0,29.0,28.0,30.0,30.0,28.0,30.0,30.0,29.0,31.0,32.0,51.0,47.0,42.0,44.0,41.0
2025-12-25T10:03:23.618412,3133.756,1125,Index,motor_1_open,51.0,34.625,1,31.0,29.0,28.0,30.0,30.0,28.0,30.0,30.0,29.0,31.0,32.0,51.0,47.0,42.0,44.0,42.0
2025-12-25T10:03:24.514361,3134.651,1126,Index,motor_3_flexed,51.0,34.5625,1,31.0,29.0,28.0,30.0,30.0,28.0,30.0,30.0,29.0,31.0,32.0,51.0,47.0,42.0,43.0,42.0
2025-12-25T10:03:26.402273,3136.543,1126,Index,motor_3_open,51.0,34.5625,1,31.0,29.0,28.0,30.0,30.0,28.0,30.0,30.0,29.0,31.0,32.0,51.0,47.0,42.0,43.0,42.0
2025-12-25T10:03:27.298209,3137.435,1127,Middle,motor_11_flexed,51.0,34.625,1,31.0,29.0,28.0,30.0,30.0,28.0,30.0,30.0,29.0,31.0,32.0,51.0,47.0,42.0,44.0,42.0
2025-12-25T10:03:29.186109,3139.326,1127,Middle,motor_11_open,51.0,34.625,1,31.0,29.0,28.0,30.0,30.0,28.0,30.0,30.0,29.0,31.0,32.0,51.0,47.0,42.0,44.0,42.0
2025-12-25T10:03:30.082062,3140.219,1128,Middle,motor_10_flexed,51.0,34.5625,1,31.0,29.0,28.0,30.0,30.0,28.0,30.0,30.0,29.0,31.0,32.0,51.0,47.0,42.0,44.0,41.0
2025-12-25T10:03:31.969958,3142.11,1128,Middle,motor_10_open,51.0,34.625,1,31.0,29.0,28.0,30.0,30.0,28.0,30.0,30.0,29.0,31.0,32.0,51.0,47.0,42.0,44.0,42.0
2025-12-25T10:03:32.865902,3143.007,1129,Ring,motor_4_flexed,51.0,34.625,1,31.0,29.0,28.0,30.0,30.0,28.0,30.0,30.0,29.0,31.0,32.0,51.0,47.0,42.0,44.0,42.0
2025-12-25T10:03:34.753805,3144.894,1129,Ring,motor_4_open,51.0,34.5625,1,31.0,29.0,28.0,30.0,30.0,28.0,30.0,30.0,29.0,31.0,32.0,51.0,47.0,42.0,44.0,41.0
2025-12-25T10:03:35.649775,3145.79,1130,Ring,motor_5_flexed,51.0,34.625,1,31.0,29.0,28.0,30.0,30.0,28.0,30.0,30.0,29.0,31.0,32.0,51.0,47.0,42.0,44.0,42.0
2025-12-25T10:03:37.537646,3147.679,1130,Ring,motor_5_open,51.0,34.625,1,31.0,29.0,28.0,30.0,30.0,28.0,30.0,30.0,29.0,31.0,32.0,51.0,47.0,42.0,44.0,42.0
2025-12-25T10:03:38.433610,3148.573,1131,Ring,motor_6_flexed,51.0,34.5,1,31.0,29.0,28.0,30.0,30.0,28.0,30.0,30.0,29.0,31.0,32.0,51.0,47.0,42.0,44.0,40.0
2025-12-25T10:03:40.321502,3150.459,1131,Ring,motor_6_open,51.0,34.5625,1,31.0,29.0,28.0,30.0,30.0,28.0,30.0,30.0,29.0,31.0,32.0,51.0,47.0,42.0,44.0,41.0
2025-12-25T10:03:41.217452,3151.355,1132,Pinky,motor_7_flexed,51.0,34.5625,1,31.0,29.0,28.0,30.0,30.0,28.0,30.0,30.0,29.0,31.0,32.0,51.0,47.0,42.0,44.0,41.0
2025-12-25T10:03:43.105350,3153.243,1132,Pinky,motor_7_open,51.0,34.625,1,31.0,29.0,28.0,30.0,30.0,28.0,30.0,30.0,29.0,31.0,32.0,51.0,47.0,42.0,44.0,42.0
2025-12-25T10:03:44.001302,3154.141,1133,Pinky,motor_8_flexed,50.0,34.5625,1,31.0,29.0,28.0,30.0,30.0,28.0,30.0,30.0,29.0,31.0,32.0,50.0,47.0,42.0,44.0,42.0
2025-12-25T10:03:45.889202,3156.027,1133,Pinky,motor_8_open,50.0,34.5625,1,31.0,29.0,28.0,30.0,30.0,28.0,30.0,30.0,29.0,31.0,32.0,50.0,47.0,42.0,44.0,42.0
2025-12-25T10:03:46.785153,3156.924,1134,Pinky,motor_9_flexed,50.0,34.5625,1,31.0,29.0,28.0,30.0,30.0,28.0,30.0,30.0,29.0,31.0,32.0,50.0,47.0,42.0,44.0,42.0
2025-12-25T10:03:48.673049,3158.81,1134,Pinky,motor_9_open,50.0,34.5,1,31.0,29.0,28.0,30.0,30.0,28.0,30.0,30.0,29.0,31.0,32.0,50.0,47.0,42.0,44.0,41.0
2025-12-25T10:03:49.569003,3159.709,1135,Thumb,motor_13_flexed,50.0,34.5625,1,31.0,29.0,28.0,30.0,30.0,28.0,30.0,30.0,29.0,31.0,32.0,50.0,47.0,42.0,44.0,42.0
2025-12-25T10:03:51.456902,3161.595,1135,Thumb,motor_13_open,50.0,34.5625,1,31.0,29.0,28.0,30.0,30.0,28.0,30.0,30.0,29.0,31.0,32.0,50.0,47.0,42.0,44.0,42.0
2025-12-25T10:03:52.352849,3162.494,1136,Thumb,motor_14_flexed,50.0,34.5,1,31.0,29.0,28.0,30.0,30.0,28.0,30.0,30.0,29.0,31.0,32.0,50.0,47.0,42.0,44.0,41.0
2025-12-25T10:03:54.240748,3164.378,1136,Thumb,motor_14_open,51.0,34.625,1,31.0,29.0,28.0,30.0,30.0,28.0,30.0,30.0,29.0,31.0,32.0,51.0,47.0,42.0,44.0,42.0
2025-12-25T10:03:55.136689,3165.276,1137,Thumb,motor_12_flexed,51.0,34.5625,1,31.0,29.0,28.0,30.0,30.0,28.0,30.0,30.0,29.0,31.0,32.0,51.0,47.0,42.0,44.0,41.0
2025-12-25T10:03:57.024598,3167.164,1137,Thumb,motor_12_open,51.0,34.625,1,31.0,29.0,28.0,30.0,30.0,28.0,30.0,30.0,29.0,31.0,32.0,51.0,47.0,42.0,44.0,42.0
2025-12-25T10:03:57.920540,3168.059,1138,Index,motor_2_flexed,51.0,34.5625,1,30.0,29.0,28.0,30.0,30.0,28.0,30.0,30.0,29.0,31.0,32.0,51.0,47.0,42.0,44.0,42.0
2025-12-25T10:03:59.808448,3169.946,1138,Index,motor_2_open,51.0,34.625,1,31.0,29.0,28.0,30.0,30.0,28.0,30.0,30.0,29.0,31.0,32.0,51.0,47.0,42.0,44.0,42.0
2025-12-25T10:04:00.704395,3170.843,1139,Index,motor_1_flexed,51.0,34.5625,1,30.0,29.0,28.0,30.0,30.0,28.0,30.0,30.0,29.0,31.0,32.0,51.0,47.0,42.0,44.0,42.0
2025-12-25T10:04:02.592293,3172.731,1139,Index,motor_1_open,51.0,34.5625,1,31.0,29.0,28.0,30.0,30.0,28.0,30.0,30.0,29.0,31.0,32.0,51.0,47.0,42.0,43.0,42.0
2025-12-25T10:04:03.488243,3173.626,1140,Index,motor_3_flexed,51.0,34.625,1,31.0,29.0,28.0,30.0,30.0,28.0,30.0,30.0,29.0,31.0,32.0,51.0,47.0,42.0,44.0,42.0
2025-12-25T10:04:05.376149,3175.515,1140,Index,motor_3_open,51.0,34.625,1,31.0,29.0,28.0,30.0,30.0,28.0,30.0,30.0,29.0,31.0,32.0,51.0,47.0,42.0,44.0,42.0
2025-12-25T10:04:06.272094,3176.412,1141,Middle,motor_11_flexed,51.0,34.5,1,31.0,29.0,28.0,30.0,30.0,28.0,30.0,30.0,29.0,31.0,32.0,51.0,47.0,42.0,43.0,41.0
2025-12-25T10:04:08.159986,3178.3,1141,Middle,motor_11_open,51.0,34.625,1,31.0,29.0,28.0,30.0,30.0,28.0,30.0,30.0,29.0,31.0,32.0,51.0,47.0,42.0,44.0,42.0
2025-12-25T10:04:09.055945,3179.193,1142,Middle,motor_10_flexed,51.0,34.5625,1,31.0,29.0,28.0,30.0,30.0,28.0,30.0,30.0,29.0,31.0,32.0,51.0,47.0,42.0,44.0,41.0
2025-12-25T10:04:10.143899,3180.283,1142,Middle,motor_10_flex_hold,51.0,34.5625,1,31.0,29.0,28.0,30.0,30.0,28.0,30.0,30.0,29.0,31.0,32.0,51.0,47.0,42.0,44.0,41.0
2025-12-25T10:04:10.943841,3181.082,1142,Middle,motor_10_open,51.0,34.625,1,31.0,29.0,28.0,30.0,30.0,28.0,30.0,30.0,29.0,31.0,32.0,51.0,47.0,42.0,44.0,42.0
2025-12-25T10:04:11.839785,3181.979,1143,Ring,motor_4_flexed,51.0,34.5625,1,31.0,29.0,28.0,30.0,30.0,28.0,30.0,30.0,29.0,31.0,32.0,51.0,47.0,42.0,44.0,41.0
2025-12-25T10:04:13.727665,3183.864,1143,Ring,motor_4_open,51.0,34.5625,1,31.0,29.0,28.0,30.0,30.0,28.0,30.0,30.0,29.0,31.0,32.0,51.0,47.0,42.0,44.0,41.0
2025-12-25T10:04:14.623635,3184.763,1144,Ring,motor_5_flexed,51.0,34.625,1,31.0,29.0,28.0,30.0,30.0,28.0,30.0,30.0,29.0,31.0,32.0,51.0,47.0,42.0,44.0,42.0
2025-12-25T10:04:16.511531,3186.649,1144,Ring,motor_5_open,51.0,34.625,1,31.0,29.0,28.0,30.0,30.0,28.0,30.0,30.0,29.0,31.0,32.0,51.0,47.0,42.0,44.0,42.0
2025-12-25T10:04:17.407486,3187.545,1145,Ring,motor_6_flexed,51.0,34.5625,1,31.0,29.0,28.0,30.0,30.0,28.0,30.0,30.0,29.0,31.0,32.0,51.0,47.0,42.0,44.0,41.0
2025-12-25T10:04:19.295370,3189.435,1145,Ring,motor_6_open,51.0,34.625,1,31.0,29.0,28.0,30.0,30.0,28.0,30.0,30.0,29.0,31.0,32.0,51.0,47.0,42.0,44.0,42.0
2025-12-25T10:04:20.191324,3190.329,1146,Pinky,motor_7_flexed,51.0,34.625,1,31.0,29.0,28.0,30.0,30.0,28.0,30.0,30.0,29.0,31.0,32.0,51.0,47.0,42.0,44.0,42.0
2025-12-25T10:04:22.079242,3192.216,1146,Pinky,motor_7_open,51.0,34.625,1,31.0,29.0,28.0,30.0,30.0,28.0,30.0,30.0,29.0,31.0,32.0,51.0,47.0,42.0,44.0,42.0
2025-12-25T10:04:22.975191,3193.112,1147,Pinky,motor_8_flexed,51.0,34.625,1,31.0,29.0,28.0,30.0,30.0,28.0,30.0,30.0,29.0,31.0,32.0,51.0,47.0,42.0,44.0,42.0
2025-12-25T10:04:24.879087,3195.017,1147,Pinky,motor_8_open,51.0,34.625,1,31.0,29.0,28.0,30.0,30.0,28.0,30.0,30.0,29.0,31.0,32.0,51.0,47.0,42.0,44.0,42.0
2025-12-25T10:04:25.775037,3195.916,1148,Pinky,motor_9_flexed,51.0,34.625,1,31.0,29.0,28.0,30.0,30.0,28.0,30.0,30.0,29.0,31.0,32.0,51.0,47.0,42.0,44.0,42.0
2025-12-25T10:04:27.662936,3197.802,1148,Pinky,motor_9_open,51.0,34.625,1,31.0,29.0,28.0,30.0,30.0,28.0,30.0,30.0,29.0,31.0,32.0,51.0,47.0,42.0,44.0,42.0
2025-12-25T10:04:28.558898,3198.695,1149,Thumb,motor_13_flexed,51.0,34.5625,1,31.0,29.0,28.0,30.0,30.0,28.0,30.0,30.0,29.0,31.0,32.0,51.0,47.0,42.0,44.0,41.0
2025-12-25T10:04:30.446783,3200.587,1149,Thumb,motor_13_open,51.0,34.625,1,31.0,29.0,28.0,30.0,30.0,28.0,30.0,30.0,29.0,31.0,32.0,51.0,47.0,42.0,44.0,42.0
2025-12-25T10:04:31.342735,3201.481,1150,Thumb,motor_14_flexed,51.0,34.625,1,31.0,29.0,28.0,30.0,30.0,28.0,30.0,30.0,29.0,31.0,32.0,51.0,47.0,42.0,44.0,42.0
2025-12-25T10:04:33.230645,3203.371,1150,Thumb,motor_14_open,51.0,34.5625,1,30.0,29.0,28.0,30.0,30.0,28.0,30.0,30.0,29.0,31.0,32.0,51.0,47.0,42.0,44.0,42.0
2025-12-25T10:04:34.126582,3204.262,1151,Thumb,motor_12_flexed,51.0,34.625,1,31.0,29.0,28.0,30.0,30.0,28.0,30.0,30.0,29.0,31.0,32.0,51.0,47.0,42.0,44.0,42.0
2025-12-25T10:04:36.014480,3206.153,1151,Thumb,motor_12_open,51.0,34.625,1,31.0,29.0,28.0,30.0,30.0,28.0,30.0,30.0,29.0,31.0,32.0,51.0,47.0,42.0,44.0,42.0
2025-12-25T10:04:36.910436,3207.049,1152,Index,motor_2_flexed,51.0,34.625,1,31.0,29.0,28.0,30.0,30.0,28.0,30.0,30.0,29.0,31.0,32.0,51.0,47.0,42.0,44.0,42.0
2025-12-25T10:04:38.798331,3208.937,1152,Index,motor_2_open,51.0,34.625,1,31.0,29.0,28.0,30.0,30.0,28.0,30.0,30.0,29.0,31.0,32.0,51.0,47.0,42.0,44.0,42.0
2025-12-25T10:04:39.694282,3209.832,1153,Index,motor_1_flexed,51.0,34.625,1,31.0,29.0,28.0,30.0,30.0,28.0,30.0,30.0,29.0,31.0,32.0,51.0,47.0,42.0,44.0,42.0
2025-12-25T10:04:41.582180,3211.721,1153,Index,motor_1_open,51.0,34.5625,1,31.0,29.0,28.0,30.0,30.0,28.0,30.0,30.0,29.0,31.0,32.0,51.0,47.0,42.0,44.0,41.0
2025-12-25T10:04:42.478144,3212.618,1154,Index,motor_3_flexed,51.0,34.625,1,31.0,29.0,28.0,30.0,30.0,28.0,30.0,30.0,29.0,31.0,32.0,51.0,47.0,42.0,44.0,42.0
2025-12-25T10:04:44.366014,3214.507,1154,Index,motor_3_open,51.0,34.5625,1,31.0,29.0,28.0,30.0,30.0,28.0,30.0,30.0,29.0,31.0,32.0,51.0,47.0,42.0,44.0,41.0
2025-12-25T10:04:45.261984,3215.399,1155,Middle,motor_11_flexed,51.0,34.625,1,31.0,29.0,28.0,30.0,30.0,28.0,30.0,30.0,29.0,31.0,32.0,51.0,47.0,42.0,44.0,42.0
2025-12-25T10:04:47.149899,3217.287,1155,Middle,motor_11_open,51.0,34.5625,1,31.0,29.0,28.0,30.0,30.0,28.0,30.0,30.0,29.0,31.0,32.0,51.0,47.0,42.0,44.0,41.0
2025-12-25T10:04:48.045833,3218.184,1156,Middle,motor_10_flexed,51.0,34.625,1,31.0,29.0,28.0,30.0,30.0,28.0,30.0,30.0,29.0,31.0,32.0,51.0,47.0,42.0,44.0,42.0
2025-12-25T10:04:49.933724,3220.072,1156,Middle,motor_10_open,51.0,34.5625,1,31.0,29.0,28.0,30.0,30.0,28.0,30.0,30.0,29.0,31.0,32.0,51.0,47.0,42.0,44.0,41.0
2025-12-25T10:04:50.829682,3220.968,1157,Ring,motor_4_flexed,51.0,34.5625,1,31.0,29.0,28.0,30.0,30.0,28.0,30.0,30.0,29.0,31.0,32.0,51.0,47.0,42.0,44.0,41.0
2025-12-25T10:04:52.717573,3222.851,1157,Ring,motor_4_open,51.0,34.5625,1,31.0,29.0,28.0,30.0,30.0,28.0,30.0,30.0,29.0,31.0,32.0,51.0,47.0,42.0,44.0,41.0
2025-12-25T10:04:53.613535,3223.752,1158,Ring,motor_5_flexed,51.0,34.5625,1,31.0,29.0,28.0,30.0,30.0,28.0,30.0,30.0,29.0,31.0,32.0,51.0,47.0,42.0,44.0,41.0
2025-12-25T10:04:55.501430,3225.641,1158,Ring,motor_5_open,51.0,34.625,1,31.0,29.0,28.0,30.0,30.0,28.0,30.0,30.0,29.0,31.0,32.0,51.0,47.0,42.0,44.0,42.0
2025-12-25T10:04:56.397379,3226.536,1159,Ring,motor_6_flexed,51.0,34.625,1,31.0,29.0,28.0,30.0,30.0,28.0,30.0,30.0,29.0,31.0,32.0,51.0,47.0,42.0,44.0,42.0
2025-12-25T10:04:58.285280,3228.424,1159,Ring,motor_6_open,51.0,34.5625,1,31.0,29.0,28.0,30.0,30.0,28.0,30.0,30.0,29.0,31.0,32.0,51.0,47.0,42.0,44.0,41.0
2025-12-25T10:04:59.181231,3229.32,1160,Pinky,motor_7_flexed,51.0,34.625,1,31.0,29.0,28.0,30.0,30.0,28.0,30.0,30.0,29.0,31.0,32.0,51.0,47.0,42.0,44.0,42.0
2025-12-25T10:05:01.069130,3231.207,1160,Pinky,motor_7_open,51.0,34.625,1,31.0,29.0,28.0,30.0,30.0,28.0,30.0,30.0,29.0,31.0,32.0,51.0,47.0,42.0,44.0,42.0
2025-12-25T10:05:01.965079,3232.104,1161,Pinky,motor_8_flexed,51.0,34.5625,1,31.0,29.0,28.0,30.0,30.0,28.0,30.0,30.0,29.0,31.0,32.0,51.0,47.0,42.0,44.0,41.0
2025-12-25T10:05:03.852954,3233.99,1161,Pinky,motor_8_open,51.0,34.5625,1,31.0,29.0,28.0,30.0,30.0,28.0,30.0,30.0,29.0,31.0,32.0,51.0,47.0,42.0,44.0,41.0
2025-12-25T10:05:04.748926,3234.889,1162,Pinky,motor_9_flexed,51.0,34.625,1,31.0,29.0,28.0,30.0,30.0,28.0,30.0,30.0,29.0,31.0,32.0,51.0,47.0,42.0,44.0,42.0
2025-12-25T10:05:06.636825,3236.775,1162,Pinky,motor_9_open,51.0,34.625,1,31.0,29.0,28.0,30.0,30.0,28.0,30.0,30.0,29.0,31.0,32.0,51.0,47.0,42.0,44.0,42.0
2025-12-25T10:05:07.532761,3237.672,1163,Thumb,motor_13_flexed,51.0,34.5625,1,31.0,29.0,28.0,30.0,30.0,28.0,30.0,30.0,29.0,31.0,32.0,51.0,47.0,42.0,44.0,41.0
2025-12-25T10:05:09.420671,3239.559,1163,Thumb,motor_13_open,51.0,34.625,1,31.0,29.0,28.0,30.0,30.0,28.0,30.0,30.0,29.0,31.0,32.0,51.0,47.0,42.0,44.0,42.0
2025-12-25T10:05:10.012647,3240.146,1163,Thumb,motor_13_open_hold,51.0,34.625,1,31.0,29.0,28.0,30.0,30.0,28.0,30.0,30.0,29.0,31.0,32.0,51.0,47.0,42.0,44.0,42.0
2025-12-25T10:05:10.412619,3240.551,1164,Thumb,motor_14_flexed,51.0,34.625,1,31.0,29.0,28.0,30.0,30.0,28.0,30.0,30.0,29.0,31.0,32.0,51.0,47.0,42.0,44.0,42.0
2025-12-25T10:05:12.300521,3242.44,1164,Thumb,motor_14_open,51.0,34.625,1,31.0,29.0,28.0,30.0,30.0,28.0,30.0,30.0,29.0,31.0,32.0,51.0,47.0,42.0,44.0,42.0
2025-12-25T10:05:13.196441,3243.336,1165,Thumb,motor_12_flexed,51.0,34.5625,1,31.0,29.0,28.0,30.0,30.0,28.0,30.0,30.0,29.0,31.0,32.0,51.0,47.0,42.0,44.0,41.0
2025-12-25T10:05:15.084345,3245.225,1165,Thumb,motor_12_open,51.0,34.625,1,31.0,29.0,28.0,30.0,30.0,28.0,30.0,30.0,29.0,31.0,32.0,51.0,47.0,42.0,44.0,42.0
2025-12-25T10:05:15.980294,3246.118,1166,Index,motor_2_flexed,51.0,34.625,1,31.0,29.0,28.0,30.0,30.0,28.0,30.0,30.0,29.0,31.0,32.0,51.0,47.0,42.0,44.0,42.0
2025-12-25T10:05:17.868195,3248.006,1166,Index,motor_2_open,51.0,34.625,1,31.0,29.0,28.0,30.0,30.0,28.0,30.0,30.0,29.0,31.0,32.0,51.0,47.0,42.0,44.0,42.0
2025-12-25T10:05:18.764145,3248.902,1167,Index,motor_1_flexed,51.0,34.5625,1,31.0,29.0,28.0,30.0,30.0,28.0,30.0,30.0,29.0,31.0,32.0,51.0,47.0,42.0,44.0,41.0
2025-12-25T10:05:20.652042,3250.791,1167,Index,motor_1_open,51.0,34.625,1,31.0,29.0,28.0,30.0,30.0,28.0,30.0,30.0,29.0,31.0,32.0,51.0,47.0,42.0,44.0,42.0
2025-12-25T10:05:21.547990,3251.687,1168,Index,motor_3_flexed,51.0,34.625,1,31.0,29.0,28.0,30.0,30.0,28.0,30.0,30.0,29.0,31.0,32.0,51.0,47.0,42.0,44.0,42.0
2025-12-25T10:05:23.435879,3253.566,1168,Index,motor_3_open,51.0,34.5625,1,31.0,29.0,28.0,30.0,30.0,28.0,30.0,30.0,29.0,31.0,32.0,51.0,47.0,42.0,44.0,41.0
2025-12-25T10:05:24.331830,3254.47,1169,Middle,motor_11_flexed,51.0,34.5625,1,31.0,29.0,28.0,30.0,30.0,28.0,30.0,30.0,29.0,31.0,32.0,51.0,47.0,42.0,44.0,41.0
2025-12-25T10:05:26.219752,3256.359,1169,Middle,motor_11_open,51.0,34.4375,1,31.0,29.0,28.0,30.0,30.0,28.0,30.0,30.0,29.0,31.0,32.0,51.0,47.0,42.0,44.0,39.0
2025-12-25T10:05:27.115691,3257.256,1170,Middle,motor_10_flexed,51.0,34.625,1,31.0,29.0,28.0,30.0,30.0,28.0,30.0,30.0,29.0,31.0,32.0,51.0,47.0,42.0,44.0,42.0
2025-12-25T10:05:29.003588,3259.142,1170,Middle,motor_10_open,51.0,34.625,1,31.0,29.0,28.0,30.0,30.0,28.0,30.0,30.0,29.0,31.0,32.0,51.0,47.0,42.0,44.0,42.0
2025-12-25T10:05:29.899529,3260.037,1171,Ring,motor_4_flexed,51.0,34.625,1,31.0,29.0,28.0,30.0,30.0,28.0,30.0,30.0,29.0,31.0,32.0,51.0,47.0,42.0,44.0,42.0
2025-12-25T10:05:31.787440,3261.927,1171,Ring,motor_4_open,51.0,34.625,1,31.0,29.0,28.0,30.0,30.0,28.0,30.0,30.0,29.0,31.0,32.0,51.0,47.0,42.0,44.0,42.0
2025-12-25T10:05:32.683388,3262.822,1172,Ring,motor_5_flexed,51.0,34.625,1,31.0,29.0,28.0,30.0,30.0,28.0,30.0,30.0,29.0,31.0,32.0,51.0,47.0,42.0,44.0,42.0
2025-12-25T10:05:34.571287,3264.71,1172,Ring,motor_5_open,51.0,34.5625,1,31.0,29.0,28.0,30.0,30.0,28.0,30.0,30.0,29.0,31.0,32.0,51.0,47.0,42.0,44.0,41.0
2025-12-25T10:05:35.467250,3265.603,1173,Ring,motor_6_flexed,51.0,34.5625,1,31.0,29.0,28.0,30.0,30.0,28.0,30.0,30.0,29.0,31.0,32.0,51.0,47.0,42.0,44.0,41.0
2025-12-25T10:05:37.355135,3267.493,1173,Ring,motor_6_open,51.0,34.625,1,31.0,29.0,28.0,30.0,30.0,28.0,30.0,30.0,29.0,31.0,32.0,51.0,47.0,42.0,44.0,42.0
2025-12-25T10:05:38.251086,3268.389,1174,Pinky,motor_7_flexed,51.0,34.5625,1,31.0,29.0,28.0,30.0,30.0,28.0,30.0,30.0,29.0,31.0,32.0,51.0,47.0,42.0,44.0,41.0
2025-12-25T10:05:40.138999,3270.279,1174,Pinky,motor_7_open,51.0,34.5625,1,31.0,29.0,28.0,30.0,30.0,28.0,30.0,30.0,29.0,31.0,32.0,51.0,47.0,42.0,44.0,41.0
2025-12-25T10:05:41.034935,3271.171,1175,Pinky,motor_8_flexed,51.0,34.5625,1,31.0,29.0,28.0,30.0,30.0,28.0,30.0,30.0,29.0,31.0,32.0,51.0,47.0,42.0,44.0,41.0
2025-12-25T10:05:42.922832,3273.06,1175,Pinky,motor_8_open,51.0,34.625,1,31.0,29.0,28.0,30.0,30.0,28.0,30.0,30.0,29.0,31.0,32.0,51.0,47.0,42.0,44.0,42.0
2025-12-25T10:05:43.818781,3273.958,1176,Pinky,motor_9_flexed,51.0,34.6875,1,31.0,29.0,28.0,30.0,30.0,28.0,30.0,30.0,29.0,31.0,32.0,51.0,47.0,42.0,45.0,42.0
2025-12-25T10:05:45.706685,3275.844,1176,Pinky,motor_9_open,51.0,34.625,1,31.0,29.0,28.0,30.0,30.0,28.0,30.0,30.0,29.0,31.0,32.0,51.0,47.0,42.0,44.0,42.0
2025-12-25T10:05:46.602633,3276.74,1177,Thumb,motor_13_flexed,51.0,34.625,1,31.0,29.0,28.0,30.0,30.0,28.0,30.0,30.0,29.0,31.0,32.0,51.0,47.0,42.0,44.0,42.0
2025-12-25T10:05:48.490533,3278.629,1177,Thumb,motor_13_open,51.0,34.625,1,31.0,29.0,28.0,30.0,30.0,28.0,30.0,30.0,29.0,31.0,32.0,51.0,47.0,42.0,44.0,42.0
2025-12-25T10:05:49.386492,3279.524,1178,Thumb,motor_14_flexed,51.0,34.625,1,31.0,29.0,28.0,30.0,30.0,28.0,30.0,30.0,29.0,31.0,32.0,51.0,47.0,42.0,44.0,42.0
2025-12-25T10:05:51.274370,3281.411,1178,Thumb,motor_14_open,51.0,34.5625,1,31.0,29.0,28.0,30.0,30.0,28.0,30.0,30.0,29.0,31.0,32.0,51.0,47.0,42.0,44.0,41.0
2025-12-25T10:05:52.170313,3282.306,1179,Thumb,motor_12_flexed,51.0,34.5625,1,31.0,29.0,28.0,30.0,30.0,28.0,30.0,30.0,29.0,31.0,32.0,51.0,47.0,42.0,44.0,41.0
2025-12-25T10:05:54.058217,3284.19,1179,Thumb,motor_12_open,51.0,34.625,1,31.0,29.0,28.0,30.0,30.0,28.0,30.0,30.0,29.0,31.0,32.0,51.0,47.0,42.0,44.0,42.0
2025-12-25T10:05:54.954169,3285.085,1180,Index,motor_2_flexed,51.0,34.5625,1,31.0,29.0,28.0,30.0,30.0,28.0,30.0,30.0,29.0,31.0,32.0,51.0,47.0,42.0,44.0,41.0
2025-12-25T10:05:56.842078,3286.979,1180,Index,motor_2_open,51.0,34.625,1,31.0,29.0,28.0,30.0,30.0,28.0,30.0,30.0,29.0,31.0,32.0,51.0,47.0,42.0,44.0,42.0
2025-12-25T10:05:57.738030,3287.874,1181,Index,motor_1_flexed,51.0,34.625,1,31.0,29.0,28.0,30.0,30.0,28.0,30.0,30.0,29.0,31.0,32.0,51.0,47.0,42.0,44.0,42.0
2025-12-25T10:05:59.625928,3289.764,1181,Index,motor_1_open,51.0,34.625,1,31.0,29.0,28.0,30.0,30.0,28.0,30.0,30.0,29.0,31.0,32.0,51.0,47.0,42.0,44.0,42.0
2025-12-25T10:06:00.521878,3290.659,1182,Index,motor_3_flexed,51.0,34.625,1,31.0,29.0,28.0,30.0,30.0,28.0,30.0,30.0,29.0,31.0,32.0,51.0,47.0,42.0,44.0,42.0
2025-12-25T10:06:02.409775,3292.547,1182,Index,motor_3_open,51.0,34.625,1,31.0,29.0,28.0,30.0,30.0,28.0,30.0,30.0,29.0,31.0,32.0,51.0,47.0,42.0,44.0,42.0
2025-12-25T10:06:03.305728,3293.443,1183,Middle,motor_11_flexed,51.0,34.5625,1,31.0,29.0,28.0,30.0,30.0,28.0,30.0,30.0,29.0,31.0,32.0,51.0,47.0,42.0,44.0,41.0
2025-12-25T10:06:05.193622,3295.325,1183,Middle,motor_11_open,51.0,34.5625,1,31.0,29.0,28.0,30.0,30.0,28.0,30.0,30.0,29.0,31.0,32.0,51.0,47.0,42.0,44.0,41.0
2025-12-25T10:06:06.089576,3296.225,1184,Middle,motor_10_flexed,51.0,34.5625,1,31.0,29.0,28.0,30.0,30.0,28.0,30.0,30.0,29.0,31.0,32.0,51.0,47.0,42.0,44.0,41.0
2025-12-25T10:06:07.977474,3298.115,1184,Middle,motor_10_open,51.0,34.5625,1,31.0,29.0,28.0,30.0,30.0,28.0,30.0,30.0,29.0,31.0,32.0,51.0,47.0,42.0,44.0,41.0
2025-12-25T10:06:08.873425,3299.012,1185,Ring,motor_4_flexed,51.0,34.6875,1,31.0,29.0,29.0,30.0,30.0,28.0,30.0,30.0,29.0,31.0,32.0,51.0,47.0,42.0,44.0,42.0
2025-12-25T10:06:09.961374,3300.1,1185,Ring,motor_4_flex_hold,51.0,34.625,1,31.0,29.0,28.0,30.0,30.0,28.0,30.0,30.0,29.0,31.0,32.0,51.0,47.0,42.0,44.0,42.0
2025-12-25T10:06:10.761324,3300.898,1185,Ring,motor_4_open,51.0,34.5625,1,31.0,29.0,28.0,30.0,30.0,28.0,30.0,30.0,29.0,31.0,32.0,51.0,47.0,42.0,44.0,41.0
2025-12-25T10:06:11.657274,3301.794,1186,Ring,motor_5_flexed,51.0,34.5625,1,31.0,29.0,28.0,30.0,30.0,28.0,30.0,30.0,29.0,31.0,32.0,51.0,47.0,42.0,44.0,41.0
2025-12-25T10:06:13.545170,3303.683,1186,Ring,motor_5_open,51.0,34.5625,1,31.0,29.0,28.0,30.0,30.0,28.0,30.0,30.0,29.0,31.0,32.0,51.0,47.0,42.0,44.0,41.0
2025-12-25T10:06:14.441123,3304.579,1187,Ring,motor_6_flexed,51.0,34.5625,1,31.0,29.0,28.0,30.0,30.0,28.0,30.0,30.0,29.0,31.0,32.0,51.0,47.0,42.0,44.0,41.0
2025-12-25T10:06:16.329020,3306.467,1187,Ring,motor_6_open,51.0,34.5625,1,31.0,29.0,28.0,30.0,30.0,28.0,30.0,30.0,29.0,31.0,32.0,51.0,47.0,42.0,43.0,42.0
2025-12-25T10:06:17.224973,3307.361,1188,Pinky,motor_7_flexed,51.0,34.5625,1,31.0,29.0,28.0,30.0,30.0,28.0,30.0,30.0,29.0,31.0,32.0,51.0,47.0,42.0,44.0,41.0
2025-12-25T10:06:19.112872,3309.25,1188,Pinky,motor_7_open,51.0,34.625,1,31.0,29.0,28.0,30.0,30.0,28.0,30.0,30.0,29.0,31.0,32.0,51.0,47.0,42.0,44.0,42.0
2025-12-25T10:06:20.008823,3310.147,1189,Pinky,motor_8_flexed,51.0,34.6875,1,31.0,29.0,28.0,30.0,30.0,28.0,30.0,30.0,29.0,31.0,32.0,51.0,47.0,42.0,45.0,42.0
2025-12-25T10:06:21.896710,3312.033,1189,Pinky,motor_8_open,51.0,34.625,1,31.0,29.0,28.0,30.0,30.0,28.0,30.0,30.0,29.0,31.0,32.0,51.0,47.0,42.0,44.0,42.0
2025-12-25T10:06:22.792658,3312.93,1190,Pinky,motor_9_flexed,51.0,34.625,1,31.0,29.0,28.0,30.0,30.0,28.0,30.0,30.0,29.0,31.0,32.0,51.0,47.0,42.0,44.0,42.0
2025-12-25T10:06:24.680558,3314.817,1190,Pinky,motor_9_open,51.0,34.625,1,31.0,29.0,28.0,30.0,30.0,28.0,30.0,30.0,29.0,31.0,32.0,51.0,47.0,42.0,44.0,42.0
2025-12-25T10:06:25.576521,3315.715,1191,Thumb,motor_13_flexed,51.0,34.625,1,31.0,29.0,28.0,30.0,30.0,28.0,30.0,30.0,29.0,31.0,32.0,51.0,47.0,42.0,44.0,42.0
2025-12-25T10:06:27.464415,3317.601,1191,Thumb,motor_13_open,51.0,34.5625,1,31.0,29.0,28.0,30.0,30.0,28.0,30.0,30.0,29.0,31.0,32.0,51.0,47.0,42.0,44.0,41.0
2025-12-25T10:06:28.360372,3318.497,1192,Thumb,motor_14_flexed,51.0,34.625,1,31.0,29.0,28.0,30.0,30.0,28.0,30.0,30.0,29.0,31.0,32.0,51.0,47.0,42.0,44.0,42.0
2025-12-25T10:06:30.248264,3320.385,1192,Thumb,motor_14_open,51.0,34.5625,1,31.0,29.0,28.0,30.0,30.0,28.0,30.0,30.0,29.0,31.0,32.0,51.0,47.0,42.0,44.0,41.0
2025-12-25T10:06:31.144215,3321.284,1193,Thumb,motor_12_flexed,51.0,34.625,1,31.0,29.0,28.0,30.0,30.0,28.0,30.0,30.0,29.0,31.0,32.0,51.0,47.0,42.0,44.0,42.0
2025-12-25T10:06:33.032142,3323.171,1193,Thumb,motor_12_open,51.0,34.5625,1,31.0,29.0,28.0,30.0,30.0,28.0,30.0,30.0,29.0,31.0,32.0,51.0,47.0,42.0,44.0,41.0
2025-12-25T10:06:33.928096,3324.067,1194,Index,motor_2_flexed,51.0,34.625,1,31.0,29.0,28.0,30.0,30.0,28.0,30.0,30.0,29.0,31.0,32.0,51.0,47.0,42.0,44.0,42.0
2025-12-25T10:06:35.816010,3325.952,1194,Index,motor_2_open,51.0,34.5,1,31.0,29.0,28.0,30.0,30.0,28.0,30.0,30.0,29.0,31.0,32.0,51.0,47.0,42.0,43.0,41.0
2025-12-25T10:06:36.711971,3326.848,1195,Index,motor_1_flexed,51.0,34.5625,1,31.0,29.0,28.0,30.0,30.0,28.0,30.0,30.0,29.0,31.0,32.0,51.0,47.0,42.0,44.0,41.0
2025-12-25T10:06:38.599884,3328.739,1195,Index,motor_1_open,51.0,34.5625,1,31.0,29.0,28.0,30.0,30.0,28.0,30.0,30.0,29.0,31.0,32.0,51.0,47.0,42.0,44.0,41.0
2025-12-25T10:06:39.495843,3329.635,1196,Index,motor_3_flexed,51.0,34.625,1,31.0,29.0,28.0,30.0,30.0,28.0,30.0,30.0,29.0,31.0,32.0,51.0,47.0,42.0,44.0,42.0
2025-12-25T10:06:41.383756,3331.521,1196,Index,motor_3_open,51.0,34.625,1,31.0,29.0,28.0,30.0,30.0,28.0,30.0,30.0,29.0,31.0,32.0,51.0,47.0,42.0,44.0,42.0
2025-12-25T10:06:42.279727,3332.418,1197,Middle,motor_11_flexed,51.0,34.625,1,31.0,29.0,28.0,30.0,30.0,28.0,30.0,30.0,29.0,31.0,32.0,51.0,47.0,42.0,44.0,42.0
2025-12-25T10:06:44.167622,3334.308,1197,Middle,motor_11_open,51.0,34.625,1,31.0,29.0,28.0,30.0,30.0,28.0,30.0,30.0,29.0,31.0,32.0,51.0,47.0,42.0,44.0,42.0
2025-12-25T10:06:45.063581,3335.201,1198,Middle,motor_10_flexed,51.0,34.625,1,31.0,29.0,28.0,30.0,30.0,28.0,30.0,30.0,29.0,31.0,32.0,51.0,47.0,42.0,44.0,42.0
2025-12-25T10:06:46.951522,3337.089,1198,Middle,motor_10_open,51.0,34.625,1,31.0,29.0,28.0,30.0,30.0,28.0,30.0,30.0,29.0,31.0,32.0,51.0,47.0,42.0,44.0,42.0
2025-12-25T10:06:47.847468,3337.986,1199,Ring,motor_4_flexed,51.0,34.6875,1,31.0,29.0,29.0,30.0,30.0,28.0,30.0,30.0,29.0,31.0,32.0,51.0,47.0,42.0,44.0,42.0
2025-12-25T10:06:49.735375,3339.873,1199,Ring,motor_4_open,51.0,34.625,1,31.0,29.0,28.0,30.0,30.0,28.0,30.0,30.0,29.0,31.0,32.0,51.0,47.0,42.0,44.0,42.0
2025-12-25T10:06:50.631332,3340.769,1200,Ring,motor_5_flexed,51.0,34.6875,1,31.0,29.0,29.0,30.0,30.0,28.0,30.0,30.0,29.0,31.0,32.0,51.0,47.0,42.0,44.0,42.0
2025-12-25T10:06:52.519243,3342.658,1200,Ring,motor_5_open,51.0,34.5625,1,31.0,29.0,28.0,30.0,30.0,28.0,30.0,30.0,29.0,31.0,32.0,51.0,47.0,42.0,44.0,41.0
2025-12-25T10:06:53.415206,3343.55,1201,Ring,motor_6_flexed,51.0,34.625,1,31.0,29.0,28.0,30.0,30.0,28.0,30.0,30.0,29.0,31.0,32.0,51.0,47.0,42.0,44.0,42.0
2025-12-25T10:06:55.303122,3345.441,1201,Ring,motor_6_open,51.0,34.5625,1,31.0,29.0,28.0,30.0,30.0,28.0,30.0,30.0,29.0,31.0,32.0,51.0,47.0,42.0,44.0,41.0
2025-12-25T10:06:56.199094,3346.337,1202,Pinky,motor_7_flexed,51.0,34.5625,1,31.0,29.0,28.0,30.0,30.0,28.0,30.0,30.0,29.0,31.0,32.0,51.0,47.0,42.0,44.0,41.0
2025-12-25T10:06:58.086995,3348.225,1202,Pinky,motor_7_open,51.0,34.6875,1,31.0,29.0,29.0,30.0,30.0,28.0,30.0,30.0,29.0,31.0,32.0,51.0,47.0,42.0,44.0,42.0
2025-12-25T10:06:58.982956,3349.121,1203,Pinky,motor_8_flexed,51.0,34.6875,1,31.0,29.0,29.0,30.0,30.0,28.0,30.0,30.0,29.0,31.0,32.0,51.0,47.0,42.0,45.0,41.0
2025-12-25T10:07:00.870896,3351.01,1203,Pinky,motor_8_open,51.0,34.625,1,31.0,29.0,28.0,30.0,30.0,28.0,30.0,30.0,29.0,31.0,32.0,51.0,47.0,42.0,44.0,42.0
2025-12-25T10:07:01.766840,3351.905,1204,Pinky,motor_9_flexed,51.0,34.625,1,31.0,29.0,28.0,30.0,30.0,28.0,30.0,30.0,29.0,31.0,32.0,51.0,47.0,42.0,44.0,42.0
2025-12-25T10:07:03.654753,3353.792,1204,Pinky,motor_9_open,51.0,34.625,1,31.0,29.0,28.0,30.0,30.0,28.0,30.0,30.0,29.0,31.0,32.0,51.0,47.0,42.0,44.0,42.0
2025-12-25T10:07:04.550718,3354.688,1205,Thumb,motor_13_flexed,51.0,34.625,1,31.0,29.0,28.0,30.0,30.0,28.0,30.0,30.0,29.0,31.0,32.0,51.0,47.0,42.0,44.0,42.0
2025-12-25T10:07:06.438628,3356.577,1205,Thumb,motor_13_open,51.0,34.5625,1,31.0,29.0,28.0,30.0,30.0,28.0,30.0,30.0,29.0,31.0,32.0,51.0,47.0,42.0,44.0,41.0
2025-12-25T10:07:07.334587,3357.475,1206,Thumb,motor_14_flexed,51.0,34.625,1,31.0,29.0,28.0,30.0,30.0,28.0,30.0,30.0,29.0,31.0,32.0,51.0,47.0,42.0,44.0,42.0
2025-12-25T10:07:09.222502,3359.364,1206,Thumb,motor_14_open,51.0,34.5625,1,31.0,29.0,28.0,30.0,30.0,28.0,30.0,30.0,29.0,31.0,32.0,51.0,47.0,42.0,44.0,41.0
2025-12-25T10:07:10.118476,3360.256,1207,Thumb,motor_12_flexed,51.0,34.6875,1,31.0,29.0,29.0,30.0,30.0,28.0,30.0,30.0,29.0,31.0,32.0,51.0,47.0,42.0,44.0,42.0
2025-12-25T10:07:12.006374,3362.145,1207,Thumb,motor_12_open,51.0,34.6875,1,31.0,29.0,29.0,30.0,30.0,28.0,30.0,30.0,29.0,31.0,32.0,51.0,47.0,42.0,44.0,42.0
2025-12-25T10:07:12.902335,3363.042,1208,Index,motor_2_flexed,51.0,34.625,1,31.0,29.0,28.0,30.0,30.0,28.0,30.0,30.0,29.0,31.0,32.0,51.0,47.0,42.0,44.0,42.0
2025-12-25T10:07:14.790247,3364.927,1208,Index,motor_2_open,51.0,34.625,1,31.0,29.0,28.0,30.0,30.0,28.0,30.0,30.0,29.0,31.0,32.0,51.0,47.0,42.0,44.0,42.0
2025-12-25T10:07:15.686207,3365.823,1209,Index,motor_1_flexed,51.0,34.6875,1,31.0,29.0,29.0,30.0,30.0,28.0,30.0,30.0,29.0,31.0,32.0,51.0,47.0,42.0,44.0,42.0
2025-12-25T10:07:17.574121,3367.71,1209,Index,motor_1_open,51.0,34.5625,1,31.0,29.0,28.0,30.0,30.0,28.0,30.0,30.0,29.0,31.0,32.0,51.0,47.0,42.0,44.0,41.0
2025-12-25T10:07:18.470081,3368.608,1210,Index,motor_3_flexed,51.0,34.625,1,31.0,29.0,28.0,30.0,30.0,28.0,30.0,30.0,29.0,31.0,32.0,51.0,47.0,42.0,44.0,42.0
2025-12-25T10:07:20.357995,3370.497,1210,Index,motor_3_open,51.0,34.6875,1,31.0,29.0,29.0,30.0,30.0,28.0,30.0,30.0,29.0,31.0,32.0,51.0,47.0,42.0,44.0,42.0
2025-12-25T10:07:21.253955,3371.391,1211,Middle,motor_11_flexed,51.0,34.6875,1,31.0,29.0,29.0,30.0,30.0,28.0,30.0,30.0,29.0,31.0,32.0,51.0,47.0,42.0,44.0,42.0
2025-12-25T10:07:23.141882,3373.28,1211,Middle,motor_11_open,51.0,34.6875,1,31.0,29.0,29.0,30.0,30.0,28.0,30.0,30.0,29.0,31.0,32.0,51.0,47.0,42.0,44.0,42.0
2025-12-25T10:07:24.037847,3374.176,1212,Middle,motor_10_flexed,51.0,34.625,1,31.0,29.0,29.0,30.0,30.0,28.0,30.0,30.0,29.0,31.0,32.0,51.0,47.0,42.0,43.0,42.0
2025-12-25T10:07:25.925760,3376.064,1212,Middle,motor_10_open,51.0,34.6875,1,31.0,29.0,29.0,30.0,30.0,28.0,30.0,30.0,29.0,31.0,32.0,51.0,47.0,42.0,44.0,42.0
2025-12-25T10:07:26.821712,3376.96,1213,Ring,motor_4_flexed,51.0,34.625,1,31.0,29.0,29.0,30.0,30.0,28.0,30.0,30.0,29.0,31.0,32.0,51.0,47.0,42.0,44.0,41.0
2025-12-25T10:07:28.709622,3378.846,1213,Ring,motor_4_open,51.0,34.6875,1,31.0,29.0,29.0,30.0,30.0,28.0,30.0,30.0,29.0,31.0,32.0,51.0,47.0,42.0,44.0,42.0
2025-12-25T10:07:29.605581,3379.743,1214,Ring,motor_5_flexed,51.0,34.625,1,31.0,29.0,28.0,30.0,30.0,28.0,30.0,30.0,29.0,31.0,32.0,51.0,47.0,42.0,44.0,42.0
2025-12-25T10:07:31.493490,3381.629,1214,Ring,motor_5_open,51.0,34.6875,1,31.0,29.0,29.0,30.0,30.0,28.0,30.0,30.0,29.0,31.0,32.0,51.0,47.0,42.0,44.0,42.0
2025-12-25T10:07:32.389465,3382.527,1215,Ring,motor_6_flexed,51.0,34.625,1,31.0,29.0,29.0,30.0,30.0,28.0,30.0,30.0,29.0,31.0,32.0,51.0,47.0,42.0,44.0,41.0
2025-12-25T10:07:34.277378,3384.413,1215,Ring,motor_6_open,51.0,34.625,1,31.0,29.0,29.0,30.0,30.0,28.0,30.0,30.0,29.0,31.0,32.0,51.0,47.0,42.0,44.0,41.0
2025-12-25T10:07:35.173330,3385.312,1216,Pinky,motor_7_flexed,51.0,34.625,1,31.0,29.0,29.0,30.0,30.0,28.0,30.0,30.0,29.0,31.0,32.0,51.0,47.0,42.0,43.0,42.0
2025-12-25T10:07:37.061249,3387.204,1216,Pinky,motor_7_open,51.0,34.625,1,31.0,29.0,29.0,30.0,30.0,28.0,30.0,30.0,29.0,31.0,32.0,51.0,47.0,42.0,44.0,41.0
2025-12-25T10:07:37.957207,3388.097,1217,Pinky,motor_8_flexed,51.0,34.625,1,31.0,29.0,29.0,30.0,30.0,28.0,30.0,30.0,29.0,31.0,32.0,51.0,47.0,42.0,44.0,41.0
2025-12-25T10:07:39.845124,3389.983,1217,Pinky,motor_8_open,51.0,34.5625,1,31.0,29.0,28.0,30.0,30.0,28.0,30.0,30.0,29.0,31.0,32.0,51.0,47.0,42.0,44.0,41.0
2025-12-25T10:07:40.741080,3390.878,1218,Pinky,motor_9_flexed,51.0,34.5625,1,31.0,29.0,28.0,30.0,30.0,28.0,30.0,30.0,29.0,31.0,32.0,51.0,47.0,42.0,44.0,41.0
2025-12-25T10:07:42.628978,3392.768,1218,Pinky,motor_9_open,51.0,34.625,1,31.0,29.0,28.0,30.0,30.0,28.0,30.0,30.0,29.0,31.0,32.0,51.0,47.0,42.0,44.0,42.0
2025-12-25T10:07:43.524924,3393.662,1219,Thumb,motor_13_flexed,51.0,34.5,1,31.0,29.0,28.0,30.0,30.0,28.0,30.0,30.0,29.0,31.0,32.0,51.0,47.0,42.0,43.0,41.0
2025-12-25T10:07:45.412838,3395.55,1219,Thumb,motor_13_open,51.0,34.5625,1,31.0,29.0,28.0,30.0,30.0,28.0,30.0,30.0,29.0,31.0,32.0,51.0,47.0,42.0,44.0,41.0
2025-12-25T10:07:46.308838,3396.448,1220,Thumb,motor_14_flexed,50.0,34.625,1,31.0,29.0,29.0,30.0,30.0,28.0,30.0,30.0,29.0,31.0,32.0,50.0,47.0,42.0,44.0,42.0
2025-12-25T10:07:48.196750,3398.336,1220,Thumb,motor_14_open,50.0,34.5625,1,31.0,29.0,29.0,30.0,30.0,28.0,30.0,30.0,29.0,31.0,32.0,50.0,47.0,42.0,43.0,42.0
2025-12-25T10:07:49.092712,3399.233,1221,Thumb,motor_12_flexed,50.0,34.5625,1,31.0,29.0,28.0,30.0,30.0,28.0,30.0,30.0,29.0,31.0,32.0,50.0,47.0,42.0,44.0,42.0
2025-12-25T10:07:50.980621,3401.122,1221,Thumb,motor_12_open,50.0,34.5,1,31.0,29.0,28.0,30.0,30.0,28.0,30.0,30.0,29.0,31.0,32.0,50.0,47.0,42.0,44.0,41.0
2025-12-25T10:07:51.876561,3402.015,1222,Index,motor_2_flexed,50.0,34.4375,1,31.0,29.0,28.0,30.0,30.0,28.0,30.0,30.0,29.0,31.0,32.0,50.0,47.0,42.0,43.0,41.0
2025-12-25T10:07:53.764501,3403.901,1222,Index,motor_2_open,50.0,34.5,1,31.0,29.0,29.0,30.0,30.0,28.0,30.0,30.0,29.0,31.0,32.0,50.0,47.0,42.0,44.0,40.0
2025-12-25T10:07:54.660451,3404.803,1223,Index,motor_1_flexed,50.0,34.5625,1,31.0,29.0,29.0,30.0,30.0,28.0,30.0,30.0,29.0,31.0,32.0,50.0,47.0,42.0,44.0,41.0
2025-12-25T10:07:56.548361,3406.687,1223,Index,motor_1_open,50.0,34.5625,1,31.0,29.0,29.0,30.0,30.0,28.0,30.0,30.0,29.0,31.0,32.0,50.0,47.0,42.0,44.0,41.0
2025-12-25T10:07:57.444324,3407.584,1224,Index,motor_3_flexed,50.0,34.4375,1,31.0,29.0,28.0,30.0,30.0,28.0,30.0,30.0,29.0,31.0,32.0,50.0,47.0,42.0,43.0,41.0
2025-12-25T10:07:59.332218,3409.471,1224,Index,motor_3_open,50.0,34.4375,1,31.0,29.0,28.0,30.0,30.0,28.0,30.0,30.0,29.0,31.0,32.0,50.0,47.0,42.0,43.0,41.0
2025-12-25T10:08:00.228183,3410.368,1225,Middle,motor_11_flexed,50.0,34.625,1,31.0,29.0,29.0,30.0,30.0,28.0,30.0,30.0,29.0,31.0,32.0,50.0,47.0,42.0,44.0,42.0
2025-12-25T10:08:02.116108,3412.256,1225,Middle,motor_11_open,50.0,34.5625,1,31.0,29.0,29.0,30.0,30.0,28.0,30.0,30.0,29.0,31.0,32.0,50.0,47.0,42.0,44.0,41.0
2025-12-25T10:08:03.012078,3413.152,1226,Middle,motor_10_flexed,50.0,34.5625,1,31.0,29.0,29.0,30.0,30.0,28.0,30.0,30.0,29.0,31.0,32.0,50.0,47.0,42.0,44.0,41.0
2025-12-25T10:08:04.899982,3415.038,1226,Middle,motor_10_open,50.0,34.5625,1,31.0,29.0,29.0,30.0,30.0,28.0,30.0,30.0,29.0,31.0,32.0,50.0,47.0,42.0,43.0,42.0
2025-12-25T10:08:05.795941,3415.934,1227,Ring,motor_4_flexed,50.0,34.625,1,31.0,29.0,29.0,30.0,30.0,28.0,30.0,30.0,29.0,31.0,32.0,50.0,47.0,42.0,44.0,42.0
2025-12-25T10:08:07.683863,3417.824,1227,Ring,motor_4_open,50.0,34.5625,1,31.0,29.0,29.0,30.0,30.0,28.0,30.0,30.0,29.0,31.0,32.0,50.0,47.0,42.0,43.0,42.0
2025-12-25T10:08:08.579810,3418.721,1228,Ring,motor_5_flexed,50.0,34.625,1,31.0,29.0,29.0,30.0,30.0,28.0,30.0,30.0,29.0,31.0,32.0,50.0,47.0,42.0,44.0,42.0
2025-12-25T10:08:10.163741,3420.306,1228,Ring,motor_5_flex_hold,50.0,34.625,1,31.0,29.0,29.0,30.0,30.0,28.0,30.0,30.0,29.0,31.0,32.0,50.0,47.0,42.0,44.0,42.0
2025-12-25T10:08:10.563721,3420.703,1228,Ring,motor_5_open,50.0,34.625,1,31.0,29.0,29.0,30.0,30.0,28.0,30.0,30.0,29.0,31.0,32.0,50.0,47.0,42.0,44.0,42.0
2025-12-25T10:08:11.459680,3421.598,1229,Ring,motor_6_flexed,50.0,34.5625,1,31.0,29.0,28.0,30.0,30.0,28.0,30.0,30.0,29.0,31.0,32.0,50.0,47.0,42.0,44.0,42.0
2025-12-25T10:08:13.347564,3423.488,1229,Ring,motor_6_open,50.0,34.5,1,31.0,29.0,28.0,30.0,30.0,28.0,30.0,30.0,29.0,31.0,32.0,50.0,47.0,42.0,44.0,41.0
2025-12-25T10:08:14.243522,3424.384,1230,Pinky,motor_7_flexed,50.0,34.5625,1,31.0,29.0,29.0,30.0,30.0,28.0,30.0,30.0,29.0,31.0,32.0,50.0,47.0,42.0,43.0,42.0
2025-12-25T10:08:16.131446,3426.269,1230,Pinky,motor_7_open,50.0,34.5625,1,31.0,29.0,28.0,30.0,30.0,28.0,30.0,30.0,29.0,31.0,32.0,50.0,47.0,42.0,44.0,42.0
2025-12-25T10:08:17.027407,3427.164,1231,Pinky,motor_8_flexed,50.0,34.5625,1,31.0,29.0,29.0,30.0,30.0,28.0,30.0,30.0,29.0,31.0,32.0,50.0,47.0,42.0,43.0,42.0
2025-12-25T10:08:18.915317,3429.054,1231,Pinky,motor_8_open,50.0,34.5625,1,31.0,29.0,28.0,30.0,30.0,28.0,30.0,30.0,29.0,31.0,32.0,50.0,47.0,42.0,44.0,42.0
2025-12-25T10:08:19.811276,3429.95,1232,Pinky,motor_9_flexed,50.0,34.5625,1,31.0,29.0,29.0,30.0,30.0,28.0,30.0,30.0,29.0,31.0,32.0,50.0,47.0,42.0,44.0,41.0
2025-12-25T10:08:21.715186,3431.854,1232,Pinky,motor_9_open,50.0,34.5625,1,31.0,29.0,29.0,30.0,30.0,28.0,30.0,30.0,29.0,31.0,32.0,50.0,47.0,42.0,44.0,41.0
2025-12-25T10:08:22.611147,3432.751,1233,Thumb,motor_13_flexed,50.0,34.5625,1,31.0,29.0,29.0,30.0,30.0,28.0,30.0,30.0,29.0,31.0,32.0,50.0,47.0,42.0,44.0,41.0
2025-12-25T10:08:24.499058,3434.638,1233,Thumb,motor_13_open,50.0,34.625,1,31.0,29.0,29.0,30.0,30.0,28.0,30.0,30.0,29.0,31.0,32.0,50.0,47.0,42.0,44.0,42.0
2025-12-25T10:08:25.395015,3435.534,1234,Thumb,motor_14_flexed,50.0,34.5625,1,31.0,29.0,28.0,30.0,30.0,28.0,30.0,30.0,29.0,31.0,32.0,50.0,47.0,42.0,44.0,42.0
2025-12-25T10:08:27.282931,3437.421,1234,Thumb,motor_14_open,50.0,34.5625,1,31.0,29.0,28.0,30.0,30.0,28.0,30.0,30.0,29.0,31.0,32.0,50.0,47.0,42.0,44.0,42.0
2025-12-25T10:08:28.178888,3438.317,1235,Thumb,motor_12_flexed,50.0,34.625,1,31.0,29.0,29.0,30.0,30.0,28.0,30.0,30.0,29.0,31.0,32.0,50.0,47.0,42.0,44.0,42.0
2025-12-25T10:08:30.066797,3440.204,1235,Thumb,motor_12_open,51.0,34.625,1,31.0,29.0,29.0,30.0,30.0,28.0,30.0,30.0,29.0,31.0,32.0,51.0,47.0,42.0,44.0,41.0
2025-12-25T10:08:30.962756,3441.099,1236,Index,motor_2_flexed,51.0,34.625,1,31.0,29.0,28.0,30.0,30.0,28.0,30.0,30.0,29.0,31.0,32.0,51.0,47.0,42.0,44.0,42.0
2025-12-25T10:08:32.850671,3442.991,1236,Index,motor_2_open,51.0,34.5,1,31.0,29.0,28.0,30.0,30.0,28.0,30.0,30.0,29.0,31.0,32.0,51.0,47.0,42.0,43.0,41.0
2025-12-25T10:08:33.746628,3443.882,1237,Index,motor_1_flexed,51.0,34.5625,1,31.0,29.0,28.0,30.0,30.0,28.0,30.0,30.0,29.0,31.0,32.0,51.0,47.0,42.0,43.0,42.0
2025-12-25T10:08:35.634538,3445.77,1237,Index,motor_1_open,51.0,34.625,1,31.0,29.0,28.0,30.0,30.0,28.0,30.0,30.0,29.0,31.0,32.0,51.0,47.0,42.0,44.0,42.0
2025-12-25T10:08:36.530498,3446.668,1238,Index,motor_3_flexed,51.0,34.5,1,31.0,29.0,28.0,30.0,30.0,28.0,30.0,30.0,29.0,31.0,32.0,51.0,47.0,42.0,43.0,41.0
2025-12-25T10:08:38.418412,3448.557,1238,Index,motor_3_open,51.0,34.6875,1,31.0,29.0,29.0,30.0,30.0,28.0,30.0,30.0,29.0,31.0,32.0,51.0,47.0,42.0,44.0,42.0
2025-12-25T10:08:39.314371,3449.453,1239,Middle,motor_11_flexed,51.0,34.625,1,31.0,29.0,28.0,30.0,30.0,28.0,30.0,30.0,29.0,31.0,32.0,51.0,47.0,42.0,44.0,42.0
2025-12-25T10:08:41.202281,3451.342,1239,Middle,motor_11_open,51.0,34.5625,1,31.0,29.0,28.0,30.0,30.0,28.0,30.0,30.0,29.0,31.0,32.0,51.0,47.0,42.0,44.0,41.0
2025-12-25T10:08:42.098241,3452.236,1240,Middle,motor_10_flexed,51.0,34.625,1,31.0,29.0,28.0,30.0,30.0,28.0,30.0,30.0,29.0,31.0,32.0,51.0,47.0,42.0,44.0,42.0
2025-12-25T10:08:43.986148,3454.124,1240,Middle,motor_10_open,51.0,34.5625,1,31.0,29.0,29.0,30.0,30.0,28.0,30.0,30.0,29.0,31.0,32.0,51.0,47.0,42.0,43.0,41.0
2025-12-25T10:08:44.882110,3455.021,1241,Ring,motor_4_flexed,51.0,34.6875,1,31.0,29.0,29.0,30.0,30.0,28.0,30.0,30.0,29.0,31.0,32.0,51.0,47.0,42.0,44.0,42.0
2025-12-25T10:08:46.770024,3456.906,1241,Ring,motor_4_open,51.0,34.6875,1,31.0,29.0,29.0,30.0,30.0,28.0,30.0,30.0,29.0,31.0,32.0,51.0,47.0,42.0,44.0,42.0
2025-12-25T10:08:47.665978,3457.802,1242,Ring,motor_5_flexed,51.0,34.625,1,31.0,29.0,28.0,30.0,30.0,28.0,30.0,30.0,29.0,31.0,32.0,51.0,47.0,42.0,44.0,42.0
2025-12-25T10:08:49.553887,3459.693,1242,Ring,motor_5_open,51.0,34.6875,1,31.0,29.0,29.0,30.0,30.0,28.0,30.0,30.0,29.0,31.0,32.0,51.0,47.0,42.0,44.0,42.0
2025-12-25T10:08:50.449848,3460.591,1243,Ring,motor_6_flexed,51.0,34.6875,1,31.0,29.0,29.0,30.0,30.0,28.0,30.0,30.0,29.0,31.0,32.0,51.0,47.0,42.0,44.0,42.0
2025-12-25T10:08:52.337761,3462.475,1243,Ring,motor_6_open,51.0,34.6875,1,31.0,29.0,29.0,30.0,30.0,28.0,30.0,30.0,29.0,31.0,32.0,51.0,47.0,42.0,44.0,42.0
2025-12-25T10:08:53.233719,3463.374,1244,Pinky,motor_7_flexed,51.0,34.625,1,31.0,29.0,28.0,30.0,30.0,28.0,30.0,30.0,29.0,31.0,32.0,51.0,47.0,42.0,44.0,42.0
2025-12-25T10:08:55.121630,3465.258,1244,Pinky,motor_7_open,51.0,34.5625,1,31.0,29.0,28.0,30.0,30.0,28.0,30.0,30.0,29.0,31.0,32.0,51.0,47.0,42.0,43.0,42.0
2025-12-25T10:08:56.017596,3466.157,1245,Pinky,motor_8_flexed,51.0,34.5625,1,31.0,29.0,28.0,30.0,30.0,28.0,30.0,30.0,29.0,31.0,32.0,51.0,47.0,42.0,44.0,41.0
2025-12-25T10:08:57.905500,3468.045,1245,Pinky,motor_8_open,51.0,34.625,1,31.0,29.0,28.0,30.0,30.0,28.0,30.0,30.0,29.0,31.0,32.0,51.0,47.0,42.0,44.0,42.0
2025-12-25T10:08:58.801457,3468.939,1246,Pinky,motor_9_flexed,51.0,34.5,1,31.0,29.0,28.0,30.0,30.0,28.0,30.0,30.0,29.0,31.0,32.0,51.0,47.0,42.0,43.0,41.0
2025-12-25T10:09:00.689380,3470.828,1246,Pinky,motor_9_open,51.0,34.625,1,31.0,29.0,28.0,30.0,30.0,28.0,30.0,30.0,29.0,31.0,32.0,51.0,47.0,42.0,44.0,42.0
2025-12-25T10:09:01.585314,3471.725,1247,Thumb,motor_13_flexed,51.0,34.6875,1,31.0,29.0,29.0,30.0,30.0,28.0,30.0,30.0,29.0,31.0,32.0,51.0,47.0,42.0,44.0,42.0
2025-12-25T10:09:03.473249,3473.611,1247,Thumb,motor_13_open,51.0,34.6875,1,31.0,29.0,29.0,30.0,30.0,28.0,30.0,30.0,29.0,31.0,32.0,51.0,47.0,42.0,44.0,42.0
2025-12-25T10:09:04.369212,3474.501,1248,Thumb,motor_14_flexed,51.0,34.625,1,31.0,29.0,28.0,30.0,30.0,28.0,30.0,30.0,29.0,31.0,32.0,51.0,47.0,42.0,44.0,42.0
2025-12-25T10:09:06.257117,3476.395,1248,Thumb,motor_14_open,50.0,34.5,1,31.0,29.0,28.0,30.0,30.0,28.0,30.0,30.0,29.0,31.0,32.0,50.0,47.0,42.0,44.0,41.0
2025-12-25T10:09:07.153079,3477.292,1249,Thumb,motor_12_flexed,50.0,34.5625,1,31.0,29.0,29.0,30.0,30.0,28.0,30.0,30.0,29.0,31.0,32.0,50.0,47.0,42.0,44.0,41.0
2025-12-25T10:09:09.040977,3479.181,1249,Thumb,motor_12_open,50.0,34.5625,1,31.0,29.0,28.0,30.0,30.0,28.0,30.0,30.0,29.0,31.0,32.0,50.0,47.0,42.0,44.0,42.0
2025-12-25T10:09:09.936946,3480.074,1250,Index,motor_2_flexed,50.0,34.5625,1,31.0,29.0,29.0,30.0,30.0,28.0,30.0,30.0,29.0,31.0,32.0,50.0,47.0,42.0,44.0,41.0
2025-12-25T10:09:11.824844,3481.962,1250,Index,motor_2_open,50.0,34.6875,1,31.0,29.0,29.0,30.0,30.0,28.0,30.0,30.0,29.0,31.0,32.0,50.0,47.0,42.0,44.0,43.0
2025-12-25T10:09:12.720802,3482.859,1251,Index,motor_1_flexed,50.0,34.5,1,31.0,29.0,28.0,30.0,30.0,28.0,30.0,30.0,29.0,31.0,32.0,50.0,47.0,42.0,43.0,42.0
2025-12-25T10:09:14.608717,3484.746,1251,Index,motor_1_open,50.0,34.5,1,31.0,29.0,28.0,30.0,30.0,28.0,30.0,30.0,29.0,31.0,32.0,50.0,47.0,42.0,44.0,41.0
2025-12-25T10:09:15.504673,3485.643,1252,Index,motor_3_flexed,50.0,34.5625,1,31.0,29.0,29.0,30.0,30.0,28.0,30.0,30.0,29.0,31.0,32.0,50.0,47.0,42.0,43.0,42.0
2025-12-25T10:09:17.392584,3487.533,1252,Index,motor_3_open,50.0,34.625,1,31.0,29.0,29.0,30.0,30.0,28.0,30.0,30.0,29.0,31.0,32.0,50.0,47.0,42.0,44.0,42.0
2025-12-25T10:09:18.288551,3488.428,1253,Middle,motor_11_flexed,50.0,34.5625,1,31.0,29.0,29.0,30.0,30.0,28.0,30.0,30.0,29.0,31.0,32.0,50.0,47.0,42.0,43.0,42.0
2025-12-25T10:09:20.176439,3490.317,1253,Middle,motor_11_open,50.0,34.5625,1,31.0,29.0,29.0,30.0,30.0,28.0,30.0,30.0,29.0,31.0,32.0,50.0,47.0,42.0,43.0,42.0
2025-12-25T10:09:21.072420,3491.211,1254,Middle,motor_10_flexed,50.0,34.5625,1,31.0,29.0,29.0,30.0,30.0,28.0,30.0,30.0,29.0,31.0,32.0,50.0,47.0,42.0,43.0,42.0
2025-12-25T10:09:22.960331,3493.1,1254,Middle,motor_10_open,50.0,34.5625,1,31.0,29.0,29.0,30.0,30.0,28.0,30.0,30.0,29.0,31.0,32.0,50.0,47.0,42.0,43.0,42.0
2025-12-25T10:09:23.856302,3493.996,1255,Ring,motor_4_flexed,50.0,34.5,1,31.0,29.0,29.0,30.0,30.0,28.0,30.0,30.0,29.0,31.0,32.0,50.0,47.0,42.0,43.0,41.0
2025-12-25T10:09:25.744163,3495.885,1255,Ring,motor_4_open,50.0,34.5625,1,31.0,29.0,29.0,30.0,30.0,28.0,30.0,30.0,29.0,31.0,32.0,50.0,47.0,42.0,44.0,41.0
2025-12-25T10:09:26.640128,3496.779,1256,Ring,motor_5_flexed,50.0,34.625,1,31.0,29.0,29.0,30.0,30.0,28.0,30.0,30.0,29.0,31.0,32.0,50.0,47.0,42.0,44.0,42.0
2025-12-25T10:09:28.528039,3498.666,1256,Ring,motor_5_open,50.0,34.625,1,31.0,29.0,29.0,30.0,30.0,28.0,30.0,30.0,29.0,31.0,32.0,50.0,47.0,42.0,44.0,42.0
2025-12-25T10:09:29.423997,3499.562,1257,Ring,motor_6_flexed,50.0,34.625,1,31.0,29.0,29.0,30.0,30.0,28.0,30.0,30.0,29.0,31.0,32.0,50.0,47.0,42.0,44.0,42.0
2025-12-25T10:09:31.311906,3501.45,1257,Ring,motor_6_open,50.0,34.5,1,31.0,29.0,29.0,30.0,30.0,28.0,30.0,30.0,29.0,31.0,32.0,50.0,47.0,42.0,43.0,41.0
2025-12-25T10:09:32.207869,3502.346,1258,Pinky,motor_7_flexed,50.0,34.5,1,31.0,29.0,29.0,30.0,30.0,28.0,30.0,30.0,29.0,31.0,32.0,50.0,47.0,42.0,43.0,41.0
2025-12-25T10:09:34.095775,3504.234,1258,Pinky,motor_7_open,50.0,34.4375,1,31.0,29.0,28.0,30.0,30.0,28.0,30.0,30.0,29.0,31.0,32.0,50.0,47.0,42.0,43.0,41.0
2025-12-25T10:09:34.991733,3505.13,1259,Pinky,motor_8_flexed,50.0,34.5625,1,31.0,29.0,29.0,30.0,30.0,28.0,30.0,30.0,29.0,31.0,32.0,50.0,47.0,42.0,43.0,42.0
2025-12-25T10:09:36.879647,3507.018,1259,Pinky,motor_8_open,50.0,34.5625,1,31.0,29.0,28.0,30.0,30.0,28.0,30.0,30.0,29.0,31.0,32.0,50.0,47.0,42.0,44.0,42.0
2025-12-25T10:09:37.775592,3507.907,1260,Pinky,motor_9_flexed,50.0,34.5625,1,31.0,29.0,29.0,30.0,30.0,28.0,30.0,30.0,29.0,31.0,32.0,50.0,47.0,42.0,43.0,42.0
2025-12-25T10:09:39.663507,3509.8,1260,Pinky,motor_9_open,50.0,34.5,1,31.0,29.0,28.0,30.0,30.0,28.0,30.0,30.0,29.0,31.0,32.0,50.0,47.0,42.0,43.0,42.0
2025-12-25T10:09:40.559461,3510.691,1261,Thumb,motor_13_flexed,50.0,34.5,1,31.0,29.0,28.0,30.0,30.0,28.0,30.0,30.0,29.0,31.0,32.0,50.0,47.0,42.0,43.0,42.0
2025-12-25T10:09:42.447373,3512.586,1261,Thumb,motor_13_open,50.0,34.6875,1,31.0,29.0,29.0,30.0,30.0,28.0,30.0,30.0,29.0,31.0,32.0,50.0,47.0,42.0,46.0,41.0
2025-12-25T10:09:43.343331,3513.482,1262,Thumb,motor_14_flexed,50.0,34.5625,1,31.0,29.0,29.0,30.0,30.0,28.0,30.0,30.0,29.0,31.0,32.0,50.0,47.0,42.0,44.0,41.0
2025-12-25T10:09:45.231268,3515.371,1262,Thumb,motor_14_open,50.0,34.625,1,31.0,29.0,29.0,30.0,30.0,28.0,30.0,30.0,29.0,31.0,32.0,50.0,47.0,42.0,44.0,42.0
2025-12-25T10:09:46.127221,3516.267,1263,Thumb,motor_12_flexed,51.0,34.6875,1,31.0,29.0,29.0,30.0,30.0,28.0,30.0,30.0,29.0,31.0,32.0,51.0,47.0,42.0,44.0,42.0
2025-12-25T10:09:48.015134,3518.154,1263,Thumb,motor_12_open,51.0,34.625,1,31.0,29.0,29.0,30.0,30.0,28.0,30.0,30.0,29.0,31.0,32.0,51.0,47.0,42.0,43.0,42.0
2025-12-25T10:09:48.911078,3519.052,1264,Index,motor_2_flexed,51.0,34.6875,1,31.0,29.0,29.0,30.0,30.0,28.0,30.0,30.0,29.0,31.0,32.0,51.0,47.0,42.0,43.0,43.0
2025-12-25T10:09:50.798999,3520.939,1264,Index,motor_2_open,51.0,34.5,1,31.0,29.0,28.0,30.0,30.0,28.0,30.0,30.0,29.0,31.0,32.0,51.0,47.0,42.0,43.0,41.0
2025-12-25T10:09:51.694961,3521.833,1265,Index,motor_1_flexed,51.0,34.625,1,31.0,29.0,29.0,30.0,30.0,28.0,30.0,30.0,29.0,31.0,32.0,51.0,47.0,42.0,43.0,42.0
2025-12-25T10:09:53.582872,3523.721,1265,Index,motor_1_open,51.0,34.5625,1,31.0,29.0,28.0,30.0,30.0,28.0,30.0,30.0,29.0,31.0,32.0,51.0,47.0,42.0,43.0,42.0
2025-12-25T10:09:54.478813,3524.617,1266,Index,motor_3_flexed,51.0,34.625,1,31.0,29.0,29.0,30.0,30.0,28.0,30.0,30.0,29.0,31.0,32.0,51.0,47.0,42.0,43.0,42.0
2025-12-25T10:09:56.366713,3526.507,1266,Index,motor_3_open,51.0,34.5625,1,31.0,29.0,28.0,30.0,30.0,28.0,30.0,30.0,29.0,31.0,32.0,51.0,47.0,42.0,44.0,41.0
2025-12-25T10:09:57.262669,3527.402,1267,Middle,motor_11_flexed,51.0,34.625,1,31.0,29.0,29.0,30.0,30.0,28.0,30.0,30.0,29.0,31.0,32.0,51.0,47.0,42.0,43.0,42.0
2025-12-25T10:09:59.150598,3529.288,1267,Middle,motor_11_open,51.0,34.625,1,31.0,29.0,28.0,30.0,30.0,28.0,30.0,30.0,29.0,31.0,32.0,51.0,47.0,42.0,44.0,42.0
2025-12-25T10:10:00.046565,3530.184,1268,Middle,motor_10_flexed,51.0,34.625,1,31.0,29.0,29.0,30.0,30.0,28.0,30.0,30.0,29.0,31.0,32.0,51.0,47.0,42.0,43.0,42.0
2025-12-25T10:10:01.934474,3532.075,1268,Middle,motor_10_open,51.0,34.625,1,31.0,29.0,28.0,30.0,30.0,28.0,30.0,30.0,29.0,31.0,32.0,51.0,47.0,42.0,44.0,42.0
2025-12-25T10:10:02.830436,3532.968,1269,Ring,motor_4_flexed,51.0,34.5625,1,31.0,29.0,28.0,30.0,30.0,28.0,30.0,30.0,29.0,31.0,32.0,51.0,47.0,42.0,43.0,42.0
2025-12-25T10:10:04.718330,3534.855,1269,Ring,motor_4_open,51.0,34.625,1,31.0,29.0,28.0,30.0,30.0,28.0,30.0,30.0,29.0,31.0,32.0,51.0,47.0,42.0,44.0,42.0
2025-12-25T10:10:05.614302,3535.755,1270,Ring,motor_5_flexed,51.0,34.5625,1,31.0,29.0,29.0,30.0,30.0,28.0,30.0,30.0,29.0,31.0,32.0,51.0,47.0,42.0,43.0,41.0
2025-12-25T10:10:07.502213,3537.641,1270,Ring,motor_5_open,51.0,34.6875,1,31.0,29.0,29.0,30.0,30.0,28.0,30.0,30.0,29.0,31.0,32.0,51.0,47.0,42.0,44.0,42.0
2025-12-25T10:10:08.398156,3538.537,1271,Ring,motor_6_flexed,51.0,34.625,1,31.0,29.0,29.0,30.0,30.0,28.0,30.0,30.0,29.0,31.0,32.0,51.0,47.0,42.0,43.0,42.0
2025-12-25T10:10:09.982085,3540.124,1271,Ring,motor_6_flex_hold,51.0,34.5,1,31.0,29.0,29.0,30.0,30.0,28.0,30.0,30.0,29.0,31.0,32.0,51.0,47.0,42.0,42.0,41.0
2025-12-25T10:10:10.382058,3540.52,1271,Ring,motor_6_open,51.0,34.5625,1,31.0,29.0,28.0,30.0,30.0,28.0,30.0,30.0,29.0,31.0,32.0,51.0,47.0,42.0,43.0,42.0
2025-12-25T10:10:11.278026,3541.415,1272,Pinky,motor_7_flexed,51.0,34.625,1,31.0,29.0,29.0,30.0,30.0,28.0,30.0,30.0,29.0,31.0,32.0,51.0,47.0,42.0,43.0,42.0
2025-12-25T10:10:13.165910,3543.302,1272,Pinky,motor_7_open,51.0,34.625,1,31.0,29.0,28.0,30.0,30.0,28.0,30.0,30.0,29.0,31.0,32.0,51.0,47.0,42.0,44.0,42.0
2025-12-25T10:10:14.061877,3544.2,1273,Pinky,motor_8_flexed,51.0,34.625,1,31.0,29.0,29.0,30.0,30.0,28.0,30.0,30.0,29.0,31.0,32.0,51.0,47.0,42.0,43.0,42.0
2025-12-25T10:10:15.949787,3546.09,1273,Pinky,motor_8_open,51.0,34.625,1,31.0,29.0,29.0,30.0,30.0,28.0,30.0,30.0,29.0,31.0,32.0,51.0,47.0,42.0,44.0,41.0
2025-12-25T10:10:16.845757,3546.983,1274,Pinky,motor_9_flexed,51.0,34.6875,1,31.0,29.0,29.0,30.0,30.0,28.0,30.0,30.0,29.0,31.0,32.0,51.0,47.0,42.0,44.0,42.0
2025-12-25T10:10:18.733654,3548.872,1274,Pinky,motor_9_open,51.0,34.625,1,31.0,29.0,28.0,30.0,30.0,28.0,30.0,30.0,29.0,31.0,32.0,51.0,47.0,42.0,44.0,42.0
2025-12-25T10:10:19.629612,3549.769,1275,Thumb,motor_13_flexed,51.0,34.5625,1,31.0,29.0,29.0,30.0,30.0,28.0,30.0,30.0,29.0,31.0,32.0,51.0,47.0,42.0,43.0,41.0
2025-12-25T10:10:21.517537,3551.658,1275,Thumb,motor_13_open,51.0,34.5,1,31.0,29.0,28.0,30.0,30.0,28.0,30.0,30.0,29.0,31.0,32.0,51.0,47.0,42.0,43.0,41.0
2025-12-25T10:10:22.413478,3552.552,1276,Thumb,motor_14_flexed,51.0,34.5625,1,31.0,29.0,28.0,30.0,30.0,28.0,30.0,30.0,29.0,31.0,32.0,51.0,47.0,42.0,44.0,41.0
2025-12-25T10:10:24.301386,3554.441,1276,Thumb,motor_14_open,51.0,34.5625,1,31.0,29.0,29.0,30.0,30.0,28.0,30.0,30.0,29.0,31.0,32.0,51.0,47.0,42.0,43.0,41.0
2025-12-25T10:10:25.197345,3555.334,1277,Thumb,motor_12_flexed,51.0,34.5625,1,31.0,29.0,29.0,30.0,30.0,28.0,30.0,30.0,29.0,31.0,32.0,51.0,47.0,42.0,43.0,41.0
2025-12-25T10:10:27.085258,3557.224,1277,Thumb,motor_12_open,51.0,34.625,1,31.0,29.0,29.0,30.0,30.0,28.0,30.0,30.0,29.0,31.0,32.0,51.0,47.0,42.0,44.0,41.0
2025-12-25T10:10:27.981231,3558.12,1278,Index,motor_2_flexed,51.0,34.5625,1,31.0,29.0,28.0,30.0,30.0,28.0,30.0,30.0,29.0,31.0,32.0,51.0,47.0,42.0,43.0,42.0
2025-12-25T10:10:29.869140,3560.005,1278,Index,motor_2_open,51.0,34.5625,1,31.0,29.0,28.0,30.0,30.0,28.0,30.0,30.0,29.0,31.0,32.0,51.0,47.0,42.0,43.0,42.0
2025-12-25T10:10:30.765112,3560.901,1279,Index,motor_1_flexed,51.0,34.8125,1,31.0,29.0,29.0,30.0,30.0,28.0,30.0,30.0,29.0,31.0,32.0,51.0,47.0,42.0,43.0,45.0
2025-12-25T10:10:32.653006,3562.792,1279,Index,motor_1_open,51.0,34.625,1,31.0,29.0,28.0,30.0,30.0,28.0,30.0,30.0,29.0,31.0,32.0,51.0,47.0,42.0,44.0,42.0
2025-12-25T10:10:33.548963,3563.688,1280,Index,motor_3_flexed,51.0,34.5625,1,31.0,29.0,28.0,30.0,30.0,28.0,30.0,30.0,29.0,31.0,32.0,51.0,47.0,42.0,44.0,41.0
2025-12-25T10:10:35.436860,3565.577,1280,Index,motor_3_open,51.0,34.5625,1,31.0,29.0,28.0,30.0,30.0,28.0,30.0,30.0,29.0,31.0,32.0,51.0,47.0,42.0,44.0,41.0
2025-12-25T10:10:36.332820,3566.471,1281,Middle,motor_11_flexed,51.0,34.5,1,31.0,29.0,28.0,30.0,30.0,28.0,30.0,30.0,29.0,31.0,32.0,51.0,47.0,42.0,43.0,41.0
2025-12-25T10:10:38.220707,3568.353,1281,Middle,motor_11_open,51.0,34.6875,1,31.0,29.0,29.0,30.0,30.0,28.0,30.0,30.0,29.0,31.0,32.0,51.0,47.0,42.0,44.0,42.0
2025-12-25T10:10:39.116676,3569.249,1282,Middle,motor_10_flexed,51.0,34.5,1,31.0,29.0,28.0,30.0,30.0,28.0,30.0,30.0,29.0,31.0,32.0,51.0,47.0,42.0,43.0,41.0
2025-12-25T10:10:41.004588,3571.143,1282,Middle,motor_10_open,51.0,34.5625,1,31.0,29.0,28.0,30.0,30.0,28.0,30.0,30.0,29.0,31.0,32.0,51.0,47.0,42.0,43.0,42.0
2025-12-25T10:10:41.900540,3572.04,1283,Ring,motor_4_flexed,51.0,34.875,1,31.0,29.0,29.0,30.0,30.0,28.0,30.0,30.0,29.0,31.0,32.0,51.0,47.0,42.0,44.0,45.0
2025-12-25T10:10:43.788449,3573.929,1283,Ring,motor_4_open,51.0,34.625,1,31.0,29.0,29.0,30.0,30.0,28.0,30.0,30.0,29.0,31.0,32.0,51.0,47.0,42.0,43.0,42.0
2025-12-25T10:10:44.684409,3574.825,1284,Ring,motor_5_flexed,51.0,34.625,1,31.0,29.0,28.0,30.0,30.0,28.0,30.0,30.0,29.0,32.0,32.0,51.0,47.0,42.0,43.0,42.0
2025-12-25T10:10:46.572320,3576.709,1284,Ring,motor_5_open,51.0,34.5625,1,31.0,29.0,28.0,30.0,30.0,28.0,30.0,30.0,29.0,31.0,32.0,51.0,47.0,42.0,44.0,41.0
2025-12-25T10:10:47.468275,3577.606,1285,Ring,motor_6_flexed,51.0,34.625,1,31.0,29.0,28.0,30.0,30.0,28.0,30.0,30.0,29.0,31.0,32.0,51.0,47.0,42.0,44.0,42.0
2025-12-25T10:10:49.356184,3579.496,1285,Ring,motor_6_open,51.0,34.75,1,31.0,29.0,29.0,30.0,30.0,28.0,30.0,30.0,29.0,31.0,32.0,51.0,47.0,42.0,45.0,42.0
2025-12-25T10:10:50.252141,3580.393,1286,Pinky,motor_7_flexed,51.0,34.6875,1,31.0,29.0,29.0,30.0,30.0,28.0,30.0,30.0,29.0,31.0,32.0,51.0,47.0,42.0,44.0,42.0
2025-12-25T10:10:52.140053,3582.277,1286,Pinky,motor_7_open,51.0,34.625,1,31.0,29.0,28.0,30.0,30.0,28.0,30.0,30.0,29.0,31.0,32.0,51.0,47.0,42.0,44.0,42.0
2025-12-25T10:10:53.036008,3583.176,1287,Pinky,motor_8_flexed,51.0,34.625,1,31.0,29.0,28.0,30.0,30.0,28.0,30.0,30.0,29.0,31.0,32.0,51.0,47.0,42.0,44.0,42.0
2025-12-25T10:10:54.923916,3585.063,1287,Pinky,motor_8_open,51.0,34.5625,1,31.0,29.0,28.0,30.0,30.0,28.0,30.0,30.0,29.0,31.0,32.0,51.0,47.0,42.0,43.0,42.0
2025-12-25T10:10:55.819871,3585.96,1288,Pinky,motor_9_flexed,51.0,34.625,1,31.0,29.0,28.0,30.0,30.0,28.0,30.0,30.0,29.0,31.0,32.0,51.0,47.0,42.0,44.0,42.0
2025-12-25T10:10:57.707782,3587.849,1288,Pinky,motor_9_open,51.0,34.5625,1,31.0,29.0,28.0,30.0,30.0,28.0,30.0,30.0,29.0,31.0,32.0,51.0,47.0,42.0,44.0,41.0
2025-12-25T10:10:58.603741,3588.743,1289,Thumb,motor_13_flexed,51.0,34.5,1,31.0,29.0,28.0,30.0,30.0,28.0,30.0,30.0,29.0,31.0,32.0,51.0,47.0,42.0,43.0,41.0
2025-12-25T10:11:00.507651,3590.646,1289,Thumb,motor_13_open,51.0,34.625,1,31.0,29.0,28.0,30.0,30.0,28.0,30.0,30.0,29.0,31.0,32.0,51.0,47.0,42.0,44.0,42.0
2025-12-25T10:11:01.403594,3591.541,1290,Thumb,motor_14_flexed,51.0,34.625,1,31.0,29.0,29.0,30.0,30.0,28.0,30.0,30.0,29.0,31.0,32.0,51.0,47.0,42.0,44.0,41.0
2025-12-25T10:11:03.291506,3593.431,1290,Thumb,motor_14_open,51.0,34.625,1,31.0,29.0,28.0,30.0,30.0,28.0,30.0,30.0,29.0,31.0,32.0,51.0,47.0,42.0,44.0,42.0
2025-12-25T10:11:04.187464,3594.325,1291,Thumb,motor_12_flexed,51.0,34.5625,1,31.0,29.0,28.0,30.0,30.0,28.0,30.0,30.0,29.0,31.0,32.0,51.0,47.0,42.0,43.0,42.0
2025-12-25T10:11:06.075372,3596.212,1291,Thumb,motor_12_open,51.0,34.5625,1,31.0,29.0,28.0,30.0,30.0,28.0,30.0,30.0,29.0,31.0,32.0,51.0,47.0,42.0,44.0,41.0
2025-12-25T10:11:06.971327,3597.111,1292,Index,motor_2_flexed,51.0,34.625,1,31.0,29.0,28.0,30.0,30.0,28.0,30.0,30.0,29.0,31.0,32.0,51.0,47.0,42.0,44.0,42.0
2025-12-25T10:11:08.859238,3598.999,1292,Index,motor_2_open,51.0,34.5625,1,31.0,29.0,28.0,30.0,30.0,28.0,30.0,30.0,29.0,31.0,32.0,51.0,47.0,42.0,44.0,41.0
2025-12-25T10:11:09.755201,3599.893,1293,Index,motor_1_flexed,51.0,34.5,1,30.0,29.0,28.0,30.0,30.0,28.0,30.0,30.0,29.0,31.0,32.0,51.0,47.0,42.0,43.0,42.0
2025-12-25T10:11:10.843146,3600.981,1293,Index,motor_1_flex_hold,51.0,34.5625,1,31.0,29.0,28.0,30.0,30.0,28.0,30.0,30.0,29.0,31.0,32.0,51.0,47.0,42.0,43.0,42.0
