timestamp,elapsed_sec,cycle_index,finger,stage,max_temp_c,mean_temp_c,chunk_index,m01_temp_c,m02_temp_c,m03_temp_c,m04_temp_c,m05_temp_c,m06_temp_c,m07_temp_c,m08_temp_c,m09_temp_c,m10_temp_c,m11_temp_c,m12_temp_c,m13_temp_c,m14_temp_c,m15_temp_c,m16_temp_c
2025-12-25T13:41:11.813294,16201.952,5816,Index,motor_3_open,51.0,35.0,9,31.0,30.0,29.0,30.0,30.0,28.0,31.0,30.0,29.0,32.0,32.0,51.0,47.0,42.0,45.0,43.0
2025-12-25T13:41:12.709256,16202.849,5817,Middle,motor_11_flexed,51.0,34.875,9,31.0,30.0,29.0,30.0,30.0,28.0,31.0,30.0,29.0,32.0,32.0,51.0,47.0,42.0,44.0,42.0
2025-12-25T13:41:14.597158,16204.736,5817,Middle,motor_11_open,51.0,35.0,9,31.0,30.0,29.0,30.0,30.0,28.0,31.0,30.0,29.0,32.0,32.0,51.0,48.0,42.0,44.0,43.0
2025-12-25T13:41:15.493116,16205.631,5818,Middle,motor_10_flexed,51.0,35.0,9,31.0,30.0,29.0,30.0,30.0,29.0,31.0,30.0,29.0,32.0,32.0,51.0,48.0,42.0,44.0,42.0
2025-12-25T13:41:17.381041,16207.521,5818,Middle,motor_10_open,51.0,34.875,9,31.0,30.0,29.0,30.0,30.0,28.0,31.0,30.0,29.0,32.0,32.0,51.0,48.0,42.0,43.0,42.0
2025-12-25T13:41:18.276960,16208.417,5819,Ring,motor_4_flexed,51.0,35.0,9,31.0,30.0,29.0,30.0,30.0,28.0,31.0,30.0,29.0,32.0,32.0,51.0,48.0,42.0,45.0,42.0
2025-12-25T13:41:20.164881,16210.304,5819,Ring,motor_4_open,51.0,35.0,9,31.0,30.0,29.0,30.0,30.0,28.0,31.0,30.0,29.0,32.0,32.0,51.0,48.0,42.0,45.0,42.0
2025-12-25T13:41:21.060829,16211.2,5820,Ring,motor_5_flexed,51.0,34.9375,9,31.0,30.0,29.0,30.0,30.0,28.0,31.0,30.0,29.0,32.0,32.0,51.0,48.0,42.0,44.0,42.0
2025-12-25T13:41:22.948745,16213.088,5820,Ring,motor_5_open,51.0,35.0625,9,31.0,30.0,29.0,30.0,30.0,28.0,31.0,30.0,29.0,32.0,32.0,51.0,48.0,42.0,45.0,43.0
2025-12-25T13:41:23.844704,16213.984,5821,Ring,motor_6_flexed,51.0,34.9375,9,31.0,30.0,29.0,30.0,30.0,28.0,31.0,30.0,29.0,32.0,32.0,51.0,48.0,42.0,44.0,42.0
2025-12-25T13:41:25.732623,16215.873,5821,Ring,motor_6_open,51.0,34.9375,9,31.0,30.0,29.0,30.0,30.0,28.0,31.0,30.0,29.0,32.0,32.0,51.0,48.0,42.0,44.0,42.0
2025-12-25T13:41:26.628593,16216.766,5822,Pinky,motor_7_flexed,51.0,35.0625,9,31.0,30.0,29.0,30.0,30.0,29.0,31.0,30.0,29.0,32.0,32.0,51.0,48.0,42.0,45.0,42.0
2025-12-25T13:41:28.516500,16218.656,5822,Pinky,motor_7_open,51.0,35.0625,9,31.0,30.0,29.0,30.0,30.0,29.0,31.0,30.0,29.0,32.0,32.0,51.0,48.0,42.0,45.0,42.0
2025-12-25T13:41:29.428459,16219.556,5823,Pinky,motor_8_flexed,51.0,34.9375,9,31.0,30.0,29.0,30.0,30.0,29.0,31.0,30.0,29.0,32.0,32.0,51.0,47.0,42.0,44.0,42.0
2025-12-25T13:41:31.316382,16221.455,5823,Pinky,motor_8_open,51.0,35.0,9,31.0,30.0,29.0,30.0,30.0,29.0,31.0,30.0,29.0,32.0,32.0,51.0,47.0,42.0,45.0,42.0
2025-12-25T13:41:32.212330,16222.353,5824,Pinky,motor_9_flexed,51.0,34.9375,9,31.0,30.0,29.0,30.0,30.0,29.0,31.0,30.0,29.0,32.0,32.0,51.0,47.0,42.0,44.0,42.0
2025-12-25T13:41:34.100240,16224.241,5824,Pinky,motor_9_open,51.0,35.0,9,31.0,30.0,29.0,30.0,30.0,29.0,31.0,30.0,29.0,32.0,32.0,51.0,47.0,42.0,45.0,42.0
2025-12-25T13:41:34.996205,16225.135,5825,Thumb,motor_13_flexed,51.0,34.9375,9,31.0,30.0,29.0,30.0,30.0,29.0,31.0,30.0,29.0,32.0,32.0,51.0,47.0,42.0,44.0,42.0
2025-12-25T13:41:36.884118,16227.024,5825,Thumb,motor_13_open,51.0,34.9375,9,31.0,30.0,29.0,30.0,30.0,29.0,31.0,30.0,29.0,32.0,32.0,51.0,47.0,42.0,44.0,42.0
2025-12-25T13:41:37.780067,16227.921,5826,Thumb,motor_14_flexed,51.0,35.0,9,31.0,30.0,29.0,30.0,30.0,29.0,31.0,30.0,29.0,32.0,32.0,51.0,47.0,42.0,45.0,42.0
2025-12-25T13:41:39.668025,16229.804,5826,Thumb,motor_14_open,51.0,35.0,9,31.0,30.0,29.0,30.0,30.0,29.0,31.0,30.0,29.0,32.0,32.0,51.0,47.0,42.0,45.0,42.0
2025-12-25T13:41:40.564001,16230.701,5827,Thumb,motor_12_flexed,51.0,34.9375,9,31.0,30.0,29.0,30.0,30.0,28.0,31.0,30.0,29.0,32.0,32.0,51.0,47.0,42.0,45.0,42.0
2025-12-25T13:41:42.451901,16232.591,5827,Thumb,motor_12_open,51.0,35.0,9,31.0,30.0,29.0,30.0,30.0,29.0,31.0,30.0,29.0,32.0,32.0,51.0,47.0,42.0,45.0,42.0
2025-12-25T13:41:43.347854,16233.487,5828,Index,motor_2_flexed,51.0,34.8125,9,31.0,30.0,29.0,30.0,30.0,28.0,31.0,30.0,29.0,32.0,32.0,51.0,47.0,42.0,44.0,41.0
2025-12-25T13:41:45.235790,16235.376,5828,Index,motor_2_open,51.0,35.0,9,31.0,30.0,29.0,30.0,30.0,29.0,31.0,30.0,29.0,32.0,32.0,51.0,47.0,42.0,45.0,42.0
2025-12-25T13:41:46.131734,16236.271,5829,Index,motor_1_flexed,51.0,34.9375,9,31.0,30.0,29.0,30.0,30.0,29.0,31.0,30.0,29.0,32.0,32.0,51.0,47.0,42.0,44.0,42.0
2025-12-25T13:41:48.019640,16238.16,5829,Index,motor_1_open,51.0,34.9375,9,31.0,30.0,29.0,30.0,30.0,29.0,31.0,30.0,29.0,32.0,32.0,51.0,47.0,42.0,44.0,42.0
2025-12-25T13:41:48.915602,16239.054,5830,Index,motor_3_flexed,51.0,35.0,9,31.0,30.0,29.0,30.0,30.0,29.0,31.0,30.0,29.0,32.0,32.0,51.0,47.0,42.0,45.0,42.0
2025-12-25T13:41:50.803517,16240.944,5830,Index,motor_3_open,51.0,35.0,9,31.0,30.0,29.0,30.0,30.0,29.0,31.0,30.0,29.0,32.0,32.0,51.0,47.0,42.0,45.0,42.0
2025-12-25T13:41:51.699486,16241.839,5831,Middle,motor_11_flexed,51.0,35.0,9,31.0,30.0,29.0,30.0,30.0,29.0,31.0,30.0,29.0,32.0,32.0,51.0,47.0,42.0,44.0,43.0
2025-12-25T13:41:53.587391,16243.725,5831,Middle,motor_11_open,51.0,35.0,9,31.0,30.0,29.0,30.0,30.0,28.0,31.0,30.0,29.0,32.0,32.0,51.0,47.0,42.0,45.0,43.0
2025-12-25T13:41:54.483346,16244.624,5832,Middle,motor_10_flexed,51.0,35.0,9,31.0,30.0,29.0,30.0,30.0,29.0,31.0,30.0,29.0,32.0,32.0,51.0,47.0,42.0,45.0,42.0
2025-12-25T13:41:56.371251,16246.512,5832,Middle,motor_10_open,51.0,35.0,9,31.0,30.0,29.0,30.0,30.0,29.0,31.0,30.0,29.0,32.0,32.0,51.0,47.0,42.0,45.0,42.0
2025-12-25T13:41:57.267211,16247.408,5833,Ring,motor_4_flexed,51.0,34.9375,9,31.0,30.0,29.0,30.0,30.0,28.0,31.0,30.0,29.0,32.0,32.0,51.0,48.0,42.0,44.0,42.0
2025-12-25T13:41:59.155124,16249.294,5833,Ring,motor_4_open,51.0,35.0625,9,31.0,30.0,29.0,30.0,30.0,28.0,31.0,30.0,29.0,32.0,32.0,51.0,48.0,42.0,45.0,43.0
2025-12-25T13:42:00.051073,16250.191,5834,Ring,motor_5_flexed,51.0,35.0625,9,31.0,30.0,29.0,30.0,30.0,29.0,31.0,30.0,29.0,32.0,32.0,51.0,48.0,42.0,44.0,43.0
2025-12-25T13:42:01.939013,16252.078,5834,Ring,motor_5_open,51.0,35.0625,9,31.0,30.0,29.0,30.0,30.0,29.0,31.0,30.0,29.0,32.0,32.0,51.0,48.0,42.0,45.0,42.0
2025-12-25T13:42:02.834973,16252.976,5835,Ring,motor_6_flexed,51.0,35.0625,9,31.0,30.0,29.0,30.0,30.0,29.0,31.0,30.0,29.0,32.0,32.0,51.0,48.0,42.0,45.0,42.0
2025-12-25T13:42:04.722887,16254.863,5835,Ring,motor_6_open,51.0,35.0,9,31.0,30.0,29.0,30.0,30.0,29.0,31.0,30.0,29.0,32.0,32.0,51.0,48.0,42.0,44.0,42.0
2025-12-25T13:42:05.618846,16255.756,5836,Pinky,motor_7_flexed,51.0,35.0,9,31.0,30.0,29.0,30.0,30.0,29.0,31.0,30.0,29.0,32.0,32.0,51.0,48.0,42.0,44.0,42.0
2025-12-25T13:42:07.506767,16257.647,5836,Pinky,motor_7_open,51.0,35.0625,9,31.0,30.0,29.0,30.0,30.0,29.0,31.0,30.0,29.0,32.0,32.0,51.0,48.0,42.0,45.0,42.0
2025-12-25T13:42:08.402719,16258.542,5837,Pinky,motor_8_flexed,51.0,35.0625,9,31.0,30.0,29.0,30.0,30.0,29.0,31.0,30.0,29.0,32.0,32.0,51.0,48.0,42.0,45.0,42.0
2025-12-25T13:42:09.986632,16260.128,5837,Pinky,motor_8_flex_hold,51.0,35.0625,9,31.0,30.0,29.0,30.0,30.0,28.0,31.0,30.0,29.0,32.0,32.0,51.0,48.0,42.0,45.0,43.0
2025-12-25T13:42:10.386619,16260.523,5837,Pinky,motor_8_open,51.0,35.0625,9,31.0,30.0,29.0,30.0,30.0,29.0,31.0,30.0,29.0,32.0,32.0,51.0,48.0,42.0,45.0,42.0
2025-12-25T13:42:11.282578,16261.422,5838,Pinky,motor_9_flexed,51.0,35.0,9,31.0,30.0,29.0,30.0,30.0,29.0,31.0,30.0,29.0,32.0,32.0,51.0,48.0,42.0,44.0,42.0
2025-12-25T13:42:13.170485,16263.31,5838,Pinky,motor_9_open,51.0,35.0625,9,31.0,30.0,29.0,30.0,30.0,29.0,31.0,30.0,29.0,32.0,32.0,51.0,48.0,42.0,45.0,42.0
2025-12-25T13:42:14.066447,16264.207,5839,Thumb,motor_13_flexed,51.0,35.0625,9,31.0,30.0,29.0,30.0,30.0,29.0,31.0,30.0,29.0,32.0,32.0,51.0,48.0,42.0,44.0,43.0
2025-12-25T13:42:15.954363,16266.093,5839,Thumb,motor_13_open,51.0,35.0,9,31.0,30.0,29.0,30.0,30.0,29.0,31.0,30.0,29.0,32.0,32.0,51.0,48.0,42.0,44.0,42.0
2025-12-25T13:42:16.850313,16266.987,5840,Thumb,motor_14_flexed,51.0,35.0,9,31.0,30.0,29.0,30.0,30.0,29.0,31.0,30.0,29.0,32.0,32.0,51.0,48.0,42.0,44.0,42.0
2025-12-25T13:42:18.738232,16268.876,5840,Thumb,motor_14_open,51.0,35.0,9,31.0,30.0,29.0,30.0,30.0,29.0,31.0,30.0,29.0,32.0,32.0,51.0,48.0,42.0,44.0,42.0
2025-12-25T13:42:19.634197,16269.775,5841,Thumb,motor_12_flexed,51.0,35.0625,9,31.0,30.0,29.0,30.0,30.0,29.0,31.0,30.0,29.0,32.0,32.0,51.0,48.0,42.0,44.0,43.0
2025-12-25T13:42:21.522108,16271.661,5841,Thumb,motor_12_open,51.0,35.0,9,31.0,30.0,29.0,30.0,30.0,29.0,31.0,30.0,29.0,32.0,32.0,51.0,48.0,42.0,44.0,42.0
2025-12-25T13:42:22.418066,16272.558,5842,Index,motor_2_flexed,51.0,35.0625,9,31.0,30.0,29.0,30.0,30.0,28.0,31.0,30.0,29.0,32.0,32.0,51.0,48.0,42.0,45.0,43.0
2025-12-25T13:42:24.305989,16274.445,5842,Index,motor_2_open,51.0,35.0625,9,31.0,30.0,29.0,30.0,30.0,29.0,31.0,30.0,29.0,32.0,32.0,51.0,48.0,42.0,45.0,42.0
2025-12-25T13:42:25.201936,16275.344,5843,Index,motor_1_flexed,51.0,35.0,9,31.0,30.0,29.0,30.0,30.0,29.0,31.0,30.0,29.0,32.0,32.0,51.0,48.0,42.0,44.0,42.0
2025-12-25T13:42:27.089850,16277.231,5843,Index,motor_1_open,51.0,35.0,9,31.0,30.0,29.0,30.0,30.0,29.0,31.0,30.0,29.0,32.0,32.0,51.0,48.0,42.0,44.0,42.0
2025-12-25T13:42:27.985795,16278.126,5844,Index,motor_3_flexed,51.0,35.0,9,31.0,30.0,29.0,30.0,30.0,29.0,31.0,30.0,29.0,32.0,32.0,51.0,48.0,42.0,44.0,42.0
2025-12-25T13:42:29.873727,16280.013,5844,Index,motor_3_open,51.0,35.0,9,31.0,30.0,29.0,30.0,30.0,28.0,31.0,30.0,29.0,32.0,32.0,51.0,48.0,42.0,45.0,42.0
2025-12-25T13:42:30.769681,16280.909,5845,Middle,motor_11_flexed,51.0,35.0625,9,31.0,30.0,29.0,30.0,30.0,28.0,31.0,30.0,29.0,32.0,32.0,51.0,48.0,42.0,45.0,43.0
2025-12-25T13:42:32.657595,16282.797,5845,Middle,motor_11_open,51.0,35.0625,9,31.0,30.0,29.0,30.0,30.0,29.0,31.0,30.0,29.0,32.0,32.0,51.0,48.0,42.0,45.0,42.0
2025-12-25T13:42:33.553567,16283.692,5846,Middle,motor_10_flexed,51.0,34.9375,9,31.0,30.0,29.0,30.0,30.0,28.0,31.0,30.0,29.0,32.0,32.0,51.0,48.0,42.0,44.0,42.0
2025-12-25T13:42:35.441469,16285.581,5846,Middle,motor_10_open,51.0,35.0625,9,31.0,30.0,29.0,30.0,30.0,29.0,31.0,30.0,29.0,32.0,32.0,51.0,48.0,42.0,45.0,42.0
2025-12-25T13:42:36.337427,16286.477,5847,Ring,motor_4_flexed,51.0,34.9375,9,31.0,30.0,29.0,30.0,30.0,28.0,31.0,30.0,29.0,32.0,32.0,51.0,48.0,42.0,44.0,42.0
2025-12-25T13:42:38.225357,16288.365,5847,Ring,motor_4_open,51.0,35.0,9,31.0,30.0,29.0,30.0,30.0,29.0,31.0,30.0,29.0,32.0,32.0,51.0,48.0,42.0,44.0,42.0
2025-12-25T13:42:39.121306,16289.26,5848,Ring,motor_5_flexed,51.0,34.9375,9,31.0,30.0,29.0,30.0,30.0,29.0,31.0,30.0,29.0,32.0,32.0,51.0,48.0,42.0,43.0,42.0
2025-12-25T13:42:41.009219,16291.147,5848,Ring,motor_5_open,51.0,35.0,9,31.0,30.0,29.0,30.0,30.0,29.0,31.0,30.0,29.0,32.0,32.0,51.0,48.0,42.0,44.0,42.0
2025-12-25T13:42:41.905178,16292.045,5849,Ring,motor_6_flexed,51.0,35.0625,9,31.0,30.0,29.0,30.0,30.0,29.0,31.0,30.0,29.0,32.0,32.0,51.0,48.0,42.0,45.0,42.0
2025-12-25T13:42:43.793088,16293.935,5849,Ring,motor_6_open,51.0,35.125,9,31.0,30.0,29.0,30.0,30.0,29.0,31.0,30.0,29.0,32.0,32.0,51.0,48.0,42.0,45.0,43.0
2025-12-25T13:42:44.689047,16294.831,5850,Pinky,motor_7_flexed,51.0,35.125,9,31.0,30.0,29.0,30.0,30.0,29.0,31.0,30.0,29.0,32.0,32.0,51.0,48.0,42.0,45.0,43.0
2025-12-25T13:42:46.576963,16296.714,5850,Pinky,motor_7_open,51.0,35.0625,9,31.0,30.0,29.0,30.0,30.0,29.0,31.0,30.0,29.0,32.0,32.0,51.0,48.0,42.0,45.0,42.0
2025-12-25T13:42:47.472939,16297.61,5851,Pinky,motor_8_flexed,51.0,35.0,9,31.0,30.0,29.0,30.0,30.0,29.0,31.0,30.0,29.0,32.0,32.0,51.0,48.0,42.0,44.0,42.0
2025-12-25T13:42:49.360836,16299.502,5851,Pinky,motor_8_open,51.0,35.0625,9,31.0,30.0,29.0,30.0,30.0,29.0,31.0,30.0,29.0,32.0,32.0,51.0,48.0,42.0,45.0,42.0
2025-12-25T13:42:50.256795,16300.394,5852,Pinky,motor_9_flexed,51.0,35.0625,9,31.0,30.0,29.0,30.0,30.0,29.0,31.0,30.0,29.0,32.0,32.0,51.0,48.0,42.0,44.0,43.0
2025-12-25T13:42:52.144712,16302.284,5852,Pinky,motor_9_open,51.0,35.0,9,31.0,30.0,29.0,30.0,30.0,29.0,31.0,30.0,29.0,32.0,32.0,51.0,48.0,42.0,44.0,42.0
2025-12-25T13:42:53.040672,16303.179,5853,Thumb,motor_13_flexed,51.0,35.0625,9,31.0,30.0,29.0,30.0,30.0,29.0,31.0,30.0,29.0,32.0,32.0,51.0,48.0,42.0,44.0,43.0
2025-12-25T13:42:54.928581,16305.067,5853,Thumb,motor_13_open,51.0,35.0,9,31.0,30.0,29.0,30.0,30.0,29.0,31.0,30.0,29.0,32.0,32.0,51.0,48.0,42.0,44.0,42.0
2025-12-25T13:42:55.824518,16305.966,5854,Thumb,motor_14_flexed,51.0,35.0625,9,31.0,30.0,29.0,30.0,30.0,29.0,31.0,30.0,29.0,32.0,32.0,51.0,48.0,42.0,44.0,43.0
2025-12-25T13:42:57.712443,16307.852,5854,Thumb,motor_14_open,51.0,35.0625,9,31.0,30.0,29.0,30.0,30.0,29.0,31.0,30.0,29.0,32.0,32.0,51.0,48.0,42.0,44.0,43.0
2025-12-25T13:42:58.608397,16308.745,5855,Thumb,motor_12_flexed,51.0,35.0,9,31.0,30.0,29.0,30.0,30.0,29.0,31.0,30.0,29.0,32.0,32.0,51.0,48.0,42.0,44.0,42.0
2025-12-25T13:43:00.496316,16310.635,5855,Thumb,motor_12_open,51.0,34.9375,9,31.0,30.0,29.0,30.0,30.0,29.0,31.0,30.0,29.0,32.0,32.0,51.0,48.0,42.0,44.0,41.0
2025-12-25T13:43:01.392272,16311.53,5856,Index,motor_2_flexed,51.0,35.0625,9,31.0,30.0,29.0,30.0,30.0,29.0,31.0,30.0,29.0,32.0,32.0,51.0,48.0,42.0,44.0,43.0
2025-12-25T13:43:03.280200,16313.42,5856,Index,motor_2_open,51.0,35.0,9,31.0,30.0,29.0,30.0,30.0,29.0,31.0,30.0,29.0,32.0,32.0,51.0,48.0,42.0,44.0,42.0
2025-12-25T13:43:04.176148,16314.311,5857,Index,motor_1_flexed,51.0,35.0625,9,31.0,30.0,29.0,30.0,30.0,29.0,31.0,30.0,29.0,32.0,32.0,51.0,48.0,42.0,45.0,42.0
2025-12-25T13:43:06.064069,16316.203,5857,Index,motor_1_open,51.0,35.0625,9,31.0,30.0,29.0,30.0,30.0,29.0,31.0,30.0,29.0,32.0,32.0,51.0,48.0,42.0,45.0,42.0
2025-12-25T13:43:06.960031,16317.101,5858,Index,motor_3_flexed,51.0,35.0,9,31.0,30.0,29.0,30.0,30.0,28.0,31.0,30.0,29.0,32.0,32.0,51.0,48.0,42.0,45.0,42.0
2025-12-25T13:43:08.847944,16318.987,5858,Index,motor_3_open,51.0,35.0625,9,31.0,30.0,29.0,30.0,30.0,29.0,31.0,30.0,29.0,32.0,32.0,51.0,48.0,42.0,45.0,42.0
2025-12-25T13:43:09.743903,16319.885,5859,Middle,motor_11_flexed,51.0,35.0,9,31.0,30.0,29.0,30.0,30.0,29.0,31.0,30.0,29.0,32.0,32.0,51.0,48.0,42.0,44.0,42.0
2025-12-25T13:43:10.831854,16320.97,5859,Middle,motor_11_flex_hold,51.0,35.0,9,31.0,30.0,29.0,30.0,30.0,29.0,31.0,30.0,29.0,32.0,32.0,51.0,48.0,42.0,44.0,42.0
2025-12-25T13:43:11.631820,16321.77,5859,Middle,motor_11_open,51.0,35.0625,9,31.0,30.0,29.0,30.0,30.0,29.0,31.0,30.0,29.0,32.0,32.0,51.0,48.0,42.0,44.0,43.0
2025-12-25T13:43:12.527773,16322.667,5860,Middle,motor_10_flexed,51.0,35.0625,9,31.0,30.0,29.0,30.0,30.0,29.0,31.0,30.0,29.0,32.0,32.0,51.0,48.0,42.0,45.0,42.0
2025-12-25T13:43:14.415692,16324.555,5860,Middle,motor_10_open,51.0,35.0625,9,31.0,30.0,29.0,30.0,30.0,29.0,31.0,30.0,29.0,32.0,32.0,51.0,48.0,42.0,45.0,42.0
2025-12-25T13:43:15.311655,16325.451,5861,Ring,motor_4_flexed,51.0,34.9375,9,31.0,30.0,29.0,30.0,30.0,28.0,31.0,30.0,29.0,32.0,32.0,51.0,48.0,42.0,44.0,42.0
2025-12-25T13:43:17.199569,16327.341,5861,Ring,motor_4_open,51.0,35.0625,9,31.0,30.0,29.0,30.0,30.0,29.0,31.0,30.0,29.0,32.0,32.0,51.0,48.0,42.0,45.0,42.0
2025-12-25T13:43:18.095515,16328.234,5862,Ring,motor_5_flexed,51.0,34.9375,9,31.0,30.0,29.0,30.0,30.0,28.0,31.0,30.0,29.0,32.0,32.0,51.0,48.0,42.0,44.0,42.0
2025-12-25T13:43:19.983436,16330.125,5862,Ring,motor_5_open,51.0,35.1875,9,31.0,30.0,29.0,30.0,30.0,29.0,31.0,30.0,29.0,32.0,32.0,51.0,48.0,42.0,45.0,44.0
2025-12-25T13:43:20.879387,16331.015,5863,Ring,motor_6_flexed,51.0,35.0625,9,31.0,30.0,29.0,30.0,30.0,29.0,31.0,30.0,29.0,32.0,32.0,51.0,48.0,42.0,45.0,42.0
2025-12-25T13:43:22.767314,16332.905,5863,Ring,motor_6_open,51.0,35.125,9,31.0,30.0,29.0,30.0,30.0,29.0,31.0,30.0,29.0,32.0,32.0,51.0,48.0,42.0,45.0,43.0
2025-12-25T13:43:23.663267,16333.801,5864,Pinky,motor_7_flexed,51.0,35.0,9,31.0,30.0,29.0,30.0,30.0,28.0,31.0,30.0,29.0,32.0,32.0,51.0,48.0,42.0,45.0,42.0
2025-12-25T13:43:25.551170,16335.691,5864,Pinky,motor_7_open,51.0,35.0,9,31.0,30.0,29.0,30.0,30.0,29.0,31.0,30.0,29.0,32.0,32.0,51.0,48.0,42.0,44.0,42.0
2025-12-25T13:43:26.447146,16336.588,5865,Pinky,motor_8_flexed,51.0,35.0625,9,31.0,30.0,29.0,30.0,30.0,29.0,31.0,30.0,29.0,32.0,32.0,51.0,48.0,42.0,45.0,42.0
2025-12-25T13:43:28.351054,16338.488,5865,Pinky,motor_8_open,51.0,35.0,9,31.0,30.0,29.0,30.0,30.0,29.0,31.0,30.0,29.0,32.0,32.0,51.0,48.0,42.0,45.0,41.0
2025-12-25T13:43:29.247012,16339.386,5866,Pinky,motor_9_flexed,51.0,35.0625,9,31.0,30.0,29.0,30.0,30.0,29.0,31.0,30.0,29.0,32.0,32.0,51.0,48.0,42.0,45.0,42.0
2025-12-25T13:43:31.150925,16341.289,5866,Pinky,motor_9_open,51.0,35.0,9,31.0,30.0,29.0,30.0,30.0,29.0,31.0,30.0,29.0,32.0,32.0,51.0,48.0,42.0,44.0,42.0
2025-12-25T13:43:32.046892,16342.187,5867,Thumb,motor_13_flexed,51.0,35.125,9,31.0,30.0,29.0,30.0,30.0,29.0,31.0,30.0,29.0,32.0,32.0,51.0,48.0,42.0,45.0,43.0
2025-12-25T13:43:33.934805,16344.071,5867,Thumb,motor_13_open,51.0,35.0625,9,31.0,30.0,29.0,30.0,30.0,29.0,31.0,30.0,29.0,32.0,32.0,51.0,48.0,42.0,45.0,42.0
2025-12-25T13:43:34.830761,16344.97,5868,Thumb,motor_14_flexed,51.0,35.0,9,31.0,30.0,29.0,30.0,30.0,29.0,31.0,30.0,29.0,32.0,32.0,51.0,48.0,42.0,44.0,42.0
2025-12-25T13:43:36.718681,16346.859,5868,Thumb,motor_14_open,51.0,35.0625,9,31.0,30.0,29.0,30.0,30.0,29.0,31.0,30.0,29.0,32.0,32.0,51.0,48.0,42.0,45.0,42.0
2025-12-25T13:43:37.614623,16347.756,5869,Thumb,motor_12_flexed,51.0,35.0625,9,31.0,30.0,29.0,30.0,30.0,29.0,31.0,30.0,29.0,32.0,32.0,51.0,48.0,42.0,45.0,42.0
2025-12-25T13:43:39.502555,16349.64,5869,Thumb,motor_12_open,51.0,35.0,9,31.0,30.0,29.0,30.0,30.0,28.0,31.0,30.0,29.0,32.0,32.0,51.0,48.0,42.0,45.0,42.0
2025-12-25T13:43:40.398518,16350.538,5870,Index,motor_2_flexed,51.0,34.9375,9,31.0,30.0,29.0,30.0,30.0,28.0,31.0,30.0,29.0,32.0,32.0,51.0,48.0,42.0,44.0,42.0
2025-12-25T13:43:42.286428,16352.426,5870,Index,motor_2_open,51.0,35.0,9,31.0,30.0,29.0,30.0,30.0,28.0,31.0,30.0,29.0,32.0,32.0,51.0,48.0,42.0,44.0,43.0
2025-12-25T13:43:43.182370,16353.321,5871,Index,motor_1_flexed,51.0,35.0,9,31.0,30.0,29.0,30.0,30.0,29.0,31.0,30.0,29.0,32.0,32.0,51.0,48.0,42.0,44.0,42.0
2025-12-25T13:43:45.070314,16355.209,5871,Index,motor_1_open,51.0,35.0,9,31.0,30.0,29.0,30.0,30.0,28.0,31.0,30.0,29.0,32.0,32.0,51.0,48.0,42.0,45.0,42.0
2025-12-25T13:43:45.966254,16356.104,5872,Index,motor_3_flexed,51.0,34.9375,9,31.0,30.0,29.0,30.0,30.0,28.0,31.0,30.0,29.0,32.0,32.0,51.0,48.0,42.0,44.0,42.0
2025-12-25T13:43:47.854172,16357.995,5872,Index,motor_3_open,51.0,35.0,9,31.0,30.0,29.0,30.0,30.0,29.0,31.0,30.0,29.0,32.0,32.0,51.0,48.0,42.0,45.0,41.0
2025-12-25T13:43:48.750131,16358.889,5873,Middle,motor_11_flexed,51.0,35.0,9,31.0,30.0,29.0,30.0,30.0,29.0,31.0,30.0,29.0,32.0,32.0,51.0,48.0,42.0,44.0,42.0
2025-12-25T13:43:50.638036,16360.777,5873,Middle,motor_11_open,51.0,35.0625,9,31.0,30.0,29.0,30.0,30.0,28.0,31.0,30.0,29.0,32.0,32.0,51.0,48.0,42.0,45.0,43.0
2025-12-25T13:43:51.534005,16361.671,5874,Middle,motor_10_flexed,51.0,34.9375,9,31.0,30.0,29.0,30.0,30.0,28.0,31.0,30.0,29.0,32.0,32.0,51.0,48.0,42.0,44.0,42.0
2025-12-25T13:43:53.421919,16363.562,5874,Middle,motor_10_open,51.0,34.9375,9,31.0,30.0,29.0,30.0,30.0,28.0,31.0,30.0,29.0,32.0,32.0,51.0,48.0,42.0,44.0,42.0
2025-12-25T13:43:54.317894,16364.457,5875,Ring,motor_4_flexed,51.0,34.875,9,31.0,30.0,29.0,30.0,30.0,28.0,31.0,30.0,29.0,32.0,32.0,51.0,48.0,42.0,44.0,41.0
2025-12-25T13:43:56.205793,16366.344,5875,Ring,motor_4_open,51.0,34.9375,9,31.0,30.0,29.0,30.0,30.0,28.0,31.0,30.0,29.0,32.0,32.0,51.0,48.0,42.0,44.0,42.0
2025-12-25T13:43:57.101751,16367.242,5876,Ring,motor_5_flexed,51.0,35.0,9,31.0,30.0,29.0,30.0,30.0,28.0,31.0,30.0,29.0,32.0,32.0,51.0,48.0,42.0,45.0,42.0
2025-12-25T13:43:58.989664,16369.131,5876,Ring,motor_5_open,51.0,34.875,9,31.0,30.0,29.0,30.0,30.0,28.0,31.0,30.0,29.0,32.0,32.0,51.0,48.0,42.0,44.0,41.0
2025-12-25T13:43:59.885625,16370.023,5877,Ring,motor_6_flexed,51.0,35.0,9,31.0,30.0,29.0,30.0,30.0,28.0,31.0,30.0,29.0,32.0,32.0,51.0,48.0,42.0,45.0,42.0
2025-12-25T13:44:01.773539,16371.913,5877,Ring,motor_6_open,51.0,35.0,9,31.0,30.0,29.0,30.0,30.0,28.0,31.0,30.0,29.0,32.0,32.0,51.0,48.0,42.0,45.0,42.0
2025-12-25T13:44:02.669494,16372.808,5878,Pinky,motor_7_flexed,51.0,35.0,9,31.0,30.0,29.0,30.0,30.0,28.0,31.0,30.0,29.0,32.0,32.0,51.0,48.0,42.0,45.0,42.0
2025-12-25T13:44:04.557409,16374.696,5878,Pinky,motor_7_open,51.0,34.9375,9,31.0,30.0,29.0,30.0,30.0,28.0,31.0,30.0,29.0,32.0,32.0,51.0,48.0,42.0,44.0,42.0
2025-12-25T13:44:05.453373,16375.591,5879,Pinky,motor_8_flexed,51.0,35.125,9,31.0,30.0,29.0,30.0,30.0,29.0,31.0,30.0,29.0,32.0,32.0,51.0,48.0,42.0,45.0,43.0
2025-12-25T13:44:07.341284,16377.479,5879,Pinky,motor_8_open,51.0,34.9375,9,31.0,30.0,29.0,30.0,30.0,28.0,31.0,30.0,29.0,32.0,32.0,51.0,48.0,42.0,44.0,42.0
2025-12-25T13:44:08.237243,16378.377,5880,Pinky,motor_9_flexed,51.0,35.0,9,31.0,30.0,29.0,30.0,30.0,29.0,31.0,30.0,29.0,32.0,32.0,51.0,48.0,42.0,44.0,42.0
2025-12-25T13:44:10.125147,16380.263,5880,Pinky,motor_9_open,51.0,34.9375,9,31.0,30.0,29.0,30.0,30.0,28.0,31.0,30.0,29.0,32.0,32.0,51.0,48.0,42.0,44.0,42.0
2025-12-25T13:44:11.021117,16381.16,5881,Thumb,motor_13_flexed,51.0,35.0,9,31.0,30.0,29.0,30.0,30.0,28.0,31.0,30.0,29.0,32.0,32.0,51.0,48.0,42.0,45.0,42.0
2025-12-25T13:44:12.909030,16383.049,5881,Thumb,motor_13_open,51.0,34.9375,9,31.0,30.0,29.0,30.0,30.0,28.0,31.0,30.0,29.0,32.0,32.0,51.0,48.0,42.0,44.0,42.0
2025-12-25T13:44:13.804993,16383.945,5882,Thumb,motor_14_flexed,51.0,34.9375,9,31.0,30.0,29.0,30.0,30.0,28.0,31.0,30.0,29.0,32.0,32.0,51.0,48.0,42.0,44.0,42.0
2025-12-25T13:44:15.692905,16385.83,5882,Thumb,motor_14_open,51.0,34.9375,9,31.0,30.0,29.0,30.0,30.0,28.0,31.0,30.0,29.0,32.0,32.0,51.0,48.0,42.0,44.0,42.0
2025-12-25T13:44:16.588863,16386.727,5883,Thumb,motor_12_flexed,51.0,34.9375,9,31.0,30.0,29.0,30.0,30.0,28.0,31.0,30.0,29.0,32.0,32.0,51.0,48.0,42.0,44.0,42.0
2025-12-25T13:44:18.476776,16388.617,5883,Thumb,motor_12_open,51.0,35.0625,9,31.0,30.0,29.0,30.0,30.0,28.0,31.0,30.0,29.0,32.0,32.0,51.0,48.0,42.0,45.0,43.0
2025-12-25T13:44:19.372722,16389.513,5884,Index,motor_2_flexed,51.0,35.0,9,31.0,30.0,29.0,30.0,30.0,28.0,31.0,30.0,29.0,32.0,32.0,51.0,48.0,42.0,45.0,42.0
2025-12-25T13:44:21.260650,16391.402,5884,Index,motor_2_open,51.0,35.0,9,31.0,30.0,29.0,30.0,30.0,28.0,31.0,30.0,29.0,32.0,32.0,51.0,48.0,42.0,45.0,42.0
2025-12-25T13:44:22.156611,16392.297,5885,Index,motor_1_flexed,51.0,34.9375,9,31.0,30.0,29.0,30.0,30.0,28.0,31.0,30.0,29.0,32.0,32.0,51.0,48.0,42.0,44.0,42.0
2025-12-25T13:44:24.044529,16394.185,5885,Index,motor_1_open,51.0,35.0625,9,31.0,30.0,29.0,30.0,30.0,28.0,31.0,30.0,29.0,32.0,32.0,51.0,48.0,42.0,45.0,43.0
2025-12-25T13:44:24.940468,16395.081,5886,Index,motor_3_flexed,51.0,34.9375,9,31.0,30.0,29.0,30.0,30.0,28.0,31.0,30.0,29.0,32.0,32.0,51.0,48.0,42.0,44.0,42.0
2025-12-25T13:44:26.828392,16396.968,5886,Index,motor_3_open,51.0,34.9375,9,31.0,30.0,29.0,30.0,30.0,28.0,31.0,30.0,29.0,32.0,32.0,51.0,48.0,42.0,44.0,42.0
2025-12-25T13:44:27.724355,16397.866,5887,Middle,motor_11_flexed,51.0,35.0,9,31.0,30.0,29.0,30.0,30.0,28.0,31.0,30.0,29.0,32.0,32.0,51.0,48.0,42.0,45.0,42.0
2025-12-25T13:44:29.612267,16399.751,5887,Middle,motor_11_open,51.0,34.9375,9,31.0,30.0,29.0,30.0,30.0,28.0,31.0,30.0,29.0,32.0,32.0,51.0,48.0,42.0,44.0,42.0
2025-12-25T13:44:30.508227,16400.647,5888,Middle,motor_10_flexed,51.0,35.0,9,31.0,30.0,29.0,30.0,30.0,28.0,31.0,30.0,29.0,32.0,32.0,51.0,48.0,42.0,45.0,42.0
2025-12-25T13:44:32.396141,16402.535,5888,Middle,motor_10_open,51.0,35.0,9,31.0,30.0,29.0,30.0,30.0,28.0,31.0,30.0,29.0,32.0,32.0,51.0,48.0,42.0,45.0,42.0
2025-12-25T13:44:33.292105,16403.43,5889,Ring,motor_4_flexed,51.0,34.9375,9,31.0,30.0,29.0,30.0,30.0,28.0,31.0,30.0,29.0,32.0,32.0,51.0,48.0,42.0,44.0,42.0
2025-12-25T13:44:35.180017,16405.315,5889,Ring,motor_4_open,51.0,34.9375,9,31.0,30.0,29.0,30.0,30.0,28.0,31.0,30.0,29.0,32.0,32.0,51.0,48.0,42.0,44.0,42.0
2025-12-25T13:44:36.075976,16406.215,5890,Ring,motor_5_flexed,51.0,35.0,9,31.0,30.0,29.0,30.0,30.0,28.0,31.0,30.0,29.0,32.0,32.0,51.0,48.0,42.0,44.0,43.0
2025-12-25T13:44:37.963886,16408.095,5890,Ring,motor_5_open,51.0,35.0,9,31.0,30.0,29.0,30.0,30.0,28.0,31.0,30.0,29.0,32.0,32.0,51.0,48.0,42.0,44.0,43.0
2025-12-25T13:44:38.859840,16408.996,5891,Ring,motor_6_flexed,51.0,34.9375,9,31.0,30.0,29.0,30.0,30.0,28.0,31.0,30.0,29.0,32.0,32.0,51.0,48.0,42.0,44.0,42.0
2025-12-25T13:44:40.747752,16410.881,5891,Ring,motor_6_open,51.0,35.0,9,31.0,30.0,29.0,30.0,30.0,28.0,31.0,30.0,29.0,32.0,32.0,51.0,48.0,42.0,45.0,42.0
2025-12-25T13:44:41.643713,16411.775,5892,Pinky,motor_7_flexed,51.0,35.0625,9,31.0,30.0,29.0,30.0,30.0,28.0,31.0,30.0,29.0,32.0,32.0,51.0,48.0,42.0,45.0,43.0
2025-12-25T13:44:43.531629,16413.67,5892,Pinky,motor_7_open,51.0,35.0,9,31.0,30.0,29.0,30.0,30.0,28.0,31.0,30.0,29.0,32.0,32.0,51.0,48.0,42.0,45.0,42.0
2025-12-25T13:44:44.427564,16414.563,5893,Pinky,motor_8_flexed,51.0,35.0625,9,31.0,30.0,29.0,30.0,30.0,29.0,31.0,30.0,29.0,32.0,32.0,51.0,48.0,42.0,45.0,42.0
2025-12-25T13:44:46.315477,16416.451,5893,Pinky,motor_8_open,51.0,35.0625,9,31.0,30.0,29.0,30.0,30.0,29.0,31.0,30.0,29.0,32.0,32.0,51.0,48.0,42.0,45.0,42.0
2025-12-25T13:44:47.211446,16417.349,5894,Pinky,motor_9_flexed,51.0,35.0,9,31.0,30.0,29.0,30.0,30.0,29.0,31.0,30.0,29.0,32.0,32.0,51.0,48.0,42.0,44.0,42.0
2025-12-25T13:44:49.099352,16419.239,5894,Pinky,motor_9_open,51.0,35.0,9,31.0,30.0,29.0,30.0,30.0,28.0,31.0,30.0,29.0,32.0,32.0,51.0,48.0,42.0,45.0,42.0
2025-12-25T13:44:49.995310,16420.131,5895,Thumb,motor_13_flexed,51.0,35.0625,9,31.0,30.0,29.0,30.0,30.0,29.0,31.0,30.0,29.0,32.0,32.0,51.0,48.0,42.0,44.0,43.0
2025-12-25T13:44:51.883236,16422.02,5895,Thumb,motor_13_open,51.0,35.0,9,31.0,30.0,29.0,30.0,30.0,28.0,31.0,30.0,29.0,32.0,32.0,51.0,48.0,42.0,45.0,42.0
2025-12-25T13:44:52.779183,16422.91,5896,Thumb,motor_14_flexed,51.0,35.0,9,31.0,30.0,29.0,30.0,30.0,28.0,31.0,30.0,29.0,32.0,32.0,51.0,48.0,42.0,45.0,42.0
2025-12-25T13:44:54.667096,16424.802,5896,Thumb,motor_14_open,51.0,35.0,9,31.0,30.0,29.0,30.0,30.0,29.0,31.0,30.0,29.0,32.0,32.0,51.0,48.0,42.0,44.0,42.0
2025-12-25T13:44:55.563055,16425.694,5897,Thumb,motor_12_flexed,51.0,34.9375,9,31.0,30.0,29.0,30.0,30.0,28.0,31.0,30.0,29.0,32.0,32.0,51.0,48.0,42.0,44.0,42.0
2025-12-25T13:44:57.450972,16427.588,5897,Thumb,motor_12_open,51.0,35.0625,9,31.0,30.0,29.0,30.0,30.0,29.0,31.0,30.0,29.0,32.0,32.0,51.0,48.0,42.0,45.0,42.0
2025-12-25T13:44:58.346930,16428.478,5898,Index,motor_2_flexed,51.0,34.9375,9,31.0,30.0,29.0,30.0,30.0,28.0,31.0,30.0,29.0,32.0,32.0,51.0,48.0,42.0,44.0,42.0
2025-12-25T13:45:00.250845,16430.387,5898,Index,motor_2_open,51.0,35.125,9,31.0,30.0,29.0,30.0,30.0,29.0,31.0,30.0,29.0,32.0,32.0,51.0,48.0,42.0,45.0,43.0
2025-12-25T13:45:01.146818,16431.286,5899,Index,motor_1_flexed,51.0,35.0,9,31.0,30.0,29.0,30.0,30.0,28.0,31.0,30.0,29.0,32.0,32.0,51.0,48.0,42.0,44.0,43.0
2025-12-25T13:45:03.034717,16433.171,5899,Index,motor_1_open,51.0,35.0,9,31.0,30.0,29.0,30.0,30.0,28.0,31.0,30.0,29.0,32.0,32.0,51.0,48.0,42.0,44.0,43.0
2025-12-25T13:45:03.930689,16434.069,5900,Index,motor_3_flexed,51.0,34.9375,9,31.0,30.0,29.0,30.0,30.0,28.0,31.0,30.0,29.0,32.0,32.0,51.0,48.0,42.0,44.0,42.0
2025-12-25T13:45:05.818606,16435.955,5900,Index,motor_3_open,51.0,34.9375,9,31.0,30.0,29.0,30.0,30.0,28.0,31.0,30.0,29.0,32.0,32.0,51.0,48.0,42.0,44.0,42.0
2025-12-25T13:45:06.714548,16436.851,5901,Middle,motor_11_flexed,51.0,35.0,9,31.0,30.0,29.0,30.0,30.0,29.0,31.0,30.0,29.0,32.0,32.0,51.0,48.0,42.0,44.0,42.0
2025-12-25T13:45:08.602473,16438.741,5901,Middle,motor_11_open,51.0,35.0,9,31.0,30.0,29.0,30.0,30.0,28.0,31.0,30.0,29.0,32.0,32.0,51.0,48.0,42.0,45.0,42.0
2025-12-25T13:45:09.498433,16439.635,5902,Middle,motor_10_flexed,51.0,34.9375,9,31.0,30.0,29.0,30.0,30.0,28.0,31.0,30.0,29.0,32.0,32.0,51.0,48.0,42.0,44.0,42.0
2025-12-25T13:45:10.586384,16440.725,5902,Middle,motor_10_flex_hold,51.0,34.9375,9,31.0,30.0,29.0,30.0,30.0,28.0,31.0,30.0,29.0,32.0,32.0,51.0,48.0,42.0,44.0,42.0
2025-12-25T13:45:11.386349,16441.524,5902,Middle,motor_10_open,51.0,34.9375,9,31.0,30.0,29.0,30.0,30.0,28.0,31.0,30.0,29.0,32.0,32.0,51.0,48.0,42.0,44.0,42.0
2025-12-25T13:45:12.282303,16442.422,5903,Ring,motor_4_flexed,51.0,35.0625,9,31.0,30.0,29.0,30.0,30.0,28.0,31.0,30.0,29.0,32.0,32.0,51.0,48.0,42.0,45.0,43.0
2025-12-25T13:45:14.170222,16444.308,5903,Ring,motor_4_open,51.0,34.9375,9,31.0,30.0,29.0,30.0,30.0,28.0,31.0,30.0,29.0,32.0,32.0,51.0,48.0,42.0,44.0,42.0
2025-12-25T13:45:15.066178,16445.204,5904,Ring,motor_5_flexed,51.0,35.0,9,31.0,30.0,29.0,30.0,30.0,28.0,31.0,30.0,29.0,32.0,32.0,51.0,48.0,42.0,45.0,42.0
2025-12-25T13:45:16.954094,16447.09,5904,Ring,motor_5_open,51.0,35.0625,9,31.0,30.0,29.0,30.0,30.0,29.0,31.0,30.0,29.0,32.0,32.0,51.0,48.0,42.0,44.0,43.0
2025-12-25T13:45:17.850053,16447.986,5905,Ring,motor_6_flexed,51.0,34.9375,9,31.0,30.0,29.0,30.0,30.0,28.0,31.0,30.0,29.0,32.0,32.0,51.0,48.0,42.0,44.0,42.0
2025-12-25T13:45:19.737968,16449.875,5905,Ring,motor_6_open,51.0,35.0,9,31.0,30.0,29.0,30.0,30.0,28.0,31.0,30.0,29.0,32.0,32.0,51.0,48.0,42.0,45.0,42.0
2025-12-25T13:45:20.633926,16450.771,5906,Pinky,motor_7_flexed,51.0,35.125,9,31.0,30.0,29.0,30.0,30.0,29.0,31.0,30.0,29.0,32.0,32.0,51.0,48.0,42.0,45.0,43.0
2025-12-25T13:45:22.521839,16452.66,5906,Pinky,motor_7_open,51.0,35.125,9,31.0,30.0,29.0,30.0,30.0,29.0,31.0,30.0,29.0,32.0,32.0,51.0,48.0,42.0,45.0,43.0
2025-12-25T13:45:23.417799,16453.557,5907,Pinky,motor_8_flexed,51.0,34.9375,9,31.0,30.0,29.0,30.0,30.0,29.0,31.0,30.0,29.0,32.0,32.0,51.0,48.0,42.0,45.0,40.0
2025-12-25T13:45:25.305712,16455.443,5907,Pinky,motor_8_open,51.0,35.0,9,31.0,30.0,29.0,30.0,30.0,29.0,31.0,30.0,29.0,32.0,32.0,51.0,48.0,42.0,44.0,42.0
2025-12-25T13:45:26.201671,16456.339,5908,Pinky,motor_9_flexed,51.0,35.0625,9,31.0,30.0,29.0,30.0,30.0,29.0,31.0,30.0,29.0,32.0,32.0,51.0,48.0,42.0,45.0,42.0
2025-12-25T13:45:28.089585,16458.225,5908,Pinky,motor_9_open,51.0,34.9375,9,31.0,30.0,29.0,30.0,30.0,28.0,31.0,30.0,29.0,32.0,32.0,51.0,48.0,42.0,44.0,42.0
2025-12-25T13:45:28.985546,16459.123,5909,Thumb,motor_13_flexed,51.0,35.0,9,31.0,30.0,29.0,30.0,30.0,28.0,31.0,30.0,29.0,32.0,32.0,51.0,48.0,42.0,44.0,43.0
2025-12-25T13:45:30.873460,16461.01,5909,Thumb,motor_13_open,51.0,35.0,9,31.0,30.0,29.0,30.0,30.0,29.0,31.0,30.0,29.0,32.0,32.0,51.0,48.0,42.0,44.0,42.0
2025-12-25T13:45:31.769417,16461.909,5910,Thumb,motor_14_flexed,51.0,35.0,9,31.0,30.0,29.0,30.0,30.0,28.0,31.0,30.0,29.0,32.0,32.0,51.0,48.0,42.0,44.0,43.0
2025-12-25T13:45:33.657331,16463.798,5910,Thumb,motor_14_open,51.0,34.9375,9,31.0,30.0,29.0,30.0,30.0,28.0,31.0,30.0,29.0,32.0,32.0,51.0,48.0,42.0,44.0,42.0
2025-12-25T13:45:34.553293,16464.69,5911,Thumb,motor_12_flexed,51.0,35.0,9,31.0,30.0,29.0,30.0,30.0,29.0,31.0,30.0,29.0,32.0,32.0,51.0,48.0,42.0,44.0,42.0
2025-12-25T13:45:36.441206,16466.579,5911,Thumb,motor_12_open,51.0,34.9375,9,31.0,30.0,29.0,30.0,30.0,28.0,31.0,30.0,29.0,32.0,32.0,51.0,48.0,42.0,44.0,42.0
2025-12-25T13:45:37.337163,16467.475,5912,Index,motor_2_flexed,51.0,34.9375,9,31.0,30.0,29.0,30.0,30.0,28.0,31.0,30.0,29.0,32.0,32.0,51.0,48.0,42.0,44.0,42.0
2025-12-25T13:45:39.225077,16469.362,5912,Index,motor_2_open,51.0,35.0625,9,31.0,30.0,29.0,30.0,30.0,28.0,31.0,30.0,29.0,32.0,32.0,51.0,48.0,42.0,45.0,43.0
2025-12-25T13:45:40.121040,16470.257,5913,Index,motor_1_flexed,51.0,34.9375,9,31.0,30.0,29.0,30.0,30.0,28.0,31.0,30.0,29.0,32.0,32.0,51.0,48.0,42.0,44.0,42.0
2025-12-25T13:45:42.008950,16472.147,5913,Index,motor_1_open,51.0,34.9375,9,31.0,30.0,29.0,30.0,30.0,28.0,31.0,30.0,29.0,32.0,32.0,51.0,48.0,42.0,44.0,42.0
2025-12-25T13:45:42.904911,16473.041,5914,Index,motor_3_flexed,51.0,35.0625,9,31.0,30.0,29.0,30.0,30.0,28.0,31.0,30.0,29.0,32.0,32.0,51.0,48.0,42.0,45.0,43.0
2025-12-25T13:45:44.792823,16474.931,5914,Index,motor_3_open,51.0,35.0625,9,31.0,30.0,29.0,30.0,30.0,28.0,31.0,30.0,29.0,32.0,32.0,51.0,48.0,42.0,45.0,43.0
2025-12-25T13:45:45.688774,16475.827,5915,Middle,motor_11_flexed,51.0,35.0,9,31.0,30.0,29.0,30.0,30.0,28.0,31.0,30.0,29.0,32.0,32.0,51.0,48.0,42.0,45.0,42.0
2025-12-25T13:45:47.576700,16477.714,5915,Middle,motor_11_open,51.0,34.9375,9,31.0,30.0,29.0,30.0,30.0,28.0,31.0,30.0,29.0,32.0,32.0,51.0,48.0,42.0,44.0,42.0
2025-12-25T13:45:48.472648,16478.612,5916,Middle,motor_10_flexed,51.0,35.0,9,31.0,30.0,29.0,30.0,30.0,29.0,31.0,30.0,29.0,32.0,32.0,51.0,48.0,42.0,44.0,42.0
2025-12-25T13:45:50.360574,16480.497,5916,Middle,motor_10_open,51.0,35.0,9,31.0,30.0,29.0,30.0,30.0,28.0,31.0,30.0,29.0,32.0,32.0,51.0,48.0,42.0,44.0,43.0
2025-12-25T13:45:51.256548,16481.396,5917,Ring,motor_4_flexed,51.0,35.0,9,31.0,30.0,29.0,30.0,30.0,28.0,31.0,30.0,29.0,32.0,32.0,51.0,48.0,42.0,44.0,43.0
2025-12-25T13:45:53.144461,16483.283,5917,Ring,motor_4_open,51.0,35.0,9,31.0,30.0,29.0,30.0,30.0,28.0,31.0,30.0,29.0,32.0,32.0,51.0,48.0,42.0,45.0,42.0
2025-12-25T13:45:54.040414,16484.181,5918,Ring,motor_5_flexed,51.0,35.0,9,31.0,30.0,29.0,30.0,30.0,28.0,31.0,30.0,29.0,32.0,32.0,51.0,48.0,42.0,45.0,42.0
2025-12-25T13:45:55.928333,16486.067,5918,Ring,motor_5_open,51.0,34.9375,9,31.0,30.0,29.0,30.0,30.0,28.0,31.0,30.0,29.0,32.0,32.0,51.0,48.0,42.0,44.0,42.0
2025-12-25T13:45:56.824297,16486.963,5919,Ring,motor_6_flexed,51.0,35.0625,9,31.0,30.0,29.0,30.0,30.0,28.0,31.0,30.0,29.0,32.0,32.0,51.0,48.0,42.0,45.0,43.0
2025-12-25T13:45:58.712221,16488.852,5919,Ring,motor_6_open,51.0,35.0,9,31.0,30.0,29.0,30.0,30.0,28.0,31.0,30.0,29.0,32.0,32.0,51.0,48.0,42.0,45.0,42.0
2025-12-25T13:45:59.608152,16489.749,5920,Pinky,motor_7_flexed,51.0,35.0625,9,31.0,30.0,29.0,30.0,30.0,29.0,31.0,30.0,29.0,32.0,32.0,51.0,48.0,42.0,45.0,42.0
2025-12-25T13:46:01.496080,16491.637,5920,Pinky,motor_7_open,51.0,35.0625,9,31.0,30.0,29.0,30.0,30.0,29.0,31.0,30.0,29.0,32.0,32.0,51.0,48.0,42.0,45.0,42.0
2025-12-25T13:46:02.392040,16492.53,5921,Pinky,motor_8_flexed,51.0,35.0625,9,31.0,30.0,29.0,30.0,30.0,29.0,31.0,30.0,29.0,32.0,32.0,51.0,48.0,42.0,45.0,42.0
2025-12-25T13:46:04.279958,16494.419,5921,Pinky,motor_8_open,51.0,35.0,9,31.0,30.0,29.0,30.0,30.0,28.0,31.0,30.0,29.0,32.0,32.0,51.0,48.0,42.0,45.0,42.0
2025-12-25T13:46:05.175900,16495.315,5922,Pinky,motor_9_flexed,51.0,35.0625,9,31.0,30.0,29.0,30.0,30.0,29.0,31.0,30.0,29.0,32.0,32.0,51.0,48.0,42.0,45.0,42.0
2025-12-25T13:46:07.063829,16497.201,5922,Pinky,motor_9_open,51.0,35.0,9,31.0,30.0,29.0,30.0,30.0,28.0,31.0,30.0,29.0,32.0,32.0,51.0,48.0,42.0,45.0,42.0
2025-12-25T13:46:07.959781,16498.098,5923,Thumb,motor_13_flexed,51.0,35.0625,9,31.0,30.0,29.0,30.0,30.0,29.0,31.0,30.0,29.0,32.0,32.0,51.0,48.0,42.0,45.0,42.0
2025-12-25T13:46:09.847700,16499.986,5923,Thumb,motor_13_open,51.0,35.0,9,31.0,30.0,29.0,30.0,30.0,29.0,31.0,30.0,29.0,32.0,32.0,51.0,48.0,42.0,44.0,42.0
2025-12-25T13:46:10.439675,16500.573,5923,Thumb,motor_13_open_hold,51.0,35.0,9,31.0,30.0,29.0,30.0,30.0,29.0,31.0,30.0,29.0,32.0,32.0,51.0,48.0,42.0,44.0,42.0
2025-12-25T13:46:10.839656,16500.98,5924,Thumb,motor_14_flexed,51.0,35.0,9,31.0,30.0,29.0,30.0,30.0,28.0,31.0,30.0,29.0,32.0,32.0,51.0,48.0,42.0,45.0,42.0
2025-12-25T13:46:12.727556,16502.867,5924,Thumb,motor_14_open,51.0,35.0,9,31.0,30.0,29.0,30.0,30.0,28.0,31.0,30.0,29.0,32.0,32.0,51.0,48.0,42.0,45.0,42.0
2025-12-25T13:46:13.623522,16503.76,5925,Thumb,motor_12_flexed,51.0,34.9375,9,31.0,30.0,29.0,30.0,30.0,28.0,31.0,30.0,29.0,32.0,32.0,51.0,48.0,42.0,44.0,42.0
2025-12-25T13:46:15.511457,16505.65,5925,Thumb,motor_12_open,51.0,35.0625,9,31.0,30.0,29.0,30.0,30.0,29.0,31.0,30.0,29.0,32.0,32.0,51.0,48.0,42.0,44.0,43.0
2025-12-25T13:46:16.407416,16506.546,5926,Index,motor_2_flexed,51.0,35.0625,9,31.0,30.0,29.0,30.0,30.0,29.0,31.0,30.0,29.0,32.0,32.0,51.0,48.0,42.0,45.0,42.0
2025-12-25T13:46:18.295328,16508.435,5926,Index,motor_2_open,51.0,34.9375,9,31.0,30.0,29.0,30.0,30.0,28.0,31.0,30.0,29.0,32.0,32.0,51.0,48.0,42.0,44.0,42.0
2025-12-25T13:46:19.191277,16509.33,5927,Index,motor_1_flexed,51.0,35.0625,9,31.0,30.0,29.0,30.0,30.0,29.0,31.0,30.0,29.0,32.0,32.0,51.0,48.0,42.0,45.0,42.0
2025-12-25T13:46:21.079189,16511.219,5927,Index,motor_1_open,51.0,35.0,9,31.0,30.0,29.0,30.0,30.0,28.0,31.0,30.0,29.0,32.0,32.0,51.0,48.0,42.0,44.0,43.0
2025-12-25T13:46:21.975149,16512.112,5928,Index,motor_3_flexed,51.0,35.0,9,31.0,30.0,29.0,30.0,30.0,28.0,31.0,30.0,29.0,32.0,32.0,51.0,48.0,42.0,45.0,42.0
2025-12-25T13:46:23.863044,16514.002,5928,Index,motor_3_open,51.0,35.0,9,31.0,30.0,29.0,30.0,30.0,28.0,31.0,30.0,29.0,32.0,32.0,51.0,48.0,42.0,44.0,43.0
2025-12-25T13:46:24.759003,16514.896,5929,Middle,motor_11_flexed,51.0,35.0625,9,31.0,30.0,29.0,30.0,30.0,29.0,31.0,30.0,29.0,32.0,32.0,51.0,48.0,42.0,45.0,42.0
2025-12-25T13:46:26.646917,16516.787,5929,Middle,motor_11_open,51.0,34.9375,9,31.0,30.0,29.0,30.0,30.0,28.0,31.0,30.0,29.0,32.0,32.0,51.0,48.0,42.0,44.0,42.0
2025-12-25T13:46:27.542878,16517.68,5930,Middle,motor_10_flexed,51.0,34.9375,9,31.0,30.0,29.0,30.0,30.0,28.0,31.0,30.0,29.0,32.0,32.0,51.0,48.0,42.0,44.0,42.0
2025-12-25T13:46:29.430790,16519.567,5930,Middle,motor_10_open,51.0,35.0,9,31.0,30.0,29.0,30.0,30.0,29.0,31.0,30.0,29.0,32.0,32.0,51.0,48.0,42.0,44.0,42.0
2025-12-25T13:46:30.326735,16520.464,5931,Ring,motor_4_flexed,51.0,35.0,9,31.0,30.0,29.0,30.0,30.0,28.0,31.0,30.0,29.0,32.0,32.0,51.0,48.0,42.0,45.0,42.0
2025-12-25T13:46:32.214654,16522.352,5931,Ring,motor_4_open,51.0,35.0625,9,31.0,30.0,29.0,30.0,30.0,28.0,31.0,30.0,29.0,32.0,32.0,51.0,48.0,42.0,45.0,43.0
2025-12-25T13:46:33.110613,16523.245,5932,Ring,motor_5_flexed,51.0,34.9375,9,31.0,30.0,29.0,30.0,30.0,28.0,31.0,30.0,29.0,32.0,32.0,51.0,48.0,42.0,44.0,42.0
2025-12-25T13:46:34.998526,16525.135,5932,Ring,motor_5_open,51.0,34.9375,9,31.0,30.0,29.0,30.0,30.0,28.0,31.0,30.0,29.0,32.0,32.0,51.0,48.0,42.0,44.0,42.0
2025-12-25T13:46:35.894491,16526.031,5933,Ring,motor_6_flexed,51.0,34.9375,9,31.0,30.0,29.0,30.0,30.0,28.0,31.0,30.0,29.0,32.0,32.0,51.0,48.0,42.0,44.0,42.0
2025-12-25T13:46:37.782408,16527.92,5933,Ring,motor_6_open,51.0,34.9375,9,31.0,30.0,29.0,30.0,30.0,28.0,31.0,30.0,29.0,32.0,32.0,51.0,48.0,42.0,44.0,42.0
2025-12-25T13:46:38.678363,16528.816,5934,Pinky,motor_7_flexed,51.0,35.0,9,31.0,30.0,29.0,30.0,30.0,29.0,31.0,30.0,29.0,32.0,32.0,51.0,48.0,42.0,44.0,42.0
2025-12-25T13:46:40.566276,16530.703,5934,Pinky,motor_7_open,51.0,35.0,9,31.0,30.0,29.0,30.0,30.0,28.0,31.0,30.0,29.0,32.0,32.0,51.0,48.0,42.0,44.0,43.0
2025-12-25T13:46:41.462242,16531.6,5935,Pinky,motor_8_flexed,51.0,35.0,9,31.0,30.0,29.0,30.0,30.0,28.0,31.0,30.0,29.0,32.0,32.0,51.0,48.0,42.0,44.0,43.0
2025-12-25T13:46:43.350156,16533.489,5935,Pinky,motor_8_open,51.0,35.0,9,31.0,30.0,29.0,30.0,30.0,29.0,31.0,30.0,29.0,32.0,32.0,51.0,48.0,42.0,44.0,42.0
2025-12-25T13:46:44.246115,16534.384,5936,Pinky,motor_9_flexed,51.0,35.0,9,31.0,30.0,29.0,30.0,30.0,28.0,31.0,30.0,29.0,32.0,32.0,51.0,48.0,42.0,44.0,43.0
2025-12-25T13:46:46.134022,16536.271,5936,Pinky,motor_9_open,51.0,35.0625,9,31.0,30.0,29.0,30.0,30.0,29.0,31.0,30.0,29.0,32.0,32.0,51.0,48.0,42.0,44.0,43.0
2025-12-25T13:46:47.029989,16537.167,5937,Thumb,motor_13_flexed,51.0,35.0625,9,31.0,30.0,29.0,30.0,30.0,29.0,31.0,30.0,29.0,32.0,32.0,51.0,48.0,42.0,44.0,43.0
2025-12-25T13:46:48.917894,16539.054,5937,Thumb,motor_13_open,51.0,34.9375,9,31.0,30.0,29.0,30.0,30.0,28.0,31.0,30.0,29.0,32.0,32.0,51.0,48.0,42.0,44.0,42.0
2025-12-25T13:46:49.813853,16539.951,5938,Thumb,motor_14_flexed,51.0,34.9375,9,31.0,30.0,29.0,30.0,30.0,28.0,31.0,30.0,29.0,32.0,32.0,51.0,48.0,42.0,44.0,42.0
2025-12-25T13:46:51.701790,16541.842,5938,Thumb,motor_14_open,51.0,35.0,9,31.0,30.0,29.0,30.0,30.0,28.0,31.0,30.0,29.0,32.0,32.0,51.0,48.0,42.0,45.0,42.0
2025-12-25T13:46:52.597738,16542.734,5939,Thumb,motor_12_flexed,51.0,34.9375,9,31.0,30.0,29.0,30.0,30.0,28.0,31.0,30.0,29.0,32.0,32.0,51.0,48.0,42.0,44.0,42.0
2025-12-25T13:46:54.485646,16544.625,5939,Thumb,motor_12_open,51.0,34.9375,9,31.0,30.0,29.0,30.0,30.0,28.0,31.0,30.0,29.0,32.0,32.0,51.0,48.0,42.0,44.0,42.0
2025-12-25T13:46:55.381601,16545.518,5940,Index,motor_2_flexed,51.0,35.0625,9,31.0,30.0,29.0,30.0,30.0,28.0,31.0,30.0,29.0,32.0,32.0,51.0,48.0,42.0,45.0,43.0
2025-12-25T13:46:57.269522,16547.407,5940,Index,motor_2_open,51.0,35.0,9,31.0,30.0,29.0,30.0,30.0,28.0,31.0,30.0,29.0,32.0,32.0,51.0,48.0,42.0,45.0,42.0
2025-12-25T13:46:58.165480,16548.303,5941,Index,motor_1_flexed,51.0,35.0,9,31.0,30.0,29.0,30.0,30.0,28.0,31.0,30.0,29.0,32.0,32.0,51.0,48.0,42.0,45.0,42.0
2025-12-25T13:47:00.053395,16550.194,5941,Index,motor_1_open,51.0,34.9375,9,31.0,30.0,29.0,30.0,30.0,28.0,31.0,30.0,29.0,32.0,32.0,51.0,48.0,42.0,44.0,42.0
2025-12-25T13:47:00.949366,16551.09,5942,Index,motor_3_flexed,51.0,35.0,9,31.0,30.0,29.0,30.0,30.0,28.0,31.0,30.0,29.0,32.0,32.0,51.0,48.0,42.0,45.0,42.0
2025-12-25T13:47:02.837268,16552.978,5942,Index,motor_3_open,51.0,34.9375,9,31.0,30.0,29.0,30.0,30.0,28.0,31.0,30.0,29.0,32.0,32.0,51.0,48.0,42.0,44.0,42.0
2025-12-25T13:47:03.733228,16553.871,5943,Middle,motor_11_flexed,51.0,34.9375,9,31.0,30.0,29.0,30.0,30.0,28.0,31.0,30.0,29.0,32.0,32.0,51.0,48.0,42.0,44.0,42.0
2025-12-25T13:47:05.621157,16555.761,5943,Middle,motor_11_open,51.0,35.0625,9,31.0,30.0,29.0,30.0,30.0,28.0,31.0,30.0,29.0,32.0,32.0,51.0,48.0,42.0,45.0,43.0
2025-12-25T13:47:06.517101,16556.655,5944,Middle,motor_10_flexed,51.0,35.0,9,31.0,30.0,29.0,30.0,30.0,28.0,31.0,30.0,29.0,32.0,32.0,51.0,48.0,42.0,44.0,43.0
2025-12-25T13:47:08.405016,16558.544,5944,Middle,motor_10_open,51.0,35.0,9,31.0,30.0,29.0,30.0,30.0,28.0,31.0,30.0,29.0,32.0,32.0,51.0,48.0,42.0,45.0,42.0
2025-12-25T13:47:09.300976,16559.441,5945,Ring,motor_4_flexed,51.0,35.0,9,31.0,30.0,29.0,30.0,30.0,28.0,31.0,30.0,29.0,32.0,32.0,51.0,48.0,42.0,45.0,42.0
2025-12-25T13:47:10.388925,16560.527,5945,Ring,motor_4_flex_hold,51.0,34.9375,9,31.0,30.0,29.0,30.0,30.0,28.0,31.0,30.0,29.0,32.0,32.0,51.0,48.0,42.0,44.0,42.0
2025-12-25T13:47:11.188889,16561.328,5945,Ring,motor_4_open,51.0,35.0625,9,31.0,30.0,29.0,30.0,30.0,28.0,31.0,30.0,29.0,32.0,32.0,51.0,48.0,42.0,45.0,43.0
2025-12-25T13:47:12.084839,16562.224,5946,Ring,motor_5_flexed,51.0,34.9375,9,31.0,30.0,29.0,30.0,30.0,28.0,31.0,30.0,29.0,32.0,32.0,51.0,48.0,42.0,44.0,42.0
2025-12-25T13:47:13.972752,16564.111,5946,Ring,motor_5_open,51.0,35.0,9,31.0,30.0,29.0,30.0,30.0,28.0,31.0,30.0,29.0,32.0,32.0,51.0,48.0,42.0,44.0,43.0
2025-12-25T13:47:14.868729,16565.008,5947,Ring,motor_6_flexed,51.0,35.0,9,31.0,30.0,29.0,30.0,30.0,28.0,31.0,30.0,29.0,32.0,32.0,51.0,48.0,42.0,45.0,42.0
2025-12-25T13:47:16.756651,16566.891,5947,Ring,motor_6_open,51.0,35.0,9,31.0,30.0,29.0,30.0,30.0,28.0,31.0,30.0,29.0,32.0,32.0,51.0,48.0,42.0,44.0,43.0
2025-12-25T13:47:17.652611,16567.792,5948,Pinky,motor_7_flexed,51.0,35.0625,9,31.0,30.0,29.0,30.0,30.0,29.0,31.0,30.0,29.0,32.0,32.0,51.0,48.0,42.0,45.0,42.0
2025-12-25T13:47:19.540541,16569.68,5948,Pinky,motor_7_open,51.0,35.0,9,31.0,30.0,29.0,30.0,30.0,29.0,31.0,30.0,29.0,32.0,32.0,51.0,48.0,42.0,44.0,42.0
2025-12-25T13:47:20.436487,16570.575,5949,Pinky,motor_8_flexed,51.0,34.9375,9,31.0,30.0,29.0,30.0,30.0,28.0,31.0,30.0,29.0,32.0,32.0,51.0,48.0,42.0,44.0,42.0
2025-12-25T13:47:22.324382,16572.463,5949,Pinky,motor_8_open,51.0,35.0625,9,31.0,30.0,29.0,30.0,30.0,29.0,31.0,30.0,29.0,32.0,32.0,51.0,48.0,42.0,44.0,43.0
2025-12-25T13:47:23.220340,16573.358,5950,Pinky,motor_9_flexed,51.0,35.0625,9,31.0,30.0,29.0,30.0,30.0,29.0,31.0,30.0,29.0,32.0,32.0,51.0,48.0,42.0,45.0,42.0
2025-12-25T13:47:25.108254,16575.248,5950,Pinky,motor_9_open,51.0,35.0625,9,31.0,30.0,29.0,30.0,30.0,29.0,31.0,30.0,29.0,32.0,32.0,51.0,48.0,42.0,44.0,43.0
2025-12-25T13:47:26.004216,16576.142,5951,Thumb,motor_13_flexed,51.0,35.0,9,31.0,30.0,29.0,30.0,30.0,29.0,31.0,30.0,29.0,32.0,32.0,51.0,48.0,42.0,44.0,42.0
2025-12-25T13:47:27.892128,16578.03,5951,Thumb,motor_13_open,51.0,34.9375,9,31.0,30.0,29.0,30.0,30.0,28.0,31.0,30.0,29.0,32.0,32.0,51.0,48.0,42.0,44.0,42.0
2025-12-25T13:47:28.788088,16578.927,5952,Thumb,motor_14_flexed,51.0,35.0625,9,31.0,30.0,29.0,30.0,30.0,29.0,31.0,30.0,29.0,32.0,32.0,51.0,48.0,42.0,45.0,42.0
2025-12-25T13:47:30.676001,16580.814,5952,Thumb,motor_14_open,51.0,35.0,9,31.0,30.0,29.0,30.0,30.0,29.0,31.0,30.0,29.0,32.0,32.0,51.0,48.0,42.0,44.0,42.0
2025-12-25T13:47:31.571960,16581.71,5953,Thumb,motor_12_flexed,51.0,35.0625,9,31.0,30.0,29.0,30.0,30.0,29.0,31.0,30.0,29.0,32.0,32.0,51.0,48.0,42.0,45.0,42.0
2025-12-25T13:47:33.459890,16583.599,5953,Thumb,motor_12_open,51.0,35.0,9,31.0,30.0,29.0,30.0,30.0,28.0,31.0,30.0,29.0,32.0,32.0,51.0,48.0,42.0,44.0,43.0
2025-12-25T13:47:34.355850,16584.493,5954,Index,motor_2_flexed,51.0,35.0625,9,31.0,30.0,29.0,30.0,30.0,29.0,31.0,30.0,29.0,32.0,32.0,51.0,48.0,42.0,45.0,42.0
2025-12-25T13:47:36.243746,16586.385,5954,Index,motor_2_open,51.0,35.0625,9,31.0,30.0,29.0,30.0,30.0,29.0,31.0,30.0,29.0,32.0,32.0,51.0,48.0,42.0,45.0,42.0
2025-12-25T13:47:37.139704,16587.28,5955,Index,motor_1_flexed,51.0,35.0,9,31.0,30.0,29.0,30.0,30.0,28.0,31.0,30.0,29.0,32.0,32.0,51.0,48.0,42.0,45.0,42.0
2025-12-25T13:47:39.027620,16589.166,5955,Index,motor_1_open,51.0,35.0625,9,31.0,30.0,29.0,30.0,30.0,28.0,31.0,30.0,29.0,32.0,32.0,51.0,48.0,42.0,45.0,43.0
2025-12-25T13:47:39.923579,16590.061,5956,Index,motor_3_flexed,51.0,35.0,9,31.0,30.0,29.0,30.0,30.0,28.0,31.0,30.0,29.0,32.0,32.0,51.0,48.0,42.0,45.0,42.0
2025-12-25T13:47:41.811491,16591.953,5956,Index,motor_3_open,51.0,34.9375,9,31.0,30.0,29.0,30.0,30.0,28.0,31.0,30.0,29.0,32.0,32.0,51.0,48.0,42.0,44.0,42.0
2025-12-25T13:47:42.707454,16592.846,5957,Middle,motor_11_flexed,51.0,35.0,9,31.0,30.0,29.0,30.0,30.0,28.0,31.0,30.0,29.0,32.0,32.0,51.0,48.0,42.0,44.0,43.0
2025-12-25T13:47:44.595376,16594.733,5957,Middle,motor_11_open,51.0,35.0,9,31.0,30.0,29.0,30.0,30.0,28.0,31.0,30.0,29.0,32.0,32.0,51.0,48.0,42.0,45.0,42.0
2025-12-25T13:47:45.491329,16595.623,5958,Middle,motor_10_flexed,51.0,35.0,9,31.0,30.0,29.0,30.0,30.0,28.0,31.0,30.0,29.0,32.0,32.0,51.0,48.0,42.0,45.0,42.0
2025-12-25T13:47:47.379244,16597.517,5958,Middle,motor_10_open,51.0,34.875,9,31.0,30.0,29.0,30.0,30.0,28.0,31.0,30.0,29.0,32.0,32.0,51.0,48.0,42.0,44.0,41.0
2025-12-25T13:47:48.275217,16598.414,5959,Ring,motor_4_flexed,51.0,35.0,9,31.0,30.0,29.0,30.0,30.0,28.0,31.0,30.0,29.0,32.0,32.0,51.0,48.0,42.0,45.0,42.0
2025-12-25T13:47:50.163128,16600.301,5959,Ring,motor_4_open,51.0,34.9375,9,31.0,30.0,29.0,30.0,30.0,28.0,31.0,30.0,29.0,32.0,32.0,51.0,48.0,42.0,44.0,42.0
2025-12-25T13:47:51.059089,16601.198,5960,Ring,motor_5_flexed,51.0,34.9375,9,31.0,30.0,29.0,30.0,30.0,28.0,31.0,30.0,29.0,32.0,32.0,51.0,48.0,42.0,44.0,42.0
2025-12-25T13:47:52.946987,16603.085,5960,Ring,motor_5_open,51.0,35.0,9,31.0,30.0,29.0,30.0,30.0,28.0,31.0,30.0,29.0,32.0,32.0,51.0,48.0,42.0,45.0,42.0
2025-12-25T13:47:53.842952,16603.981,5961,Ring,motor_6_flexed,51.0,35.0,9,31.0,30.0,29.0,30.0,30.0,28.0,31.0,30.0,29.0,32.0,32.0,51.0,48.0,42.0,44.0,43.0
2025-12-25T13:47:55.730858,16605.87,5961,Ring,motor_6_open,51.0,34.9375,9,31.0,30.0,29.0,30.0,30.0,28.0,31.0,30.0,29.0,32.0,32.0,51.0,48.0,42.0,44.0,42.0
2025-12-25T13:47:56.626816,16606.763,5962,Pinky,motor_7_flexed,51.0,35.125,9,31.0,30.0,29.0,30.0,30.0,29.0,31.0,30.0,29.0,32.0,32.0,51.0,48.0,42.0,45.0,43.0
2025-12-25T13:47:58.514741,16608.652,5962,Pinky,motor_7_open,51.0,35.0,9,31.0,30.0,29.0,30.0,30.0,28.0,31.0,30.0,29.0,32.0,32.0,51.0,48.0,42.0,45.0,42.0
2025-12-25T13:47:59.410688,16609.55,5963,Pinky,motor_8_flexed,51.0,35.0,9,31.0,30.0,29.0,30.0,30.0,29.0,31.0,30.0,29.0,32.0,32.0,51.0,48.0,42.0,44.0,42.0
2025-12-25T13:48:01.298606,16611.435,5963,Pinky,motor_8_open,51.0,35.0625,9,31.0,30.0,29.0,30.0,30.0,28.0,31.0,30.0,29.0,32.0,32.0,51.0,48.0,42.0,44.0,44.0
2025-12-25T13:48:02.194565,16612.331,5964,Pinky,motor_9_flexed,51.0,35.0,9,31.0,30.0,29.0,30.0,30.0,28.0,31.0,30.0,29.0,32.0,32.0,51.0,48.0,42.0,44.0,43.0
2025-12-25T13:48:04.082471,16614.219,5964,Pinky,motor_9_open,51.0,35.0,9,31.0,30.0,29.0,30.0,30.0,28.0,31.0,30.0,29.0,32.0,32.0,51.0,48.0,42.0,45.0,42.0
2025-12-25T13:48:04.978426,16615.116,5965,Thumb,motor_13_flexed,51.0,35.0,9,31.0,30.0,29.0,30.0,30.0,28.0,31.0,30.0,29.0,32.0,32.0,51.0,48.0,42.0,45.0,42.0
2025-12-25T13:48:06.866351,16617.004,5965,Thumb,motor_13_open,51.0,34.9375,9,31.0,30.0,29.0,30.0,30.0,28.0,31.0,30.0,29.0,32.0,32.0,51.0,48.0,42.0,44.0,42.0
2025-12-25T13:48:07.762338,16617.901,5966,Thumb,motor_14_flexed,51.0,35.125,9,31.0,30.0,29.0,30.0,30.0,29.0,31.0,30.0,29.0,32.0,32.0,51.0,48.0,42.0,45.0,43.0
2025-12-25T13:48:09.650241,16619.791,5966,Thumb,motor_14_open,51.0,35.0,9,31.0,30.0,29.0,30.0,30.0,28.0,31.0,30.0,29.0,32.0,32.0,51.0,48.0,42.0,44.0,43.0
2025-12-25T13:48:10.242216,16620.376,5966,Thumb,motor_14_open_hold,51.0,34.9375,9,31.0,30.0,29.0,30.0,30.0,28.0,31.0,30.0,29.0,32.0,32.0,51.0,48.0,42.0,44.0,42.0
2025-12-25T13:48:10.642195,16620.779,5967,Thumb,motor_12_flexed,51.0,34.9375,9,31.0,30.0,29.0,30.0,30.0,28.0,31.0,30.0,29.0,32.0,32.0,51.0,48.0,42.0,44.0,42.0
2025-12-25T13:48:12.530109,16622.667,5967,Thumb,motor_12_open,51.0,35.0,9,31.0,30.0,29.0,30.0,30.0,28.0,31.0,30.0,29.0,32.0,32.0,51.0,48.0,42.0,44.0,43.0
2025-12-25T13:48:13.426069,16623.561,5968,Index,motor_2_flexed,51.0,35.0,9,31.0,30.0,29.0,30.0,30.0,28.0,31.0,30.0,29.0,32.0,32.0,51.0,48.0,42.0,44.0,43.0
2025-12-25T13:48:15.313983,16625.451,5968,Index,motor_2_open,51.0,35.0,9,31.0,30.0,29.0,30.0,30.0,28.0,31.0,30.0,29.0,32.0,32.0,51.0,48.0,42.0,45.0,42.0
2025-12-25T13:48:16.209942,16626.346,5969,Index,motor_1_flexed,51.0,35.0,9,31.0,30.0,29.0,30.0,30.0,28.0,31.0,30.0,29.0,32.0,32.0,51.0,48.0,42.0,45.0,42.0
2025-12-25T13:48:18.097853,16628.234,5969,Index,motor_1_open,51.0,35.0,9,31.0,30.0,29.0,30.0,30.0,28.0,31.0,30.0,29.0,32.0,32.0,51.0,48.0,42.0,45.0,42.0
2025-12-25T13:48:18.993816,16629.13,5970,Index,motor_3_flexed,51.0,35.0625,9,31.0,30.0,29.0,30.0,30.0,28.0,31.0,30.0,29.0,32.0,32.0,51.0,48.0,42.0,45.0,43.0
2025-12-25T13:48:20.881712,16631.016,5970,Index,motor_3_open,51.0,35.0625,9,31.0,30.0,29.0,30.0,30.0,28.0,31.0,30.0,29.0,32.0,32.0,51.0,48.0,42.0,45.0,43.0
2025-12-25T13:48:21.777673,16631.914,5971,Middle,motor_11_flexed,51.0,34.9375,9,31.0,30.0,29.0,30.0,30.0,28.0,31.0,30.0,29.0,32.0,32.0,51.0,48.0,42.0,44.0,42.0
2025-12-25T13:48:23.665603,16633.803,5971,Middle,motor_11_open,51.0,34.9375,9,31.0,30.0,29.0,30.0,30.0,28.0,31.0,30.0,29.0,32.0,32.0,51.0,48.0,42.0,44.0,42.0
2025-12-25T13:48:24.561562,16634.701,5972,Middle,motor_10_flexed,51.0,34.9375,9,31.0,30.0,29.0,30.0,30.0,28.0,31.0,30.0,29.0,32.0,32.0,51.0,48.0,42.0,44.0,42.0
2025-12-25T13:48:26.449424,16636.589,5972,Middle,motor_10_open,51.0,34.9375,9,31.0,30.0,29.0,30.0,30.0,28.0,31.0,30.0,29.0,32.0,32.0,51.0,48.0,42.0,44.0,42.0
2025-12-25T13:48:27.345287,16637.478,5973,Ring,motor_4_flexed,51.0,35.0,9,31.0,30.0,29.0,30.0,30.0,28.0,31.0,30.0,29.0,32.0,32.0,51.0,48.0,42.0,45.0,42.0
2025-12-25T13:48:29.233006,16639.37,5973,Ring,motor_4_open,51.0,35.0,9,31.0,30.0,29.0,30.0,30.0,28.0,31.0,30.0,29.0,32.0,32.0,51.0,48.0,42.0,44.0,43.0
2025-12-25T13:48:30.128855,16640.268,5974,Ring,motor_5_flexed,51.0,35.0,9,31.0,30.0,29.0,30.0,30.0,28.0,31.0,30.0,29.0,32.0,32.0,51.0,48.0,42.0,45.0,42.0
2025-12-25T13:48:32.016573,16642.156,5974,Ring,motor_5_open,51.0,34.9375,9,31.0,30.0,29.0,30.0,30.0,28.0,31.0,30.0,29.0,32.0,32.0,51.0,48.0,42.0,44.0,42.0
2025-12-25T13:48:32.912441,16643.052,5975,Ring,motor_6_flexed,51.0,34.9375,9,31.0,30.0,29.0,30.0,30.0,28.0,31.0,30.0,29.0,32.0,32.0,51.0,48.0,42.0,44.0,42.0
2025-12-25T13:48:34.800175,16644.939,5975,Ring,motor_6_open,51.0,34.9375,9,31.0,30.0,29.0,30.0,30.0,28.0,31.0,30.0,29.0,32.0,32.0,51.0,48.0,42.0,44.0,42.0
2025-12-25T13:48:35.696039,16645.834,5976,Pinky,motor_7_flexed,51.0,34.9375,9,31.0,30.0,29.0,30.0,30.0,28.0,31.0,30.0,29.0,32.0,32.0,51.0,48.0,42.0,44.0,42.0
2025-12-25T13:48:37.583762,16647.723,5976,Pinky,motor_7_open,51.0,35.0,9,31.0,30.0,29.0,30.0,30.0,29.0,31.0,30.0,29.0,32.0,32.0,51.0,48.0,42.0,44.0,42.0
2025-12-25T13:48:38.479612,16648.617,5977,Pinky,motor_8_flexed,51.0,35.0625,9,31.0,30.0,29.0,30.0,30.0,29.0,31.0,30.0,29.0,32.0,32.0,51.0,48.0,42.0,45.0,42.0
2025-12-25T13:48:40.367333,16650.5,5977,Pinky,motor_8_open,51.0,35.125,9,31.0,30.0,29.0,30.0,30.0,29.0,31.0,30.0,29.0,32.0,32.0,51.0,48.0,42.0,45.0,43.0
2025-12-25T13:48:41.263199,16651.4,5978,Pinky,motor_9_flexed,51.0,34.9375,9,31.0,30.0,29.0,30.0,30.0,28.0,31.0,30.0,29.0,32.0,32.0,51.0,48.0,42.0,44.0,42.0
2025-12-25T13:48:43.150923,16653.293,5978,Pinky,motor_9_open,51.0,35.0,9,31.0,30.0,29.0,30.0,30.0,28.0,31.0,30.0,29.0,32.0,32.0,51.0,48.0,42.0,45.0,42.0
2025-12-25T13:48:44.046794,16654.183,5979,Thumb,motor_13_flexed,51.0,34.875,9,31.0,30.0,29.0,30.0,30.0,28.0,31.0,30.0,29.0,32.0,32.0,51.0,48.0,42.0,44.0,41.0
2025-12-25T13:48:45.934513,16656.072,5979,Thumb,motor_13_open,51.0,35.0,9,31.0,30.0,29.0,30.0,30.0,28.0,31.0,30.0,29.0,32.0,32.0,51.0,48.0,42.0,45.0,42.0
2025-12-25T13:48:46.830387,16656.967,5980,Thumb,motor_14_flexed,51.0,35.0,9,31.0,30.0,29.0,30.0,30.0,28.0,31.0,30.0,29.0,32.0,32.0,51.0,48.0,42.0,44.0,43.0
2025-12-25T13:48:48.718108,16658.858,5980,Thumb,motor_14_open,51.0,35.0625,9,31.0,30.0,29.0,30.0,30.0,28.0,31.0,30.0,29.0,32.0,32.0,51.0,48.0,42.0,44.0,44.0
2025-12-25T13:48:49.613975,16659.753,5981,Thumb,motor_12_flexed,51.0,35.0,9,31.0,30.0,29.0,30.0,30.0,28.0,31.0,30.0,29.0,32.0,32.0,51.0,48.0,42.0,45.0,42.0
2025-12-25T13:48:51.501706,16661.642,5981,Thumb,motor_12_open,51.0,34.9375,9,31.0,30.0,29.0,30.0,30.0,28.0,31.0,30.0,29.0,32.0,32.0,51.0,48.0,42.0,44.0,42.0
2025-12-25T13:48:52.397573,16662.534,5982,Index,motor_2_flexed,51.0,34.9375,9,31.0,30.0,29.0,30.0,30.0,28.0,31.0,30.0,29.0,32.0,32.0,51.0,48.0,42.0,44.0,42.0
2025-12-25T13:48:54.285298,16664.425,5982,Index,motor_2_open,51.0,35.0,9,31.0,30.0,29.0,30.0,30.0,28.0,31.0,30.0,29.0,32.0,32.0,51.0,48.0,42.0,45.0,42.0
2025-12-25T13:48:55.181162,16665.319,5983,Index,motor_1_flexed,51.0,35.0,9,31.0,30.0,29.0,30.0,30.0,28.0,31.0,30.0,29.0,32.0,32.0,51.0,48.0,42.0,44.0,43.0
2025-12-25T13:48:57.068890,16667.208,5983,Index,motor_1_open,51.0,34.9375,9,31.0,30.0,29.0,30.0,30.0,28.0,31.0,30.0,29.0,32.0,32.0,51.0,48.0,42.0,44.0,42.0
2025-12-25T13:48:57.964760,16668.103,5984,Index,motor_3_flexed,51.0,34.9375,9,31.0,30.0,29.0,30.0,30.0,28.0,31.0,30.0,29.0,32.0,32.0,51.0,48.0,42.0,44.0,42.0
2025-12-25T13:48:59.852488,16669.992,5984,Index,motor_3_open,51.0,34.9375,9,31.0,30.0,29.0,30.0,30.0,28.0,31.0,30.0,29.0,32.0,32.0,51.0,48.0,42.0,44.0,42.0
2025-12-25T13:49:00.748367,16670.887,5985,Middle,motor_11_flexed,51.0,35.0,9,31.0,30.0,29.0,30.0,30.0,28.0,31.0,30.0,29.0,32.0,32.0,51.0,48.0,42.0,45.0,42.0
2025-12-25T13:49:02.636086,16672.773,5985,Middle,motor_11_open,51.0,34.9375,9,31.0,30.0,29.0,30.0,30.0,28.0,31.0,30.0,29.0,32.0,32.0,51.0,48.0,42.0,44.0,42.0
2025-12-25T13:49:03.531957,16673.669,5986,Middle,motor_10_flexed,51.0,34.9375,9,31.0,30.0,29.0,30.0,30.0,28.0,31.0,30.0,29.0,32.0,32.0,51.0,48.0,42.0,44.0,42.0
2025-12-25T13:49:05.419700,16675.557,5986,Middle,motor_10_open,51.0,34.9375,9,31.0,30.0,29.0,30.0,30.0,28.0,31.0,30.0,29.0,32.0,32.0,51.0,48.0,42.0,44.0,42.0
2025-12-25T13:49:06.315558,16676.457,5987,Ring,motor_4_flexed,51.0,35.0,9,31.0,30.0,29.0,30.0,30.0,28.0,31.0,30.0,29.0,32.0,32.0,51.0,48.0,42.0,45.0,42.0
2025-12-25T13:49:08.203288,16678.342,5987,Ring,motor_4_open,51.0,35.0,9,31.0,30.0,29.0,30.0,30.0,28.0,31.0,30.0,29.0,32.0,32.0,51.0,48.0,42.0,45.0,42.0
2025-12-25T13:49:09.099158,16679.24,5988,Ring,motor_5_flexed,51.0,35.0,9,31.0,30.0,29.0,30.0,30.0,28.0,31.0,30.0,29.0,32.0,32.0,51.0,48.0,42.0,44.0,43.0
2025-12-25T13:49:10.187004,16680.325,5988,Ring,motor_5_flex_hold,51.0,34.9375,9,31.0,30.0,29.0,30.0,30.0,28.0,31.0,30.0,29.0,32.0,32.0,51.0,48.0,42.0,44.0,42.0
2025-12-25T13:49:10.986890,16681.124,5988,Ring,motor_5_open,51.0,35.0,9,31.0,30.0,29.0,30.0,30.0,28.0,31.0,30.0,29.0,32.0,32.0,51.0,48.0,42.0,45.0,42.0
2025-12-25T13:49:11.882764,16682.024,5989,Ring,motor_6_flexed,51.0,34.9375,9,31.0,30.0,29.0,30.0,30.0,28.0,31.0,30.0,29.0,32.0,32.0,51.0,48.0,42.0,44.0,42.0
2025-12-25T13:49:13.770496,16683.909,5989,Ring,motor_6_open,51.0,35.0,9,31.0,30.0,29.0,30.0,30.0,28.0,31.0,30.0,29.0,32.0,32.0,51.0,48.0,42.0,45.0,42.0
2025-12-25T13:49:14.666380,16684.803,5990,Pinky,motor_7_flexed,51.0,35.0,9,31.0,30.0,29.0,30.0,30.0,28.0,31.0,30.0,29.0,32.0,32.0,51.0,48.0,42.0,44.0,43.0
2025-12-25T13:49:16.554098,16686.691,5990,Pinky,motor_7_open,51.0,35.0,9,31.0,30.0,29.0,30.0,30.0,28.0,31.0,30.0,29.0,32.0,32.0,51.0,48.0,42.0,45.0,42.0
2025-12-25T13:49:17.449972,16687.588,5991,Pinky,motor_8_flexed,51.0,35.0,9,31.0,30.0,29.0,30.0,30.0,28.0,31.0,30.0,29.0,32.0,32.0,51.0,48.0,42.0,44.0,43.0
2025-12-25T13:49:19.337721,16689.476,5991,Pinky,motor_8_open,51.0,34.9375,9,31.0,30.0,29.0,30.0,30.0,28.0,31.0,30.0,29.0,32.0,32.0,51.0,48.0,42.0,44.0,42.0
2025-12-25T13:49:20.233578,16690.37,5992,Pinky,motor_9_flexed,51.0,35.0,9,31.0,30.0,29.0,30.0,30.0,29.0,31.0,30.0,29.0,32.0,32.0,51.0,48.0,42.0,44.0,42.0
2025-12-25T13:49:22.121316,16692.259,5992,Pinky,motor_9_open,51.0,34.9375,9,31.0,30.0,29.0,30.0,30.0,28.0,31.0,30.0,29.0,32.0,32.0,51.0,48.0,42.0,44.0,42.0
2025-12-25T13:49:23.017188,16693.155,5993,Thumb,motor_13_flexed,51.0,35.0,9,31.0,30.0,29.0,30.0,30.0,28.0,31.0,30.0,29.0,32.0,32.0,51.0,48.0,42.0,45.0,42.0
2025-12-25T13:49:24.904911,16695.038,5993,Thumb,motor_13_open,51.0,34.9375,9,31.0,30.0,29.0,30.0,30.0,28.0,31.0,30.0,29.0,32.0,32.0,51.0,48.0,42.0,44.0,42.0
2025-12-25T13:49:25.800783,16695.933,5994,Thumb,motor_14_flexed,51.0,34.9375,9,31.0,30.0,29.0,30.0,30.0,28.0,31.0,30.0,29.0,32.0,32.0,51.0,47.0,42.0,45.0,42.0
2025-12-25T13:49:27.688519,16697.82,5994,Thumb,motor_14_open,51.0,34.875,9,31.0,30.0,29.0,30.0,30.0,28.0,31.0,30.0,29.0,32.0,32.0,51.0,47.0,42.0,44.0,42.0
2025-12-25T13:49:28.584394,16698.721,5995,Thumb,motor_12_flexed,51.0,35.0,9,31.0,30.0,29.0,30.0,30.0,28.0,31.0,30.0,29.0,32.0,32.0,51.0,47.0,42.0,45.0,43.0
2025-12-25T13:49:30.472140,16700.612,5995,Thumb,motor_12_open,51.0,34.875,9,31.0,30.0,29.0,30.0,30.0,28.0,31.0,30.0,29.0,32.0,32.0,51.0,47.0,42.0,44.0,42.0
2025-12-25T13:49:31.368020,16701.505,5996,Index,motor_2_flexed,51.0,34.9375,9,31.0,30.0,29.0,30.0,30.0,28.0,31.0,30.0,29.0,32.0,32.0,51.0,47.0,42.0,45.0,42.0
2025-12-25T13:49:33.255754,16703.396,5996,Index,motor_2_open,51.0,34.875,9,31.0,30.0,29.0,30.0,30.0,28.0,31.0,30.0,29.0,32.0,32.0,51.0,47.0,42.0,44.0,42.0
2025-12-25T13:49:34.151631,16704.291,5997,Index,motor_1_flexed,51.0,34.9375,9,31.0,30.0,29.0,30.0,30.0,28.0,31.0,30.0,29.0,32.0,32.0,51.0,47.0,42.0,45.0,42.0
2025-12-25T13:49:36.039370,16706.178,5997,Index,motor_1_open,51.0,34.875,9,31.0,30.0,29.0,30.0,30.0,28.0,31.0,30.0,29.0,32.0,32.0,51.0,47.0,42.0,44.0,42.0
2025-12-25T13:49:36.935244,16707.075,5998,Index,motor_3_flexed,51.0,34.9375,9,31.0,30.0,29.0,30.0,30.0,28.0,31.0,30.0,29.0,32.0,32.0,51.0,47.0,42.0,44.0,43.0
2025-12-25T13:49:38.822983,16708.96,5998,Index,motor_3_open,51.0,34.9375,9,31.0,30.0,29.0,30.0,30.0,28.0,31.0,30.0,29.0,32.0,32.0,51.0,47.0,42.0,44.0,43.0
2025-12-25T13:49:39.718860,16709.857,5999,Middle,motor_11_flexed,51.0,34.875,9,31.0,30.0,29.0,30.0,30.0,28.0,31.0,30.0,29.0,32.0,32.0,51.0,47.0,42.0,44.0,42.0
2025-12-25T13:49:41.606599,16711.745,5999,Middle,motor_11_open,51.0,34.9375,9,31.0,30.0,29.0,30.0,30.0,28.0,31.0,30.0,29.0,32.0,32.0,51.0,48.0,42.0,44.0,42.0
2025-12-25T13:49:42.502475,16712.641,6000,Middle,motor_10_flexed,51.0,35.0,9,31.0,30.0,29.0,30.0,30.0,28.0,31.0,30.0,29.0,32.0,32.0,51.0,48.0,42.0,44.0,43.0
2025-12-25T13:49:44.390218,16714.527,6000,Middle,motor_10_open,51.0,34.9375,9,31.0,30.0,29.0,30.0,30.0,28.0,31.0,30.0,29.0,32.0,32.0,51.0,48.0,42.0,44.0,42.0
2025-12-25T13:49:45.286094,16715.423,6001,Ring,motor_4_flexed,51.0,34.9375,9,31.0,30.0,29.0,30.0,30.0,28.0,31.0,30.0,29.0,32.0,32.0,51.0,48.0,42.0,44.0,42.0
2025-12-25T13:49:47.173838,16717.312,6001,Ring,motor_4_open,51.0,35.0,9,31.0,30.0,29.0,30.0,30.0,28.0,31.0,30.0,29.0,32.0,32.0,51.0,48.0,42.0,45.0,42.0
2025-12-25T13:49:48.069721,16718.21,6002,Ring,motor_5_flexed,51.0,34.9375,9,31.0,30.0,29.0,30.0,30.0,28.0,31.0,30.0,29.0,32.0,32.0,51.0,48.0,42.0,44.0,42.0
2025-12-25T13:49:49.957470,16720.09,6002,Ring,motor_5_open,51.0,35.0,9,31.0,30.0,29.0,30.0,30.0,28.0,31.0,30.0,29.0,32.0,32.0,51.0,48.0,42.0,45.0,42.0
2025-12-25T13:49:50.853351,16720.989,6003,Ring,motor_6_flexed,51.0,35.0,9,31.0,30.0,29.0,30.0,30.0,28.0,31.0,30.0,29.0,32.0,32.0,51.0,48.0,42.0,44.0,43.0
2025-12-25T13:49:52.741091,16722.879,6003,Ring,motor_6_open,51.0,35.0,9,31.0,30.0,29.0,30.0,30.0,28.0,31.0,30.0,29.0,32.0,32.0,51.0,48.0,42.0,44.0,43.0
2025-12-25T13:49:53.636958,16723.777,6004,Pinky,motor_7_flexed,51.0,34.9375,9,31.0,30.0,29.0,30.0,30.0,28.0,31.0,30.0,29.0,32.0,32.0,51.0,48.0,42.0,44.0,42.0
2025-12-25T13:49:55.524712,16725.665,6004,Pinky,motor_7_open,51.0,34.9375,9,31.0,30.0,29.0,30.0,30.0,28.0,31.0,30.0,29.0,32.0,32.0,51.0,48.0,42.0,44.0,42.0
2025-12-25T13:49:56.420599,16726.559,6005,Pinky,motor_8_flexed,51.0,34.9375,9,31.0,30.0,29.0,30.0,30.0,28.0,31.0,30.0,29.0,32.0,32.0,51.0,48.0,42.0,44.0,42.0
2025-12-25T13:49:58.308320,16728.447,6005,Pinky,motor_8_open,51.0,35.0,9,31.0,30.0,29.0,30.0,30.0,28.0,31.0,30.0,29.0,32.0,32.0,51.0,48.0,42.0,45.0,42.0
2025-12-25T13:49:59.204204,16729.343,6006,Pinky,motor_9_flexed,51.0,35.0,9,31.0,30.0,29.0,30.0,30.0,28.0,31.0,30.0,29.0,32.0,32.0,51.0,48.0,42.0,45.0,42.0
2025-12-25T13:50:01.091964,16731.231,6006,Pinky,motor_9_open,51.0,35.0625,9,31.0,30.0,29.0,30.0,30.0,28.0,31.0,30.0,29.0,32.0,32.0,51.0,48.0,42.0,45.0,43.0
2025-12-25T13:50:01.987837,16732.125,6007,Thumb,motor_13_flexed,51.0,35.0,9,31.0,30.0,29.0,30.0,30.0,28.0,31.0,30.0,29.0,32.0,32.0,51.0,48.0,42.0,45.0,42.0
2025-12-25T13:50:03.891587,16734.029,6007,Thumb,motor_13_open,51.0,34.9375,9,31.0,30.0,29.0,30.0,30.0,28.0,31.0,30.0,29.0,32.0,32.0,51.0,48.0,42.0,44.0,42.0
2025-12-25T13:50:04.787450,16734.924,6008,Thumb,motor_14_flexed,51.0,34.9375,9,31.0,30.0,29.0,30.0,30.0,28.0,31.0,30.0,29.0,32.0,32.0,51.0,48.0,42.0,44.0,42.0
2025-12-25T13:50:06.691199,16736.83,6008,Thumb,motor_14_open,51.0,35.0,9,31.0,30.0,29.0,30.0,30.0,28.0,31.0,30.0,29.0,32.0,32.0,51.0,48.0,42.0,45.0,42.0
2025-12-25T13:50:07.587096,16737.726,6009,Thumb,motor_12_flexed,51.0,34.9375,9,31.0,30.0,29.0,30.0,30.0,28.0,31.0,30.0,29.0,32.0,32.0,51.0,48.0,42.0,44.0,42.0
2025-12-25T13:50:09.490837,16739.629,6009,Thumb,motor_12_open,51.0,35.0,9,31.0,30.0,29.0,30.0,30.0,28.0,31.0,30.0,29.0,32.0,32.0,51.0,48.0,42.0,45.0,42.0
2025-12-25T13:50:10.082761,16740.217,6009,Thumb,motor_12_open_hold,51.0,35.0,9,31.0,30.0,29.0,30.0,30.0,28.0,31.0,30.0,29.0,32.0,32.0,51.0,48.0,42.0,44.0,43.0
2025-12-25T13:50:10.482701,16740.619,6010,Index,motor_2_flexed,51.0,34.9375,9,31.0,30.0,29.0,30.0,30.0,28.0,31.0,30.0,29.0,32.0,32.0,51.0,48.0,42.0,44.0,42.0
2025-12-25T13:50:12.370453,16742.51,6010,Index,motor_2_open,51.0,34.9375,9,31.0,30.0,29.0,30.0,30.0,28.0,31.0,30.0,29.0,32.0,32.0,51.0,48.0,42.0,44.0,42.0
2025-12-25T13:50:13.266320,16743.406,6011,Index,motor_1_flexed,51.0,35.0,9,31.0,30.0,29.0,30.0,30.0,28.0,31.0,30.0,29.0,32.0,32.0,51.0,48.0,42.0,45.0,42.0
2025-12-25T13:50:15.154083,16745.291,6011,Index,motor_1_open,51.0,34.9375,9,31.0,30.0,29.0,30.0,30.0,28.0,31.0,30.0,29.0,32.0,32.0,51.0,48.0,42.0,44.0,42.0
2025-12-25T13:50:16.049964,16746.187,6012,Index,motor_3_flexed,51.0,35.0625,9,31.0,30.0,29.0,30.0,30.0,28.0,31.0,30.0,29.0,32.0,32.0,51.0,48.0,42.0,45.0,43.0
2025-12-25T13:50:17.937706,16748.073,6012,Index,motor_3_open,51.0,34.9375,9,31.0,30.0,29.0,30.0,30.0,28.0,31.0,30.0,29.0,32.0,32.0,51.0,48.0,42.0,44.0,42.0
2025-12-25T13:50:18.833596,16748.973,6013,Middle,motor_11_flexed,51.0,35.0,9,31.0,30.0,29.0,30.0,30.0,28.0,31.0,30.0,29.0,32.0,32.0,51.0,48.0,42.0,45.0,42.0
2025-12-25T13:50:20.721331,16750.861,6013,Middle,motor_11_open,51.0,34.9375,9,31.0,30.0,29.0,30.0,30.0,28.0,31.0,30.0,29.0,32.0,32.0,51.0,48.0,42.0,44.0,42.0
2025-12-25T13:50:21.617217,16751.756,6014,Middle,motor_10_flexed,51.0,34.9375,9,31.0,30.0,29.0,30.0,30.0,28.0,31.0,30.0,29.0,32.0,32.0,51.0,48.0,42.0,44.0,42.0
2025-12-25T13:50:23.504969,16753.646,6014,Middle,motor_10_open,51.0,34.9375,9,31.0,30.0,29.0,30.0,30.0,28.0,31.0,30.0,29.0,32.0,32.0,51.0,48.0,42.0,44.0,42.0
2025-12-25T13:50:24.400848,16754.541,6015,Ring,motor_4_flexed,51.0,35.0,9,31.0,30.0,29.0,30.0,30.0,28.0,31.0,30.0,29.0,32.0,32.0,51.0,48.0,42.0,45.0,42.0
2025-12-25T13:50:26.288612,16756.427,6015,Ring,motor_4_open,51.0,34.9375,9,31.0,30.0,29.0,30.0,30.0,28.0,31.0,30.0,29.0,32.0,32.0,51.0,48.0,42.0,44.0,42.0
2025-12-25T13:50:27.184497,16757.323,6016,Ring,motor_5_flexed,51.0,34.9375,9,31.0,30.0,29.0,30.0,30.0,28.0,31.0,30.0,29.0,32.0,32.0,51.0,48.0,42.0,44.0,42.0
2025-12-25T13:50:29.072249,16759.21,6016,Ring,motor_5_open,51.0,34.9375,9,31.0,30.0,29.0,30.0,30.0,28.0,31.0,30.0,29.0,32.0,32.0,51.0,48.0,42.0,44.0,42.0
2025-12-25T13:50:29.968132,16760.108,6017,Ring,motor_6_flexed,51.0,35.0,9,31.0,30.0,29.0,30.0,30.0,28.0,31.0,30.0,29.0,32.0,32.0,51.0,48.0,42.0,45.0,42.0
2025-12-25T13:50:31.855885,16761.994,6017,Ring,motor_6_open,51.0,35.0625,9,31.0,30.0,29.0,30.0,30.0,28.0,31.0,30.0,29.0,32.0,32.0,51.0,48.0,42.0,45.0,43.0
2025-12-25T13:50:32.751771,16762.89,6018,Pinky,motor_7_flexed,51.0,35.0,9,31.0,30.0,29.0,30.0,30.0,28.0,31.0,30.0,29.0,32.0,32.0,51.0,48.0,42.0,45.0,42.0
2025-12-25T13:50:34.639522,16764.777,6018,Pinky,motor_7_open,51.0,35.0,9,31.0,30.0,29.0,30.0,30.0,28.0,31.0,30.0,29.0,32.0,32.0,51.0,48.0,42.0,45.0,42.0
2025-12-25T13:50:35.535405,16765.674,6019,Pinky,motor_8_flexed,51.0,35.0,9,31.0,30.0,29.0,30.0,30.0,28.0,31.0,30.0,29.0,32.0,32.0,51.0,48.0,42.0,44.0,43.0
2025-12-25T13:50:37.423161,16767.563,6019,Pinky,motor_8_open,51.0,35.125,9,31.0,30.0,29.0,30.0,30.0,28.0,31.0,30.0,29.0,32.0,32.0,51.0,48.0,42.0,46.0,43.0
2025-12-25T13:50:38.319046,16768.457,6020,Pinky,motor_9_flexed,51.0,35.0,9,31.0,30.0,29.0,30.0,30.0,28.0,31.0,30.0,29.0,32.0,32.0,51.0,48.0,42.0,44.0,43.0
2025-12-25T13:50:40.206806,16770.346,6020,Pinky,motor_9_open,51.0,35.0625,9,31.0,30.0,29.0,30.0,30.0,28.0,31.0,30.0,29.0,32.0,32.0,51.0,48.0,42.0,45.0,43.0
2025-12-25T13:50:41.102689,16771.241,6021,Thumb,motor_13_flexed,51.0,35.0,9,31.0,30.0,29.0,30.0,30.0,28.0,31.0,30.0,29.0,32.0,32.0,51.0,48.0,42.0,45.0,42.0
2025-12-25T13:50:42.990445,16773.129,6021,Thumb,motor_13_open,51.0,34.9375,9,31.0,30.0,29.0,30.0,30.0,28.0,31.0,30.0,29.0,32.0,32.0,51.0,48.0,42.0,44.0,42.0
2025-12-25T13:50:43.886326,16774.025,6022,Thumb,motor_14_flexed,51.0,34.9375,9,31.0,30.0,29.0,30.0,30.0,28.0,31.0,30.0,29.0,32.0,32.0,51.0,48.0,42.0,44.0,42.0
2025-12-25T13:50:45.774082,16775.911,6022,Thumb,motor_14_open,51.0,34.9375,9,31.0,30.0,29.0,30.0,30.0,28.0,31.0,30.0,29.0,32.0,32.0,51.0,48.0,42.0,44.0,42.0
2025-12-25T13:50:46.669971,16776.807,6023,Thumb,motor_12_flexed,51.0,34.9375,9,31.0,30.0,29.0,30.0,30.0,28.0,31.0,30.0,29.0,32.0,32.0,51.0,48.0,42.0,44.0,42.0
2025-12-25T13:50:48.557713,16778.696,6023,Thumb,motor_12_open,51.0,35.1875,9,31.0,30.0,29.0,30.0,30.0,28.0,31.0,30.0,29.0,32.0,32.0,51.0,48.0,42.0,45.0,45.0
2025-12-25T13:50:49.453614,16779.593,6024,Index,motor_2_flexed,51.0,34.9375,9,31.0,30.0,29.0,30.0,30.0,28.0,31.0,30.0,29.0,32.0,32.0,51.0,48.0,42.0,44.0,42.0
2025-12-25T13:50:51.341379,16781.479,6024,Index,motor_2_open,51.0,35.0,9,31.0,30.0,29.0,30.0,30.0,28.0,31.0,30.0,29.0,32.0,32.0,51.0,48.0,42.0,45.0,42.0
2025-12-25T13:50:52.237257,16782.375,6025,Index,motor_1_flexed,51.0,34.9375,9,31.0,30.0,29.0,30.0,30.0,28.0,31.0,30.0,29.0,32.0,32.0,51.0,48.0,42.0,44.0,42.0
2025-12-25T13:50:54.124992,16784.263,6025,Index,motor_1_open,51.0,34.9375,9,31.0,30.0,29.0,30.0,30.0,28.0,31.0,30.0,29.0,32.0,32.0,51.0,48.0,42.0,44.0,42.0
2025-12-25T13:50:55.020894,16785.159,6026,Index,motor_3_flexed,51.0,34.9375,9,31.0,30.0,29.0,30.0,30.0,28.0,31.0,30.0,29.0,32.0,32.0,51.0,48.0,42.0,44.0,42.0
2025-12-25T13:50:56.908661,16787.046,6026,Index,motor_3_open,51.0,35.0,9,31.0,30.0,29.0,30.0,30.0,28.0,31.0,30.0,29.0,32.0,32.0,51.0,48.0,42.0,45.0,42.0
2025-12-25T13:50:57.804540,16787.942,6027,Middle,motor_11_flexed,51.0,35.0,9,31.0,30.0,29.0,30.0,30.0,28.0,31.0,30.0,29.0,32.0,32.0,51.0,48.0,42.0,44.0,43.0
2025-12-25T13:50:59.692305,16789.831,6027,Middle,motor_11_open,51.0,35.0,9,31.0,30.0,29.0,30.0,30.0,28.0,31.0,30.0,29.0,32.0,32.0,51.0,48.0,42.0,45.0,42.0
2025-12-25T13:51:00.588204,16790.727,6028,Middle,motor_10_flexed,51.0,35.0,9,31.0,30.0,29.0,30.0,30.0,28.0,31.0,30.0,29.0,32.0,32.0,51.0,48.0,42.0,45.0,42.0
2025-12-25T13:51:02.475958,16792.615,6028,Middle,motor_10_open,51.0,34.9375,9,31.0,30.0,29.0,30.0,30.0,28.0,31.0,30.0,29.0,32.0,32.0,51.0,48.0,42.0,44.0,42.0
2025-12-25T13:51:03.371844,16793.51,6029,Ring,motor_4_flexed,51.0,34.9375,9,31.0,30.0,29.0,30.0,30.0,28.0,31.0,30.0,29.0,32.0,32.0,51.0,48.0,42.0,44.0,42.0
2025-12-25T13:51:05.259618,16795.398,6029,Ring,motor_4_open,51.0,35.0,9,31.0,30.0,29.0,30.0,30.0,28.0,31.0,30.0,29.0,32.0,32.0,51.0,48.0,42.0,45.0,42.0
2025-12-25T13:51:06.155492,16796.295,6030,Ring,motor_5_flexed,51.0,35.0,9,31.0,30.0,29.0,30.0,30.0,28.0,31.0,30.0,29.0,32.0,32.0,51.0,48.0,42.0,45.0,42.0
2025-12-25T13:51:08.043255,16798.183,6030,Ring,motor_5_open,51.0,35.0,9,31.0,30.0,29.0,30.0,30.0,28.0,31.0,30.0,29.0,32.0,32.0,51.0,48.0,42.0,44.0,43.0
2025-12-25T13:51:08.939143,16799.076,6031,Ring,motor_6_flexed,51.0,34.9375,9,31.0,30.0,29.0,30.0,30.0,28.0,31.0,30.0,29.0,32.0,32.0,51.0,48.0,42.0,44.0,42.0
2025-12-25T13:51:10.027006,16800.165,6031,Ring,motor_6_flex_hold,51.0,35.0625,9,31.0,30.0,29.0,30.0,30.0,28.0,31.0,30.0,29.0,32.0,32.0,51.0,48.0,42.0,45.0,43.0
2025-12-25T13:51:10.826907,16800.963,6031,Ring,motor_6_open,51.0,35.0625,9,31.0,30.0,29.0,30.0,30.0,28.0,31.0,30.0,29.0,32.0,32.0,51.0,48.0,42.0,45.0,43.0
2025-12-25T13:51:11.722791,16801.861,6032,Pinky,motor_7_flexed,51.0,35.0,9,31.0,30.0,29.0,30.0,30.0,28.0,31.0,30.0,29.0,32.0,32.0,51.0,48.0,42.0,45.0,42.0
2025-12-25T13:51:13.610559,16803.748,6032,Pinky,motor_7_open,51.0,35.125,9,31.0,30.0,29.0,30.0,30.0,29.0,31.0,30.0,29.0,32.0,32.0,51.0,48.0,42.0,45.0,43.0
2025-12-25T13:51:14.506460,16804.647,6033,Pinky,motor_8_flexed,51.0,35.0625,9,31.0,30.0,29.0,30.0,30.0,28.0,31.0,30.0,29.0,32.0,32.0,51.0,48.0,42.0,45.0,43.0
2025-12-25T13:51:16.394212,16806.531,6033,Pinky,motor_8_open,51.0,34.9375,9,31.0,30.0,29.0,30.0,30.0,28.0,31.0,30.0,29.0,32.0,32.0,51.0,48.0,42.0,44.0,42.0
2025-12-25T13:51:17.290100,16807.429,6034,Pinky,motor_9_flexed,51.0,35.0,9,31.0,30.0,29.0,30.0,30.0,28.0,31.0,30.0,29.0,32.0,32.0,51.0,48.0,42.0,45.0,42.0
2025-12-25T13:51:19.177879,16809.318,6034,Pinky,motor_9_open,51.0,35.0,9,31.0,30.0,29.0,30.0,30.0,28.0,31.0,30.0,29.0,32.0,32.0,51.0,48.0,42.0,44.0,43.0
2025-12-25T13:51:20.073741,16810.21,6035,Thumb,motor_13_flexed,51.0,34.9375,9,31.0,30.0,29.0,30.0,30.0,28.0,31.0,30.0,29.0,32.0,32.0,51.0,48.0,42.0,44.0,42.0
2025-12-25T13:51:21.961523,16812.1,6035,Thumb,motor_13_open,51.0,35.0,9,31.0,30.0,29.0,30.0,30.0,28.0,31.0,30.0,29.0,32.0,32.0,51.0,48.0,42.0,45.0,42.0
2025-12-25T13:51:22.857410,16812.995,6036,Thumb,motor_14_flexed,51.0,35.0,9,31.0,30.0,29.0,30.0,30.0,28.0,31.0,30.0,29.0,32.0,32.0,51.0,48.0,42.0,45.0,42.0
2025-12-25T13:51:24.745165,16814.882,6036,Thumb,motor_14_open,51.0,34.9375,9,31.0,30.0,29.0,30.0,30.0,28.0,31.0,30.0,29.0,32.0,32.0,51.0,48.0,42.0,44.0,42.0
2025-12-25T13:51:25.641068,16815.779,6037,Thumb,motor_12_flexed,51.0,35.0,9,31.0,30.0,29.0,30.0,30.0,28.0,31.0,30.0,29.0,32.0,32.0,51.0,48.0,42.0,44.0,43.0
2025-12-25T13:51:27.528835,16817.668,6037,Thumb,motor_12_open,51.0,34.9375,9,31.0,30.0,29.0,30.0,30.0,28.0,31.0,30.0,29.0,32.0,32.0,51.0,48.0,42.0,44.0,42.0
2025-12-25T13:51:28.424743,16818.563,6038,Index,motor_2_flexed,51.0,35.0,9,31.0,30.0,29.0,30.0,30.0,28.0,31.0,30.0,29.0,32.0,32.0,51.0,48.0,42.0,45.0,42.0
2025-12-25T13:51:30.312483,16820.454,6038,Index,motor_2_open,51.0,35.0,9,31.0,30.0,29.0,30.0,30.0,28.0,31.0,30.0,29.0,32.0,32.0,51.0,48.0,42.0,44.0,43.0
2025-12-25T13:51:31.208384,16821.346,6039,Index,motor_1_flexed,51.0,35.0,9,31.0,30.0,29.0,30.0,30.0,28.0,31.0,30.0,29.0,32.0,32.0,51.0,48.0,42.0,45.0,42.0
2025-12-25T13:51:33.096154,16823.233,6039,Index,motor_1_open,51.0,34.9375,9,31.0,30.0,29.0,30.0,30.0,28.0,31.0,30.0,29.0,32.0,32.0,51.0,48.0,42.0,44.0,42.0
2025-12-25T13:51:33.992042,16824.13,6040,Index,motor_3_flexed,51.0,35.0,9,31.0,30.0,29.0,30.0,30.0,28.0,31.0,30.0,29.0,32.0,32.0,51.0,48.0,42.0,44.0,43.0
2025-12-25T13:51:35.879809,16826.02,6040,Index,motor_3_open,51.0,34.9375,9,31.0,30.0,29.0,30.0,30.0,28.0,31.0,30.0,29.0,32.0,32.0,51.0,48.0,42.0,44.0,42.0
2025-12-25T13:51:36.775704,16826.915,6041,Middle,motor_11_flexed,51.0,35.0625,9,31.0,30.0,29.0,30.0,30.0,28.0,31.0,30.0,29.0,32.0,32.0,51.0,48.0,42.0,45.0,43.0
2025-12-25T13:51:38.663473,16828.798,6041,Middle,motor_11_open,51.0,35.0,9,31.0,30.0,29.0,30.0,30.0,28.0,31.0,30.0,29.0,32.0,32.0,51.0,48.0,42.0,45.0,42.0
2025-12-25T13:51:39.559368,16829.697,6042,Middle,motor_10_flexed,51.0,35.0,9,31.0,30.0,29.0,30.0,30.0,28.0,31.0,30.0,29.0,32.0,32.0,51.0,48.0,42.0,44.0,43.0
2025-12-25T13:51:41.447122,16831.587,6042,Middle,motor_10_open,51.0,35.0,9,31.0,30.0,29.0,30.0,30.0,28.0,31.0,30.0,29.0,32.0,32.0,51.0,48.0,42.0,44.0,43.0
2025-12-25T13:51:42.343029,16832.482,6043,Ring,motor_4_flexed,51.0,34.9375,9,31.0,30.0,29.0,30.0,30.0,28.0,31.0,30.0,29.0,32.0,32.0,51.0,48.0,42.0,44.0,42.0
2025-12-25T13:51:44.230800,16834.37,6043,Ring,motor_4_open,51.0,34.9375,9,31.0,30.0,29.0,30.0,30.0,28.0,31.0,30.0,29.0,32.0,32.0,51.0,48.0,42.0,44.0,42.0
2025-12-25T13:51:45.126687,16835.263,6044,Ring,motor_5_flexed,51.0,34.9375,9,31.0,30.0,29.0,30.0,30.0,28.0,31.0,30.0,29.0,32.0,32.0,51.0,48.0,42.0,44.0,42.0
2025-12-25T13:51:47.014465,16837.152,6044,Ring,motor_5_open,51.0,34.9375,9,31.0,30.0,29.0,30.0,30.0,28.0,31.0,30.0,29.0,32.0,32.0,51.0,48.0,42.0,44.0,42.0
2025-12-25T13:51:47.910362,16838.05,6045,Ring,motor_6_flexed,51.0,35.0,9,31.0,30.0,29.0,30.0,30.0,28.0,31.0,30.0,29.0,32.0,32.0,51.0,48.0,42.0,45.0,42.0
2025-12-25T13:51:49.798130,16839.936,6045,Ring,motor_6_open,51.0,34.875,9,31.0,30.0,29.0,30.0,30.0,28.0,31.0,30.0,29.0,32.0,32.0,51.0,48.0,42.0,45.0,40.0
2025-12-25T13:51:50.694022,16840.83,6046,Pinky,motor_7_flexed,51.0,35.0,9,31.0,30.0,29.0,30.0,30.0,28.0,31.0,30.0,29.0,32.0,32.0,51.0,48.0,42.0,44.0,43.0
2025-12-25T13:51:52.581795,16842.717,6046,Pinky,motor_7_open,51.0,34.9375,9,31.0,30.0,29.0,30.0,30.0,28.0,31.0,30.0,29.0,32.0,32.0,51.0,48.0,42.0,44.0,42.0
2025-12-25T13:51:53.477688,16843.616,6047,Pinky,motor_8_flexed,51.0,35.125,9,31.0,30.0,29.0,30.0,30.0,28.0,31.0,30.0,29.0,32.0,32.0,51.0,48.0,42.0,44.0,45.0
2025-12-25T13:51:55.365458,16845.504,6047,Pinky,motor_8_open,51.0,35.0,9,31.0,30.0,29.0,30.0,30.0,28.0,31.0,30.0,29.0,32.0,32.0,51.0,48.0,42.0,44.0,43.0
2025-12-25T13:51:56.261351,16846.399,6048,Pinky,motor_9_flexed,51.0,34.9375,9,31.0,30.0,29.0,30.0,30.0,28.0,31.0,30.0,29.0,32.0,32.0,51.0,48.0,42.0,44.0,42.0
2025-12-25T13:51:58.149130,16848.284,6048,Pinky,motor_9_open,51.0,35.0,9,31.0,30.0,29.0,30.0,30.0,28.0,31.0,30.0,29.0,32.0,32.0,51.0,48.0,42.0,44.0,43.0
2025-12-25T13:51:59.045020,16849.184,6049,Thumb,motor_13_flexed,51.0,34.9375,9,31.0,30.0,29.0,30.0,30.0,28.0,31.0,30.0,29.0,32.0,32.0,51.0,48.0,42.0,44.0,42.0
2025-12-25T13:52:00.932795,16851.071,6049,Thumb,motor_13_open,51.0,35.0,9,31.0,30.0,29.0,30.0,30.0,28.0,31.0,30.0,29.0,32.0,32.0,51.0,48.0,42.0,45.0,42.0
2025-12-25T13:52:01.828688,16851.967,6050,Thumb,motor_14_flexed,51.0,35.0,9,31.0,30.0,29.0,30.0,30.0,28.0,31.0,30.0,29.0,32.0,32.0,51.0,48.0,42.0,45.0,42.0
2025-12-25T13:52:03.732467,16853.869,6050,Thumb,motor_14_open,51.0,35.0,9,31.0,30.0,29.0,30.0,30.0,28.0,31.0,30.0,29.0,32.0,32.0,51.0,48.0,42.0,45.0,42.0
2025-12-25T13:52:04.628354,16854.765,6051,Thumb,motor_12_flexed,51.0,34.9375,9,31.0,30.0,29.0,30.0,30.0,28.0,31.0,30.0,29.0,32.0,32.0,51.0,48.0,42.0,44.0,42.0
2025-12-25T13:52:06.516132,16856.656,6051,Thumb,motor_12_open,51.0,34.9375,9,31.0,30.0,29.0,30.0,30.0,28.0,31.0,30.0,29.0,32.0,32.0,51.0,48.0,42.0,44.0,42.0
2025-12-25T13:52:07.412033,16857.552,6052,Index,motor_2_flexed,51.0,35.0625,9,31.0,30.0,29.0,30.0,30.0,28.0,31.0,30.0,29.0,32.0,32.0,51.0,48.0,42.0,45.0,43.0
2025-12-25T13:52:09.299808,16859.437,6052,Index,motor_2_open,51.0,34.9375,9,31.0,30.0,29.0,30.0,30.0,28.0,31.0,30.0,29.0,32.0,32.0,51.0,48.0,42.0,44.0,42.0
2025-12-25T13:52:09.891723,16860.026,6052,Index,motor_2_open_hold,51.0,35.0,9,31.0,30.0,29.0,30.0,30.0,28.0,31.0,30.0,29.0,32.0,32.0,51.0,48.0,42.0,45.0,42.0
2025-12-25T13:52:10.291667,16860.428,6053,Index,motor_1_flexed,51.0,34.9375,9,31.0,30.0,29.0,30.0,30.0,28.0,31.0,30.0,29.0,32.0,32.0,51.0,48.0,42.0,44.0,42.0
2025-12-25T13:52:12.179460,16862.317,6053,Index,motor_1_open,51.0,35.0625,9,31.0,30.0,29.0,30.0,30.0,28.0,31.0,30.0,29.0,32.0,32.0,51.0,48.0,42.0,45.0,43.0
2025-12-25T13:52:13.075340,16863.214,6054,Index,motor_3_flexed,51.0,34.9375,9,31.0,30.0,29.0,30.0,30.0,28.0,31.0,30.0,29.0,32.0,32.0,51.0,48.0,42.0,44.0,42.0
2025-12-25T13:52:14.963117,16865.102,6054,Index,motor_3_open,51.0,35.0,9,31.0,30.0,29.0,30.0,30.0,28.0,31.0,30.0,29.0,32.0,32.0,51.0,48.0,42.0,44.0,43.0
2025-12-25T13:52:15.859010,16865.998,6055,Middle,motor_11_flexed,51.0,34.9375,9,31.0,30.0,29.0,30.0,30.0,28.0,31.0,30.0,29.0,32.0,32.0,51.0,48.0,42.0,44.0,42.0
2025-12-25T13:52:17.762791,16867.9,6055,Middle,motor_11_open,51.0,34.9375,9,31.0,30.0,29.0,30.0,30.0,28.0,31.0,30.0,29.0,32.0,32.0,51.0,48.0,42.0,44.0,42.0
2025-12-25T13:52:18.658683,16868.799,6056,Middle,motor_10_flexed,51.0,35.0,9,31.0,30.0,29.0,30.0,30.0,28.0,31.0,30.0,29.0,32.0,32.0,51.0,48.0,42.0,45.0,42.0
2025-12-25T13:52:20.546465,16870.684,6056,Middle,motor_10_open,51.0,35.0625,9,31.0,30.0,29.0,30.0,30.0,28.0,31.0,30.0,29.0,32.0,32.0,51.0,48.0,42.0,45.0,43.0
2025-12-25T13:52:21.442400,16871.58,6057,Ring,motor_4_flexed,51.0,34.9375,9,31.0,30.0,29.0,30.0,30.0,28.0,31.0,30.0,29.0,32.0,32.0,51.0,48.0,42.0,44.0,42.0
2025-12-25T13:52:23.330148,16873.466,6057,Ring,motor_4_open,51.0,34.9375,9,31.0,30.0,29.0,30.0,30.0,28.0,31.0,30.0,29.0,32.0,32.0,51.0,48.0,42.0,44.0,42.0
2025-12-25T13:52:24.226043,16874.361,6058,Ring,motor_5_flexed,51.0,34.875,9,31.0,30.0,29.0,30.0,30.0,28.0,31.0,30.0,29.0,32.0,32.0,51.0,47.0,42.0,44.0,42.0
2025-12-25T13:52:26.113828,16876.25,6058,Ring,motor_5_open,51.0,34.875,9,31.0,30.0,29.0,30.0,30.0,28.0,31.0,30.0,29.0,32.0,32.0,51.0,47.0,42.0,44.0,42.0
2025-12-25T13:52:27.009718,16877.146,6059,Ring,motor_6_flexed,51.0,34.875,9,31.0,30.0,29.0,30.0,30.0,28.0,31.0,30.0,29.0,32.0,32.0,51.0,47.0,42.0,44.0,42.0
2025-12-25T13:52:28.897482,16879.034,6059,Ring,motor_6_open,51.0,34.875,9,31.0,30.0,29.0,30.0,30.0,28.0,31.0,30.0,29.0,32.0,32.0,51.0,47.0,42.0,44.0,42.0
2025-12-25T13:52:29.793378,16879.929,6060,Pinky,motor_7_flexed,51.0,35.0,9,31.0,30.0,29.0,30.0,30.0,28.0,31.0,30.0,29.0,32.0,32.0,51.0,47.0,42.0,45.0,43.0
2025-12-25T13:52:31.681161,16881.82,6060,Pinky,motor_7_open,51.0,34.9375,9,31.0,30.0,29.0,30.0,30.0,28.0,31.0,30.0,29.0,32.0,32.0,51.0,47.0,42.0,44.0,43.0
2025-12-25T13:52:32.577058,16882.714,6061,Pinky,motor_8_flexed,51.0,34.875,9,31.0,30.0,29.0,30.0,30.0,28.0,31.0,30.0,29.0,32.0,32.0,51.0,47.0,42.0,44.0,42.0
2025-12-25T13:52:34.464840,16884.6,6061,Pinky,motor_8_open,51.0,34.9375,9,31.0,30.0,29.0,30.0,30.0,28.0,31.0,30.0,29.0,32.0,32.0,51.0,47.0,42.0,45.0,42.0
2025-12-25T13:52:35.360737,16885.494,6062,Pinky,motor_9_flexed,51.0,34.875,9,31.0,30.0,29.0,30.0,30.0,28.0,31.0,30.0,29.0,32.0,32.0,51.0,47.0,42.0,44.0,42.0
2025-12-25T13:52:37.248519,16887.388,6062,Pinky,motor_9_open,51.0,34.9375,9,31.0,30.0,29.0,30.0,30.0,28.0,31.0,30.0,29.0,32.0,32.0,51.0,47.0,42.0,45.0,42.0
2025-12-25T13:52:38.144418,16888.283,6063,Thumb,motor_13_flexed,51.0,34.9375,9,31.0,30.0,29.0,30.0,30.0,28.0,31.0,30.0,29.0,32.0,32.0,51.0,47.0,42.0,45.0,42.0
2025-12-25T13:52:40.032212,16890.169,6063,Thumb,motor_13_open,51.0,35.0,9,31.0,30.0,29.0,30.0,30.0,28.0,31.0,30.0,29.0,32.0,32.0,51.0,47.0,42.0,45.0,43.0
2025-12-25T13:52:40.928108,16891.067,6064,Thumb,motor_14_flexed,51.0,34.875,9,31.0,30.0,29.0,30.0,30.0,28.0,31.0,30.0,29.0,32.0,32.0,51.0,47.0,42.0,44.0,42.0
2025-12-25T13:52:42.815881,16892.954,6064,Thumb,motor_14_open,51.0,34.9375,9,31.0,30.0,29.0,30.0,30.0,28.0,31.0,30.0,29.0,32.0,32.0,51.0,47.0,42.0,45.0,42.0
2025-12-25T13:52:43.711791,16893.851,6065,Thumb,motor_12_flexed,51.0,34.9375,9,31.0,30.0,29.0,30.0,30.0,28.0,31.0,30.0,29.0,32.0,32.0,51.0,47.0,42.0,45.0,42.0
2025-12-25T13:52:45.599575,16895.738,6065,Thumb,motor_12_open,51.0,34.9375,9,31.0,30.0,29.0,30.0,30.0,28.0,31.0,30.0,29.0,32.0,32.0,51.0,47.0,42.0,45.0,42.0
2025-12-25T13:52:46.495473,16896.635,6066,Index,motor_2_flexed,51.0,34.875,9,31.0,30.0,29.0,30.0,30.0,28.0,31.0,30.0,29.0,32.0,32.0,51.0,47.0,42.0,44.0,42.0
2025-12-25T13:52:48.383255,16898.519,6066,Index,motor_2_open,51.0,34.875,9,31.0,30.0,29.0,30.0,30.0,28.0,31.0,30.0,29.0,32.0,32.0,51.0,47.0,42.0,44.0,42.0
2025-12-25T13:52:49.279156,16899.417,6067,Index,motor_1_flexed,51.0,34.9375,9,31.0,30.0,29.0,30.0,30.0,28.0,31.0,30.0,29.0,32.0,32.0,51.0,47.0,42.0,45.0,42.0
2025-12-25T13:52:51.166945,16901.306,6067,Index,motor_1_open,51.0,34.875,9,31.0,30.0,29.0,30.0,30.0,28.0,31.0,30.0,29.0,32.0,32.0,51.0,47.0,42.0,44.0,42.0
2025-12-25T13:52:52.062843,16902.2,6068,Index,motor_3_flexed,51.0,34.9375,9,31.0,30.0,29.0,30.0,30.0,28.0,31.0,30.0,29.0,32.0,32.0,51.0,47.0,42.0,45.0,42.0
2025-12-25T13:52:53.950624,16904.089,6068,Index,motor_3_open,51.0,35.0,9,31.0,30.0,29.0,30.0,30.0,28.0,31.0,30.0,29.0,32.0,32.0,51.0,47.0,42.0,45.0,43.0
2025-12-25T13:52:54.846527,16904.986,6069,Middle,motor_11_flexed,51.0,34.875,9,31.0,30.0,29.0,30.0,30.0,28.0,31.0,30.0,29.0,32.0,32.0,51.0,47.0,42.0,44.0,42.0
2025-12-25T13:52:56.734310,16906.873,6069,Middle,motor_11_open,51.0,34.9375,9,31.0,30.0,29.0,30.0,30.0,28.0,31.0,30.0,29.0,32.0,32.0,51.0,47.0,42.0,45.0,42.0
2025-12-25T13:52:57.630210,16907.768,6070,Middle,motor_10_flexed,51.0,34.6875,9,31.0,30.0,29.0,30.0,30.0,28.0,31.0,30.0,29.0,32.0,32.0,51.0,47.0,42.0,44.0,39.0
2025-12-25T13:52:59.517997,16909.657,6070,Middle,motor_10_open,51.0,35.0,9,31.0,30.0,29.0,30.0,30.0,28.0,31.0,30.0,29.0,32.0,32.0,51.0,47.0,42.0,45.0,43.0
2025-12-25T13:53:00.413901,16910.553,6071,Ring,motor_4_flexed,51.0,34.9375,9,31.0,30.0,29.0,30.0,30.0,28.0,31.0,30.0,29.0,32.0,32.0,51.0,47.0,42.0,44.0,43.0
2025-12-25T13:53:02.301677,16912.44,6071,Ring,motor_4_open,51.0,34.9375,9,31.0,30.0,29.0,30.0,30.0,28.0,31.0,30.0,29.0,32.0,32.0,51.0,47.0,42.0,45.0,42.0
2025-12-25T13:53:03.197584,16913.333,6072,Ring,motor_5_flexed,51.0,35.0,9,31.0,30.0,29.0,30.0,30.0,28.0,31.0,30.0,29.0,32.0,32.0,51.0,47.0,42.0,45.0,43.0
2025-12-25T13:53:05.085374,16915.224,6072,Ring,motor_5_open,51.0,34.9375,9,31.0,30.0,29.0,30.0,30.0,28.0,31.0,30.0,29.0,32.0,32.0,51.0,47.0,42.0,45.0,42.0
2025-12-25T13:53:05.981265,16916.12,6073,Ring,motor_6_flexed,51.0,34.875,9,31.0,30.0,29.0,30.0,30.0,28.0,31.0,30.0,29.0,32.0,32.0,51.0,47.0,42.0,44.0,42.0
2025-12-25T13:53:07.869051,16918.007,6073,Ring,motor_6_open,51.0,34.875,9,31.0,30.0,29.0,30.0,30.0,28.0,31.0,30.0,29.0,32.0,32.0,51.0,47.0,42.0,44.0,42.0
2025-12-25T13:53:08.764951,16918.901,6074,Pinky,motor_7_flexed,51.0,34.875,9,31.0,30.0,29.0,30.0,30.0,28.0,31.0,30.0,29.0,32.0,32.0,51.0,47.0,42.0,44.0,42.0
2025-12-25T13:53:10.348772,16920.491,6074,Pinky,motor_7_flex_hold,51.0,34.9375,9,31.0,30.0,29.0,30.0,30.0,28.0,31.0,30.0,29.0,32.0,32.0,51.0,47.0,42.0,44.0,43.0
2025-12-25T13:53:10.748729,16920.884,6074,Pinky,motor_7_open,51.0,35.0,9,31.0,30.0,29.0,30.0,30.0,28.0,31.0,30.0,29.0,32.0,32.0,51.0,47.0,42.0,45.0,43.0
2025-12-25T13:53:11.644639,16921.775,6075,Pinky,motor_8_flexed,51.0,34.75,9,31.0,30.0,29.0,30.0,30.0,28.0,31.0,30.0,29.0,32.0,32.0,51.0,47.0,42.0,44.0,40.0
2025-12-25T13:53:13.532429,16923.672,6075,Pinky,motor_8_open,51.0,35.0,9,31.0,30.0,29.0,30.0,30.0,28.0,31.0,30.0,29.0,32.0,32.0,51.0,48.0,42.0,45.0,42.0
2025-12-25T13:53:14.428348,16924.568,6076,Pinky,motor_9_flexed,51.0,35.0625,9,31.0,30.0,29.0,30.0,30.0,28.0,31.0,30.0,29.0,32.0,32.0,51.0,48.0,42.0,45.0,43.0
2025-12-25T13:53:16.316123,16926.453,6076,Pinky,motor_9_open,51.0,35.0,9,31.0,30.0,29.0,30.0,30.0,28.0,31.0,30.0,29.0,32.0,32.0,51.0,48.0,42.0,45.0,42.0
2025-12-25T13:53:17.212024,16927.35,6077,Thumb,motor_13_flexed,51.0,34.9375,9,31.0,30.0,29.0,30.0,30.0,28.0,31.0,30.0,29.0,32.0,32.0,51.0,48.0,42.0,44.0,42.0
2025-12-25T13:53:19.099812,16929.238,6077,Thumb,motor_13_open,51.0,34.9375,9,31.0,30.0,29.0,30.0,30.0,28.0,31.0,30.0,29.0,32.0,32.0,51.0,48.0,42.0,44.0,42.0
2025-12-25T13:53:19.995717,16930.132,6078,Thumb,motor_14_flexed,51.0,35.0,9,31.0,30.0,29.0,30.0,30.0,28.0,31.0,30.0,29.0,32.0,32.0,51.0,48.0,42.0,45.0,42.0
2025-12-25T13:53:21.883500,16932.02,6078,Thumb,motor_14_open,51.0,34.9375,9,31.0,30.0,29.0,30.0,30.0,28.0,31.0,30.0,29.0,32.0,32.0,51.0,48.0,42.0,44.0,42.0
2025-12-25T13:53:22.779398,16932.914,6079,Thumb,motor_12_flexed,51.0,34.875,9,31.0,30.0,29.0,30.0,30.0,28.0,31.0,30.0,29.0,32.0,32.0,51.0,48.0,42.0,43.0,42.0
2025-12-25T13:53:24.667190,16934.801,6079,Thumb,motor_12_open,51.0,34.9375,9,31.0,30.0,29.0,30.0,30.0,28.0,31.0,30.0,29.0,32.0,32.0,51.0,48.0,42.0,44.0,42.0
2025-12-25T13:53:25.563092,16935.702,6080,Index,motor_2_flexed,51.0,34.9375,9,31.0,30.0,29.0,30.0,30.0,28.0,31.0,30.0,29.0,32.0,32.0,51.0,48.0,42.0,44.0,42.0
2025-12-25T13:53:27.450883,16937.588,6080,Index,motor_2_open,51.0,35.0,9,31.0,30.0,29.0,30.0,30.0,28.0,31.0,30.0,29.0,32.0,32.0,51.0,48.0,42.0,45.0,42.0
2025-12-25T13:53:28.346784,16938.483,6081,Index,motor_1_flexed,51.0,35.0,9,31.0,30.0,29.0,30.0,30.0,28.0,31.0,30.0,29.0,32.0,32.0,51.0,48.0,42.0,45.0,42.0
2025-12-25T13:53:30.234579,16940.366,6081,Index,motor_1_open,51.0,35.0,9,31.0,30.0,29.0,30.0,30.0,28.0,31.0,30.0,29.0,32.0,32.0,51.0,48.0,42.0,45.0,42.0
2025-12-25T13:53:31.130480,16941.261,6082,Index,motor_3_flexed,51.0,34.9375,9,31.0,30.0,29.0,30.0,30.0,28.0,31.0,30.0,29.0,32.0,32.0,51.0,48.0,42.0,44.0,42.0
2025-12-25T13:53:33.018272,16943.149,6082,Index,motor_3_open,51.0,35.0,9,31.0,30.0,29.0,30.0,30.0,28.0,31.0,30.0,29.0,32.0,32.0,51.0,48.0,42.0,45.0,42.0
2025-12-25T13:53:33.914175,16944.047,6083,Middle,motor_11_flexed,51.0,34.9375,9,31.0,30.0,29.0,30.0,30.0,28.0,31.0,30.0,29.0,32.0,32.0,51.0,48.0,42.0,44.0,42.0
2025-12-25T13:53:35.801969,16945.933,6083,Middle,motor_11_open,51.0,34.9375,9,31.0,30.0,29.0,30.0,30.0,28.0,31.0,30.0,29.0,32.0,32.0,51.0,48.0,42.0,44.0,42.0
2025-12-25T13:53:36.697869,16946.828,6084,Middle,motor_10_flexed,51.0,34.9375,9,31.0,30.0,29.0,30.0,30.0,28.0,31.0,30.0,29.0,32.0,32.0,51.0,48.0,42.0,44.0,42.0
2025-12-25T13:53:38.585667,16948.724,6084,Middle,motor_10_open,51.0,34.9375,9,31.0,30.0,29.0,30.0,30.0,28.0,31.0,30.0,29.0,32.0,32.0,51.0,48.0,42.0,44.0,42.0
2025-12-25T13:53:39.481568,16949.612,6085,Ring,motor_4_flexed,51.0,35.0,9,31.0,30.0,29.0,30.0,30.0,28.0,31.0,30.0,29.0,32.0,32.0,51.0,48.0,42.0,45.0,42.0
2025-12-25T13:53:41.369368,16951.507,6085,Ring,motor_4_open,51.0,34.9375,9,31.0,30.0,29.0,30.0,30.0,28.0,31.0,30.0,29.0,32.0,32.0,51.0,48.0,42.0,44.0,42.0
2025-12-25T13:53:42.265267,16952.396,6086,Ring,motor_5_flexed,51.0,35.0,9,31.0,30.0,29.0,30.0,30.0,28.0,31.0,30.0,29.0,32.0,32.0,51.0,48.0,42.0,44.0,43.0
2025-12-25T13:53:44.153081,16954.291,6086,Ring,motor_5_open,51.0,34.9375,9,31.0,30.0,29.0,30.0,30.0,28.0,31.0,30.0,29.0,32.0,32.0,51.0,48.0,42.0,44.0,42.0
2025-12-25T13:53:45.048981,16955.186,6087,Ring,motor_6_flexed,51.0,35.0625,9,31.0,30.0,29.0,30.0,30.0,28.0,31.0,30.0,29.0,32.0,32.0,51.0,48.0,42.0,45.0,43.0
2025-12-25T13:53:46.936769,16957.075,6087,Ring,motor_6_open,51.0,34.9375,9,31.0,30.0,29.0,30.0,30.0,28.0,31.0,30.0,29.0,32.0,32.0,51.0,48.0,42.0,44.0,42.0
2025-12-25T13:53:47.832659,16957.969,6088,Pinky,motor_7_flexed,51.0,34.9375,9,31.0,30.0,29.0,30.0,30.0,28.0,31.0,30.0,29.0,32.0,32.0,51.0,48.0,42.0,44.0,42.0
2025-12-25T13:53:49.720465,16959.86,6088,Pinky,motor_7_open,51.0,35.0625,9,31.0,30.0,29.0,30.0,30.0,28.0,31.0,30.0,29.0,32.0,32.0,51.0,48.0,42.0,45.0,43.0
2025-12-25T13:53:50.616381,16960.753,6089,Pinky,motor_8_flexed,51.0,35.0,9,31.0,30.0,29.0,30.0,30.0,28.0,31.0,30.0,29.0,32.0,32.0,51.0,48.0,42.0,44.0,43.0
2025-12-25T13:53:52.504176,16962.644,6089,Pinky,motor_8_open,51.0,34.9375,9,31.0,30.0,29.0,30.0,30.0,28.0,31.0,30.0,29.0,32.0,32.0,51.0,48.0,42.0,44.0,42.0
2025-12-25T13:53:53.400086,16963.538,6090,Pinky,motor_9_flexed,51.0,34.9375,9,31.0,30.0,29.0,30.0,30.0,28.0,31.0,30.0,29.0,32.0,32.0,51.0,48.0,42.0,44.0,42.0
2025-12-25T13:53:55.287876,16965.425,6090,Pinky,motor_9_open,51.0,35.0625,9,31.0,30.0,29.0,30.0,30.0,28.0,31.0,30.0,29.0,32.0,32.0,51.0,48.0,42.0,45.0,43.0
2025-12-25T13:53:56.183783,16966.324,6091,Thumb,motor_13_flexed,51.0,34.9375,9,31.0,30.0,29.0,30.0,30.0,28.0,31.0,30.0,29.0,32.0,32.0,51.0,48.0,42.0,44.0,42.0
2025-12-25T13:53:58.071589,16968.207,6091,Thumb,motor_13_open,51.0,35.0,9,31.0,30.0,29.0,30.0,30.0,28.0,31.0,30.0,29.0,32.0,32.0,51.0,48.0,42.0,44.0,43.0
2025-12-25T13:53:58.967477,16969.104,6092,Thumb,motor_14_flexed,51.0,35.0,9,31.0,30.0,29.0,30.0,30.0,28.0,31.0,30.0,29.0,32.0,32.0,51.0,48.0,42.0,44.0,43.0
2025-12-25T13:54:00.855284,16970.993,6092,Thumb,motor_14_open,51.0,34.9375,9,31.0,30.0,29.0,30.0,30.0,28.0,31.0,30.0,29.0,32.0,32.0,51.0,48.0,42.0,44.0,42.0
2025-12-25T13:54:01.751190,16971.891,6093,Thumb,motor_12_flexed,51.0,34.9375,9,31.0,30.0,29.0,30.0,30.0,28.0,31.0,30.0,29.0,32.0,32.0,51.0,48.0,42.0,44.0,42.0
2025-12-25T13:54:03.638989,16973.776,6093,Thumb,motor_12_open,51.0,35.0,9,31.0,30.0,29.0,30.0,30.0,28.0,31.0,30.0,29.0,32.0,32.0,51.0,48.0,42.0,45.0,42.0
2025-12-25T13:54:04.534894,16974.672,6094,Index,motor_2_flexed,51.0,34.9375,9,31.0,30.0,29.0,30.0,30.0,28.0,31.0,30.0,29.0,32.0,32.0,51.0,48.0,42.0,44.0,42.0
2025-12-25T13:54:06.422693,16976.561,6094,Index,motor_2_open,51.0,34.9375,9,31.0,30.0,29.0,30.0,30.0,28.0,31.0,30.0,29.0,32.0,32.0,51.0,48.0,42.0,44.0,42.0
2025-12-25T13:54:07.318611,16977.457,6095,Index,motor_1_flexed,51.0,35.0,9,31.0,30.0,29.0,30.0,30.0,28.0,31.0,30.0,29.0,32.0,32.0,51.0,48.0,42.0,45.0,42.0
2025-12-25T13:54:09.206389,16979.344,6095,Index,motor_1_open,51.0,35.0,9,31.0,30.0,29.0,30.0,30.0,28.0,31.0,30.0,29.0,32.0,32.0,51.0,48.0,42.0,45.0,42.0
2025-12-25T13:54:10.102293,16980.239,6096,Index,motor_3_flexed,51.0,34.9375,9,31.0,30.0,29.0,30.0,30.0,28.0,31.0,30.0,29.0,32.0,32.0,51.0,48.0,42.0,44.0,42.0
2025-12-25T13:54:11.990106,16982.127,6096,Index,motor_3_open,51.0,34.9375,9,31.0,30.0,29.0,30.0,30.0,28.0,31.0,30.0,29.0,32.0,32.0,51.0,48.0,42.0,44.0,42.0
2025-12-25T13:54:12.885996,16983.017,6097,Middle,motor_11_flexed,51.0,34.9375,9,31.0,30.0,29.0,30.0,30.0,28.0,31.0,30.0,29.0,32.0,32.0,51.0,48.0,42.0,44.0,42.0
2025-12-25T13:54:14.773801,16984.912,6097,Middle,motor_11_open,51.0,35.0,9,31.0,30.0,29.0,30.0,30.0,28.0,31.0,30.0,29.0,32.0,32.0,51.0,48.0,42.0,45.0,42.0
2025-12-25T13:54:15.669718,16985.806,6098,Middle,motor_10_flexed,51.0,34.9375,9,31.0,30.0,29.0,30.0,30.0,28.0,31.0,30.0,29.0,32.0,32.0,51.0,48.0,42.0,44.0,42.0
2025-12-25T13:54:17.557518,16987.698,6098,Middle,motor_10_open,51.0,35.0,9,31.0,30.0,29.0,30.0,30.0,28.0,31.0,30.0,29.0,32.0,32.0,51.0,48.0,42.0,44.0,43.0
2025-12-25T13:54:18.453424,16988.593,6099,Ring,motor_4_flexed,51.0,35.0,9,31.0,30.0,29.0,30.0,30.0,28.0,31.0,30.0,29.0,32.0,32.0,51.0,48.0,42.0,45.0,42.0
2025-12-25T13:54:20.341224,16990.475,6099,Ring,motor_4_open,51.0,34.9375,9,31.0,30.0,29.0,30.0,30.0,28.0,31.0,30.0,29.0,32.0,32.0,51.0,48.0,42.0,44.0,42.0
2025-12-25T13:54:21.237150,16991.373,6100,Ring,motor_5_flexed,51.0,34.9375,9,31.0,30.0,29.0,30.0,30.0,28.0,31.0,30.0,29.0,32.0,32.0,51.0,48.0,42.0,44.0,42.0
2025-12-25T13:54:23.124935,16993.265,6100,Ring,motor_5_open,51.0,34.9375,9,31.0,30.0,29.0,30.0,30.0,28.0,31.0,30.0,29.0,32.0,32.0,51.0,48.0,42.0,44.0,42.0
2025-12-25T13:54:24.020842,16994.159,6101,Ring,motor_6_flexed,51.0,35.0,9,31.0,30.0,29.0,30.0,30.0,28.0,31.0,30.0,29.0,32.0,32.0,51.0,48.0,42.0,45.0,42.0
2025-12-25T13:54:25.908633,16996.048,6101,Ring,motor_6_open,51.0,35.0,9,31.0,30.0,29.0,30.0,30.0,28.0,31.0,30.0,29.0,32.0,32.0,51.0,48.0,42.0,45.0,42.0
2025-12-25T13:54:26.804542,16996.941,6102,Pinky,motor_7_flexed,51.0,34.9375,9,31.0,30.0,29.0,30.0,30.0,28.0,31.0,30.0,29.0,32.0,32.0,51.0,48.0,42.0,44.0,42.0
2025-12-25T13:54:28.692341,16998.829,6102,Pinky,motor_7_open,51.0,34.9375,9,31.0,30.0,29.0,30.0,30.0,28.0,31.0,30.0,29.0,32.0,32.0,51.0,48.0,42.0,44.0,42.0
2025-12-25T13:54:29.588248,16999.725,6103,Pinky,motor_8_flexed,51.0,35.0625,9,31.0,30.0,29.0,30.0,30.0,28.0,31.0,30.0,29.0,32.0,32.0,51.0,48.0,42.0,45.0,43.0
2025-12-25T13:54:31.476064,17001.614,6103,Pinky,motor_8_open,51.0,35.0,9,31.0,30.0,29.0,30.0,30.0,28.0,31.0,30.0,29.0,32.0,32.0,51.0,48.0,42.0,45.0,42.0
2025-12-25T13:54:32.371975,17002.511,6104,Pinky,motor_9_flexed,51.0,35.0625,9,31.0,30.0,29.0,30.0,30.0,28.0,31.0,30.0,29.0,32.0,32.0,51.0,48.0,42.0,45.0,43.0
2025-12-25T13:54:34.259776,17004.398,6104,Pinky,motor_9_open,51.0,35.0,9,31.0,30.0,29.0,30.0,30.0,28.0,31.0,30.0,29.0,32.0,32.0,51.0,48.0,42.0,44.0,43.0
2025-12-25T13:54:35.155681,17005.289,6105,Thumb,motor_13_flexed,51.0,35.0,9,31.0,30.0,29.0,30.0,30.0,28.0,31.0,30.0,29.0,32.0,32.0,51.0,48.0,42.0,45.0,42.0
2025-12-25T13:54:37.043485,17007.182,6105,Thumb,motor_13_open,51.0,34.9375,9,31.0,30.0,29.0,30.0,30.0,28.0,31.0,30.0,29.0,32.0,32.0,51.0,48.0,42.0,44.0,42.0
2025-12-25T13:54:37.939397,17008.078,6106,Thumb,motor_14_flexed,51.0,35.0,9,31.0,30.0,29.0,30.0,30.0,28.0,31.0,30.0,29.0,32.0,32.0,51.0,48.0,42.0,45.0,42.0
2025-12-25T13:54:39.827203,17009.966,6106,Thumb,motor_14_open,51.0,34.9375,9,31.0,30.0,29.0,30.0,30.0,28.0,31.0,30.0,29.0,32.0,32.0,51.0,48.0,42.0,44.0,42.0
2025-12-25T13:54:40.723111,17010.86,6107,Thumb,motor_12_flexed,51.0,35.0,9,31.0,30.0,29.0,30.0,30.0,28.0,31.0,30.0,29.0,32.0,32.0,51.0,48.0,42.0,44.0,43.0
2025-12-25T13:54:42.610906,17012.746,6107,Thumb,motor_12_open,51.0,34.9375,9,31.0,30.0,29.0,30.0,30.0,28.0,31.0,30.0,29.0,32.0,32.0,51.0,48.0,42.0,44.0,42.0
2025-12-25T13:54:43.506825,17013.646,6108,Index,motor_2_flexed,51.0,34.9375,9,31.0,30.0,29.0,30.0,30.0,28.0,31.0,30.0,29.0,32.0,32.0,51.0,48.0,42.0,44.0,42.0
2025-12-25T13:54:45.394628,17015.532,6108,Index,motor_2_open,51.0,34.9375,9,31.0,30.0,29.0,30.0,30.0,28.0,31.0,30.0,29.0,32.0,32.0,51.0,48.0,42.0,44.0,42.0
2025-12-25T13:54:46.290538,17016.428,6109,Index,motor_1_flexed,51.0,34.9375,9,31.0,30.0,29.0,30.0,30.0,28.0,31.0,30.0,29.0,32.0,32.0,51.0,48.0,42.0,44.0,42.0
2025-12-25T13:54:48.178344,17018.314,6109,Index,motor_1_open,51.0,34.9375,9,31.0,30.0,29.0,30.0,30.0,28.0,31.0,30.0,29.0,32.0,32.0,51.0,48.0,42.0,44.0,42.0
2025-12-25T13:54:49.074253,17019.212,6110,Index,motor_3_flexed,51.0,35.0,9,31.0,30.0,29.0,30.0,30.0,28.0,31.0,30.0,29.0,32.0,32.0,51.0,48.0,42.0,44.0,43.0
2025-12-25T13:54:50.962063,17021.102,6110,Index,motor_3_open,51.0,34.9375,9,31.0,30.0,29.0,30.0,30.0,28.0,31.0,30.0,29.0,32.0,32.0,51.0,48.0,42.0,44.0,42.0
2025-12-25T13:54:51.857971,17021.996,6111,Middle,motor_11_flexed,51.0,34.9375,9,31.0,30.0,29.0,30.0,30.0,28.0,31.0,30.0,29.0,32.0,32.0,51.0,48.0,42.0,44.0,42.0
2025-12-25T13:54:53.745797,17023.883,6111,Middle,motor_11_open,51.0,34.9375,9,31.0,30.0,29.0,30.0,30.0,28.0,31.0,30.0,29.0,32.0,32.0,51.0,48.0,42.0,44.0,42.0
2025-12-25T13:54:54.641704,17024.779,6112,Middle,motor_10_flexed,51.0,34.9375,9,31.0,30.0,29.0,30.0,30.0,28.0,31.0,30.0,29.0,32.0,32.0,51.0,48.0,42.0,44.0,42.0
2025-12-25T13:54:56.529512,17026.669,6112,Middle,motor_10_open,51.0,34.9375,9,31.0,30.0,29.0,30.0,30.0,28.0,31.0,30.0,29.0,32.0,32.0,51.0,48.0,42.0,44.0,42.0
2025-12-25T13:54:57.425422,17027.565,6113,Ring,motor_4_flexed,51.0,34.9375,9,31.0,30.0,29.0,30.0,30.0,28.0,31.0,30.0,29.0,32.0,32.0,51.0,48.0,42.0,44.0,42.0
2025-12-25T13:54:59.313232,17029.45,6113,Ring,motor_4_open,51.0,34.9375,9,31.0,30.0,29.0,30.0,30.0,28.0,31.0,30.0,29.0,32.0,32.0,51.0,48.0,42.0,44.0,42.0
2025-12-25T13:55:00.209146,17030.345,6114,Ring,motor_5_flexed,51.0,35.0,9,31.0,30.0,29.0,30.0,30.0,28.0,31.0,30.0,29.0,32.0,32.0,51.0,48.0,42.0,45.0,42.0
2025-12-25T13:55:02.096952,17032.237,6114,Ring,motor_5_open,51.0,34.9375,9,31.0,30.0,29.0,30.0,30.0,28.0,31.0,30.0,29.0,32.0,32.0,51.0,48.0,42.0,44.0,42.0
2025-12-25T13:55:02.992859,17033.13,6115,Ring,motor_6_flexed,51.0,35.0,9,31.0,30.0,29.0,30.0,30.0,28.0,31.0,30.0,29.0,32.0,32.0,51.0,48.0,42.0,45.0,42.0
2025-12-25T13:55:04.880676,17035.019,6115,Ring,motor_6_open,51.0,34.9375,9,31.0,30.0,29.0,30.0,30.0,28.0,31.0,30.0,29.0,32.0,32.0,51.0,48.0,42.0,44.0,42.0
2025-12-25T13:55:05.776540,17035.913,6116,Pinky,motor_7_flexed,51.0,34.9375,9,31.0,30.0,29.0,30.0,30.0,28.0,31.0,30.0,29.0,32.0,32.0,51.0,48.0,42.0,44.0,42.0
2025-12-25T13:55:07.664357,17037.804,6116,Pinky,motor_7_open,51.0,34.9375,9,31.0,30.0,29.0,30.0,30.0,28.0,31.0,30.0,29.0,32.0,32.0,51.0,48.0,42.0,44.0,42.0
2025-12-25T13:55:08.560270,17038.699,6117,Pinky,motor_8_flexed,51.0,34.875,9,31.0,30.0,29.0,30.0,30.0,28.0,31.0,30.0,29.0,32.0,32.0,51.0,48.0,41.0,44.0,42.0
2025-12-25T13:55:10.144110,17040.286,6117,Pinky,motor_8_flex_hold,51.0,34.875,9,31.0,30.0,29.0,30.0,30.0,28.0,31.0,30.0,29.0,32.0,32.0,51.0,48.0,41.0,44.0,42.0
2025-12-25T13:55:10.544070,17040.682,6117,Pinky,motor_8_open,51.0,34.9375,9,31.0,30.0,29.0,30.0,30.0,28.0,31.0,30.0,29.0,32.0,32.0,51.0,48.0,41.0,44.0,43.0
2025-12-25T13:55:11.439983,17041.578,6118,Pinky,motor_9_flexed,51.0,34.875,9,31.0,30.0,29.0,30.0,30.0,28.0,31.0,30.0,29.0,32.0,32.0,51.0,48.0,41.0,44.0,42.0
2025-12-25T13:55:13.327797,17043.467,6118,Pinky,motor_9_open,51.0,35.0625,9,31.0,30.0,29.0,30.0,30.0,28.0,31.0,30.0,29.0,32.0,32.0,51.0,48.0,42.0,45.0,43.0
2025-12-25T13:55:14.223715,17044.361,6119,Thumb,motor_13_flexed,51.0,34.9375,9,31.0,30.0,29.0,30.0,30.0,28.0,31.0,30.0,29.0,32.0,32.0,51.0,48.0,42.0,44.0,42.0
2025-12-25T13:55:16.111519,17046.25,6119,Thumb,motor_13_open,51.0,35.0625,9,31.0,30.0,29.0,30.0,30.0,28.0,31.0,30.0,29.0,32.0,32.0,51.0,48.0,42.0,45.0,43.0
2025-12-25T13:55:17.007431,17047.147,6120,Thumb,motor_14_flexed,51.0,35.0,9,31.0,30.0,29.0,30.0,30.0,28.0,31.0,30.0,29.0,32.0,32.0,51.0,48.0,42.0,45.0,42.0
2025-12-25T13:55:18.895258,17049.033,6120,Thumb,motor_14_open,51.0,35.0,9,31.0,30.0,29.0,30.0,30.0,28.0,31.0,30.0,29.0,32.0,32.0,51.0,48.0,42.0,45.0,42.0
2025-12-25T13:55:19.791150,17049.931,6121,Thumb,motor_12_flexed,51.0,34.9375,9,31.0,30.0,29.0,30.0,30.0,28.0,31.0,30.0,29.0,32.0,32.0,51.0,48.0,42.0,44.0,42.0
2025-12-25T13:55:21.678961,17051.82,6121,Thumb,motor_12_open,51.0,35.0,9,31.0,30.0,29.0,30.0,30.0,28.0,31.0,30.0,29.0,32.0,32.0,51.0,48.0,42.0,45.0,42.0
2025-12-25T13:55:22.574873,17052.712,6122,Index,motor_2_flexed,51.0,35.0,9,31.0,30.0,29.0,30.0,30.0,28.0,31.0,30.0,29.0,32.0,32.0,51.0,48.0,42.0,45.0,42.0
2025-12-25T13:55:24.462686,17054.601,6122,Index,motor_2_open,51.0,35.125,9,31.0,30.0,29.0,30.0,30.0,28.0,31.0,30.0,29.0,32.0,32.0,51.0,48.0,42.0,44.0,45.0
2025-12-25T13:55:25.358585,17055.494,6123,Index,motor_1_flexed,51.0,35.0,9,31.0,30.0,29.0,30.0,30.0,28.0,31.0,30.0,29.0,32.0,32.0,51.0,48.0,42.0,44.0,43.0
2025-12-25T13:55:27.246410,17057.386,6123,Index,motor_1_open,51.0,35.0,9,31.0,30.0,29.0,30.0,30.0,28.0,31.0,30.0,29.0,32.0,32.0,51.0,48.0,42.0,45.0,42.0
2025-12-25T13:55:28.142321,17058.277,6124,Index,motor_3_flexed,51.0,35.0,9,31.0,30.0,29.0,30.0,30.0,28.0,31.0,30.0,29.0,32.0,32.0,51.0,48.0,42.0,44.0,43.0
2025-12-25T13:55:30.030132,17060.165,6124,Index,motor_3_open,51.0,35.1875,9,31.0,30.0,29.0,30.0,30.0,28.0,31.0,30.0,29.0,32.0,32.0,51.0,48.0,42.0,45.0,45.0
2025-12-25T13:55:30.926034,17061.057,6125,Middle,motor_11_flexed,51.0,35.0,9,31.0,30.0,29.0,30.0,30.0,28.0,31.0,30.0,29.0,32.0,32.0,51.0,48.0,42.0,44.0,43.0
2025-12-25T13:55:32.813862,17062.953,6125,Middle,motor_11_open,51.0,35.0,9,31.0,30.0,29.0,30.0,30.0,28.0,31.0,30.0,29.0,32.0,32.0,51.0,48.0,42.0,45.0,42.0
2025-12-25T13:55:33.709760,17063.841,6126,Middle,motor_10_flexed,51.0,34.9375,9,31.0,30.0,29.0,30.0,30.0,28.0,31.0,30.0,29.0,32.0,32.0,51.0,48.0,42.0,44.0,42.0
2025-12-25T13:55:35.597584,17065.732,6126,Middle,motor_10_open,51.0,35.0,9,31.0,30.0,29.0,30.0,30.0,28.0,31.0,30.0,29.0,32.0,32.0,51.0,48.0,42.0,44.0,43.0
2025-12-25T13:55:36.493497,17066.631,6127,Ring,motor_4_flexed,51.0,35.0,9,31.0,30.0,29.0,30.0,30.0,28.0,31.0,30.0,29.0,32.0,32.0,51.0,48.0,42.0,44.0,43.0
2025-12-25T13:55:38.381311,17068.522,6127,Ring,motor_4_open,51.0,35.0,9,31.0,30.0,29.0,30.0,30.0,28.0,31.0,30.0,29.0,32.0,32.0,51.0,48.0,42.0,45.0,42.0
2025-12-25T13:55:39.277222,17069.415,6128,Ring,motor_5_flexed,51.0,35.0625,9,31.0,30.0,29.0,30.0,30.0,28.0,31.0,30.0,29.0,32.0,32.0,51.0,48.0,42.0,45.0,43.0
2025-12-25T13:55:41.165035,17071.302,6128,Ring,motor_5_open,51.0,34.9375,9,31.0,30.0,29.0,30.0,30.0,28.0,31.0,30.0,29.0,32.0,32.0,51.0,48.0,42.0,44.0,42.0
2025-12-25T13:55:42.060952,17072.199,6129,Ring,motor_6_flexed,51.0,35.0,9,31.0,30.0,29.0,30.0,30.0,28.0,31.0,30.0,29.0,32.0,32.0,51.0,48.0,42.0,45.0,42.0
2025-12-25T13:55:43.948765,17074.088,6129,Ring,motor_6_open,51.0,35.0,9,31.0,30.0,29.0,30.0,30.0,28.0,31.0,30.0,29.0,32.0,32.0,51.0,48.0,42.0,45.0,42.0
2025-12-25T13:55:44.844675,17074.985,6130,Pinky,motor_7_flexed,51.0,35.0625,9,31.0,30.0,29.0,30.0,30.0,28.0,31.0,30.0,29.0,32.0,32.0,51.0,48.0,42.0,45.0,43.0
2025-12-25T13:55:46.732490,17076.872,6130,Pinky,motor_7_open,51.0,35.0,9,31.0,30.0,29.0,30.0,30.0,28.0,31.0,30.0,29.0,32.0,32.0,51.0,48.0,42.0,44.0,43.0
2025-12-25T13:55:47.628406,17077.766,6131,Pinky,motor_8_flexed,51.0,34.9375,9,31.0,30.0,29.0,30.0,30.0,28.0,31.0,30.0,29.0,32.0,32.0,51.0,48.0,42.0,44.0,42.0
2025-12-25T13:55:49.516219,17079.655,6131,Pinky,motor_8_open,51.0,35.0,9,31.0,30.0,29.0,30.0,30.0,28.0,31.0,30.0,29.0,32.0,32.0,51.0,48.0,42.0,45.0,42.0
2025-12-25T13:55:50.412131,17080.552,6132,Pinky,motor_9_flexed,51.0,35.0,9,31.0,30.0,29.0,30.0,30.0,28.0,31.0,30.0,29.0,32.0,32.0,51.0,48.0,42.0,45.0,42.0
2025-12-25T13:55:52.299947,17082.437,6132,Pinky,motor_9_open,51.0,34.9375,9,31.0,30.0,29.0,30.0,30.0,28.0,31.0,30.0,29.0,32.0,32.0,51.0,48.0,42.0,44.0,42.0
2025-12-25T13:55:53.195852,17083.334,6133,Thumb,motor_13_flexed,51.0,35.0,9,31.0,30.0,29.0,30.0,30.0,28.0,31.0,30.0,29.0,32.0,32.0,51.0,48.0,42.0,45.0,42.0
2025-12-25T13:55:55.083670,17085.222,6133,Thumb,motor_13_open,51.0,35.0,9,31.0,30.0,29.0,30.0,30.0,28.0,31.0,30.0,29.0,32.0,32.0,51.0,48.0,42.0,45.0,42.0
2025-12-25T13:55:55.979583,17086.12,6134,Thumb,motor_14_flexed,51.0,34.9375,9,31.0,30.0,29.0,30.0,30.0,28.0,31.0,30.0,29.0,32.0,32.0,51.0,48.0,42.0,44.0,42.0
2025-12-25T13:55:57.867396,17088.004,6134,Thumb,motor_14_open,51.0,34.9375,9,31.0,30.0,29.0,30.0,30.0,28.0,31.0,30.0,29.0,32.0,32.0,51.0,48.0,42.0,44.0,42.0
2025-12-25T13:55:58.763316,17088.901,6135,Thumb,motor_12_flexed,51.0,34.9375,9,31.0,30.0,29.0,30.0,30.0,28.0,31.0,30.0,29.0,32.0,32.0,51.0,48.0,42.0,44.0,42.0
2025-12-25T13:56:00.651139,17090.788,6135,Thumb,motor_12_open,51.0,34.9375,9,31.0,30.0,29.0,30.0,30.0,28.0,31.0,30.0,29.0,32.0,32.0,51.0,48.0,42.0,44.0,42.0
2025-12-25T13:56:01.547042,17091.678,6136,Index,motor_2_flexed,51.0,35.0,9,31.0,30.0,29.0,30.0,30.0,28.0,31.0,30.0,29.0,32.0,32.0,51.0,48.0,42.0,45.0,42.0
2025-12-25T13:56:03.434870,17093.572,6136,Index,motor_2_open,51.0,34.9375,9,31.0,30.0,29.0,30.0,30.0,28.0,31.0,30.0,29.0,32.0,32.0,51.0,48.0,42.0,44.0,42.0
2025-12-25T13:56:04.330785,17094.468,6137,Index,motor_1_flexed,51.0,34.9375,9,31.0,30.0,29.0,30.0,30.0,28.0,31.0,30.0,29.0,32.0,32.0,51.0,48.0,42.0,44.0,42.0
2025-12-25T13:56:06.218603,17096.357,6137,Index,motor_1_open,51.0,34.9375,9,31.0,30.0,29.0,30.0,30.0,28.0,31.0,30.0,29.0,32.0,32.0,51.0,48.0,42.0,44.0,42.0
2025-12-25T13:56:07.114524,17097.253,6138,Index,motor_3_flexed,51.0,35.0625,9,31.0,30.0,29.0,30.0,30.0,28.0,31.0,30.0,29.0,32.0,32.0,51.0,48.0,42.0,45.0,43.0
2025-12-25T13:56:09.002324,17099.133,6138,Index,motor_3_open,51.0,35.0,9,31.0,30.0,29.0,30.0,30.0,28.0,31.0,30.0,29.0,32.0,32.0,51.0,48.0,42.0,45.0,42.0
2025-12-25T13:56:09.898241,17100.034,6139,Middle,motor_11_flexed,51.0,35.0,9,31.0,30.0,29.0,30.0,30.0,28.0,31.0,30.0,29.0,32.0,32.0,51.0,48.0,42.0,44.0,43.0
2025-12-25T13:56:11.786078,17101.918,6139,Middle,motor_11_open,51.0,34.9375,9,31.0,30.0,29.0,30.0,30.0,28.0,31.0,30.0,29.0,32.0,32.0,51.0,48.0,42.0,44.0,42.0
2025-12-25T13:56:12.681983,17102.818,6140,Middle,motor_10_flexed,51.0,35.0,9,31.0,30.0,29.0,30.0,30.0,28.0,31.0,30.0,29.0,32.0,32.0,51.0,48.0,42.0,45.0,42.0
2025-12-25T13:56:14.569805,17104.705,6140,Middle,motor_10_open,51.0,35.0,9,31.0,30.0,29.0,30.0,30.0,28.0,31.0,30.0,29.0,32.0,32.0,51.0,48.0,42.0,45.0,42.0
2025-12-25T13:56:15.465715,17105.602,6141,Ring,motor_4_flexed,51.0,35.0,9,31.0,30.0,29.0,30.0,30.0,28.0,31.0,30.0,29.0,32.0,32.0,51.0,48.0,42.0,45.0,42.0
2025-12-25T13:56:17.353530,17107.489,6141,Ring,motor_4_open,51.0,34.9375,9,31.0,30.0,29.0,30.0,30.0,28.0,31.0,30.0,29.0,32.0,32.0,51.0,48.0,42.0,44.0,42.0
2025-12-25T13:56:18.249445,17108.388,6142,Ring,motor_5_flexed,51.0,35.0,9,31.0,30.0,29.0,30.0,30.0,28.0,31.0,30.0,29.0,32.0,32.0,51.0,48.0,42.0,45.0,42.0
2025-12-25T13:56:20.137258,17110.276,6142,Ring,motor_5_open,51.0,35.0,9,31.0,30.0,29.0,30.0,30.0,28.0,31.0,30.0,29.0,32.0,32.0,51.0,48.0,42.0,45.0,42.0
2025-12-25T13:56:21.033186,17111.169,6143,Ring,motor_6_flexed,51.0,34.9375,9,31.0,30.0,29.0,30.0,30.0,28.0,31.0,30.0,29.0,32.0,32.0,51.0,48.0,42.0,44.0,42.0
2025-12-25T13:56:22.920994,17113.059,6143,Ring,motor_6_open,51.0,34.9375,9,31.0,30.0,29.0,30.0,30.0,28.0,31.0,30.0,29.0,32.0,32.0,51.0,48.0,42.0,44.0,42.0
2025-12-25T13:56:23.816908,17113.953,6144,Pinky,motor_7_flexed,51.0,34.9375,9,31.0,30.0,29.0,30.0,30.0,28.0,31.0,30.0,29.0,32.0,32.0,51.0,48.0,42.0,44.0,42.0
2025-12-25T13:56:25.704745,17115.836,6144,Pinky,motor_7_open,51.0,34.9375,9,31.0,30.0,29.0,30.0,30.0,28.0,31.0,30.0,29.0,32.0,32.0,51.0,48.0,42.0,44.0,42.0
2025-12-25T13:56:26.600650,17116.74,6145,Pinky,motor_8_flexed,51.0,34.9375,9,31.0,30.0,29.0,30.0,30.0,28.0,31.0,30.0,29.0,32.0,32.0,51.0,48.0,42.0,44.0,42.0
2025-12-25T13:56:28.488480,17118.624,6145,Pinky,motor_8_open,51.0,34.9375,9,31.0,30.0,29.0,30.0,30.0,28.0,31.0,30.0,29.0,32.0,32.0,51.0,48.0,42.0,44.0,42.0
2025-12-25T13:56:29.384393,17119.523,6146,Pinky,motor_9_flexed,51.0,35.0,9,31.0,30.0,29.0,30.0,30.0,28.0,31.0,30.0,29.0,32.0,32.0,51.0,48.0,42.0,45.0,42.0
2025-12-25T13:56:31.272214,17121.408,6146,Pinky,motor_9_open,51.0,35.0,9,31.0,30.0,29.0,30.0,30.0,28.0,31.0,30.0,29.0,32.0,32.0,51.0,48.0,42.0,45.0,42.0
2025-12-25T13:56:32.168119,17122.299,6147,Thumb,motor_13_flexed,51.0,35.0,9,31.0,30.0,29.0,30.0,30.0,28.0,31.0,30.0,29.0,32.0,32.0,51.0,48.0,42.0,45.0,42.0
2025-12-25T13:56:34.055950,17124.191,6147,Thumb,motor_13_open,51.0,34.9375,9,31.0,30.0,29.0,30.0,30.0,28.0,31.0,30.0,29.0,32.0,32.0,51.0,48.0,42.0,44.0,42.0
2025-12-25T13:56:34.951866,17125.09,6148,Thumb,motor_14_flexed,51.0,34.875,9,31.0,30.0,29.0,30.0,30.0,28.0,31.0,30.0,29.0,32.0,32.0,51.0,48.0,42.0,43.0,42.0
2025-12-25T13:56:36.839692,17126.98,6148,Thumb,motor_14_open,51.0,34.9375,9,31.0,30.0,29.0,30.0,30.0,28.0,31.0,30.0,29.0,32.0,32.0,51.0,48.0,42.0,44.0,42.0
2025-12-25T13:56:37.735605,17127.873,6149,Thumb,motor_12_flexed,51.0,34.9375,9,31.0,30.0,29.0,30.0,30.0,28.0,31.0,30.0,29.0,32.0,32.0,51.0,48.0,42.0,44.0,42.0
2025-12-25T13:56:39.623415,17129.756,6149,Thumb,motor_12_open,51.0,35.0,9,31.0,30.0,29.0,30.0,30.0,28.0,31.0,30.0,29.0,32.0,32.0,51.0,48.0,42.0,44.0,43.0
2025-12-25T13:56:40.519333,17130.654,6150,Index,motor_2_flexed,51.0,34.9375,9,31.0,30.0,29.0,30.0,30.0,28.0,31.0,30.0,29.0,32.0,32.0,51.0,48.0,42.0,44.0,42.0
2025-12-25T13:56:42.407168,17132.545,6150,Index,motor_2_open,51.0,34.9375,9,31.0,30.0,29.0,30.0,30.0,28.0,31.0,30.0,29.0,32.0,32.0,51.0,48.0,42.0,44.0,42.0
2025-12-25T13:56:43.303081,17133.441,6151,Index,motor_1_flexed,51.0,34.9375,9,31.0,30.0,29.0,30.0,30.0,28.0,31.0,30.0,29.0,32.0,32.0,51.0,48.0,42.0,44.0,42.0
2025-12-25T13:56:45.190906,17135.33,6151,Index,motor_1_open,51.0,35.0,9,31.0,30.0,29.0,30.0,30.0,28.0,31.0,30.0,29.0,32.0,32.0,51.0,48.0,42.0,45.0,42.0
2025-12-25T13:56:46.086825,17136.223,6152,Index,motor_3_flexed,51.0,34.875,9,31.0,30.0,29.0,30.0,30.0,28.0,31.0,30.0,29.0,32.0,32.0,51.0,47.0,42.0,44.0,42.0
2025-12-25T13:56:47.974647,17138.111,6152,Index,motor_3_open,51.0,34.875,9,31.0,30.0,29.0,30.0,30.0,28.0,31.0,30.0,29.0,32.0,32.0,51.0,47.0,42.0,44.0,42.0
2025-12-25T13:56:48.870563,17139.009,6153,Middle,motor_11_flexed,51.0,34.9375,9,31.0,30.0,29.0,30.0,30.0,28.0,31.0,30.0,29.0,32.0,32.0,51.0,48.0,42.0,44.0,42.0
2025-12-25T13:56:50.774386,17140.911,6153,Middle,motor_11_open,51.0,34.9375,9,31.0,30.0,29.0,30.0,30.0,28.0,31.0,30.0,29.0,32.0,32.0,51.0,48.0,42.0,44.0,42.0
2025-12-25T13:56:51.670300,17141.809,6154,Middle,motor_10_flexed,51.0,34.9375,9,31.0,30.0,29.0,30.0,30.0,28.0,31.0,30.0,29.0,32.0,32.0,51.0,48.0,42.0,44.0,42.0
2025-12-25T13:56:53.558126,17143.695,6154,Middle,motor_10_open,51.0,35.0,9,31.0,30.0,29.0,30.0,30.0,28.0,31.0,30.0,29.0,32.0,32.0,51.0,48.0,42.0,45.0,42.0
2025-12-25T13:56:54.454043,17144.592,6155,Ring,motor_4_flexed,51.0,34.9375,9,31.0,30.0,29.0,30.0,30.0,28.0,31.0,30.0,29.0,32.0,32.0,51.0,48.0,42.0,44.0,42.0
2025-12-25T13:56:56.341869,17146.48,6155,Ring,motor_4_open,51.0,34.9375,9,31.0,30.0,29.0,30.0,30.0,28.0,31.0,30.0,29.0,32.0,32.0,51.0,48.0,42.0,44.0,42.0
2025-12-25T13:56:57.237785,17147.374,6156,Ring,motor_5_flexed,51.0,34.9375,9,31.0,30.0,29.0,30.0,30.0,28.0,31.0,30.0,29.0,32.0,32.0,51.0,48.0,42.0,44.0,42.0
2025-12-25T13:56:59.125598,17149.259,6156,Ring,motor_5_open,51.0,34.9375,9,31.0,30.0,29.0,30.0,30.0,28.0,31.0,30.0,29.0,32.0,32.0,51.0,48.0,42.0,44.0,42.0
2025-12-25T13:57:00.021522,17150.153,6157,Ring,motor_6_flexed,51.0,34.9375,9,31.0,30.0,29.0,30.0,30.0,28.0,31.0,30.0,29.0,32.0,32.0,51.0,48.0,42.0,44.0,42.0
2025-12-25T13:57:01.909340,17152.042,6157,Ring,motor_6_open,51.0,35.0,9,31.0,30.0,29.0,30.0,30.0,28.0,31.0,30.0,29.0,32.0,32.0,51.0,48.0,42.0,44.0,43.0
2025-12-25T13:57:02.805298,17152.945,6158,Pinky,motor_7_flexed,51.0,34.9375,9,31.0,30.0,29.0,30.0,30.0,28.0,31.0,30.0,29.0,32.0,32.0,51.0,48.0,42.0,44.0,42.0
2025-12-25T13:57:04.693133,17154.83,6158,Pinky,motor_7_open,51.0,34.9375,9,31.0,30.0,29.0,30.0,30.0,28.0,31.0,30.0,29.0,32.0,32.0,51.0,48.0,42.0,44.0,42.0
2025-12-25T13:57:05.589011,17155.727,6159,Pinky,motor_8_flexed,51.0,34.9375,9,31.0,30.0,29.0,30.0,30.0,28.0,31.0,30.0,29.0,32.0,32.0,51.0,48.0,42.0,44.0,42.0
2025-12-25T13:57:07.476837,17157.614,6159,Pinky,motor_8_open,51.0,34.875,9,31.0,30.0,29.0,30.0,30.0,28.0,31.0,30.0,29.0,32.0,32.0,51.0,48.0,42.0,43.0,42.0
2025-12-25T13:57:08.372756,17158.511,6160,Pinky,motor_9_flexed,51.0,35.0,9,31.0,30.0,29.0,30.0,30.0,28.0,31.0,30.0,29.0,32.0,32.0,51.0,48.0,42.0,45.0,42.0
2025-12-25T13:57:09.956611,17160.098,6160,Pinky,motor_9_flex_hold,51.0,34.9375,9,31.0,30.0,29.0,30.0,30.0,28.0,31.0,30.0,29.0,32.0,32.0,51.0,48.0,42.0,44.0,42.0
2025-12-25T13:57:10.356575,17160.497,6160,Pinky,motor_9_open,51.0,34.9375,9,31.0,30.0,29.0,30.0,30.0,28.0,31.0,30.0,29.0,32.0,32.0,51.0,48.0,42.0,44.0,42.0
2025-12-25T13:57:11.252492,17161.388,6161,Thumb,motor_13_flexed,51.0,35.0,9,31.0,30.0,29.0,30.0,30.0,28.0,31.0,30.0,29.0,32.0,32.0,51.0,48.0,42.0,45.0,42.0
2025-12-25T13:57:13.140318,17163.28,6161,Thumb,motor_13_open,51.0,35.0,9,31.0,30.0,29.0,30.0,30.0,28.0,31.0,30.0,29.0,32.0,32.0,51.0,48.0,42.0,45.0,42.0
2025-12-25T13:57:14.036250,17164.176,6162,Thumb,motor_14_flexed,51.0,34.9375,9,31.0,30.0,29.0,30.0,30.0,28.0,31.0,30.0,29.0,32.0,32.0,51.0,48.0,42.0,44.0,42.0
2025-12-25T13:57:15.924063,17166.062,6162,Thumb,motor_14_open,51.0,35.0,9,31.0,30.0,29.0,30.0,30.0,28.0,31.0,30.0,29.0,32.0,32.0,51.0,48.0,42.0,45.0,42.0
2025-12-25T13:57:16.819981,17166.958,6163,Thumb,motor_12_flexed,51.0,34.9375,9,31.0,30.0,29.0,30.0,30.0,28.0,31.0,30.0,29.0,32.0,32.0,51.0,48.0,42.0,44.0,42.0
2025-12-25T13:57:18.707825,17168.845,6163,Thumb,motor_12_open,51.0,34.9375,9,31.0,30.0,29.0,30.0,30.0,28.0,31.0,30.0,29.0,32.0,32.0,51.0,48.0,42.0,44.0,42.0
2025-12-25T13:57:19.603757,17169.745,6164,Index,motor_2_flexed,51.0,35.0,9,31.0,30.0,29.0,30.0,30.0,28.0,31.0,30.0,29.0,32.0,32.0,51.0,48.0,42.0,45.0,42.0
2025-12-25T13:57:21.491587,17171.631,6164,Index,motor_2_open,51.0,34.9375,9,31.0,30.0,29.0,30.0,30.0,28.0,31.0,30.0,29.0,32.0,32.0,51.0,48.0,42.0,44.0,42.0
2025-12-25T13:57:22.387504,17172.526,6165,Index,motor_1_flexed,51.0,34.9375,9,31.0,30.0,29.0,30.0,30.0,28.0,31.0,30.0,29.0,32.0,32.0,51.0,48.0,42.0,44.0,42.0
2025-12-25T13:57:24.275334,17174.412,6165,Index,motor_1_open,51.0,34.9375,9,31.0,30.0,29.0,30.0,30.0,28.0,31.0,30.0,29.0,32.0,32.0,51.0,48.0,42.0,44.0,42.0
2025-12-25T13:57:25.171253,17175.31,6166,Index,motor_3_flexed,51.0,34.9375,9,31.0,30.0,29.0,30.0,30.0,28.0,31.0,30.0,29.0,32.0,32.0,51.0,48.0,42.0,44.0,42.0
2025-12-25T13:57:27.075079,17177.213,6166,Index,motor_3_open,51.0,35.0,9,31.0,30.0,29.0,30.0,30.0,28.0,31.0,30.0,29.0,32.0,32.0,51.0,48.0,42.0,45.0,42.0
2025-12-25T13:57:27.970971,17178.113,6167,Middle,motor_11_flexed,51.0,35.0,9,31.0,30.0,29.0,30.0,30.0,28.0,31.0,30.0,29.0,32.0,32.0,51.0,48.0,42.0,45.0,42.0
2025-12-25T13:57:29.858828,17179.999,6167,Middle,motor_11_open,51.0,34.9375,9,31.0,30.0,29.0,30.0,30.0,28.0,31.0,30.0,29.0,32.0,32.0,51.0,48.0,42.0,44.0,42.0
2025-12-25T13:57:30.754743,17180.891,6168,Middle,motor_10_flexed,51.0,35.0,9,31.0,30.0,29.0,30.0,30.0,28.0,31.0,30.0,29.0,32.0,32.0,51.0,48.0,42.0,45.0,42.0
2025-12-25T13:57:32.642532,17182.782,6168,Middle,motor_10_open,51.0,34.9375,9,31.0,30.0,29.0,30.0,30.0,28.0,31.0,30.0,29.0,32.0,32.0,51.0,48.0,42.0,44.0,42.0
2025-12-25T13:57:33.538451,17183.675,6169,Ring,motor_4_flexed,51.0,35.0,9,31.0,30.0,29.0,30.0,30.0,28.0,31.0,30.0,29.0,32.0,32.0,51.0,48.0,42.0,45.0,42.0
2025-12-25T13:57:35.426290,17185.563,6169,Ring,motor_4_open,51.0,34.9375,9,31.0,30.0,29.0,30.0,30.0,28.0,31.0,30.0,29.0,32.0,32.0,51.0,48.0,42.0,44.0,42.0
2025-12-25T13:57:36.322208,17186.462,6170,Ring,motor_5_flexed,51.0,34.9375,9,31.0,30.0,29.0,30.0,30.0,28.0,31.0,30.0,29.0,32.0,32.0,51.0,48.0,42.0,44.0,42.0
2025-12-25T13:57:38.210040,17188.351,6170,Ring,motor_5_open,51.0,34.9375,9,31.0,30.0,29.0,30.0,30.0,28.0,31.0,30.0,29.0,32.0,32.0,51.0,48.0,42.0,44.0,42.0
2025-12-25T13:57:39.105958,17189.245,6171,Ring,motor_6_flexed,51.0,34.9375,9,31.0,30.0,29.0,30.0,30.0,28.0,31.0,30.0,29.0,32.0,32.0,51.0,48.0,42.0,44.0,42.0
2025-12-25T13:57:40.993788,17191.132,6171,Ring,motor_6_open,51.0,34.9375,9,31.0,30.0,29.0,30.0,30.0,28.0,31.0,30.0,29.0,32.0,32.0,51.0,48.0,42.0,44.0,42.0
2025-12-25T13:57:41.889740,17192.027,6172,Pinky,motor_7_flexed,51.0,34.9375,9,31.0,30.0,29.0,30.0,30.0,28.0,31.0,30.0,29.0,32.0,32.0,51.0,48.0,42.0,44.0,42.0
2025-12-25T13:57:43.777571,17193.914,6172,Pinky,motor_7_open,51.0,34.9375,9,31.0,30.0,29.0,30.0,30.0,28.0,31.0,30.0,29.0,32.0,32.0,51.0,48.0,42.0,44.0,42.0
2025-12-25T13:57:44.673488,17194.812,6173,Pinky,motor_8_flexed,51.0,34.9375,9,31.0,30.0,29.0,30.0,30.0,28.0,31.0,30.0,29.0,32.0,32.0,51.0,48.0,42.0,44.0,42.0
2025-12-25T13:57:46.561320,17196.702,6173,Pinky,motor_8_open,51.0,34.9375,9,31.0,30.0,29.0,30.0,30.0,28.0,31.0,30.0,29.0,32.0,32.0,51.0,48.0,42.0,44.0,42.0
2025-12-25T13:57:47.457239,17197.595,6174,Pinky,motor_9_flexed,51.0,34.8125,9,31.0,30.0,29.0,30.0,30.0,28.0,31.0,30.0,29.0,32.0,32.0,51.0,48.0,42.0,42.0,42.0
2025-12-25T13:57:49.345070,17199.485,6174,Pinky,motor_9_open,51.0,34.9375,9,31.0,30.0,29.0,30.0,30.0,28.0,31.0,30.0,29.0,32.0,32.0,51.0,48.0,42.0,44.0,42.0
2025-12-25T13:57:50.240987,17200.379,6175,Thumb,motor_13_flexed,51.0,34.9375,9,31.0,30.0,29.0,30.0,30.0,28.0,31.0,30.0,29.0,32.0,32.0,51.0,48.0,42.0,44.0,42.0
2025-12-25T13:57:52.128823,17202.268,6175,Thumb,motor_13_open,51.0,35.0625,9,31.0,30.0,29.0,30.0,30.0,28.0,31.0,30.0,29.0,32.0,32.0,51.0,48.0,42.0,45.0,43.0
2025-12-25T13:57:53.024749,17203.163,6176,Thumb,motor_14_flexed,51.0,34.875,9,31.0,30.0,29.0,30.0,30.0,28.0,31.0,30.0,29.0,32.0,32.0,51.0,47.0,42.0,44.0,42.0
2025-12-25T13:57:54.912578,17205.05,6176,Thumb,motor_14_open,51.0,34.875,9,31.0,30.0,29.0,30.0,30.0,28.0,31.0,30.0,29.0,32.0,32.0,51.0,47.0,42.0,44.0,42.0
2025-12-25T13:57:55.808489,17205.949,6177,Thumb,motor_12_flexed,51.0,34.875,9,31.0,30.0,29.0,30.0,30.0,28.0,31.0,30.0,29.0,32.0,32.0,51.0,47.0,42.0,44.0,42.0
2025-12-25T13:57:57.696330,17207.838,6177,Thumb,motor_12_open,51.0,34.9375,9,31.0,30.0,29.0,30.0,30.0,28.0,31.0,30.0,29.0,32.0,32.0,51.0,47.0,42.0,45.0,42.0
2025-12-25T13:57:58.592241,17208.73,6178,Index,motor_2_flexed,51.0,34.875,9,31.0,30.0,29.0,30.0,30.0,28.0,31.0,30.0,29.0,32.0,32.0,51.0,47.0,42.0,44.0,42.0
2025-12-25T13:58:00.480036,17210.617,6178,Index,motor_2_open,51.0,34.8125,9,31.0,30.0,29.0,30.0,30.0,28.0,31.0,30.0,29.0,31.0,32.0,51.0,47.0,42.0,44.0,42.0
2025-12-25T13:58:01.375959,17211.515,6179,Index,motor_1_flexed,51.0,34.8125,9,31.0,30.0,29.0,30.0,30.0,28.0,31.0,30.0,29.0,31.0,32.0,51.0,47.0,42.0,44.0,42.0
2025-12-25T13:58:03.263789,17213.401,6179,Index,motor_1_open,51.0,34.9375,9,31.0,30.0,29.0,30.0,30.0,28.0,31.0,30.0,29.0,32.0,32.0,51.0,47.0,42.0,45.0,42.0
2025-12-25T13:58:04.159708,17214.296,6180,Index,motor_3_flexed,51.0,34.875,9,31.0,30.0,29.0,30.0,30.0,28.0,31.0,30.0,29.0,32.0,32.0,51.0,47.0,42.0,44.0,42.0
2025-12-25T13:58:06.047546,17216.185,6180,Index,motor_3_open,51.0,34.875,9,31.0,30.0,29.0,30.0,30.0,28.0,31.0,30.0,29.0,32.0,32.0,51.0,47.0,42.0,44.0,42.0
2025-12-25T13:58:06.943471,17217.081,6181,Middle,motor_11_flexed,51.0,34.875,9,31.0,30.0,29.0,30.0,30.0,28.0,31.0,30.0,29.0,32.0,32.0,51.0,47.0,42.0,44.0,42.0
2025-12-25T13:58:08.831299,17218.969,6181,Middle,motor_11_open,51.0,34.875,9,31.0,30.0,29.0,30.0,30.0,28.0,31.0,30.0,29.0,32.0,32.0,51.0,47.0,42.0,44.0,42.0
2025-12-25T13:58:09.727229,17219.866,6182,Middle,motor_10_flexed,51.0,34.875,9,31.0,30.0,29.0,30.0,30.0,28.0,31.0,30.0,29.0,32.0,32.0,51.0,47.0,42.0,44.0,42.0
2025-12-25T13:58:10.815133,17220.953,6182,Middle,motor_10_flex_hold,51.0,34.875,9,31.0,30.0,29.0,30.0,30.0,28.0,31.0,30.0,29.0,32.0,32.0,51.0,47.0,42.0,44.0,42.0
2025-12-25T13:58:11.615073,17221.754,6182,Middle,motor_10_open,51.0,34.875,9,31.0,30.0,29.0,30.0,30.0,28.0,31.0,30.0,29.0,32.0,32.0,51.0,47.0,42.0,44.0,42.0
2025-12-25T13:58:12.510981,17222.649,6183,Ring,motor_4_flexed,51.0,34.875,9,31.0,30.0,29.0,30.0,30.0,28.0,31.0,30.0,29.0,32.0,32.0,51.0,47.0,42.0,44.0,42.0
2025-12-25T13:58:14.398814,17224.538,6183,Ring,motor_4_open,51.0,34.875,9,31.0,30.0,29.0,30.0,30.0,28.0,31.0,30.0,29.0,32.0,32.0,51.0,47.0,42.0,44.0,42.0
2025-12-25T13:58:15.294739,17225.433,6184,Ring,motor_5_flexed,51.0,34.875,9,31.0,30.0,29.0,30.0,30.0,28.0,31.0,30.0,29.0,32.0,32.0,51.0,47.0,42.0,44.0,42.0
2025-12-25T13:58:17.182571,17227.319,6184,Ring,motor_5_open,51.0,34.875,9,31.0,30.0,29.0,30.0,30.0,28.0,31.0,30.0,29.0,32.0,32.0,51.0,47.0,42.0,45.0,41.0
2025-12-25T13:58:18.078490,17228.216,6185,Ring,motor_6_flexed,51.0,34.875,9,31.0,30.0,29.0,30.0,30.0,28.0,31.0,30.0,29.0,32.0,32.0,51.0,47.0,42.0,44.0,42.0
2025-12-25T13:58:19.966324,17230.101,6185,Ring,motor_6_open,51.0,34.875,9,31.0,30.0,29.0,30.0,30.0,28.0,31.0,30.0,29.0,32.0,32.0,51.0,47.0,42.0,44.0,42.0
2025-12-25T13:58:20.862261,17231.001,6186,Pinky,motor_7_flexed,51.0,34.875,9,31.0,30.0,29.0,30.0,30.0,28.0,31.0,30.0,29.0,32.0,32.0,51.0,47.0,42.0,44.0,42.0
2025-12-25T13:58:22.750084,17232.889,6186,Pinky,motor_7_open,51.0,34.875,9,31.0,30.0,29.0,30.0,30.0,28.0,31.0,30.0,29.0,32.0,32.0,51.0,47.0,42.0,44.0,42.0
2025-12-25T13:58:23.646005,17233.781,6187,Pinky,motor_8_flexed,51.0,34.9375,9,31.0,30.0,29.0,30.0,30.0,28.0,31.0,30.0,29.0,32.0,32.0,51.0,48.0,42.0,44.0,42.0
2025-12-25T13:58:25.533854,17235.671,6187,Pinky,motor_8_open,51.0,34.9375,9,31.0,30.0,29.0,30.0,30.0,28.0,31.0,30.0,29.0,32.0,32.0,51.0,48.0,42.0,44.0,42.0
2025-12-25T13:58:26.429761,17236.568,6188,Pinky,motor_9_flexed,51.0,35.0,9,31.0,30.0,29.0,30.0,30.0,28.0,31.0,30.0,29.0,32.0,32.0,51.0,48.0,42.0,45.0,42.0
2025-12-25T13:58:28.317594,17238.454,6188,Pinky,motor_9_open,51.0,34.9375,9,31.0,30.0,29.0,30.0,30.0,28.0,31.0,30.0,29.0,32.0,32.0,51.0,48.0,42.0,44.0,42.0
2025-12-25T13:58:29.213518,17239.349,6189,Thumb,motor_13_flexed,51.0,34.9375,9,31.0,30.0,29.0,30.0,30.0,28.0,31.0,30.0,29.0,32.0,32.0,51.0,48.0,42.0,44.0,42.0
2025-12-25T13:58:31.101337,17241.239,6189,Thumb,motor_13_open,51.0,34.9375,9,31.0,30.0,29.0,30.0,30.0,28.0,31.0,30.0,29.0,32.0,32.0,51.0,48.0,42.0,44.0,42.0
2025-12-25T13:58:31.997267,17242.135,6190,Thumb,motor_14_flexed,51.0,35.0,9,31.0,30.0,29.0,30.0,30.0,28.0,31.0,30.0,29.0,32.0,32.0,51.0,48.0,42.0,45.0,42.0
2025-12-25T13:58:33.885101,17244.023,6190,Thumb,motor_14_open,51.0,34.9375,9,31.0,30.0,29.0,30.0,30.0,28.0,31.0,30.0,29.0,32.0,32.0,51.0,48.0,42.0,44.0,42.0
2025-12-25T13:58:34.781036,17244.918,6191,Thumb,motor_12_flexed,51.0,34.9375,9,31.0,30.0,29.0,30.0,30.0,28.0,31.0,30.0,29.0,32.0,32.0,51.0,48.0,42.0,44.0,42.0
2025-12-25T13:58:36.668871,17246.807,6191,Thumb,motor_12_open,51.0,34.9375,9,31.0,30.0,29.0,30.0,30.0,28.0,31.0,30.0,29.0,32.0,32.0,51.0,48.0,42.0,44.0,42.0
2025-12-25T13:58:37.564792,17247.702,6192,Index,motor_2_flexed,51.0,34.875,9,31.0,30.0,29.0,30.0,30.0,28.0,31.0,30.0,29.0,32.0,32.0,51.0,48.0,42.0,44.0,41.0
2025-12-25T13:58:39.452621,17249.59,6192,Index,motor_2_open,51.0,34.875,9,31.0,30.0,29.0,30.0,30.0,28.0,31.0,30.0,29.0,32.0,32.0,51.0,48.0,42.0,44.0,41.0
2025-12-25T13:58:40.348539,17250.486,6193,Index,motor_1_flexed,51.0,35.0,9,31.0,30.0,29.0,30.0,30.0,28.0,31.0,30.0,29.0,32.0,32.0,51.0,48.0,42.0,45.0,42.0
2025-12-25T13:58:42.236380,17252.376,6193,Index,motor_1_open,51.0,34.9375,9,31.0,30.0,29.0,30.0,30.0,28.0,31.0,30.0,29.0,32.0,32.0,51.0,48.0,42.0,44.0,42.0
2025-12-25T13:58:43.132303,17253.272,6194,Index,motor_3_flexed,51.0,34.9375,9,31.0,30.0,29.0,30.0,30.0,28.0,31.0,30.0,29.0,32.0,32.0,51.0,48.0,42.0,44.0,42.0
2025-12-25T13:58:45.020137,17255.158,6194,Index,motor_3_open,51.0,34.8125,9,31.0,30.0,29.0,30.0,30.0,28.0,31.0,30.0,29.0,31.0,32.0,51.0,48.0,42.0,44.0,41.0
2025-12-25T13:58:45.916060,17256.051,6195,Middle,motor_11_flexed,51.0,35.0,9,31.0,30.0,29.0,30.0,30.0,28.0,31.0,30.0,29.0,32.0,32.0,51.0,48.0,42.0,45.0,42.0
2025-12-25T13:58:47.803905,17257.94,6195,Middle,motor_11_open,51.0,34.9375,9,31.0,30.0,29.0,30.0,30.0,28.0,31.0,30.0,29.0,32.0,32.0,51.0,48.0,42.0,44.0,42.0
2025-12-25T13:58:48.699828,17258.84,6196,Middle,motor_10_flexed,51.0,34.9375,9,31.0,30.0,29.0,30.0,30.0,28.0,31.0,30.0,29.0,32.0,32.0,51.0,48.0,42.0,44.0,42.0
2025-12-25T13:58:50.587658,17260.727,6196,Middle,motor_10_open,51.0,34.9375,9,31.0,30.0,29.0,30.0,30.0,28.0,31.0,30.0,29.0,32.0,32.0,51.0,48.0,42.0,44.0,42.0
2025-12-25T13:58:51.483591,17261.617,6197,Ring,motor_4_flexed,51.0,34.9375,9,31.0,30.0,29.0,30.0,30.0,28.0,31.0,30.0,29.0,32.0,32.0,51.0,48.0,42.0,44.0,42.0
2025-12-25T13:58:53.371427,17263.507,6197,Ring,motor_4_open,51.0,34.9375,9,31.0,30.0,29.0,30.0,30.0,28.0,31.0,30.0,29.0,32.0,32.0,51.0,48.0,42.0,44.0,42.0
2025-12-25T13:58:54.267350,17264.406,6198,Ring,motor_5_flexed,51.0,34.9375,9,31.0,30.0,29.0,30.0,30.0,28.0,31.0,30.0,29.0,32.0,32.0,51.0,48.0,42.0,44.0,42.0
2025-12-25T13:58:56.155190,17266.294,6198,Ring,motor_5_open,51.0,34.9375,9,31.0,30.0,29.0,30.0,30.0,28.0,31.0,30.0,29.0,32.0,32.0,51.0,48.0,42.0,44.0,42.0
2025-12-25T13:58:57.051110,17267.187,6199,Ring,motor_6_flexed,51.0,34.9375,9,31.0,30.0,29.0,30.0,30.0,28.0,31.0,30.0,29.0,32.0,32.0,51.0,48.0,42.0,44.0,42.0
2025-12-25T13:58:58.938951,17269.076,6199,Ring,motor_6_open,51.0,34.9375,9,31.0,30.0,29.0,30.0,30.0,28.0,31.0,30.0,29.0,32.0,32.0,51.0,48.0,42.0,44.0,42.0
2025-12-25T13:58:59.834876,17269.972,6200,Pinky,motor_7_flexed,51.0,34.9375,9,31.0,30.0,29.0,30.0,30.0,28.0,31.0,30.0,29.0,32.0,32.0,51.0,48.0,42.0,44.0,42.0
2025-12-25T13:59:01.722710,17271.861,6200,Pinky,motor_7_open,51.0,34.9375,9,31.0,30.0,29.0,30.0,30.0,28.0,31.0,30.0,29.0,32.0,32.0,51.0,48.0,42.0,44.0,42.0
2025-12-25T13:59:02.618626,17272.757,6201,Pinky,motor_8_flexed,51.0,34.9375,9,31.0,30.0,29.0,30.0,30.0,28.0,31.0,30.0,29.0,32.0,32.0,51.0,48.0,42.0,44.0,42.0
2025-12-25T13:59:04.506470,17274.643,6201,Pinky,motor_8_open,51.0,34.9375,9,31.0,30.0,29.0,30.0,30.0,28.0,31.0,30.0,29.0,32.0,32.0,51.0,48.0,42.0,44.0,42.0
2025-12-25T13:59:05.402390,17275.54,6202,Pinky,motor_9_flexed,51.0,35.0,9,31.0,30.0,29.0,30.0,30.0,28.0,31.0,30.0,29.0,32.0,32.0,51.0,48.0,42.0,45.0,42.0
2025-12-25T13:59:07.290226,17277.429,6202,Pinky,motor_9_open,51.0,34.9375,9,31.0,30.0,29.0,30.0,30.0,28.0,31.0,30.0,29.0,32.0,32.0,51.0,48.0,42.0,44.0,42.0
2025-12-25T13:59:08.186160,17278.323,6203,Thumb,motor_13_flexed,51.0,34.9375,9,31.0,30.0,29.0,30.0,30.0,28.0,31.0,30.0,29.0,32.0,32.0,51.0,48.0,42.0,44.0,42.0
2025-12-25T13:59:10.074001,17280.212,6203,Thumb,motor_13_open,51.0,34.875,9,31.0,30.0,29.0,30.0,30.0,28.0,31.0,30.0,29.0,32.0,32.0,51.0,48.0,42.0,44.0,41.0
2025-12-25T13:59:10.969925,17281.108,6204,Thumb,motor_14_flexed,51.0,34.9375,9,31.0,30.0,29.0,30.0,30.0,28.0,31.0,30.0,29.0,32.0,32.0,51.0,48.0,42.0,44.0,42.0
2025-12-25T13:59:12.857754,17282.996,6204,Thumb,motor_14_open,51.0,34.9375,9,31.0,30.0,29.0,30.0,30.0,28.0,31.0,30.0,29.0,32.0,32.0,51.0,48.0,42.0,44.0,42.0
2025-12-25T13:59:13.753684,17283.894,6205,Thumb,motor_12_flexed,51.0,34.9375,9,31.0,30.0,29.0,30.0,30.0,28.0,31.0,30.0,29.0,32.0,32.0,51.0,48.0,42.0,44.0,42.0
2025-12-25T13:59:15.641529,17285.779,6205,Thumb,motor_12_open,51.0,34.9375,9,31.0,30.0,29.0,30.0,30.0,28.0,31.0,30.0,29.0,32.0,32.0,51.0,48.0,42.0,44.0,42.0
2025-12-25T13:59:16.537450,17286.672,6206,Index,motor_2_flexed,51.0,35.0,9,31.0,30.0,29.0,30.0,30.0,28.0,31.0,30.0,29.0,32.0,32.0,51.0,48.0,42.0,45.0,42.0
2025-12-25T13:59:18.425291,17288.562,6206,Index,motor_2_open,51.0,34.875,9,31.0,30.0,29.0,30.0,30.0,28.0,31.0,30.0,29.0,32.0,32.0,51.0,48.0,42.0,44.0,41.0
2025-12-25T13:59:19.321214,17289.457,6207,Index,motor_1_flexed,51.0,34.9375,9,31.0,30.0,29.0,30.0,30.0,28.0,31.0,30.0,29.0,32.0,32.0,51.0,48.0,42.0,44.0,42.0
2025-12-25T13:59:21.209057,17291.345,6207,Index,motor_1_open,51.0,34.875,9,31.0,30.0,29.0,30.0,30.0,28.0,31.0,30.0,29.0,32.0,32.0,51.0,48.0,42.0,44.0,41.0
2025-12-25T13:59:22.104979,17292.243,6208,Index,motor_3_flexed,51.0,34.9375,9,31.0,30.0,29.0,30.0,30.0,28.0,31.0,30.0,29.0,32.0,32.0,51.0,48.0,42.0,44.0,42.0
2025-12-25T13:59:23.992820,17294.131,6208,Index,motor_3_open,51.0,35.0,9,31.0,30.0,29.0,30.0,30.0,28.0,31.0,30.0,29.0,32.0,32.0,51.0,48.0,42.0,45.0,42.0
2025-12-25T13:59:24.888746,17295.028,6209,Middle,motor_11_flexed,51.0,34.9375,9,31.0,30.0,29.0,30.0,30.0,28.0,31.0,30.0,29.0,32.0,32.0,51.0,48.0,42.0,44.0,42.0
2025-12-25T13:59:26.776576,17296.916,6209,Middle,motor_11_open,51.0,35.0,9,31.0,30.0,29.0,30.0,30.0,28.0,31.0,30.0,29.0,32.0,32.0,51.0,48.0,42.0,44.0,43.0
2025-12-25T13:59:27.672511,17297.81,6210,Middle,motor_10_flexed,51.0,34.8125,9,31.0,30.0,29.0,30.0,30.0,28.0,31.0,30.0,29.0,31.0,32.0,51.0,48.0,42.0,44.0,41.0
2025-12-25T13:59:29.560335,17299.7,6210,Middle,motor_10_open,51.0,35.0,9,31.0,30.0,29.0,30.0,30.0,28.0,31.0,30.0,29.0,32.0,32.0,51.0,48.0,42.0,45.0,42.0
2025-12-25T13:59:30.456276,17300.594,6211,Ring,motor_4_flexed,51.0,34.9375,9,31.0,30.0,29.0,30.0,30.0,28.0,31.0,30.0,29.0,32.0,32.0,51.0,48.0,42.0,44.0,42.0
2025-12-25T13:59:32.344136,17302.483,6211,Ring,motor_4_open,51.0,34.9375,9,31.0,30.0,29.0,30.0,30.0,28.0,31.0,30.0,29.0,32.0,32.0,51.0,48.0,42.0,44.0,42.0
2025-12-25T13:59:33.240044,17303.38,6212,Ring,motor_5_flexed,51.0,35.0,9,31.0,30.0,29.0,30.0,30.0,28.0,31.0,30.0,29.0,32.0,32.0,51.0,48.0,42.0,45.0,42.0
2025-12-25T13:59:35.127883,17305.263,6212,Ring,motor_5_open,51.0,35.0,9,31.0,30.0,29.0,30.0,30.0,28.0,31.0,30.0,29.0,32.0,32.0,51.0,48.0,42.0,44.0,43.0
2025-12-25T13:59:36.023811,17306.162,6213,Ring,motor_6_flexed,51.0,35.0,9,31.0,30.0,29.0,30.0,30.0,28.0,31.0,30.0,29.0,32.0,32.0,51.0,48.0,42.0,45.0,42.0
2025-12-25T13:59:37.911651,17308.051,6213,Ring,motor_6_open,51.0,34.875,9,31.0,30.0,29.0,30.0,30.0,28.0,31.0,30.0,29.0,32.0,32.0,51.0,48.0,42.0,44.0,41.0
2025-12-25T13:59:38.807578,17308.946,6214,Pinky,motor_7_flexed,51.0,34.875,9,31.0,30.0,29.0,30.0,30.0,28.0,31.0,30.0,29.0,32.0,32.0,51.0,48.0,42.0,44.0,41.0
2025-12-25T13:59:40.711416,17310.85,6214,Pinky,motor_7_open,51.0,34.9375,9,31.0,30.0,29.0,30.0,30.0,28.0,31.0,30.0,29.0,32.0,32.0,51.0,48.0,42.0,44.0,42.0
2025-12-25T13:59:41.607329,17311.745,6215,Pinky,motor_8_flexed,51.0,34.9375,9,31.0,30.0,29.0,30.0,30.0,28.0,31.0,30.0,29.0,32.0,32.0,51.0,48.0,42.0,44.0,42.0
2025-12-25T13:59:43.495173,17313.628,6215,Pinky,motor_8_open,51.0,35.0,9,31.0,30.0,29.0,30.0,30.0,28.0,31.0,30.0,29.0,32.0,32.0,51.0,48.0,42.0,45.0,42.0
2025-12-25T13:59:44.391109,17314.53,6216,Pinky,motor_9_flexed,51.0,34.875,9,31.0,30.0,29.0,30.0,30.0,28.0,31.0,30.0,29.0,32.0,32.0,51.0,48.0,42.0,44.0,41.0
2025-12-25T13:59:46.278952,17316.417,6216,Pinky,motor_9_open,51.0,34.9375,9,31.0,30.0,29.0,30.0,30.0,28.0,31.0,30.0,29.0,32.0,32.0,51.0,48.0,42.0,44.0,42.0
2025-12-25T13:59:47.174878,17317.313,6217,Thumb,motor_13_flexed,51.0,34.875,9,31.0,30.0,29.0,30.0,30.0,28.0,31.0,30.0,29.0,32.0,32.0,51.0,48.0,42.0,44.0,41.0
2025-12-25T13:59:49.062739,17319.202,6217,Thumb,motor_13_open,51.0,34.9375,9,31.0,30.0,29.0,30.0,30.0,28.0,31.0,30.0,29.0,32.0,32.0,51.0,48.0,42.0,44.0,42.0
2025-12-25T13:59:49.958662,17320.096,6218,Thumb,motor_14_flexed,51.0,34.9375,9,31.0,30.0,29.0,30.0,30.0,28.0,31.0,30.0,29.0,32.0,32.0,51.0,48.0,42.0,44.0,42.0
2025-12-25T13:59:51.846507,17321.986,6218,Thumb,motor_14_open,51.0,34.9375,9,31.0,30.0,29.0,30.0,30.0,28.0,31.0,30.0,29.0,32.0,32.0,51.0,48.0,42.0,44.0,42.0
2025-12-25T13:59:52.742433,17322.882,6219,Thumb,motor_12_flexed,51.0,34.9375,9,31.0,30.0,29.0,30.0,30.0,28.0,31.0,30.0,29.0,32.0,32.0,51.0,48.0,42.0,44.0,42.0
2025-12-25T13:59:54.630277,17324.77,6219,Thumb,motor_12_open,51.0,34.9375,9,31.0,30.0,29.0,30.0,30.0,28.0,31.0,30.0,29.0,32.0,32.0,51.0,48.0,42.0,44.0,42.0
2025-12-25T13:59:55.526201,17325.666,6220,Index,motor_2_flexed,51.0,34.9375,9,31.0,30.0,29.0,30.0,30.0,28.0,31.0,30.0,29.0,32.0,32.0,51.0,48.0,42.0,44.0,42.0
2025-12-25T13:59:57.414046,17327.551,6220,Index,motor_2_open,51.0,34.9375,9,31.0,30.0,29.0,30.0,30.0,28.0,31.0,30.0,29.0,32.0,32.0,51.0,48.0,42.0,45.0,41.0
2025-12-25T13:59:58.309969,17328.446,6221,Index,motor_1_flexed,51.0,34.9375,9,31.0,30.0,29.0,30.0,30.0,28.0,31.0,30.0,29.0,32.0,32.0,51.0,48.0,42.0,44.0,42.0
2025-12-25T14:00:00.197810,17330.336,6221,Index,motor_1_open,51.0,35.0,9,31.0,30.0,29.0,30.0,30.0,28.0,31.0,30.0,29.0,32.0,32.0,51.0,48.0,42.0,45.0,42.0
2025-12-25T14:00:01.093744,17331.232,6222,Index,motor_3_flexed,51.0,34.9375,9,31.0,30.0,29.0,30.0,30.0,28.0,31.0,30.0,29.0,32.0,32.0,51.0,48.0,42.0,44.0,42.0
2025-12-25T14:00:02.981587,17333.118,6222,Index,motor_3_open,51.0,35.0,9,31.0,30.0,29.0,30.0,30.0,28.0,31.0,30.0,29.0,32.0,32.0,51.0,48.0,42.0,45.0,42.0
2025-12-25T14:00:03.877513,17334.011,6223,Middle,motor_11_flexed,51.0,34.875,9,31.0,30.0,29.0,30.0,30.0,28.0,31.0,30.0,29.0,32.0,32.0,51.0,48.0,42.0,44.0,41.0
2025-12-25T14:00:05.765336,17335.9,6223,Middle,motor_11_open,51.0,35.0,9,31.0,30.0,29.0,30.0,30.0,28.0,31.0,30.0,29.0,32.0,32.0,51.0,48.0,42.0,45.0,42.0
2025-12-25T14:00:06.661269,17336.797,6224,Middle,motor_10_flexed,51.0,35.0,9,31.0,30.0,29.0,30.0,30.0,28.0,31.0,30.0,29.0,32.0,32.0,51.0,48.0,42.0,45.0,42.0
2025-12-25T14:00:08.549108,17338.687,6224,Middle,motor_10_open,51.0,34.9375,9,31.0,30.0,29.0,30.0,30.0,28.0,31.0,30.0,29.0,32.0,32.0,51.0,48.0,42.0,44.0,42.0
2025-12-25T14:00:09.445029,17339.584,6225,Ring,motor_4_flexed,51.0,34.875,9,31.0,30.0,29.0,30.0,30.0,28.0,31.0,30.0,29.0,32.0,32.0,51.0,48.0,42.0,44.0,41.0
2025-12-25T14:00:10.532946,17340.671,6225,Ring,motor_4_flex_hold,51.0,34.875,9,31.0,30.0,29.0,30.0,30.0,28.0,31.0,30.0,29.0,32.0,32.0,51.0,48.0,42.0,44.0,41.0
2025-12-25T14:00:11.332887,17341.471,6225,Ring,motor_4_open,51.0,34.9375,9,31.0,30.0,29.0,30.0,30.0,28.0,31.0,30.0,29.0,32.0,32.0,51.0,48.0,42.0,44.0,42.0
2025-12-25T14:00:12.228805,17342.367,6226,Ring,motor_5_flexed,51.0,34.9375,9,31.0,30.0,29.0,30.0,30.0,28.0,31.0,30.0,29.0,32.0,32.0,51.0,48.0,42.0,44.0,42.0
2025-12-25T14:00:14.116652,17344.256,6226,Ring,motor_5_open,51.0,35.0,9,31.0,30.0,29.0,30.0,30.0,28.0,31.0,30.0,29.0,32.0,32.0,51.0,48.0,42.0,45.0,42.0
2025-12-25T14:00:15.012576,17345.151,6227,Ring,motor_6_flexed,51.0,34.9375,9,31.0,30.0,29.0,30.0,30.0,28.0,31.0,30.0,29.0,32.0,32.0,51.0,48.0,42.0,44.0,42.0
2025-12-25T14:00:16.900425,17347.037,6227,Ring,motor_6_open,51.0,34.9375,9,31.0,30.0,29.0,30.0,30.0,28.0,31.0,30.0,29.0,32.0,32.0,51.0,48.0,42.0,44.0,42.0
2025-12-25T14:00:17.796351,17347.937,6228,Pinky,motor_7_flexed,51.0,34.9375,9,31.0,30.0,29.0,30.0,30.0,28.0,31.0,30.0,29.0,32.0,32.0,51.0,48.0,42.0,44.0,42.0
2025-12-25T14:00:19.684208,17349.823,6228,Pinky,motor_7_open,51.0,34.9375,9,31.0,30.0,29.0,30.0,30.0,28.0,31.0,30.0,29.0,32.0,32.0,51.0,48.0,42.0,44.0,42.0
2025-12-25T14:00:20.580149,17350.717,6229,Pinky,motor_8_flexed,51.0,34.9375,9,31.0,30.0,29.0,30.0,30.0,28.0,31.0,30.0,29.0,32.0,32.0,51.0,48.0,42.0,44.0,42.0
2025-12-25T14:00:22.467967,17352.608,6229,Pinky,motor_8_open,51.0,34.9375,9,31.0,30.0,29.0,30.0,30.0,28.0,31.0,30.0,29.0,32.0,32.0,51.0,48.0,42.0,44.0,42.0
2025-12-25T14:00:23.363885,17353.501,6230,Pinky,motor_9_flexed,51.0,35.1875,9,31.0,30.0,29.0,30.0,30.0,28.0,31.0,30.0,29.0,32.0,32.0,51.0,48.0,42.0,45.0,45.0
2025-12-25T14:00:25.251754,17355.385,6230,Pinky,motor_9_open,51.0,34.9375,9,31.0,30.0,29.0,30.0,30.0,28.0,31.0,30.0,29.0,32.0,32.0,51.0,48.0,42.0,44.0,42.0
2025-12-25T14:00:26.147660,17356.288,6231,Thumb,motor_13_flexed,51.0,34.9375,9,31.0,30.0,29.0,30.0,30.0,28.0,31.0,30.0,29.0,32.0,32.0,51.0,48.0,42.0,44.0,42.0
2025-12-25T14:00:28.035502,17358.172,6231,Thumb,motor_13_open,51.0,34.9375,9,31.0,30.0,29.0,30.0,30.0,28.0,31.0,30.0,29.0,32.0,32.0,51.0,48.0,42.0,44.0,42.0
2025-12-25T14:00:28.931429,17359.066,6232,Thumb,motor_14_flexed,51.0,34.875,9,31.0,30.0,29.0,30.0,30.0,28.0,31.0,30.0,29.0,32.0,32.0,51.0,48.0,42.0,44.0,41.0
2025-12-25T14:00:30.819277,17360.95,6232,Thumb,motor_14_open,51.0,34.9375,9,31.0,30.0,29.0,30.0,30.0,28.0,31.0,30.0,29.0,32.0,32.0,51.0,48.0,42.0,44.0,42.0
2025-12-25T14:00:31.715203,17361.847,6233,Thumb,motor_12_flexed,51.0,34.9375,9,31.0,30.0,29.0,30.0,30.0,28.0,31.0,30.0,29.0,32.0,32.0,51.0,48.0,42.0,44.0,42.0
2025-12-25T14:00:33.603051,17363.743,6233,Thumb,motor_12_open,51.0,35.0,9,31.0,30.0,29.0,30.0,30.0,28.0,31.0,30.0,29.0,32.0,32.0,51.0,48.0,42.0,45.0,42.0
2025-12-25T14:00:34.498990,17364.634,6234,Index,motor_2_flexed,51.0,34.875,9,31.0,30.0,29.0,30.0,30.0,28.0,31.0,30.0,29.0,32.0,32.0,51.0,47.0,42.0,44.0,42.0
2025-12-25T14:00:36.386815,17366.524,6234,Index,motor_2_open,51.0,34.875,9,31.0,30.0,29.0,30.0,30.0,28.0,31.0,30.0,29.0,32.0,32.0,51.0,47.0,42.0,44.0,42.0
2025-12-25T14:00:37.282753,17367.421,6235,Index,motor_1_flexed,51.0,34.875,9,31.0,30.0,29.0,30.0,30.0,28.0,31.0,30.0,29.0,32.0,32.0,51.0,47.0,42.0,44.0,42.0
2025-12-25T14:00:39.170615,17369.308,6235,Index,motor_1_open,51.0,34.875,9,31.0,30.0,29.0,30.0,30.0,28.0,31.0,30.0,29.0,32.0,32.0,51.0,47.0,42.0,44.0,42.0
2025-12-25T14:00:40.066527,17370.199,6236,Index,motor_3_flexed,51.0,34.9375,9,31.0,30.0,29.0,30.0,30.0,28.0,31.0,30.0,29.0,32.0,32.0,51.0,47.0,42.0,45.0,42.0
2025-12-25T14:00:41.954376,17372.092,6236,Index,motor_3_open,51.0,34.875,9,31.0,30.0,29.0,30.0,30.0,28.0,31.0,30.0,29.0,32.0,32.0,51.0,47.0,42.0,44.0,42.0
2025-12-25T14:00:42.850302,17372.987,6237,Middle,motor_11_flexed,51.0,34.875,9,31.0,30.0,29.0,30.0,30.0,28.0,31.0,30.0,29.0,31.0,32.0,51.0,48.0,42.0,44.0,42.0
2025-12-25T14:00:44.738150,17374.868,6237,Middle,motor_11_open,51.0,34.8125,9,31.0,30.0,29.0,30.0,30.0,28.0,31.0,30.0,29.0,32.0,32.0,51.0,48.0,42.0,44.0,40.0
2025-12-25T14:00:45.634081,17375.77,6238,Middle,motor_10_flexed,51.0,34.9375,9,31.0,30.0,29.0,30.0,30.0,28.0,31.0,30.0,29.0,32.0,32.0,51.0,48.0,42.0,44.0,42.0
2025-12-25T14:00:47.521928,17377.659,6238,Middle,motor_10_open,51.0,34.9375,9,31.0,30.0,29.0,30.0,30.0,28.0,31.0,30.0,29.0,32.0,32.0,51.0,48.0,42.0,45.0,41.0
2025-12-25T14:00:48.417871,17378.558,6239,Ring,motor_4_flexed,51.0,34.9375,9,31.0,30.0,29.0,30.0,30.0,28.0,31.0,30.0,29.0,32.0,32.0,51.0,48.0,42.0,44.0,42.0
2025-12-25T14:00:50.305704,17380.444,6239,Ring,motor_4_open,51.0,34.9375,9,31.0,30.0,29.0,30.0,30.0,28.0,31.0,30.0,29.0,32.0,32.0,51.0,48.0,42.0,44.0,42.0
2025-12-25T14:00:51.201653,17381.342,6240,Ring,motor_5_flexed,51.0,34.9375,9,31.0,30.0,29.0,30.0,30.0,28.0,31.0,30.0,29.0,32.0,32.0,51.0,48.0,42.0,44.0,42.0
2025-12-25T14:00:53.089508,17383.227,6240,Ring,motor_5_open,51.0,34.875,9,31.0,30.0,29.0,30.0,30.0,28.0,31.0,30.0,29.0,32.0,32.0,51.0,48.0,42.0,44.0,41.0
2025-12-25T14:00:53.985438,17384.123,6241,Ring,motor_6_flexed,51.0,34.9375,9,31.0,30.0,29.0,30.0,30.0,28.0,31.0,30.0,29.0,32.0,32.0,51.0,48.0,42.0,44.0,42.0
2025-12-25T14:00:55.873285,17386.011,6241,Ring,motor_6_open,51.0,35.0,9,31.0,30.0,29.0,30.0,30.0,28.0,31.0,30.0,29.0,32.0,32.0,51.0,48.0,42.0,45.0,42.0
2025-12-25T14:00:56.769213,17386.906,6242,Pinky,motor_7_flexed,51.0,34.9375,9,31.0,30.0,29.0,30.0,30.0,28.0,31.0,30.0,29.0,32.0,32.0,51.0,48.0,42.0,44.0,42.0
2025-12-25T14:00:58.657061,17388.793,6242,Pinky,motor_7_open,51.0,34.9375,9,31.0,30.0,29.0,30.0,30.0,28.0,31.0,30.0,29.0,32.0,32.0,51.0,48.0,42.0,44.0,42.0
2025-12-25T14:00:59.552990,17389.692,6243,Pinky,motor_8_flexed,51.0,34.9375,9,31.0,30.0,29.0,30.0,30.0,28.0,31.0,30.0,29.0,32.0,32.0,51.0,48.0,42.0,44.0,42.0
2025-12-25T14:01:01.440840,17391.579,6243,Pinky,motor_8_open,51.0,35.0,9,31.0,30.0,29.0,30.0,30.0,28.0,31.0,30.0,29.0,32.0,32.0,51.0,48.0,42.0,45.0,42.0
2025-12-25T14:01:02.336741,17392.477,6244,Pinky,motor_9_flexed,51.0,35.0,9,31.0,30.0,29.0,30.0,30.0,28.0,31.0,30.0,29.0,32.0,32.0,51.0,48.0,42.0,45.0,42.0
2025-12-25T14:01:04.224599,17394.362,6244,Pinky,motor_9_open,51.0,34.9375,9,31.0,30.0,29.0,30.0,30.0,28.0,31.0,30.0,29.0,32.0,32.0,51.0,48.0,42.0,44.0,42.0
2025-12-25T14:01:05.120520,17395.259,6245,Thumb,motor_13_flexed,51.0,34.875,9,31.0,30.0,29.0,30.0,30.0,28.0,31.0,30.0,29.0,32.0,32.0,51.0,48.0,42.0,44.0,41.0
2025-12-25T14:01:07.008375,17397.149,6245,Thumb,motor_13_open,51.0,34.9375,9,31.0,30.0,29.0,30.0,30.0,28.0,31.0,30.0,29.0,32.0,32.0,51.0,48.0,42.0,44.0,42.0
2025-12-25T14:01:07.904305,17398.045,6246,Thumb,motor_14_flexed,51.0,34.9375,9,31.0,30.0,29.0,30.0,30.0,28.0,31.0,30.0,29.0,32.0,32.0,51.0,48.0,42.0,44.0,42.0
2025-12-25T14:01:09.792153,17399.932,6246,Thumb,motor_14_open,51.0,34.9375,9,31.0,30.0,29.0,30.0,30.0,28.0,31.0,30.0,29.0,32.0,32.0,51.0,48.0,42.0,44.0,42.0
2025-12-25T14:01:10.384103,17400.518,6246,Thumb,motor_14_open_hold,51.0,34.9375,9,31.0,30.0,29.0,30.0,30.0,28.0,31.0,30.0,29.0,32.0,32.0,51.0,48.0,42.0,44.0,42.0
2025-12-25T14:01:10.784071,17400.921,6247,Thumb,motor_12_flexed,51.0,34.9375,9,31.0,30.0,29.0,30.0,30.0,28.0,31.0,30.0,29.0,32.0,32.0,51.0,48.0,42.0,44.0,42.0
2025-12-25T14:01:12.671923,17402.81,6247,Thumb,motor_12_open,51.0,34.9375,9,31.0,30.0,29.0,30.0,30.0,28.0,31.0,30.0,29.0,32.0,32.0,51.0,48.0,42.0,44.0,42.0
2025-12-25T14:01:13.567857,17403.707,6248,Index,motor_2_flexed,51.0,34.875,9,31.0,30.0,29.0,30.0,30.0,28.0,31.0,30.0,29.0,32.0,32.0,51.0,48.0,42.0,44.0,41.0
2025-12-25T14:01:15.455704,17405.594,6248,Index,motor_2_open,51.0,34.875,9,31.0,30.0,29.0,30.0,30.0,28.0,31.0,30.0,29.0,32.0,32.0,51.0,48.0,42.0,44.0,41.0
2025-12-25T14:01:16.351631,17406.488,6249,Index,motor_1_flexed,51.0,34.875,9,31.0,30.0,29.0,30.0,30.0,28.0,31.0,30.0,29.0,32.0,32.0,51.0,48.0,42.0,44.0,41.0
2025-12-25T14:01:18.239489,17408.377,6249,Index,motor_1_open,51.0,34.9375,9,31.0,30.0,29.0,30.0,30.0,28.0,31.0,30.0,29.0,32.0,32.0,51.0,48.0,42.0,44.0,42.0
2025-12-25T14:01:19.135413,17409.273,6250,Index,motor_3_flexed,51.0,34.9375,9,31.0,30.0,29.0,30.0,30.0,28.0,31.0,30.0,29.0,32.0,32.0,51.0,48.0,42.0,44.0,42.0
2025-12-25T14:01:21.023248,17411.162,6250,Index,motor_3_open,51.0,35.0,9,31.0,30.0,29.0,30.0,30.0,28.0,31.0,30.0,29.0,32.0,32.0,51.0,48.0,42.0,45.0,42.0
2025-12-25T14:01:21.919189,17412.056,6251,Middle,motor_11_flexed,51.0,34.875,9,31.0,30.0,29.0,30.0,30.0,28.0,31.0,30.0,29.0,32.0,32.0,51.0,48.0,42.0,44.0,41.0
2025-12-25T14:01:23.807039,17413.945,6251,Middle,motor_11_open,51.0,34.9375,9,31.0,30.0,29.0,30.0,30.0,28.0,31.0,30.0,29.0,32.0,32.0,51.0,48.0,42.0,44.0,42.0
2025-12-25T14:01:24.702970,17414.842,6252,Middle,motor_10_flexed,51.0,35.0,9,31.0,30.0,29.0,30.0,30.0,28.0,31.0,30.0,29.0,32.0,32.0,51.0,48.0,42.0,45.0,42.0
2025-12-25T14:01:26.590822,17416.73,6252,Middle,motor_10_open,51.0,34.9375,9,31.0,30.0,29.0,30.0,30.0,28.0,31.0,30.0,29.0,32.0,32.0,51.0,48.0,42.0,44.0,42.0
2025-12-25T14:01:27.486761,17417.622,6253,Ring,motor_4_flexed,51.0,34.9375,9,31.0,30.0,29.0,30.0,30.0,28.0,31.0,30.0,29.0,32.0,32.0,51.0,48.0,42.0,44.0,42.0
2025-12-25T14:01:29.390591,17419.527,6253,Ring,motor_4_open,51.0,34.9375,9,31.0,30.0,29.0,30.0,30.0,28.0,31.0,30.0,29.0,32.0,32.0,51.0,48.0,42.0,44.0,42.0
2025-12-25T14:01:30.286531,17420.425,6254,Ring,motor_5_flexed,51.0,34.875,9,31.0,30.0,29.0,30.0,30.0,28.0,31.0,30.0,29.0,32.0,32.0,51.0,48.0,42.0,44.0,41.0
2025-12-25T14:01:32.174397,17422.313,6254,Ring,motor_5_open,51.0,34.9375,9,31.0,30.0,29.0,30.0,30.0,28.0,31.0,30.0,29.0,32.0,32.0,51.0,48.0,42.0,44.0,42.0
2025-12-25T14:01:33.070312,17423.211,6255,Ring,motor_6_flexed,51.0,34.9375,9,31.0,30.0,29.0,30.0,30.0,28.0,31.0,30.0,29.0,32.0,32.0,51.0,48.0,42.0,45.0,41.0
2025-12-25T14:01:34.958154,17425.096,6255,Ring,motor_6_open,51.0,34.9375,9,31.0,30.0,29.0,30.0,30.0,28.0,31.0,30.0,29.0,32.0,32.0,51.0,48.0,42.0,44.0,42.0
2025-12-25T14:01:35.854092,17425.992,6256,Pinky,motor_7_flexed,51.0,34.875,9,31.0,30.0,29.0,30.0,30.0,28.0,30.0,30.0,29.0,32.0,32.0,51.0,48.0,42.0,44.0,42.0
2025-12-25T14:01:37.741944,17427.881,6256,Pinky,motor_7_open,51.0,34.875,9,31.0,30.0,29.0,30.0,30.0,28.0,31.0,30.0,29.0,32.0,32.0,51.0,48.0,42.0,44.0,41.0
2025-12-25T14:01:38.637903,17428.777,6257,Pinky,motor_8_flexed,51.0,34.9375,9,31.0,30.0,29.0,30.0,30.0,28.0,31.0,30.0,29.0,32.0,32.0,51.0,48.0,42.0,44.0,42.0
2025-12-25T14:01:40.525755,17430.664,6257,Pinky,motor_8_open,51.0,34.9375,9,31.0,30.0,29.0,30.0,30.0,28.0,31.0,30.0,29.0,32.0,32.0,51.0,48.0,42.0,44.0,42.0
2025-12-25T14:01:41.421706,17431.559,6258,Pinky,motor_9_flexed,51.0,35.125,9,31.0,30.0,29.0,30.0,30.0,28.0,31.0,30.0,29.0,32.0,32.0,51.0,48.0,42.0,44.0,45.0
2025-12-25T14:01:43.309509,17433.447,6258,Pinky,motor_9_open,51.0,34.875,9,31.0,30.0,29.0,30.0,30.0,28.0,31.0,30.0,29.0,32.0,32.0,51.0,48.0,42.0,44.0,41.0
2025-12-25T14:01:44.205468,17434.344,6259,Thumb,motor_13_flexed,51.0,34.875,9,31.0,30.0,29.0,30.0,30.0,28.0,31.0,30.0,29.0,32.0,32.0,51.0,48.0,42.0,44.0,41.0
2025-12-25T14:01:46.093304,17436.232,6259,Thumb,motor_13_open,51.0,34.75,9,31.0,30.0,29.0,30.0,30.0,28.0,31.0,30.0,29.0,32.0,32.0,51.0,48.0,42.0,44.0,39.0
2025-12-25T14:01:46.989234,17437.125,6260,Thumb,motor_14_flexed,51.0,34.9375,9,31.0,30.0,29.0,30.0,30.0,28.0,31.0,30.0,29.0,32.0,32.0,51.0,48.0,42.0,44.0,42.0
2025-12-25T14:01:48.877086,17439.018,6260,Thumb,motor_14_open,51.0,34.9375,9,31.0,30.0,29.0,30.0,30.0,28.0,31.0,30.0,29.0,32.0,32.0,51.0,48.0,42.0,44.0,42.0
2025-12-25T14:01:49.773015,17439.913,6261,Thumb,motor_12_flexed,51.0,34.875,9,31.0,30.0,29.0,30.0,30.0,28.0,31.0,30.0,29.0,32.0,32.0,51.0,48.0,42.0,44.0,41.0
2025-12-25T14:01:51.660888,17441.799,6261,Thumb,motor_12_open,51.0,34.9375,9,31.0,30.0,29.0,30.0,30.0,28.0,31.0,30.0,29.0,32.0,32.0,51.0,48.0,42.0,44.0,42.0
2025-12-25T14:01:52.556814,17442.695,6262,Index,motor_2_flexed,51.0,34.9375,9,31.0,30.0,29.0,30.0,30.0,28.0,31.0,30.0,29.0,32.0,32.0,51.0,48.0,42.0,44.0,42.0
2025-12-25T14:01:54.444660,17444.583,6262,Index,motor_2_open,51.0,34.9375,9,31.0,30.0,29.0,30.0,30.0,28.0,31.0,30.0,29.0,32.0,32.0,51.0,48.0,42.0,44.0,42.0
2025-12-25T14:01:55.340569,17445.482,6263,Index,motor_1_flexed,51.0,34.875,9,31.0,30.0,29.0,30.0,30.0,28.0,31.0,30.0,29.0,32.0,32.0,51.0,48.0,42.0,44.0,41.0
2025-12-25T14:01:57.228448,17447.367,6263,Index,motor_1_open,51.0,34.9375,9,31.0,30.0,29.0,30.0,30.0,28.0,31.0,30.0,29.0,32.0,32.0,51.0,48.0,42.0,44.0,42.0
2025-12-25T14:01:58.124376,17448.262,6264,Index,motor_3_flexed,51.0,34.9375,9,31.0,30.0,29.0,30.0,30.0,28.0,31.0,30.0,29.0,32.0,32.0,51.0,48.0,42.0,44.0,42.0
2025-12-25T14:02:00.012235,17450.152,6264,Index,motor_3_open,51.0,34.9375,9,31.0,30.0,29.0,30.0,30.0,28.0,31.0,30.0,29.0,32.0,32.0,51.0,48.0,42.0,44.0,42.0
2025-12-25T14:02:00.908163,17451.047,6265,Middle,motor_11_flexed,51.0,34.9375,9,31.0,30.0,29.0,30.0,30.0,28.0,31.0,30.0,29.0,32.0,32.0,51.0,48.0,42.0,44.0,42.0
2025-12-25T14:02:02.796016,17452.936,6265,Middle,motor_11_open,51.0,34.9375,9,31.0,30.0,29.0,30.0,30.0,28.0,31.0,30.0,29.0,32.0,32.0,51.0,48.0,42.0,44.0,42.0
2025-12-25T14:02:03.691947,17453.832,6266,Middle,motor_10_flexed,51.0,34.9375,9,31.0,30.0,29.0,30.0,30.0,28.0,31.0,30.0,29.0,32.0,32.0,51.0,48.0,42.0,44.0,42.0
2025-12-25T14:02:05.579798,17455.719,6266,Middle,motor_10_open,51.0,35.0,9,31.0,30.0,29.0,30.0,30.0,28.0,31.0,30.0,29.0,32.0,32.0,51.0,48.0,42.0,45.0,42.0
2025-12-25T14:02:06.475729,17456.613,6267,Ring,motor_4_flexed,51.0,34.8125,9,31.0,30.0,29.0,30.0,30.0,28.0,31.0,30.0,29.0,32.0,32.0,51.0,48.0,42.0,44.0,40.0
2025-12-25T14:02:08.363557,17458.503,6267,Ring,motor_4_open,51.0,34.9375,9,31.0,30.0,29.0,30.0,30.0,28.0,31.0,30.0,29.0,32.0,32.0,51.0,48.0,42.0,44.0,42.0
2025-12-25T14:02:09.259501,17459.396,6268,Ring,motor_5_flexed,51.0,34.9375,9,31.0,30.0,29.0,30.0,30.0,28.0,31.0,30.0,29.0,32.0,32.0,51.0,48.0,42.0,45.0,41.0
2025-12-25T14:02:10.347419,17460.486,6268,Ring,motor_5_flex_hold,51.0,34.875,9,31.0,30.0,29.0,30.0,30.0,28.0,31.0,30.0,29.0,32.0,32.0,51.0,48.0,42.0,44.0,41.0
2025-12-25T14:02:11.147346,17461.283,6268,Ring,motor_5_open,51.0,34.9375,9,31.0,30.0,29.0,30.0,30.0,28.0,31.0,30.0,29.0,32.0,32.0,51.0,48.0,42.0,44.0,42.0
2025-12-25T14:02:12.043291,17462.182,6269,Ring,motor_6_flexed,51.0,34.875,9,31.0,30.0,29.0,30.0,30.0,28.0,31.0,30.0,29.0,32.0,32.0,51.0,48.0,42.0,44.0,41.0
2025-12-25T14:02:13.931125,17464.072,6269,Ring,motor_6_open,51.0,34.9375,9,31.0,30.0,29.0,30.0,30.0,28.0,31.0,30.0,29.0,32.0,32.0,51.0,48.0,42.0,44.0,42.0
2025-12-25T14:02:14.827071,17464.962,6270,Pinky,motor_7_flexed,51.0,34.9375,9,31.0,30.0,29.0,30.0,30.0,28.0,31.0,30.0,29.0,32.0,32.0,51.0,48.0,42.0,44.0,42.0
2025-12-25T14:02:16.714927,17466.853,6270,Pinky,motor_7_open,51.0,34.9375,9,31.0,30.0,29.0,30.0,30.0,28.0,31.0,30.0,29.0,32.0,32.0,51.0,48.0,42.0,44.0,42.0
2025-12-25T14:02:17.610858,17467.75,6271,Pinky,motor_8_flexed,51.0,34.9375,9,31.0,30.0,29.0,30.0,30.0,28.0,31.0,30.0,29.0,32.0,32.0,51.0,48.0,42.0,44.0,42.0
2025-12-25T14:02:19.498698,17469.639,6271,Pinky,motor_8_open,51.0,35.0,9,31.0,30.0,29.0,30.0,30.0,28.0,31.0,30.0,29.0,32.0,32.0,51.0,48.0,42.0,45.0,42.0
2025-12-25T14:02:20.394648,17470.533,6272,Pinky,motor_9_flexed,51.0,34.875,9,31.0,30.0,29.0,30.0,30.0,28.0,31.0,30.0,29.0,32.0,32.0,51.0,48.0,42.0,44.0,41.0
2025-12-25T14:02:22.282499,17472.421,6272,Pinky,motor_9_open,51.0,34.9375,9,31.0,30.0,29.0,30.0,30.0,28.0,31.0,30.0,29.0,32.0,32.0,51.0,48.0,42.0,44.0,42.0
2025-12-25T14:02:23.178437,17473.317,6273,Thumb,motor_13_flexed,51.0,34.9375,9,31.0,30.0,29.0,30.0,30.0,28.0,31.0,30.0,29.0,32.0,32.0,51.0,48.0,42.0,44.0,42.0
2025-12-25T14:02:25.066278,17475.207,6273,Thumb,motor_13_open,51.0,34.9375,9,31.0,30.0,29.0,30.0,30.0,28.0,31.0,30.0,29.0,32.0,32.0,51.0,48.0,42.0,44.0,42.0
2025-12-25T14:02:25.962214,17476.103,6274,Thumb,motor_14_flexed,51.0,34.9375,9,31.0,30.0,29.0,30.0,30.0,28.0,31.0,30.0,29.0,32.0,32.0,51.0,48.0,42.0,44.0,42.0
2025-12-25T14:02:27.850069,17477.988,6274,Thumb,motor_14_open,51.0,34.9375,9,31.0,30.0,29.0,30.0,30.0,28.0,31.0,30.0,29.0,32.0,32.0,51.0,48.0,42.0,44.0,42.0
2025-12-25T14:02:28.746002,17478.883,6275,Thumb,motor_12_flexed,51.0,34.9375,9,31.0,30.0,29.0,30.0,30.0,28.0,31.0,30.0,29.0,32.0,32.0,51.0,48.0,42.0,44.0,42.0
2025-12-25T14:02:30.633857,17480.772,6275,Thumb,motor_12_open,51.0,34.875,9,31.0,30.0,29.0,30.0,30.0,28.0,31.0,30.0,29.0,32.0,32.0,51.0,48.0,42.0,44.0,41.0
2025-12-25T14:02:31.529781,17481.665,6276,Index,motor_2_flexed,51.0,34.9375,9,31.0,30.0,29.0,30.0,30.0,28.0,31.0,30.0,29.0,32.0,32.0,51.0,48.0,42.0,44.0,42.0
2025-12-25T14:02:33.417645,17483.556,6276,Index,motor_2_open,51.0,34.9375,9,31.0,30.0,29.0,30.0,30.0,28.0,31.0,30.0,29.0,32.0,32.0,51.0,48.0,42.0,44.0,42.0
2025-12-25T14:02:34.313582,17484.451,6277,Index,motor_1_flexed,51.0,34.9375,9,31.0,30.0,29.0,30.0,30.0,28.0,31.0,30.0,29.0,32.0,32.0,51.0,48.0,42.0,44.0,42.0
2025-12-25T14:02:36.201430,17486.341,6277,Index,motor_1_open,51.0,34.9375,9,31.0,30.0,29.0,30.0,30.0,28.0,31.0,30.0,29.0,32.0,32.0,51.0,48.0,42.0,44.0,42.0
2025-12-25T14:02:37.097347,17487.237,6278,Index,motor_3_flexed,51.0,34.9375,9,31.0,30.0,29.0,30.0,30.0,28.0,31.0,30.0,29.0,32.0,32.0,51.0,48.0,42.0,44.0,42.0
2025-12-25T14:02:38.985227,17489.123,6278,Index,motor_3_open,51.0,34.9375,9,31.0,30.0,29.0,30.0,30.0,28.0,31.0,30.0,29.0,32.0,32.0,51.0,48.0,42.0,44.0,42.0
2025-12-25T14:02:39.881148,17490.018,6279,Middle,motor_11_flexed,51.0,34.9375,9,31.0,30.0,29.0,30.0,30.0,28.0,31.0,30.0,29.0,32.0,32.0,51.0,48.0,42.0,44.0,42.0
2025-12-25T14:02:41.769003,17491.91,6279,Middle,motor_11_open,51.0,34.9375,9,31.0,30.0,29.0,30.0,30.0,28.0,31.0,30.0,29.0,32.0,32.0,51.0,48.0,42.0,44.0,42.0
2025-12-25T14:02:42.664927,17492.805,6280,Middle,motor_10_flexed,51.0,34.9375,9,31.0,30.0,29.0,30.0,30.0,28.0,31.0,30.0,29.0,32.0,32.0,51.0,48.0,42.0,44.0,42.0
2025-12-25T14:02:44.552762,17494.686,6280,Middle,motor_10_open,51.0,34.9375,9,31.0,30.0,29.0,30.0,30.0,28.0,31.0,30.0,29.0,32.0,32.0,51.0,48.0,42.0,44.0,42.0
2025-12-25T14:02:45.448694,17495.585,6281,Ring,motor_4_flexed,51.0,34.9375,9,31.0,30.0,29.0,30.0,30.0,28.0,31.0,30.0,29.0,32.0,32.0,51.0,48.0,42.0,44.0,42.0
2025-12-25T14:02:47.336548,17497.473,6281,Ring,motor_4_open,51.0,34.9375,9,31.0,30.0,29.0,30.0,30.0,28.0,31.0,30.0,29.0,32.0,32.0,51.0,48.0,42.0,44.0,42.0
2025-12-25T14:02:48.232499,17498.37,6282,Ring,motor_5_flexed,51.0,34.875,9,31.0,30.0,29.0,30.0,30.0,28.0,31.0,30.0,29.0,32.0,32.0,51.0,48.0,42.0,44.0,41.0
2025-12-25T14:02:50.120333,17500.253,6282,Ring,motor_5_open,51.0,34.9375,9,31.0,30.0,29.0,30.0,30.0,28.0,31.0,30.0,29.0,32.0,32.0,51.0,48.0,42.0,44.0,42.0
2025-12-25T14:02:51.016263,17501.147,6283,Ring,motor_6_flexed,51.0,34.9375,9,31.0,30.0,29.0,30.0,30.0,28.0,31.0,30.0,29.0,32.0,32.0,51.0,48.0,42.0,44.0,42.0
2025-12-25T14:02:52.904159,17503.042,6283,Ring,motor_6_open,51.0,34.9375,9,31.0,30.0,29.0,30.0,30.0,28.0,31.0,30.0,29.0,32.0,32.0,51.0,48.0,42.0,44.0,42.0
2025-12-25T14:02:53.800072,17503.939,6284,Pinky,motor_7_flexed,51.0,34.875,9,31.0,30.0,29.0,30.0,30.0,28.0,31.0,30.0,29.0,32.0,32.0,51.0,48.0,42.0,44.0,41.0
2025-12-25T14:02:55.687929,17505.827,6284,Pinky,motor_7_open,51.0,34.9375,9,31.0,30.0,29.0,30.0,30.0,28.0,31.0,30.0,29.0,32.0,32.0,51.0,48.0,42.0,44.0,42.0
2025-12-25T14:02:56.583862,17506.721,6285,Pinky,motor_8_flexed,51.0,34.9375,9,31.0,30.0,29.0,30.0,30.0,28.0,31.0,30.0,29.0,32.0,32.0,51.0,48.0,42.0,44.0,42.0
2025-12-25T14:02:58.471716,17508.608,6285,Pinky,motor_8_open,51.0,34.9375,9,31.0,30.0,29.0,30.0,30.0,28.0,31.0,30.0,29.0,32.0,32.0,51.0,48.0,42.0,44.0,42.0
2025-12-25T14:02:59.367650,17509.505,6286,Pinky,motor_9_flexed,51.0,34.9375,9,31.0,30.0,29.0,30.0,30.0,28.0,31.0,30.0,29.0,32.0,32.0,51.0,48.0,42.0,44.0,42.0
2025-12-25T14:03:01.255522,17511.395,6286,Pinky,motor_9_open,51.0,34.9375,9,31.0,30.0,29.0,30.0,30.0,28.0,31.0,30.0,29.0,32.0,32.0,51.0,48.0,42.0,44.0,42.0
2025-12-25T14:03:02.151460,17512.29,6287,Thumb,motor_13_flexed,51.0,34.875,9,31.0,30.0,29.0,30.0,30.0,28.0,31.0,30.0,29.0,32.0,32.0,51.0,48.0,42.0,44.0,41.0
2025-12-25T14:03:04.039298,17514.175,6287,Thumb,motor_13_open,51.0,34.875,9,31.0,30.0,29.0,30.0,30.0,28.0,31.0,30.0,29.0,32.0,32.0,51.0,48.0,42.0,44.0,41.0
2025-12-25T14:03:04.935229,17515.073,6288,Thumb,motor_14_flexed,51.0,34.9375,9,31.0,30.0,29.0,30.0,30.0,28.0,31.0,30.0,29.0,32.0,32.0,51.0,48.0,42.0,44.0,42.0
2025-12-25T14:03:06.823074,17516.96,6288,Thumb,motor_14_open,51.0,34.9375,9,31.0,30.0,29.0,30.0,30.0,28.0,31.0,30.0,29.0,32.0,32.0,51.0,48.0,42.0,44.0,42.0
2025-12-25T14:03:07.719018,17517.854,6289,Thumb,motor_12_flexed,51.0,35.0,9,31.0,30.0,29.0,30.0,30.0,28.0,31.0,30.0,29.0,32.0,32.0,51.0,48.0,42.0,45.0,42.0
2025-12-25T14:03:09.606879,17519.746,6289,Thumb,motor_12_open,51.0,34.9375,9,31.0,30.0,29.0,30.0,30.0,28.0,31.0,30.0,29.0,32.0,32.0,51.0,48.0,42.0,44.0,42.0
2025-12-25T14:03:10.198833,17520.333,6289,Thumb,motor_12_open_hold,51.0,34.9375,9,31.0,30.0,29.0,30.0,30.0,28.0,31.0,30.0,29.0,32.0,32.0,51.0,48.0,42.0,44.0,42.0
2025-12-25T14:03:10.598799,17520.736,6290,Index,motor_2_flexed,51.0,34.9375,9,31.0,30.0,29.0,30.0,30.0,28.0,31.0,30.0,29.0,32.0,32.0,51.0,48.0,42.0,44.0,42.0
2025-12-25T14:03:12.486661,17522.624,6290,Index,motor_2_open,51.0,34.9375,9,31.0,30.0,29.0,30.0,30.0,28.0,31.0,30.0,29.0,32.0,32.0,51.0,48.0,42.0,44.0,42.0
2025-12-25T14:03:13.382594,17523.519,6291,Index,motor_1_flexed,51.0,35.0,9,31.0,30.0,29.0,30.0,30.0,28.0,31.0,30.0,29.0,32.0,32.0,51.0,48.0,42.0,44.0,43.0
2025-12-25T14:03:15.270464,17525.407,6291,Index,motor_1_open,51.0,34.9375,9,31.0,30.0,29.0,30.0,30.0,28.0,31.0,30.0,29.0,32.0,32.0,51.0,48.0,42.0,44.0,42.0
2025-12-25T14:03:16.166383,17526.304,6292,Index,motor_3_flexed,51.0,34.875,9,31.0,30.0,29.0,30.0,30.0,28.0,31.0,30.0,29.0,32.0,32.0,51.0,48.0,42.0,44.0,41.0
2025-12-25T14:03:18.054248,17528.193,6292,Index,motor_3_open,51.0,34.875,9,31.0,30.0,29.0,30.0,30.0,28.0,31.0,30.0,29.0,32.0,32.0,51.0,48.0,42.0,44.0,41.0
2025-12-25T14:03:18.950172,17529.088,6293,Middle,motor_11_flexed,51.0,34.9375,9,31.0,30.0,29.0,30.0,30.0,28.0,31.0,30.0,29.0,32.0,32.0,51.0,48.0,42.0,44.0,42.0
2025-12-25T14:03:20.838036,17530.976,6293,Middle,motor_11_open,51.0,34.875,9,31.0,30.0,29.0,30.0,30.0,28.0,31.0,30.0,29.0,32.0,32.0,51.0,48.0,42.0,44.0,41.0
2025-12-25T14:03:21.733964,17531.871,6294,Middle,motor_10_flexed,51.0,34.9375,9,31.0,30.0,29.0,30.0,30.0,28.0,31.0,30.0,29.0,32.0,32.0,51.0,48.0,42.0,44.0,42.0
2025-12-25T14:03:23.621823,17533.758,6294,Middle,motor_10_open,51.0,34.9375,9,31.0,30.0,29.0,30.0,30.0,28.0,31.0,30.0,29.0,32.0,32.0,51.0,48.0,42.0,44.0,42.0
2025-12-25T14:03:24.517755,17534.655,6295,Ring,motor_4_flexed,51.0,35.0,9,31.0,30.0,29.0,30.0,30.0,28.0,31.0,30.0,29.0,32.0,32.0,51.0,48.0,42.0,45.0,42.0
2025-12-25T14:03:26.405614,17536.546,6295,Ring,motor_4_open,51.0,34.9375,9,31.0,30.0,29.0,30.0,30.0,28.0,31.0,30.0,29.0,32.0,32.0,51.0,48.0,42.0,44.0,42.0
2025-12-25T14:03:27.301555,17537.44,6296,Ring,motor_5_flexed,51.0,34.9375,9,31.0,30.0,29.0,30.0,30.0,28.0,31.0,30.0,29.0,32.0,32.0,51.0,48.0,42.0,44.0,42.0
2025-12-25T14:03:29.189406,17539.328,6296,Ring,motor_5_open,51.0,34.9375,9,31.0,30.0,29.0,30.0,30.0,28.0,31.0,30.0,29.0,32.0,32.0,51.0,48.0,42.0,44.0,42.0
2025-12-25T14:03:30.085338,17540.224,6297,Ring,motor_6_flexed,51.0,34.9375,9,31.0,30.0,29.0,30.0,30.0,28.0,31.0,30.0,29.0,32.0,32.0,51.0,48.0,42.0,44.0,42.0
2025-12-25T14:03:31.973208,17542.11,6297,Ring,motor_6_open,51.0,34.9375,9,31.0,30.0,29.0,30.0,30.0,28.0,31.0,30.0,29.0,32.0,32.0,51.0,48.0,42.0,44.0,42.0
2025-12-25T14:03:32.869131,17543.009,6298,Pinky,motor_7_flexed,51.0,34.9375,9,31.0,30.0,29.0,30.0,30.0,28.0,31.0,30.0,29.0,32.0,32.0,51.0,48.0,42.0,44.0,42.0
2025-12-25T14:03:34.756990,17544.893,6298,Pinky,motor_7_open,51.0,34.9375,9,31.0,30.0,29.0,30.0,30.0,28.0,31.0,30.0,29.0,32.0,32.0,51.0,48.0,42.0,44.0,42.0
2025-12-25T14:03:35.652919,17545.79,6299,Pinky,motor_8_flexed,51.0,34.875,9,31.0,30.0,29.0,30.0,30.0,28.0,31.0,30.0,29.0,32.0,32.0,51.0,48.0,42.0,44.0,41.0
2025-12-25T14:03:37.540781,17547.68,6299,Pinky,motor_8_open,51.0,34.9375,9,31.0,30.0,29.0,30.0,30.0,28.0,31.0,30.0,29.0,32.0,32.0,51.0,48.0,42.0,44.0,42.0
2025-12-25T14:03:38.436717,17548.576,6300,Pinky,motor_9_flexed,51.0,34.875,9,31.0,30.0,29.0,30.0,30.0,28.0,31.0,30.0,29.0,31.0,32.0,51.0,48.0,42.0,44.0,42.0
2025-12-25T14:03:40.324557,17550.463,6300,Pinky,motor_9_open,51.0,34.9375,9,31.0,30.0,29.0,30.0,30.0,28.0,31.0,30.0,29.0,32.0,32.0,51.0,48.0,42.0,44.0,42.0
2025-12-25T14:03:41.220524,17551.357,6301,Thumb,motor_13_flexed,51.0,34.875,9,31.0,30.0,29.0,30.0,30.0,28.0,31.0,30.0,29.0,32.0,32.0,51.0,48.0,41.0,44.0,42.0
2025-12-25T14:03:43.108367,17553.248,6301,Thumb,motor_13_open,51.0,34.8125,9,31.0,30.0,29.0,30.0,30.0,28.0,31.0,30.0,29.0,31.0,32.0,51.0,48.0,41.0,44.0,42.0
2025-12-25T14:03:44.004287,17554.14,6302,Thumb,motor_14_flexed,51.0,34.75,9,31.0,30.0,29.0,30.0,30.0,28.0,31.0,30.0,29.0,31.0,32.0,51.0,48.0,41.0,44.0,41.0
2025-12-25T14:03:45.892163,17556.025,6302,Thumb,motor_14_open,51.0,34.75,9,31.0,30.0,29.0,30.0,30.0,28.0,31.0,30.0,29.0,31.0,32.0,51.0,48.0,41.0,44.0,41.0
2025-12-25T14:03:46.788081,17556.92,6303,Thumb,motor_12_flexed,51.0,34.8125,9,31.0,30.0,29.0,30.0,30.0,28.0,31.0,30.0,29.0,32.0,32.0,51.0,48.0,41.0,44.0,41.0
2025-12-25T14:03:48.675954,17558.813,6303,Thumb,motor_12_open,51.0,34.875,9,31.0,30.0,29.0,30.0,30.0,28.0,31.0,30.0,29.0,31.0,32.0,51.0,48.0,42.0,44.0,42.0
2025-12-25T14:03:49.571882,17559.709,6304,Index,motor_2_flexed,51.0,34.875,9,31.0,30.0,29.0,30.0,30.0,28.0,31.0,30.0,29.0,31.0,32.0,51.0,48.0,42.0,44.0,42.0
2025-12-25T14:03:51.459770,17561.599,6304,Index,motor_2_open,51.0,34.8125,9,31.0,30.0,29.0,30.0,30.0,28.0,31.0,30.0,29.0,31.0,32.0,51.0,48.0,42.0,44.0,41.0
2025-12-25T14:03:52.355702,17562.491,6305,Index,motor_1_flexed,51.0,34.9375,9,31.0,30.0,29.0,30.0,30.0,28.0,31.0,30.0,29.0,32.0,32.0,51.0,48.0,42.0,44.0,42.0
2025-12-25T14:03:54.243565,17564.384,6305,Index,motor_1_open,51.0,34.8125,9,31.0,30.0,29.0,30.0,30.0,28.0,31.0,30.0,29.0,31.0,32.0,51.0,48.0,42.0,44.0,41.0
2025-12-25T14:03:55.139513,17565.278,6306,Index,motor_3_flexed,51.0,34.8125,9,31.0,30.0,29.0,30.0,30.0,28.0,31.0,30.0,29.0,31.0,32.0,51.0,48.0,42.0,44.0,41.0
2025-12-25T14:03:57.027356,17567.166,6306,Index,motor_3_open,51.0,34.875,9,31.0,30.0,29.0,30.0,30.0,28.0,31.0,30.0,29.0,31.0,32.0,51.0,48.0,42.0,44.0,42.0
2025-12-25T14:03:57.923289,17568.06,6307,Middle,motor_11_flexed,51.0,34.875,9,31.0,30.0,29.0,30.0,30.0,28.0,31.0,30.0,29.0,31.0,32.0,51.0,48.0,42.0,44.0,42.0
2025-12-25T14:03:59.811144,17569.95,6307,Middle,motor_11_open,51.0,34.9375,9,31.0,30.0,29.0,30.0,30.0,28.0,31.0,30.0,29.0,31.0,32.0,51.0,48.0,42.0,44.0,43.0
2025-12-25T14:04:00.707081,17570.844,6308,Middle,motor_10_flexed,51.0,34.875,9,31.0,30.0,29.0,30.0,30.0,28.0,31.0,30.0,29.0,31.0,32.0,51.0,48.0,42.0,44.0,42.0
2025-12-25T14:04:02.594939,17572.732,6308,Middle,motor_10_open,51.0,34.9375,9,31.0,30.0,29.0,30.0,30.0,28.0,31.0,30.0,29.0,32.0,32.0,51.0,48.0,42.0,44.0,42.0
2025-12-25T14:04:03.490874,17573.628,6309,Ring,motor_4_flexed,51.0,34.875,9,31.0,30.0,29.0,30.0,30.0,28.0,31.0,30.0,29.0,31.0,32.0,51.0,48.0,42.0,44.0,42.0
2025-12-25T14:04:05.378726,17575.51,6309,Ring,motor_4_open,51.0,34.9375,9,31.0,30.0,29.0,30.0,30.0,28.0,31.0,30.0,29.0,32.0,32.0,51.0,48.0,42.0,44.0,42.0
2025-12-25T14:04:06.274644,17576.41,6310,Ring,motor_5_flexed,51.0,34.9375,9,31.0,30.0,29.0,30.0,30.0,28.0,31.0,30.0,29.0,32.0,32.0,51.0,48.0,42.0,44.0,42.0
2025-12-25T14:04:08.162514,17578.296,6310,Ring,motor_5_open,51.0,34.875,9,31.0,30.0,29.0,30.0,30.0,28.0,31.0,30.0,29.0,32.0,32.0,51.0,48.0,42.0,44.0,41.0
2025-12-25T14:04:09.058449,17579.196,6311,Ring,motor_6_flexed,51.0,34.875,9,31.0,30.0,29.0,30.0,30.0,28.0,31.0,30.0,29.0,31.0,32.0,51.0,48.0,42.0,44.0,42.0
2025-12-25T14:04:10.146351,17580.285,6311,Ring,motor_6_flex_hold,51.0,34.9375,9,31.0,30.0,29.0,30.0,30.0,28.0,31.0,30.0,29.0,32.0,32.0,51.0,48.0,42.0,44.0,42.0
2025-12-25T14:04:10.946307,17581.08,6311,Ring,motor_6_open,51.0,34.9375,9,31.0,30.0,29.0,30.0,30.0,28.0,31.0,30.0,29.0,32.0,32.0,51.0,48.0,42.0,44.0,42.0
2025-12-25T14:04:11.842244,17581.978,6312,Pinky,motor_7_flexed,51.0,34.8125,9,31.0,30.0,29.0,30.0,30.0,28.0,31.0,30.0,29.0,31.0,32.0,51.0,48.0,42.0,44.0,41.0
2025-12-25T14:04:13.730106,17583.868,6312,Pinky,motor_7_open,51.0,34.875,9,31.0,30.0,29.0,30.0,30.0,28.0,31.0,30.0,29.0,31.0,32.0,51.0,48.0,42.0,44.0,42.0
2025-12-25T14:04:14.626041,17584.765,6313,Pinky,motor_8_flexed,51.0,34.9375,9,31.0,30.0,29.0,30.0,30.0,28.0,31.0,30.0,29.0,32.0,32.0,51.0,48.0,42.0,44.0,42.0
2025-12-25T14:04:16.513901,17586.651,6313,Pinky,motor_8_open,51.0,34.9375,9,31.0,30.0,29.0,30.0,30.0,28.0,31.0,30.0,29.0,32.0,32.0,51.0,48.0,42.0,44.0,42.0
2025-12-25T14:04:17.409836,17587.549,6314,Pinky,motor_9_flexed,51.0,34.9375,9,31.0,30.0,29.0,30.0,30.0,28.0,31.0,30.0,29.0,32.0,32.0,51.0,48.0,42.0,44.0,42.0
2025-12-25T14:04:19.297714,17589.437,6314,Pinky,motor_9_open,51.0,34.875,9,31.0,30.0,29.0,30.0,30.0,28.0,31.0,30.0,29.0,31.0,32.0,51.0,48.0,42.0,44.0,42.0
2025-12-25T14:04:20.193636,17590.332,6315,Thumb,motor_13_flexed,51.0,34.9375,9,31.0,30.0,29.0,30.0,30.0,28.0,31.0,30.0,29.0,32.0,32.0,51.0,48.0,42.0,44.0,42.0
2025-12-25T14:04:22.081494,17592.218,6315,Thumb,motor_13_open,51.0,34.9375,9,31.0,30.0,29.0,30.0,30.0,28.0,31.0,30.0,29.0,32.0,32.0,51.0,48.0,42.0,44.0,42.0
2025-12-25T14:04:22.977425,17593.115,6316,Thumb,motor_14_flexed,51.0,34.9375,9,31.0,30.0,29.0,30.0,30.0,28.0,31.0,30.0,29.0,32.0,32.0,51.0,48.0,42.0,44.0,42.0
2025-12-25T14:04:24.865320,17595.005,6316,Thumb,motor_14_open,51.0,34.9375,9,31.0,30.0,29.0,30.0,30.0,28.0,31.0,30.0,29.0,32.0,32.0,51.0,48.0,42.0,44.0,42.0
2025-12-25T14:04:25.761252,17595.903,6317,Thumb,motor_12_flexed,51.0,34.9375,9,31.0,30.0,29.0,30.0,30.0,28.0,31.0,30.0,29.0,32.0,32.0,51.0,48.0,42.0,44.0,42.0
2025-12-25T14:04:27.649103,17597.789,6317,Thumb,motor_12_open,51.0,34.9375,9,31.0,30.0,29.0,30.0,30.0,28.0,31.0,30.0,29.0,32.0,32.0,51.0,48.0,42.0,44.0,42.0
2025-12-25T14:04:28.545055,17598.683,6318,Index,motor_2_flexed,51.0,34.9375,9,31.0,30.0,29.0,30.0,30.0,28.0,31.0,30.0,29.0,32.0,32.0,51.0,48.0,42.0,44.0,42.0
2025-12-25T14:04:30.432917,17600.572,6318,Index,motor_2_open,51.0,34.9375,9,31.0,30.0,29.0,30.0,30.0,28.0,31.0,30.0,29.0,32.0,32.0,51.0,48.0,42.0,44.0,42.0
2025-12-25T14:04:31.328851,17601.467,6319,Index,motor_1_flexed,51.0,34.875,9,31.0,30.0,29.0,30.0,30.0,28.0,31.0,30.0,29.0,32.0,32.0,51.0,48.0,42.0,44.0,41.0
2025-12-25T14:04:33.216714,17603.359,6319,Index,motor_1_open,51.0,34.9375,9,31.0,30.0,29.0,30.0,30.0,28.0,31.0,30.0,29.0,32.0,32.0,51.0,48.0,42.0,44.0,42.0
2025-12-25T14:04:34.112654,17604.253,6320,Index,motor_3_flexed,51.0,34.875,9,31.0,30.0,29.0,30.0,30.0,28.0,31.0,30.0,29.0,32.0,32.0,51.0,48.0,42.0,44.0,41.0
2025-12-25T14:04:36.000493,17606.138,6320,Index,motor_3_open,51.0,34.875,9,31.0,30.0,29.0,30.0,30.0,28.0,31.0,30.0,29.0,31.0,32.0,51.0,48.0,42.0,44.0,42.0
2025-12-25T14:04:36.896424,17607.037,6321,Middle,motor_11_flexed,51.0,34.875,9,31.0,30.0,29.0,30.0,30.0,28.0,31.0,30.0,29.0,31.0,32.0,51.0,48.0,42.0,44.0,42.0
2025-12-25T14:04:38.784294,17608.924,6321,Middle,motor_11_open,51.0,34.9375,9,31.0,30.0,29.0,30.0,30.0,28.0,31.0,30.0,29.0,32.0,32.0,51.0,48.0,42.0,44.0,42.0
2025-12-25T14:04:39.680226,17609.816,6322,Middle,motor_10_flexed,51.0,34.875,9,31.0,30.0,29.0,30.0,30.0,28.0,31.0,30.0,29.0,31.0,32.0,51.0,48.0,42.0,44.0,42.0
2025-12-25T14:04:41.568088,17611.706,6322,Middle,motor_10_open,51.0,34.9375,9,31.0,30.0,29.0,30.0,30.0,28.0,31.0,30.0,29.0,32.0,32.0,51.0,48.0,42.0,44.0,42.0
2025-12-25T14:04:42.464022,17612.602,6323,Ring,motor_4_flexed,51.0,34.9375,9,31.0,30.0,29.0,30.0,30.0,28.0,31.0,30.0,29.0,32.0,32.0,51.0,48.0,42.0,44.0,42.0
2025-12-25T14:04:44.351887,17614.491,6323,Ring,motor_4_open,51.0,34.9375,9,31.0,30.0,29.0,30.0,30.0,28.0,31.0,30.0,29.0,32.0,32.0,51.0,48.0,42.0,44.0,42.0
2025-12-25T14:04:45.247818,17615.385,6324,Ring,motor_5_flexed,51.0,34.875,9,31.0,30.0,29.0,30.0,30.0,28.0,31.0,30.0,29.0,32.0,32.0,51.0,48.0,42.0,44.0,41.0
2025-12-25T14:04:47.135683,17617.272,6324,Ring,motor_5_open,51.0,34.9375,9,31.0,30.0,29.0,30.0,30.0,28.0,31.0,30.0,29.0,32.0,32.0,51.0,48.0,42.0,44.0,42.0
2025-12-25T14:04:48.031617,17618.169,6325,Ring,motor_6_flexed,51.0,34.9375,9,31.0,30.0,29.0,30.0,30.0,28.0,31.0,30.0,29.0,32.0,32.0,51.0,48.0,42.0,44.0,42.0
2025-12-25T14:04:49.919484,17620.06,6325,Ring,motor_6_open,51.0,34.75,9,31.0,30.0,29.0,30.0,30.0,28.0,31.0,30.0,29.0,32.0,32.0,51.0,48.0,42.0,44.0,39.0
2025-12-25T14:04:50.815417,17620.953,6326,Pinky,motor_7_flexed,51.0,34.9375,9,31.0,30.0,29.0,30.0,30.0,28.0,31.0,30.0,29.0,32.0,32.0,51.0,48.0,42.0,44.0,42.0
2025-12-25T14:04:52.703295,17622.841,6326,Pinky,motor_7_open,51.0,34.9375,9,31.0,30.0,29.0,30.0,30.0,28.0,31.0,30.0,29.0,32.0,32.0,51.0,48.0,42.0,44.0,42.0
2025-12-25T14:04:53.599214,17623.737,6327,Pinky,motor_8_flexed,51.0,34.9375,9,31.0,30.0,29.0,30.0,30.0,28.0,31.0,30.0,29.0,32.0,32.0,51.0,48.0,42.0,44.0,42.0
2025-12-25T14:04:55.487070,17625.626,6327,Pinky,motor_8_open,51.0,34.9375,9,31.0,30.0,29.0,30.0,30.0,28.0,31.0,30.0,29.0,32.0,32.0,51.0,48.0,42.0,44.0,42.0
2025-12-25T14:04:56.383004,17626.521,6328,Pinky,motor_9_flexed,51.0,34.9375,9,31.0,30.0,29.0,30.0,30.0,28.0,31.0,30.0,29.0,32.0,32.0,51.0,48.0,42.0,44.0,42.0
2025-12-25T14:04:58.270878,17628.411,6328,Pinky,motor_9_open,51.0,34.9375,9,31.0,30.0,29.0,30.0,30.0,28.0,31.0,30.0,29.0,32.0,32.0,51.0,48.0,42.0,44.0,42.0
2025-12-25T14:04:59.166812,17629.305,6329,Thumb,motor_13_flexed,51.0,34.9375,9,31.0,30.0,29.0,30.0,30.0,28.0,31.0,30.0,29.0,32.0,32.0,51.0,48.0,42.0,44.0,42.0
2025-12-25T14:05:01.054661,17631.195,6329,Thumb,motor_13_open,51.0,34.875,9,31.0,30.0,29.0,30.0,30.0,28.0,31.0,30.0,29.0,31.0,32.0,51.0,48.0,42.0,44.0,42.0
2025-12-25T14:05:01.950636,17632.089,6330,Thumb,motor_14_flexed,51.0,34.9375,9,31.0,30.0,29.0,30.0,30.0,28.0,31.0,30.0,29.0,32.0,32.0,51.0,48.0,42.0,44.0,42.0
2025-12-25T14:05:03.838484,17633.976,6330,Thumb,motor_14_open,51.0,34.8125,9,31.0,30.0,29.0,30.0,30.0,28.0,31.0,30.0,29.0,31.0,32.0,51.0,48.0,42.0,44.0,41.0
2025-12-25T14:05:04.734426,17634.874,6331,Thumb,motor_12_flexed,51.0,34.875,9,31.0,30.0,29.0,30.0,30.0,28.0,31.0,30.0,29.0,31.0,32.0,51.0,48.0,42.0,44.0,42.0
2025-12-25T14:05:06.622282,17636.761,6331,Thumb,motor_12_open,51.0,35.0,9,31.0,30.0,29.0,30.0,30.0,28.0,31.0,30.0,29.0,32.0,32.0,51.0,48.0,42.0,44.0,43.0
2025-12-25T14:05:07.518210,17637.657,6332,Index,motor_2_flexed,51.0,34.9375,9,31.0,30.0,29.0,30.0,30.0,28.0,31.0,30.0,29.0,32.0,32.0,51.0,48.0,42.0,44.0,42.0
2025-12-25T14:05:09.406088,17639.543,6332,Index,motor_2_open,51.0,34.875,9,31.0,30.0,29.0,30.0,30.0,28.0,31.0,30.0,29.0,32.0,32.0,51.0,48.0,42.0,44.0,41.0
2025-12-25T14:05:09.998043,17640.132,6332,Index,motor_2_open_hold,51.0,34.9375,9,31.0,30.0,29.0,30.0,30.0,28.0,31.0,30.0,29.0,32.0,32.0,51.0,48.0,42.0,44.0,42.0
2025-12-25T14:05:10.398018,17640.539,6333,Index,motor_1_flexed,51.0,34.9375,9,31.0,30.0,29.0,30.0,30.0,28.0,31.0,30.0,29.0,32.0,32.0,51.0,48.0,42.0,44.0,42.0
2025-12-25T14:05:12.285883,17642.425,6333,Index,motor_1_open,51.0,34.9375,9,31.0,30.0,29.0,30.0,30.0,28.0,31.0,30.0,29.0,32.0,32.0,51.0,48.0,42.0,44.0,42.0
2025-12-25T14:05:13.181813,17643.322,6334,Index,motor_3_flexed,51.0,34.9375,9,31.0,30.0,29.0,30.0,30.0,28.0,31.0,30.0,29.0,32.0,32.0,51.0,48.0,42.0,44.0,42.0
2025-12-25T14:05:15.069655,17645.21,6334,Index,motor_3_open,51.0,34.875,9,31.0,30.0,29.0,30.0,30.0,28.0,31.0,30.0,29.0,31.0,32.0,51.0,48.0,42.0,44.0,42.0
2025-12-25T14:05:15.965615,17646.103,6335,Middle,motor_11_flexed,51.0,34.9375,9,31.0,30.0,29.0,30.0,30.0,28.0,31.0,30.0,29.0,32.0,32.0,51.0,48.0,42.0,44.0,42.0
2025-12-25T14:05:17.853488,17647.994,6335,Middle,motor_11_open,51.0,34.9375,9,31.0,30.0,29.0,30.0,30.0,28.0,31.0,30.0,29.0,32.0,32.0,51.0,48.0,42.0,44.0,42.0
2025-12-25T14:05:18.749420,17648.889,6336,Middle,motor_10_flexed,51.0,34.9375,9,31.0,30.0,29.0,30.0,30.0,28.0,31.0,30.0,29.0,32.0,32.0,51.0,48.0,42.0,44.0,42.0
2025-12-25T14:05:20.653250,17650.783,6336,Middle,motor_10_open,51.0,34.9375,9,31.0,30.0,29.0,30.0,30.0,28.0,31.0,30.0,29.0,32.0,32.0,51.0,48.0,42.0,44.0,42.0
2025-12-25T14:05:21.549202,17651.69,6337,Ring,motor_4_flexed,51.0,34.9375,9,31.0,30.0,29.0,30.0,30.0,28.0,31.0,30.0,29.0,32.0,32.0,51.0,48.0,42.0,44.0,42.0
2025-12-25T14:05:23.437069,17653.576,6337,Ring,motor_4_open,51.0,34.875,9,31.0,30.0,29.0,30.0,30.0,28.0,31.0,30.0,29.0,32.0,32.0,51.0,48.0,42.0,44.0,41.0
2025-12-25T14:05:24.333002,17654.473,6338,Ring,motor_5_flexed,51.0,34.9375,9,31.0,30.0,29.0,30.0,30.0,28.0,31.0,30.0,29.0,32.0,32.0,51.0,48.0,42.0,44.0,42.0
2025-12-25T14:05:26.220881,17656.361,6338,Ring,motor_5_open,51.0,34.9375,9,31.0,30.0,29.0,30.0,30.0,28.0,31.0,30.0,29.0,32.0,32.0,51.0,48.0,42.0,44.0,42.0
2025-12-25T14:05:27.116815,17657.254,6339,Ring,motor_6_flexed,51.0,34.9375,9,31.0,30.0,29.0,30.0,30.0,28.0,31.0,30.0,29.0,32.0,32.0,51.0,48.0,42.0,44.0,42.0
2025-12-25T14:05:29.004677,17659.143,6339,Ring,motor_6_open,51.0,34.9375,9,31.0,30.0,29.0,30.0,30.0,28.0,31.0,30.0,29.0,32.0,32.0,51.0,48.0,42.0,44.0,42.0
2025-12-25T14:05:29.900616,17660.04,6340,Pinky,motor_7_flexed,51.0,34.9375,9,31.0,30.0,29.0,30.0,30.0,28.0,31.0,30.0,29.0,32.0,32.0,51.0,48.0,42.0,44.0,42.0
2025-12-25T14:05:31.788496,17661.928,6340,Pinky,motor_7_open,51.0,34.875,9,31.0,30.0,29.0,30.0,30.0,28.0,31.0,30.0,29.0,32.0,32.0,51.0,48.0,42.0,44.0,41.0
2025-12-25T14:05:32.684392,17662.824,6341,Pinky,motor_8_flexed,51.0,34.875,9,31.0,30.0,29.0,30.0,30.0,28.0,31.0,30.0,29.0,31.0,32.0,51.0,48.0,42.0,44.0,42.0
2025-12-25T14:05:34.572273,17664.71,6341,Pinky,motor_8_open,51.0,34.9375,9,31.0,30.0,29.0,30.0,30.0,28.0,31.0,30.0,29.0,32.0,32.0,51.0,48.0,42.0,44.0,42.0
2025-12-25T14:05:35.468219,17665.61,6342,Pinky,motor_9_flexed,51.0,34.9375,9,31.0,30.0,29.0,30.0,30.0,28.0,31.0,30.0,29.0,32.0,32.0,51.0,48.0,42.0,44.0,42.0
2025-12-25T14:05:37.356054,17667.492,6342,Pinky,motor_9_open,51.0,34.9375,9,31.0,30.0,29.0,30.0,30.0,28.0,31.0,30.0,29.0,32.0,32.0,51.0,48.0,42.0,44.0,42.0
2025-12-25T14:05:38.251989,17668.39,6343,Thumb,motor_13_flexed,51.0,35.0,9,31.0,30.0,29.0,30.0,30.0,28.0,31.0,30.0,29.0,32.0,32.0,51.0,48.0,42.0,44.0,43.0
2025-12-25T14:05:40.139855,17670.277,6343,Thumb,motor_13_open,51.0,34.875,9,31.0,30.0,29.0,30.0,30.0,28.0,31.0,30.0,29.0,32.0,32.0,51.0,48.0,41.0,44.0,42.0
2025-12-25T14:05:41.035803,17671.173,6344,Thumb,motor_14_flexed,51.0,34.875,9,31.0,30.0,29.0,30.0,30.0,28.0,31.0,30.0,29.0,32.0,32.0,51.0,48.0,41.0,44.0,42.0
2025-12-25T14:05:42.923655,17673.061,6344,Thumb,motor_14_open,51.0,34.875,9,31.0,30.0,29.0,30.0,30.0,28.0,31.0,30.0,29.0,32.0,32.0,51.0,48.0,41.0,44.0,42.0
2025-12-25T14:05:43.819593,17673.96,6345,Thumb,motor_12_flexed,51.0,34.9375,9,31.0,30.0,29.0,30.0,30.0,28.0,31.0,30.0,29.0,32.0,32.0,51.0,48.0,41.0,44.0,43.0
2025-12-25T14:05:45.707474,17675.847,6345,Thumb,motor_12_open,51.0,34.875,9,31.0,30.0,29.0,30.0,30.0,28.0,31.0,30.0,29.0,32.0,32.0,51.0,48.0,41.0,44.0,42.0
2025-12-25T14:05:46.603394,17676.743,6346,Index,motor_2_flexed,51.0,34.875,9,31.0,30.0,29.0,30.0,30.0,28.0,31.0,30.0,29.0,32.0,32.0,51.0,48.0,41.0,44.0,42.0
2025-12-25T14:05:48.491260,17678.627,6346,Index,motor_2_open,51.0,34.8125,9,31.0,30.0,29.0,30.0,30.0,28.0,31.0,30.0,29.0,32.0,32.0,51.0,48.0,41.0,44.0,41.0
2025-12-25T14:05:49.387198,17679.525,6347,Index,motor_1_flexed,51.0,34.875,9,31.0,30.0,29.0,30.0,30.0,28.0,31.0,30.0,29.0,32.0,32.0,51.0,48.0,41.0,44.0,42.0
2025-12-25T14:05:51.275062,17681.415,6347,Index,motor_1_open,51.0,34.875,9,31.0,30.0,29.0,30.0,30.0,28.0,31.0,30.0,29.0,32.0,32.0,51.0,48.0,41.0,44.0,42.0
2025-12-25T14:05:52.171000,17682.308,6348,Index,motor_3_flexed,51.0,34.8125,9,31.0,30.0,29.0,30.0,30.0,28.0,31.0,30.0,29.0,31.0,32.0,51.0,48.0,41.0,44.0,42.0
2025-12-25T14:05:54.058867,17684.196,6348,Index,motor_3_open,51.0,34.875,9,31.0,30.0,29.0,30.0,30.0,28.0,31.0,30.0,29.0,31.0,32.0,51.0,48.0,42.0,44.0,42.0
2025-12-25T14:05:54.954818,17685.09,6349,Middle,motor_11_flexed,51.0,34.9375,9,31.0,30.0,29.0,30.0,30.0,28.0,31.0,30.0,29.0,31.0,32.0,51.0,48.0,42.0,44.0,43.0
2025-12-25T14:05:56.842657,17686.982,6349,Middle,motor_11_open,51.0,34.8125,9,31.0,30.0,29.0,30.0,30.0,28.0,31.0,30.0,29.0,31.0,32.0,51.0,48.0,42.0,44.0,41.0
2025-12-25T14:05:57.738595,17687.876,6350,Middle,motor_10_flexed,51.0,34.9375,9,31.0,30.0,29.0,30.0,30.0,28.0,31.0,30.0,29.0,32.0,32.0,51.0,48.0,42.0,44.0,42.0
2025-12-25T14:05:59.642460,17689.779,6350,Middle,motor_10_open,51.0,34.9375,9,31.0,30.0,29.0,30.0,30.0,28.0,31.0,30.0,29.0,32.0,32.0,51.0,48.0,42.0,44.0,42.0
2025-12-25T14:06:00.538396,17690.677,6351,Ring,motor_4_flexed,51.0,34.8125,9,31.0,30.0,29.0,30.0,30.0,28.0,30.0,30.0,29.0,31.0,32.0,51.0,48.0,42.0,44.0,42.0
2025-12-25T14:06:02.426260,17692.564,6351,Ring,motor_4_open,51.0,34.9375,9,31.0,30.0,29.0,30.0,30.0,28.0,31.0,30.0,29.0,32.0,32.0,51.0,48.0,42.0,44.0,42.0
2025-12-25T14:06:03.322262,17693.46,6352,Ring,motor_5_flexed,51.0,34.9375,9,31.0,30.0,29.0,30.0,30.0,28.0,31.0,30.0,29.0,32.0,32.0,51.0,48.0,42.0,44.0,42.0
2025-12-25T14:06:05.210072,17695.347,6352,Ring,motor_5_open,51.0,34.9375,9,31.0,30.0,29.0,30.0,30.0,28.0,31.0,30.0,29.0,32.0,32.0,51.0,48.0,42.0,44.0,42.0
2025-12-25T14:06:06.106012,17696.244,6353,Ring,motor_6_flexed,51.0,34.875,9,31.0,30.0,29.0,30.0,30.0,28.0,30.0,30.0,29.0,32.0,32.0,51.0,48.0,42.0,44.0,42.0
2025-12-25T14:06:07.993879,17698.132,6353,Ring,motor_6_open,51.0,34.875,9,31.0,30.0,29.0,30.0,30.0,28.0,31.0,30.0,29.0,32.0,32.0,51.0,48.0,42.0,44.0,41.0
2025-12-25T14:06:08.889817,17699.029,6354,Pinky,motor_7_flexed,51.0,34.9375,9,31.0,30.0,29.0,30.0,30.0,28.0,31.0,30.0,29.0,32.0,32.0,51.0,48.0,42.0,44.0,42.0
2025-12-25T14:06:09.977739,17700.116,6354,Pinky,motor_7_flex_hold,51.0,34.9375,9,31.0,30.0,29.0,30.0,30.0,28.0,31.0,30.0,29.0,32.0,32.0,51.0,48.0,42.0,44.0,42.0
2025-12-25T14:06:10.777682,17700.915,6354,Pinky,motor_7_open,51.0,34.9375,9,31.0,30.0,29.0,30.0,30.0,28.0,31.0,30.0,29.0,32.0,32.0,51.0,48.0,42.0,44.0,42.0
2025-12-25T14:06:11.673620,17701.813,6355,Pinky,motor_8_flexed,51.0,34.9375,9,31.0,30.0,29.0,30.0,30.0,28.0,31.0,30.0,29.0,32.0,32.0,51.0,48.0,42.0,44.0,42.0
2025-12-25T14:06:13.561488,17703.699,6355,Pinky,motor_8_open,51.0,34.9375,9,31.0,30.0,29.0,30.0,30.0,28.0,31.0,30.0,29.0,32.0,32.0,51.0,48.0,42.0,44.0,42.0
2025-12-25T14:06:14.457421,17704.597,6356,Pinky,motor_9_flexed,51.0,34.9375,9,31.0,30.0,29.0,30.0,30.0,28.0,31.0,30.0,29.0,32.0,32.0,51.0,48.0,42.0,44.0,42.0
2025-12-25T14:06:16.345291,17706.483,6356,Pinky,motor_9_open,51.0,34.9375,9,31.0,30.0,29.0,30.0,30.0,28.0,31.0,30.0,29.0,32.0,32.0,51.0,48.0,42.0,44.0,42.0
2025-12-25T14:06:17.241227,17707.378,6357,Thumb,motor_13_flexed,51.0,35.0,9,31.0,30.0,29.0,30.0,30.0,28.0,31.0,30.0,29.0,32.0,32.0,51.0,48.0,42.0,44.0,43.0
2025-12-25T14:06:19.129093,17709.266,6357,Thumb,motor_13_open,51.0,34.9375,9,31.0,30.0,29.0,30.0,30.0,28.0,31.0,30.0,29.0,32.0,32.0,51.0,48.0,42.0,44.0,42.0
2025-12-25T14:06:20.025033,17710.162,6358,Thumb,motor_14_flexed,51.0,34.9375,9,31.0,30.0,29.0,30.0,30.0,28.0,31.0,30.0,29.0,32.0,32.0,51.0,48.0,42.0,44.0,42.0
2025-12-25T14:06:21.912898,17712.052,6358,Thumb,motor_14_open,51.0,34.9375,9,31.0,30.0,29.0,30.0,30.0,28.0,31.0,30.0,29.0,32.0,32.0,51.0,48.0,42.0,44.0,42.0
2025-12-25T14:06:22.808830,17712.945,6359,Thumb,motor_12_flexed,51.0,34.9375,9,31.0,30.0,29.0,30.0,30.0,28.0,31.0,30.0,29.0,32.0,32.0,51.0,48.0,42.0,44.0,42.0
2025-12-25T14:06:24.696705,17714.835,6359,Thumb,motor_12_open,51.0,34.9375,9,31.0,30.0,29.0,30.0,30.0,28.0,31.0,30.0,29.0,32.0,32.0,51.0,48.0,42.0,44.0,42.0
2025-12-25T14:06:25.592638,17715.73,6360,Index,motor_2_flexed,51.0,34.875,9,31.0,30.0,29.0,30.0,30.0,28.0,31.0,30.0,29.0,31.0,32.0,51.0,48.0,42.0,44.0,42.0
2025-12-25T14:06:27.480500,17717.62,6360,Index,motor_2_open,51.0,34.9375,9,31.0,30.0,29.0,30.0,30.0,28.0,31.0,30.0,29.0,32.0,32.0,51.0,48.0,42.0,44.0,42.0
2025-12-25T14:06:28.376443,17718.514,6361,Index,motor_1_flexed,51.0,34.9375,9,31.0,30.0,29.0,30.0,30.0,28.0,31.0,30.0,29.0,32.0,32.0,51.0,48.0,42.0,44.0,42.0
2025-12-25T14:06:30.264312,17720.403,6361,Index,motor_1_open,51.0,34.8125,9,31.0,30.0,29.0,30.0,30.0,28.0,31.0,30.0,29.0,32.0,32.0,51.0,48.0,42.0,44.0,40.0
2025-12-25T14:06:31.160250,17721.3,6362,Index,motor_3_flexed,51.0,34.8125,9,31.0,30.0,29.0,30.0,30.0,28.0,31.0,30.0,29.0,32.0,32.0,51.0,48.0,42.0,44.0,40.0
2025-12-25T14:06:33.048116,17723.188,6362,Index,motor_3_open,51.0,34.9375,9,31.0,30.0,29.0,30.0,30.0,28.0,31.0,30.0,29.0,32.0,32.0,51.0,48.0,42.0,44.0,42.0
2025-12-25T14:06:33.944057,17724.082,6363,Middle,motor_11_flexed,51.0,34.875,9,31.0,30.0,29.0,30.0,30.0,28.0,30.0,30.0,29.0,32.0,32.0,51.0,48.0,42.0,44.0,42.0
2025-12-25T14:06:35.831922,17725.969,6363,Middle,motor_11_open,51.0,34.9375,9,31.0,30.0,29.0,30.0,30.0,28.0,31.0,30.0,29.0,32.0,32.0,51.0,48.0,42.0,44.0,42.0
2025-12-25T14:06:36.727851,17726.867,6364,Middle,motor_10_flexed,51.0,34.9375,9,31.0,30.0,29.0,30.0,30.0,28.0,31.0,30.0,29.0,32.0,32.0,51.0,48.0,42.0,44.0,42.0
2025-12-25T14:06:38.615729,17728.755,6364,Middle,motor_10_open,51.0,34.875,9,31.0,30.0,29.0,30.0,30.0,28.0,30.0,30.0,29.0,32.0,32.0,51.0,48.0,42.0,44.0,42.0
2025-12-25T14:06:39.511657,17729.651,6365,Ring,motor_4_flexed,51.0,34.9375,9,31.0,30.0,29.0,30.0,30.0,28.0,31.0,30.0,29.0,32.0,32.0,51.0,48.0,42.0,44.0,42.0
2025-12-25T14:06:41.399526,17731.536,6365,Ring,motor_4_open,51.0,34.875,9,31.0,30.0,29.0,30.0,30.0,28.0,31.0,30.0,29.0,32.0,32.0,51.0,48.0,42.0,44.0,41.0
2025-12-25T14:06:42.295463,17732.434,6366,Ring,motor_5_flexed,51.0,34.875,9,31.0,30.0,29.0,30.0,30.0,28.0,31.0,30.0,29.0,32.0,32.0,51.0,48.0,42.0,44.0,41.0
2025-12-25T14:06:44.183313,17734.322,6366,Ring,motor_5_open,51.0,34.9375,9,31.0,30.0,29.0,30.0,30.0,28.0,31.0,30.0,29.0,32.0,32.0,51.0,48.0,42.0,44.0,42.0
2025-12-25T14:06:45.079264,17735.215,6367,Ring,motor_6_flexed,51.0,34.9375,9,31.0,30.0,29.0,30.0,30.0,28.0,31.0,30.0,29.0,32.0,32.0,51.0,48.0,42.0,44.0,42.0
2025-12-25T14:06:46.967129,17737.104,6367,Ring,motor_6_open,51.0,34.9375,9,31.0,30.0,29.0,30.0,30.0,28.0,31.0,30.0,29.0,32.0,32.0,51.0,48.0,42.0,44.0,42.0
2025-12-25T14:06:47.863079,17738.0,6368,Pinky,motor_7_flexed,51.0,34.9375,9,31.0,30.0,29.0,30.0,30.0,28.0,31.0,30.0,29.0,32.0,32.0,51.0,48.0,42.0,44.0,42.0
2025-12-25T14:06:49.750936,17739.888,6368,Pinky,motor_7_open,51.0,34.9375,9,31.0,30.0,29.0,30.0,30.0,28.0,31.0,30.0,29.0,32.0,32.0,51.0,48.0,42.0,44.0,42.0
2025-12-25T14:06:50.646887,17740.785,6369,Pinky,motor_8_flexed,51.0,34.9375,9,31.0,30.0,29.0,30.0,30.0,28.0,31.0,30.0,29.0,32.0,32.0,51.0,48.0,42.0,44.0,42.0
2025-12-25T14:06:52.534769,17742.672,6369,Pinky,motor_8_open,51.0,34.9375,9,31.0,30.0,29.0,30.0,30.0,28.0,31.0,30.0,29.0,32.0,32.0,51.0,48.0,42.0,44.0,42.0
2025-12-25T14:06:53.430690,17743.567,6370,Pinky,motor_9_flexed,51.0,34.9375,9,31.0,30.0,29.0,30.0,30.0,28.0,31.0,30.0,29.0,32.0,32.0,51.0,48.0,42.0,44.0,42.0
2025-12-25T14:06:55.318560,17745.455,6370,Pinky,motor_9_open,51.0,34.9375,9,31.0,30.0,29.0,30.0,30.0,28.0,31.0,30.0,29.0,32.0,32.0,51.0,48.0,42.0,44.0,42.0
2025-12-25T14:06:56.214497,17746.355,6371,Thumb,motor_13_flexed,51.0,34.875,9,31.0,30.0,29.0,30.0,30.0,28.0,31.0,30.0,29.0,31.0,32.0,51.0,48.0,42.0,44.0,42.0
2025-12-25T14:06:58.102367,17748.238,6371,Thumb,motor_13_open,51.0,34.9375,9,31.0,30.0,29.0,30.0,30.0,28.0,31.0,30.0,29.0,32.0,32.0,51.0,48.0,42.0,44.0,42.0
2025-12-25T14:06:58.998304,17749.137,6372,Thumb,motor_14_flexed,51.0,34.9375,9,31.0,30.0,29.0,30.0,30.0,28.0,31.0,30.0,29.0,32.0,32.0,51.0,48.0,42.0,44.0,42.0
2025-12-25T14:07:00.886163,17751.026,6372,Thumb,motor_14_open,51.0,34.9375,9,31.0,30.0,29.0,30.0,30.0,28.0,31.0,30.0,29.0,32.0,32.0,51.0,48.0,42.0,44.0,42.0
2025-12-25T14:07:01.782115,17751.919,6373,Thumb,motor_12_flexed,51.0,35.0,9,31.0,30.0,29.0,30.0,30.0,28.0,31.0,30.0,29.0,32.0,32.0,51.0,48.0,42.0,45.0,42.0
2025-12-25T14:07:03.669967,17753.807,6373,Thumb,motor_12_open,51.0,34.9375,9,31.0,30.0,29.0,30.0,30.0,28.0,31.0,30.0,29.0,32.0,32.0,51.0,48.0,42.0,44.0,42.0
2025-12-25T14:07:04.565907,17754.703,6374,Index,motor_2_flexed,51.0,34.9375,9,31.0,30.0,29.0,30.0,30.0,28.0,31.0,30.0,29.0,32.0,32.0,51.0,48.0,42.0,44.0,42.0
2025-12-25T14:07:06.453776,17756.592,6374,Index,motor_2_open,51.0,34.9375,9,31.0,30.0,29.0,30.0,30.0,28.0,31.0,30.0,29.0,32.0,32.0,51.0,48.0,42.0,44.0,42.0
2025-12-25T14:07:07.349712,17757.487,6375,Index,motor_1_flexed,51.0,34.9375,9,31.0,30.0,29.0,30.0,30.0,28.0,31.0,30.0,29.0,32.0,32.0,51.0,48.0,42.0,44.0,42.0
2025-12-25T14:07:09.237582,17759.376,6375,Index,motor_1_open,51.0,34.875,9,31.0,30.0,29.0,30.0,30.0,28.0,31.0,30.0,29.0,31.0,32.0,51.0,48.0,42.0,44.0,42.0
2025-12-25T14:07:10.133523,17760.269,6376,Index,motor_3_flexed,51.0,34.9375,9,31.0,30.0,29.0,30.0,30.0,28.0,31.0,30.0,29.0,32.0,32.0,51.0,48.0,42.0,44.0,42.0
2025-12-25T14:07:12.021392,17762.158,6376,Index,motor_3_open,51.0,34.875,9,31.0,30.0,29.0,30.0,30.0,28.0,31.0,30.0,29.0,31.0,32.0,51.0,48.0,42.0,44.0,42.0
2025-12-25T14:07:12.917326,17763.054,6377,Middle,motor_11_flexed,51.0,34.9375,9,31.0,30.0,29.0,30.0,30.0,28.0,31.0,30.0,29.0,32.0,32.0,51.0,48.0,42.0,44.0,42.0
2025-12-25T14:07:14.805211,17764.943,6377,Middle,motor_11_open,51.0,34.9375,9,31.0,30.0,29.0,30.0,30.0,28.0,31.0,30.0,29.0,32.0,32.0,51.0,48.0,42.0,44.0,42.0
2025-12-25T14:07:15.701147,17765.838,6378,Middle,motor_10_flexed,51.0,34.9375,9,31.0,30.0,29.0,30.0,30.0,28.0,31.0,30.0,29.0,32.0,32.0,51.0,48.0,42.0,44.0,42.0
2025-12-25T14:07:17.589016,17767.728,6378,Middle,motor_10_open,51.0,34.9375,9,31.0,30.0,29.0,30.0,30.0,28.0,31.0,30.0,29.0,32.0,32.0,51.0,48.0,42.0,44.0,42.0
2025-12-25T14:07:18.484952,17768.624,6379,Ring,motor_4_flexed,51.0,34.9375,9,31.0,30.0,29.0,30.0,30.0,28.0,31.0,30.0,29.0,32.0,32.0,51.0,48.0,42.0,44.0,42.0
2025-12-25T14:07:20.372823,17770.511,6379,Ring,motor_4_open,51.0,34.9375,9,31.0,30.0,29.0,30.0,30.0,28.0,31.0,30.0,29.0,32.0,32.0,51.0,48.0,42.0,44.0,42.0
2025-12-25T14:07:21.268763,17771.408,6380,Ring,motor_5_flexed,51.0,34.9375,9,31.0,30.0,29.0,30.0,30.0,28.0,31.0,30.0,29.0,32.0,32.0,51.0,48.0,42.0,44.0,42.0
2025-12-25T14:07:23.156631,17773.296,6380,Ring,motor_5_open,51.0,34.9375,9,31.0,30.0,29.0,30.0,30.0,28.0,31.0,30.0,29.0,32.0,32.0,51.0,48.0,42.0,44.0,42.0
2025-12-25T14:07:24.052549,17774.187,6381,Ring,motor_6_flexed,51.0,34.875,9,31.0,30.0,29.0,30.0,30.0,28.0,31.0,30.0,29.0,31.0,32.0,51.0,48.0,42.0,44.0,42.0
2025-12-25T14:07:25.940439,17776.08,6381,Ring,motor_6_open,51.0,35.0625,9,31.0,30.0,29.0,30.0,30.0,28.0,31.0,30.0,29.0,32.0,32.0,51.0,48.0,42.0,44.0,44.0
2025-12-25T14:07:26.836375,17776.975,6382,Pinky,motor_7_flexed,51.0,34.9375,9,31.0,30.0,29.0,30.0,30.0,28.0,31.0,30.0,29.0,32.0,32.0,51.0,48.0,42.0,44.0,42.0
2025-12-25T14:07:28.724244,17778.861,6382,Pinky,motor_7_open,51.0,34.9375,9,31.0,30.0,29.0,30.0,30.0,28.0,31.0,30.0,29.0,32.0,32.0,51.0,48.0,42.0,44.0,42.0
2025-12-25T14:07:29.620185,17779.758,6383,Pinky,motor_8_flexed,51.0,34.9375,9,31.0,30.0,29.0,30.0,30.0,28.0,31.0,30.0,29.0,32.0,32.0,51.0,48.0,42.0,44.0,42.0
2025-12-25T14:07:31.508054,17781.649,6383,Pinky,motor_8_open,51.0,34.9375,9,31.0,30.0,29.0,30.0,30.0,28.0,31.0,30.0,29.0,32.0,32.0,51.0,48.0,42.0,44.0,42.0
2025-12-25T14:07:32.403992,17782.543,6384,Pinky,motor_9_flexed,51.0,34.9375,9,31.0,30.0,29.0,30.0,30.0,28.0,31.0,30.0,29.0,32.0,32.0,51.0,48.0,42.0,44.0,42.0
2025-12-25T14:07:34.291862,17784.43,6384,Pinky,motor_9_open,51.0,34.9375,9,31.0,30.0,29.0,30.0,30.0,28.0,31.0,30.0,29.0,32.0,32.0,51.0,48.0,42.0,44.0,42.0
2025-12-25T14:07:35.187800,17785.325,6385,Thumb,motor_13_flexed,51.0,34.9375,9,31.0,30.0,29.0,30.0,30.0,28.0,31.0,30.0,29.0,32.0,32.0,51.0,48.0,42.0,44.0,42.0
2025-12-25T14:07:37.075662,17787.213,6385,Thumb,motor_13_open,51.0,34.9375,9,31.0,30.0,29.0,30.0,30.0,28.0,31.0,30.0,29.0,32.0,32.0,51.0,48.0,42.0,44.0,42.0
2025-12-25T14:07:37.971609,17788.109,6386,Thumb,motor_14_flexed,51.0,34.9375,9,31.0,30.0,29.0,30.0,30.0,28.0,31.0,30.0,29.0,32.0,32.0,51.0,48.0,42.0,44.0,42.0
2025-12-25T14:07:39.859480,17789.996,6386,Thumb,motor_14_open,51.0,35.0,9,31.0,30.0,29.0,30.0,30.0,28.0,31.0,30.0,29.0,32.0,32.0,51.0,48.0,42.0,44.0,43.0
2025-12-25T14:07:40.755421,17790.893,6387,Thumb,motor_12_flexed,51.0,34.875,9,31.0,30.0,29.0,30.0,30.0,28.0,31.0,30.0,29.0,31.0,32.0,51.0,48.0,42.0,44.0,42.0
2025-12-25T14:07:42.643286,17792.782,6387,Thumb,motor_12_open,51.0,34.9375,9,31.0,30.0,29.0,30.0,30.0,28.0,31.0,30.0,29.0,32.0,32.0,51.0,48.0,42.0,44.0,42.0
2025-12-25T14:07:43.539226,17793.677,6388,Index,motor_2_flexed,51.0,34.9375,9,31.0,30.0,29.0,30.0,30.0,28.0,31.0,30.0,29.0,32.0,32.0,51.0,48.0,42.0,44.0,42.0
2025-12-25T14:07:45.427103,17795.566,6388,Index,motor_2_open,51.0,34.9375,9,31.0,30.0,29.0,30.0,30.0,28.0,31.0,30.0,29.0,32.0,32.0,51.0,48.0,42.0,44.0,42.0
2025-12-25T14:07:46.323035,17796.462,6389,Index,motor_1_flexed,51.0,34.9375,9,31.0,30.0,29.0,30.0,30.0,28.0,31.0,30.0,29.0,32.0,32.0,51.0,48.0,42.0,44.0,42.0
2025-12-25T14:07:48.210921,17798.345,6389,Index,motor_1_open,51.0,34.9375,9,31.0,30.0,29.0,30.0,30.0,28.0,31.0,30.0,29.0,32.0,32.0,51.0,48.0,42.0,44.0,42.0
2025-12-25T14:07:49.106862,17799.246,6390,Index,motor_3_flexed,51.0,35.0,9,31.0,30.0,29.0,30.0,30.0,28.0,31.0,30.0,29.0,32.0,32.0,51.0,48.0,42.0,44.0,43.0
2025-12-25T14:07:50.994731,17801.133,6390,Index,motor_3_open,51.0,34.9375,9,31.0,30.0,29.0,30.0,30.0,28.0,31.0,30.0,29.0,32.0,32.0,51.0,48.0,42.0,44.0,42.0
2025-12-25T14:07:51.890671,17802.027,6391,Middle,motor_11_flexed,51.0,34.875,9,31.0,30.0,29.0,30.0,30.0,28.0,31.0,30.0,29.0,31.0,32.0,51.0,48.0,42.0,44.0,42.0
2025-12-25T14:07:53.778544,17803.917,6391,Middle,motor_11_open,51.0,35.0,9,31.0,30.0,29.0,30.0,30.0,28.0,31.0,30.0,29.0,32.0,32.0,51.0,48.0,42.0,45.0,42.0
2025-12-25T14:07:54.674487,17804.812,6392,Middle,motor_10_flexed,51.0,34.875,9,31.0,30.0,29.0,30.0,30.0,28.0,31.0,30.0,29.0,31.0,32.0,51.0,48.0,42.0,44.0,42.0
2025-12-25T14:07:56.562354,17806.702,6392,Middle,motor_10_open,51.0,34.9375,9,31.0,30.0,29.0,30.0,30.0,28.0,31.0,30.0,29.0,32.0,32.0,51.0,48.0,42.0,44.0,42.0
2025-12-25T14:07:57.458290,17807.597,6393,Ring,motor_4_flexed,51.0,34.875,9,31.0,30.0,29.0,30.0,30.0,28.0,31.0,30.0,29.0,31.0,32.0,51.0,48.0,42.0,44.0,42.0
2025-12-25T14:07:59.346173,17809.483,6393,Ring,motor_4_open,51.0,34.9375,9,31.0,30.0,29.0,30.0,30.0,28.0,31.0,30.0,29.0,32.0,32.0,51.0,48.0,42.0,44.0,42.0
2025-12-25T14:08:00.242102,17810.38,6394,Ring,motor_5_flexed,51.0,34.9375,9,31.0,30.0,29.0,30.0,30.0,28.0,31.0,30.0,29.0,32.0,32.0,51.0,48.0,42.0,44.0,42.0
2025-12-25T14:08:02.129971,17812.267,6394,Ring,motor_5_open,51.0,34.9375,9,31.0,30.0,29.0,30.0,30.0,28.0,31.0,30.0,29.0,32.0,32.0,51.0,48.0,42.0,44.0,42.0
2025-12-25T14:08:03.025912,17813.163,6395,Ring,motor_6_flexed,51.0,34.9375,9,31.0,30.0,29.0,30.0,30.0,28.0,31.0,30.0,29.0,32.0,32.0,51.0,48.0,42.0,44.0,42.0
2025-12-25T14:08:04.913770,17815.045,6395,Ring,motor_6_open,51.0,35.0625,9,31.0,30.0,29.0,30.0,30.0,28.0,31.0,30.0,29.0,32.0,32.0,51.0,48.0,42.0,45.0,43.0
2025-12-25T14:08:05.809702,17815.941,6396,Pinky,motor_7_flexed,51.0,34.875,9,31.0,30.0,29.0,30.0,30.0,28.0,31.0,30.0,29.0,32.0,32.0,51.0,48.0,42.0,44.0,41.0
2025-12-25T14:08:07.697573,17817.829,6396,Pinky,motor_7_open,51.0,34.9375,9,31.0,30.0,29.0,30.0,30.0,28.0,31.0,30.0,29.0,32.0,32.0,51.0,48.0,42.0,44.0,42.0
2025-12-25T14:08:08.593516,17818.729,6397,Pinky,motor_8_flexed,51.0,34.9375,9,31.0,30.0,29.0,30.0,30.0,28.0,31.0,30.0,29.0,32.0,32.0,51.0,48.0,42.0,44.0,42.0
2025-12-25T14:08:10.177396,17820.319,6397,Pinky,motor_8_flex_hold,51.0,34.875,9,31.0,30.0,29.0,30.0,30.0,28.0,31.0,30.0,29.0,32.0,32.0,51.0,48.0,42.0,44.0,41.0
2025-12-25T14:08:10.577376,17820.709,6397,Pinky,motor_8_open,51.0,34.875,9,31.0,30.0,29.0,30.0,30.0,28.0,31.0,30.0,29.0,32.0,32.0,51.0,48.0,42.0,44.0,41.0
2025-12-25T14:08:11.473315,17821.606,6398,Pinky,motor_9_flexed,51.0,34.9375,9,31.0,30.0,29.0,30.0,30.0,28.0,31.0,30.0,29.0,32.0,32.0,51.0,48.0,42.0,44.0,42.0
2025-12-25T14:08:13.361179,17823.492,6398,Pinky,motor_9_open,51.0,34.9375,9,31.0,30.0,29.0,30.0,30.0,28.0,31.0,30.0,29.0,32.0,32.0,51.0,48.0,42.0,44.0,42.0
2025-12-25T14:08:14.257121,17824.388,6399,Thumb,motor_13_flexed,51.0,34.9375,9,31.0,30.0,29.0,30.0,30.0,28.0,31.0,30.0,29.0,32.0,32.0,51.0,48.0,42.0,44.0,42.0
2025-12-25T14:08:16.145019,17826.28,6399,Thumb,motor_13_open,51.0,34.9375,9,31.0,30.0,29.0,30.0,30.0,28.0,31.0,30.0,29.0,32.0,32.0,51.0,48.0,42.0,44.0,42.0
2025-12-25T14:08:17.040956,17827.176,6400,Thumb,motor_14_flexed,51.0,34.9375,9,31.0,30.0,29.0,30.0,30.0,28.0,31.0,30.0,29.0,32.0,32.0,51.0,48.0,42.0,44.0,42.0
2025-12-25T14:08:18.928813,17829.063,6400,Thumb,motor_14_open,51.0,34.9375,9,31.0,30.0,29.0,30.0,30.0,28.0,31.0,30.0,29.0,32.0,32.0,51.0,48.0,42.0,44.0,42.0
2025-12-25T14:08:19.824748,17829.96,6401,Thumb,motor_12_flexed,51.0,34.9375,9,31.0,30.0,29.0,30.0,30.0,28.0,31.0,30.0,29.0,32.0,32.0,51.0,48.0,42.0,44.0,42.0
2025-12-25T14:08:21.712622,17831.851,6401,Thumb,motor_12_open,51.0,34.9375,9,31.0,30.0,29.0,30.0,30.0,28.0,31.0,30.0,29.0,32.0,32.0,51.0,48.0,42.0,44.0,42.0
2025-12-25T14:08:22.608571,17832.748,6402,Index,motor_2_flexed,51.0,34.9375,9,31.0,30.0,29.0,30.0,30.0,28.0,31.0,30.0,29.0,32.0,32.0,51.0,48.0,42.0,44.0,42.0
2025-12-25T14:08:24.496436,17834.634,6402,Index,motor_2_open,51.0,34.9375,9,31.0,30.0,29.0,30.0,30.0,28.0,31.0,30.0,29.0,32.0,32.0,51.0,48.0,42.0,44.0,42.0
2025-12-25T14:08:25.392387,17835.528,6403,Index,motor_1_flexed,51.0,34.9375,9,31.0,30.0,29.0,30.0,30.0,28.0,31.0,30.0,29.0,32.0,32.0,51.0,48.0,42.0,44.0,42.0
2025-12-25T14:08:27.280255,17837.42,6403,Index,motor_1_open,51.0,34.9375,9,31.0,30.0,29.0,30.0,30.0,28.0,31.0,30.0,29.0,32.0,32.0,51.0,48.0,42.0,44.0,42.0
2025-12-25T14:08:28.176172,17838.316,6404,Index,motor_3_flexed,51.0,34.9375,9,31.0,30.0,29.0,30.0,30.0,28.0,31.0,30.0,29.0,32.0,32.0,51.0,48.0,42.0,44.0,42.0
2025-12-25T14:08:30.064047,17840.197,6404,Index,motor_3_open,51.0,34.9375,9,31.0,30.0,29.0,30.0,30.0,28.0,31.0,30.0,29.0,32.0,32.0,51.0,48.0,42.0,44.0,42.0
2025-12-25T14:08:30.959977,17841.093,6405,Middle,motor_11_flexed,51.0,34.9375,9,31.0,30.0,29.0,30.0,30.0,28.0,31.0,30.0,29.0,32.0,32.0,51.0,48.0,42.0,44.0,42.0
2025-12-25T14:08:32.847851,17842.985,6405,Middle,motor_11_open,51.0,34.9375,9,31.0,30.0,29.0,30.0,30.0,28.0,31.0,30.0,29.0,32.0,32.0,51.0,48.0,42.0,44.0,42.0
2025-12-25T14:08:33.743792,17843.879,6406,Middle,motor_10_flexed,51.0,34.9375,9,31.0,30.0,29.0,30.0,30.0,28.0,31.0,30.0,29.0,32.0,32.0,51.0,48.0,42.0,44.0,42.0
2025-12-25T14:08:35.631673,17845.768,6406,Middle,motor_10_open,51.0,34.9375,9,31.0,30.0,29.0,30.0,30.0,28.0,31.0,30.0,29.0,32.0,32.0,51.0,48.0,42.0,44.0,42.0
2025-12-25T14:08:36.527611,17846.664,6407,Ring,motor_4_flexed,51.0,34.9375,9,31.0,30.0,29.0,30.0,30.0,28.0,31.0,30.0,29.0,32.0,32.0,51.0,48.0,42.0,44.0,42.0
