timestamp,elapsed_sec,cycle_index,finger,stage,max_temp_c,mean_temp_c,chunk_index,m01_temp_c,m02_temp_c,m03_temp_c,m04_temp_c,m05_temp_c,m06_temp_c,m07_temp_c,m08_temp_c,m09_temp_c,m10_temp_c,m11_temp_c,m12_temp_c,m13_temp_c,m14_temp_c,m15_temp_c,m16_temp_c
2025-12-25T11:41:10.612964,9000.75,3231,Ring,motor_6_open,51.0,34.625,5,30.0,29.0,28.0,30.0,30.0,28.0,30.0,30.0,29.0,32.0,32.0,51.0,47.0,42.0,44.0,42.0
2025-12-25T11:41:11.508910,9001.64,3232,Pinky,motor_7_flexed,51.0,34.625,5,30.0,29.0,28.0,30.0,30.0,28.0,30.0,30.0,29.0,32.0,32.0,51.0,47.0,42.0,44.0,42.0
2025-12-25T11:41:13.396809,9003.532,3232,Pinky,motor_7_open,51.0,34.625,5,30.0,29.0,28.0,30.0,30.0,28.0,30.0,30.0,29.0,32.0,32.0,51.0,47.0,42.0,44.0,42.0
2025-12-25T11:41:14.292777,9004.428,3233,Pinky,motor_8_flexed,51.0,34.5625,5,30.0,29.0,28.0,30.0,30.0,28.0,30.0,30.0,29.0,32.0,32.0,51.0,47.0,42.0,44.0,41.0
2025-12-25T11:41:16.180666,9006.32,3233,Pinky,motor_8_open,51.0,34.6875,5,30.0,29.0,28.0,30.0,30.0,28.0,31.0,30.0,29.0,32.0,32.0,51.0,47.0,42.0,44.0,42.0
2025-12-25T11:41:17.076613,9007.216,3234,Pinky,motor_9_flexed,51.0,34.625,5,30.0,29.0,28.0,30.0,30.0,28.0,30.0,30.0,29.0,32.0,32.0,51.0,47.0,42.0,44.0,42.0
2025-12-25T11:41:18.964509,9009.104,3234,Pinky,motor_9_open,51.0,34.5625,5,30.0,29.0,28.0,30.0,30.0,28.0,30.0,30.0,29.0,32.0,32.0,51.0,47.0,42.0,44.0,41.0
2025-12-25T11:41:19.860463,9010.0,3235,Thumb,motor_13_flexed,51.0,34.625,5,30.0,29.0,28.0,30.0,30.0,28.0,30.0,30.0,29.0,32.0,32.0,51.0,47.0,42.0,44.0,42.0
2025-12-25T11:41:21.748354,9011.887,3235,Thumb,motor_13_open,51.0,34.5625,5,30.0,29.0,28.0,30.0,30.0,28.0,30.0,30.0,29.0,32.0,32.0,51.0,47.0,42.0,44.0,41.0
2025-12-25T11:41:22.644288,9012.784,3236,Thumb,motor_14_flexed,51.0,34.625,5,30.0,29.0,28.0,30.0,30.0,28.0,30.0,30.0,29.0,32.0,32.0,51.0,47.0,42.0,44.0,42.0
2025-12-25T11:41:24.532203,9014.671,3236,Thumb,motor_14_open,51.0,34.625,5,30.0,29.0,28.0,30.0,30.0,28.0,30.0,30.0,29.0,32.0,32.0,51.0,47.0,42.0,44.0,42.0
2025-12-25T11:41:25.428144,9015.565,3237,Thumb,motor_12_flexed,51.0,34.625,5,30.0,29.0,28.0,30.0,30.0,28.0,30.0,30.0,29.0,32.0,32.0,51.0,47.0,42.0,44.0,42.0
2025-12-25T11:41:27.316039,9017.453,3237,Thumb,motor_12_open,51.0,34.5625,5,30.0,29.0,28.0,30.0,30.0,28.0,30.0,30.0,29.0,32.0,32.0,51.0,47.0,42.0,44.0,41.0
2025-12-25T11:41:28.212016,9018.351,3238,Index,motor_2_flexed,51.0,34.625,5,30.0,29.0,28.0,30.0,30.0,28.0,30.0,30.0,29.0,32.0,32.0,51.0,47.0,42.0,44.0,42.0
2025-12-25T11:41:30.099911,9020.238,3238,Index,motor_2_open,51.0,34.5625,5,30.0,29.0,28.0,30.0,30.0,28.0,30.0,30.0,29.0,32.0,32.0,51.0,47.0,42.0,44.0,41.0
2025-12-25T11:41:30.995859,9021.134,3239,Index,motor_1_flexed,51.0,34.625,5,30.0,29.0,28.0,30.0,30.0,28.0,30.0,30.0,29.0,32.0,32.0,51.0,47.0,42.0,44.0,42.0
2025-12-25T11:41:32.883756,9023.022,3239,Index,motor_1_open,51.0,34.625,5,30.0,29.0,28.0,30.0,30.0,28.0,31.0,30.0,29.0,32.0,32.0,51.0,47.0,42.0,44.0,41.0
2025-12-25T11:41:33.779706,9023.918,3240,Index,motor_3_flexed,51.0,34.625,5,30.0,29.0,28.0,30.0,30.0,28.0,30.0,30.0,29.0,32.0,32.0,51.0,47.0,42.0,44.0,42.0
2025-12-25T11:41:35.667601,9025.806,3240,Index,motor_3_open,51.0,34.625,5,30.0,29.0,28.0,30.0,30.0,28.0,30.0,30.0,29.0,32.0,32.0,51.0,47.0,42.0,44.0,42.0
2025-12-25T11:41:36.563542,9026.699,3241,Middle,motor_11_flexed,51.0,34.625,5,30.0,29.0,28.0,30.0,30.0,28.0,30.0,30.0,29.0,32.0,32.0,51.0,47.0,42.0,44.0,42.0
2025-12-25T11:41:38.451447,9028.589,3241,Middle,motor_11_open,51.0,34.6875,5,30.0,29.0,28.0,30.0,30.0,28.0,31.0,30.0,29.0,32.0,32.0,51.0,47.0,42.0,44.0,42.0
2025-12-25T11:41:39.347394,9029.486,3242,Middle,motor_10_flexed,51.0,34.625,5,30.0,29.0,28.0,30.0,30.0,28.0,30.0,30.0,29.0,32.0,32.0,51.0,47.0,42.0,44.0,42.0
2025-12-25T11:41:41.235275,9031.373,3242,Middle,motor_10_open,51.0,34.5625,5,30.0,29.0,28.0,30.0,30.0,28.0,30.0,30.0,29.0,32.0,32.0,51.0,47.0,42.0,44.0,41.0
2025-12-25T11:41:42.131227,9032.267,3243,Ring,motor_4_flexed,51.0,34.625,5,30.0,29.0,28.0,30.0,30.0,28.0,30.0,30.0,29.0,32.0,32.0,51.0,47.0,42.0,44.0,42.0
2025-12-25T11:41:44.019124,9034.157,3243,Ring,motor_4_open,51.0,34.5625,5,30.0,29.0,28.0,30.0,30.0,28.0,30.0,30.0,29.0,32.0,32.0,51.0,47.0,42.0,44.0,41.0
2025-12-25T11:41:44.915060,9035.053,3244,Ring,motor_5_flexed,51.0,34.625,5,30.0,29.0,28.0,30.0,30.0,28.0,30.0,30.0,29.0,32.0,32.0,51.0,47.0,42.0,44.0,42.0
2025-12-25T11:41:46.802968,9036.941,3244,Ring,motor_5_open,51.0,34.625,5,30.0,29.0,28.0,30.0,30.0,28.0,30.0,30.0,29.0,32.0,32.0,51.0,47.0,42.0,44.0,42.0
2025-12-25T11:41:47.698917,9037.836,3245,Ring,motor_6_flexed,51.0,34.625,5,30.0,29.0,28.0,30.0,30.0,28.0,30.0,30.0,29.0,32.0,32.0,51.0,47.0,42.0,44.0,42.0
2025-12-25T11:41:49.586812,9039.723,3245,Ring,motor_6_open,51.0,34.625,5,30.0,29.0,28.0,30.0,30.0,28.0,30.0,30.0,29.0,32.0,32.0,51.0,47.0,42.0,44.0,42.0
2025-12-25T11:41:50.482761,9040.621,3246,Pinky,motor_7_flexed,51.0,34.625,5,30.0,29.0,28.0,30.0,30.0,28.0,30.0,30.0,29.0,32.0,32.0,51.0,47.0,42.0,44.0,42.0
2025-12-25T11:41:52.370659,9042.508,3246,Pinky,motor_7_open,51.0,34.625,5,30.0,29.0,28.0,30.0,30.0,28.0,30.0,30.0,29.0,32.0,32.0,51.0,47.0,42.0,44.0,42.0
2025-12-25T11:41:53.266615,9043.402,3247,Pinky,motor_8_flexed,51.0,34.625,5,30.0,29.0,28.0,30.0,30.0,28.0,30.0,30.0,29.0,32.0,32.0,51.0,47.0,42.0,44.0,42.0
2025-12-25T11:41:55.154505,9045.292,3247,Pinky,motor_8_open,51.0,34.6875,5,30.0,29.0,28.0,30.0,30.0,28.0,31.0,30.0,29.0,32.0,32.0,51.0,47.0,42.0,44.0,42.0
2025-12-25T11:41:56.050453,9046.189,3248,Pinky,motor_9_flexed,51.0,34.625,5,30.0,29.0,28.0,30.0,30.0,28.0,31.0,30.0,29.0,32.0,32.0,51.0,47.0,42.0,43.0,42.0
2025-12-25T11:41:57.938357,9048.075,3248,Pinky,motor_9_open,51.0,34.6875,5,30.0,29.0,28.0,30.0,30.0,28.0,31.0,30.0,29.0,32.0,32.0,51.0,47.0,42.0,44.0,42.0
2025-12-25T11:41:58.834300,9048.974,3249,Thumb,motor_13_flexed,51.0,34.625,5,30.0,29.0,28.0,30.0,30.0,28.0,30.0,30.0,29.0,32.0,32.0,51.0,47.0,42.0,44.0,42.0
2025-12-25T11:42:00.722195,9050.86,3249,Thumb,motor_13_open,51.0,34.625,5,30.0,29.0,28.0,30.0,30.0,28.0,30.0,30.0,29.0,32.0,32.0,51.0,47.0,42.0,44.0,42.0
2025-12-25T11:42:01.618144,9051.753,3250,Thumb,motor_14_flexed,51.0,34.625,5,30.0,29.0,28.0,30.0,30.0,28.0,30.0,30.0,29.0,32.0,32.0,51.0,47.0,42.0,44.0,42.0
2025-12-25T11:42:03.506037,9053.646,3250,Thumb,motor_14_open,51.0,34.625,5,30.0,29.0,28.0,30.0,30.0,28.0,30.0,30.0,29.0,32.0,32.0,51.0,47.0,42.0,44.0,42.0
2025-12-25T11:42:04.401986,9054.541,3251,Thumb,motor_12_flexed,51.0,34.625,5,30.0,29.0,28.0,30.0,30.0,28.0,30.0,30.0,29.0,32.0,32.0,51.0,47.0,42.0,44.0,42.0
2025-12-25T11:42:06.289885,9056.428,3251,Thumb,motor_12_open,51.0,34.625,5,30.0,29.0,28.0,30.0,30.0,28.0,30.0,30.0,29.0,32.0,32.0,51.0,47.0,42.0,44.0,42.0
2025-12-25T11:42:07.185847,9057.323,3252,Index,motor_2_flexed,51.0,34.625,5,30.0,29.0,28.0,30.0,30.0,28.0,30.0,30.0,29.0,32.0,32.0,51.0,47.0,42.0,44.0,42.0
2025-12-25T11:42:09.073731,9059.214,3252,Index,motor_2_open,51.0,34.625,5,30.0,29.0,28.0,30.0,30.0,28.0,30.0,30.0,29.0,32.0,32.0,51.0,47.0,42.0,44.0,42.0
2025-12-25T11:42:09.969684,9060.107,3253,Index,motor_1_flexed,51.0,34.625,5,30.0,29.0,28.0,30.0,30.0,28.0,30.0,30.0,29.0,32.0,32.0,51.0,47.0,42.0,44.0,42.0
2025-12-25T11:42:11.857591,9061.993,3253,Index,motor_1_open,51.0,34.625,5,30.0,29.0,28.0,30.0,30.0,28.0,30.0,30.0,29.0,32.0,32.0,51.0,47.0,42.0,44.0,42.0
2025-12-25T11:42:12.753529,9062.893,3254,Index,motor_3_flexed,51.0,34.6875,5,30.0,29.0,28.0,30.0,30.0,28.0,31.0,30.0,29.0,32.0,32.0,51.0,47.0,42.0,44.0,42.0
2025-12-25T11:42:14.641414,9064.779,3254,Index,motor_3_open,51.0,34.625,5,30.0,29.0,28.0,30.0,30.0,28.0,30.0,30.0,29.0,32.0,32.0,51.0,47.0,42.0,44.0,42.0
2025-12-25T11:42:15.537363,9065.677,3255,Middle,motor_11_flexed,51.0,34.6875,5,30.0,29.0,28.0,30.0,30.0,28.0,31.0,30.0,29.0,32.0,32.0,51.0,47.0,42.0,44.0,42.0
2025-12-25T11:42:17.425270,9067.562,3255,Middle,motor_11_open,51.0,34.6875,5,30.0,29.0,28.0,30.0,30.0,28.0,31.0,30.0,29.0,32.0,32.0,51.0,47.0,42.0,44.0,42.0
2025-12-25T11:42:18.321219,9068.458,3256,Middle,motor_10_flexed,51.0,34.625,5,30.0,29.0,28.0,30.0,30.0,28.0,30.0,30.0,29.0,32.0,32.0,51.0,47.0,42.0,44.0,42.0
2025-12-25T11:42:20.209113,9070.343,3256,Middle,motor_10_open,51.0,34.625,5,30.0,29.0,28.0,30.0,30.0,28.0,30.0,30.0,29.0,32.0,32.0,51.0,47.0,42.0,44.0,42.0
2025-12-25T11:42:21.105079,9071.245,3257,Ring,motor_4_flexed,51.0,34.625,5,30.0,29.0,28.0,30.0,30.0,28.0,30.0,30.0,29.0,32.0,32.0,51.0,47.0,42.0,44.0,42.0
2025-12-25T11:42:22.992960,9073.132,3257,Ring,motor_4_open,51.0,34.5625,5,30.0,29.0,28.0,30.0,30.0,28.0,30.0,30.0,29.0,32.0,32.0,51.0,47.0,42.0,43.0,42.0
2025-12-25T11:42:23.888911,9074.026,3258,Ring,motor_5_flexed,51.0,34.5625,5,30.0,29.0,28.0,30.0,30.0,28.0,30.0,30.0,29.0,32.0,32.0,51.0,47.0,42.0,44.0,41.0
2025-12-25T11:42:25.776822,9075.914,3258,Ring,motor_5_open,51.0,34.625,5,30.0,29.0,28.0,30.0,30.0,28.0,30.0,30.0,29.0,32.0,32.0,51.0,47.0,42.0,44.0,42.0
2025-12-25T11:42:26.672755,9076.813,3259,Ring,motor_6_flexed,51.0,34.625,5,30.0,29.0,28.0,30.0,30.0,28.0,30.0,30.0,29.0,32.0,32.0,51.0,47.0,42.0,44.0,42.0
2025-12-25T11:42:28.560651,9078.7,3259,Ring,motor_6_open,51.0,34.6875,5,30.0,29.0,28.0,30.0,30.0,28.0,31.0,30.0,29.0,32.0,32.0,51.0,47.0,42.0,44.0,42.0
2025-12-25T11:42:29.456601,9079.594,3260,Pinky,motor_7_flexed,51.0,34.625,5,30.0,29.0,28.0,30.0,30.0,28.0,30.0,30.0,29.0,32.0,32.0,51.0,47.0,42.0,44.0,42.0
2025-12-25T11:42:31.344499,9081.484,3260,Pinky,motor_7_open,51.0,34.625,5,30.0,29.0,28.0,30.0,30.0,28.0,30.0,30.0,29.0,32.0,32.0,51.0,47.0,42.0,44.0,42.0
2025-12-25T11:42:32.240447,9082.378,3261,Pinky,motor_8_flexed,51.0,34.625,5,30.0,29.0,28.0,30.0,30.0,28.0,30.0,30.0,29.0,32.0,32.0,51.0,47.0,42.0,44.0,42.0
2025-12-25T11:42:34.128343,9084.266,3261,Pinky,motor_8_open,51.0,34.6875,5,30.0,29.0,28.0,30.0,30.0,28.0,31.0,30.0,29.0,32.0,32.0,51.0,47.0,42.0,44.0,42.0
2025-12-25T11:42:35.024286,9085.162,3262,Pinky,motor_9_flexed,51.0,34.6875,5,30.0,29.0,28.0,30.0,30.0,28.0,31.0,30.0,29.0,32.0,32.0,51.0,47.0,42.0,44.0,42.0
2025-12-25T11:42:36.912189,9087.049,3262,Pinky,motor_9_open,51.0,34.625,5,30.0,29.0,28.0,30.0,30.0,28.0,30.0,30.0,29.0,32.0,32.0,51.0,47.0,42.0,44.0,42.0
2025-12-25T11:42:37.808142,9087.946,3263,Thumb,motor_13_flexed,51.0,34.625,5,30.0,29.0,28.0,30.0,30.0,28.0,30.0,30.0,29.0,32.0,32.0,51.0,47.0,42.0,44.0,42.0
2025-12-25T11:42:39.696035,9089.837,3263,Thumb,motor_13_open,51.0,34.6875,5,30.0,29.0,28.0,30.0,30.0,28.0,31.0,30.0,29.0,32.0,32.0,51.0,47.0,42.0,44.0,42.0
2025-12-25T11:42:40.591984,9090.731,3264,Thumb,motor_14_flexed,51.0,34.625,5,30.0,29.0,28.0,30.0,30.0,28.0,30.0,30.0,29.0,32.0,32.0,51.0,47.0,42.0,44.0,42.0
2025-12-25T11:42:42.479878,9092.616,3264,Thumb,motor_14_open,51.0,34.625,5,30.0,29.0,28.0,30.0,30.0,28.0,30.0,30.0,29.0,32.0,32.0,51.0,47.0,42.0,44.0,42.0
2025-12-25T11:42:43.375829,9093.512,3265,Thumb,motor_12_flexed,51.0,34.625,5,30.0,29.0,28.0,30.0,30.0,28.0,30.0,30.0,29.0,32.0,32.0,51.0,47.0,42.0,44.0,42.0
2025-12-25T11:42:45.263724,9095.403,3265,Thumb,motor_12_open,51.0,34.625,5,30.0,29.0,28.0,30.0,30.0,28.0,30.0,30.0,29.0,32.0,32.0,51.0,47.0,42.0,44.0,42.0
2025-12-25T11:42:46.159674,9096.298,3266,Index,motor_2_flexed,51.0,34.625,5,30.0,29.0,28.0,30.0,30.0,28.0,30.0,30.0,29.0,32.0,32.0,51.0,47.0,42.0,44.0,42.0
2025-12-25T11:42:48.047572,9098.184,3266,Index,motor_2_open,51.0,34.625,5,30.0,29.0,28.0,30.0,30.0,28.0,30.0,30.0,29.0,32.0,32.0,51.0,47.0,42.0,44.0,42.0
2025-12-25T11:42:48.943521,9099.082,3267,Index,motor_1_flexed,51.0,34.625,5,30.0,29.0,28.0,30.0,30.0,28.0,30.0,30.0,29.0,32.0,32.0,51.0,47.0,42.0,44.0,42.0
2025-12-25T11:42:50.831416,9100.966,3267,Index,motor_1_open,51.0,34.625,5,30.0,29.0,28.0,30.0,30.0,28.0,30.0,30.0,29.0,32.0,32.0,51.0,47.0,42.0,44.0,42.0
2025-12-25T11:42:51.727367,9101.865,3268,Index,motor_3_flexed,51.0,34.625,5,30.0,29.0,28.0,30.0,30.0,28.0,30.0,30.0,29.0,32.0,32.0,51.0,47.0,42.0,44.0,42.0
2025-12-25T11:42:53.615265,9103.752,3268,Index,motor_3_open,51.0,34.625,5,30.0,29.0,28.0,30.0,30.0,28.0,30.0,30.0,29.0,32.0,32.0,51.0,47.0,42.0,44.0,42.0
2025-12-25T11:42:54.511211,9104.648,3269,Middle,motor_11_flexed,51.0,34.625,5,30.0,29.0,28.0,30.0,30.0,28.0,30.0,30.0,29.0,32.0,32.0,51.0,47.0,42.0,44.0,42.0
2025-12-25T11:42:56.399104,9106.531,3269,Middle,motor_11_open,51.0,34.625,5,30.0,29.0,28.0,30.0,30.0,28.0,30.0,30.0,29.0,32.0,32.0,51.0,47.0,42.0,44.0,42.0
2025-12-25T11:42:57.295060,9107.436,3270,Middle,motor_10_flexed,51.0,34.625,5,30.0,29.0,28.0,30.0,30.0,28.0,30.0,30.0,29.0,32.0,32.0,51.0,47.0,42.0,44.0,42.0
2025-12-25T11:42:59.182956,9109.32,3270,Middle,motor_10_open,51.0,34.625,5,30.0,29.0,28.0,30.0,30.0,28.0,30.0,30.0,29.0,32.0,32.0,51.0,47.0,42.0,44.0,42.0
2025-12-25T11:43:00.078908,9110.215,3271,Ring,motor_4_flexed,51.0,34.625,5,30.0,29.0,28.0,30.0,30.0,28.0,30.0,30.0,29.0,32.0,32.0,51.0,47.0,42.0,44.0,42.0
2025-12-25T11:43:01.966802,9112.105,3271,Ring,motor_4_open,51.0,34.625,5,30.0,29.0,28.0,30.0,30.0,28.0,30.0,30.0,29.0,32.0,32.0,51.0,47.0,42.0,44.0,42.0
2025-12-25T11:43:02.862750,9112.999,3272,Ring,motor_5_flexed,51.0,34.5625,5,30.0,29.0,28.0,30.0,30.0,28.0,30.0,30.0,29.0,32.0,32.0,51.0,47.0,42.0,44.0,41.0
2025-12-25T11:43:04.750653,9114.888,3272,Ring,motor_5_open,51.0,34.625,5,30.0,29.0,28.0,30.0,30.0,28.0,30.0,30.0,29.0,32.0,32.0,51.0,47.0,42.0,44.0,42.0
2025-12-25T11:43:05.646597,9115.784,3273,Ring,motor_6_flexed,51.0,34.625,5,30.0,29.0,28.0,30.0,30.0,28.0,30.0,30.0,29.0,32.0,32.0,51.0,47.0,42.0,44.0,42.0
2025-12-25T11:43:07.534493,9117.673,3273,Ring,motor_6_open,51.0,34.6875,5,30.0,29.0,28.0,30.0,30.0,28.0,30.0,30.0,29.0,32.0,32.0,51.0,47.0,42.0,44.0,43.0
2025-12-25T11:43:08.430443,9118.57,3274,Pinky,motor_7_flexed,51.0,34.625,5,30.0,29.0,28.0,30.0,30.0,28.0,30.0,30.0,29.0,32.0,32.0,51.0,47.0,42.0,44.0,42.0
2025-12-25T11:43:10.014354,9120.156,3274,Pinky,motor_7_flex_hold,51.0,34.625,5,30.0,29.0,28.0,30.0,30.0,28.0,30.0,30.0,29.0,32.0,32.0,51.0,47.0,42.0,44.0,42.0
2025-12-25T11:43:10.414321,9120.551,3274,Pinky,motor_7_open,51.0,34.6875,5,30.0,29.0,28.0,30.0,30.0,28.0,31.0,30.0,29.0,32.0,32.0,51.0,47.0,42.0,44.0,42.0
2025-12-25T11:43:11.310271,9121.448,3275,Pinky,motor_8_flexed,51.0,34.625,5,30.0,29.0,28.0,30.0,30.0,28.0,30.0,30.0,29.0,32.0,32.0,51.0,47.0,42.0,44.0,42.0
2025-12-25T11:43:13.198160,9123.334,3275,Pinky,motor_8_open,51.0,34.6875,5,30.0,29.0,28.0,30.0,30.0,28.0,31.0,30.0,29.0,32.0,32.0,51.0,47.0,42.0,44.0,42.0
2025-12-25T11:43:14.094129,9124.23,3276,Pinky,motor_9_flexed,51.0,34.6875,5,30.0,29.0,28.0,30.0,30.0,28.0,31.0,30.0,29.0,32.0,32.0,51.0,47.0,42.0,44.0,42.0
2025-12-25T11:43:15.982011,9126.113,3276,Pinky,motor_9_open,51.0,34.6875,5,30.0,29.0,28.0,30.0,30.0,28.0,31.0,30.0,29.0,32.0,32.0,51.0,47.0,42.0,44.0,42.0
2025-12-25T11:43:16.877971,9127.015,3277,Thumb,motor_13_flexed,51.0,34.6875,5,30.0,29.0,28.0,30.0,30.0,28.0,31.0,30.0,29.0,32.0,32.0,51.0,47.0,42.0,44.0,42.0
2025-12-25T11:43:18.765884,9128.903,3277,Thumb,motor_13_open,51.0,34.6875,5,30.0,29.0,28.0,30.0,30.0,28.0,31.0,30.0,29.0,32.0,32.0,51.0,47.0,42.0,44.0,42.0
2025-12-25T11:43:19.661820,9129.799,3278,Thumb,motor_14_flexed,51.0,34.6875,5,30.0,29.0,28.0,30.0,30.0,28.0,30.0,30.0,29.0,32.0,32.0,51.0,47.0,42.0,44.0,43.0
2025-12-25T11:43:21.549713,9131.686,3278,Thumb,motor_14_open,51.0,34.625,5,30.0,29.0,28.0,30.0,30.0,28.0,30.0,30.0,29.0,32.0,32.0,51.0,47.0,42.0,44.0,42.0
2025-12-25T11:43:22.445665,9132.584,3279,Thumb,motor_12_flexed,51.0,34.6875,5,30.0,29.0,28.0,30.0,30.0,28.0,31.0,30.0,29.0,32.0,32.0,51.0,47.0,42.0,44.0,42.0
2025-12-25T11:43:24.333561,9134.47,3279,Thumb,motor_12_open,51.0,34.625,5,30.0,29.0,28.0,30.0,30.0,28.0,30.0,30.0,29.0,32.0,32.0,51.0,47.0,42.0,44.0,42.0
2025-12-25T11:43:25.229512,9135.365,3280,Index,motor_2_flexed,51.0,34.625,5,30.0,29.0,28.0,30.0,30.0,28.0,30.0,30.0,29.0,32.0,32.0,51.0,47.0,42.0,44.0,42.0
2025-12-25T11:43:27.117408,9137.255,3280,Index,motor_2_open,51.0,34.625,5,30.0,29.0,28.0,30.0,30.0,28.0,30.0,30.0,29.0,32.0,32.0,51.0,47.0,42.0,44.0,42.0
2025-12-25T11:43:28.013377,9138.151,3281,Index,motor_1_flexed,51.0,34.625,5,30.0,29.0,28.0,30.0,30.0,28.0,30.0,30.0,29.0,32.0,32.0,51.0,47.0,42.0,44.0,42.0
2025-12-25T11:43:29.901250,9140.042,3281,Index,motor_1_open,51.0,34.625,5,30.0,29.0,28.0,30.0,30.0,28.0,30.0,30.0,29.0,32.0,32.0,51.0,47.0,42.0,44.0,42.0
2025-12-25T11:43:30.797201,9140.934,3282,Index,motor_3_flexed,51.0,34.6875,5,30.0,29.0,28.0,30.0,30.0,28.0,31.0,30.0,29.0,32.0,32.0,51.0,47.0,42.0,44.0,42.0
2025-12-25T11:43:32.685098,9142.823,3282,Index,motor_3_open,51.0,34.625,5,30.0,29.0,28.0,30.0,30.0,28.0,30.0,30.0,29.0,32.0,32.0,51.0,47.0,42.0,44.0,42.0
2025-12-25T11:43:33.581045,9143.719,3283,Middle,motor_11_flexed,51.0,34.625,5,30.0,29.0,28.0,30.0,30.0,28.0,30.0,30.0,29.0,32.0,32.0,51.0,47.0,42.0,44.0,42.0
2025-12-25T11:43:35.468943,9145.607,3283,Middle,motor_11_open,51.0,34.625,5,30.0,29.0,28.0,30.0,30.0,28.0,30.0,30.0,29.0,32.0,32.0,51.0,47.0,42.0,44.0,42.0
2025-12-25T11:43:36.364895,9146.503,3284,Middle,motor_10_flexed,51.0,34.625,5,30.0,29.0,28.0,30.0,30.0,28.0,30.0,30.0,29.0,32.0,32.0,51.0,47.0,42.0,44.0,42.0
2025-12-25T11:43:38.252789,9148.391,3284,Middle,motor_10_open,51.0,34.625,5,30.0,29.0,28.0,30.0,30.0,28.0,30.0,30.0,29.0,32.0,32.0,51.0,47.0,42.0,44.0,42.0
2025-12-25T11:43:39.148737,9149.288,3285,Ring,motor_4_flexed,51.0,34.4375,5,30.0,29.0,28.0,30.0,30.0,28.0,30.0,30.0,29.0,32.0,32.0,51.0,47.0,42.0,41.0,42.0
2025-12-25T11:43:41.036626,9151.178,3285,Ring,motor_4_open,51.0,34.625,5,30.0,29.0,28.0,30.0,30.0,28.0,30.0,30.0,29.0,32.0,32.0,51.0,47.0,42.0,44.0,42.0
2025-12-25T11:43:41.932577,9152.071,3286,Ring,motor_5_flexed,51.0,34.625,5,30.0,29.0,28.0,30.0,30.0,28.0,30.0,30.0,29.0,32.0,32.0,51.0,47.0,42.0,44.0,42.0
2025-12-25T11:43:43.820472,9153.959,3286,Ring,motor_5_open,51.0,34.6875,5,30.0,29.0,28.0,30.0,30.0,28.0,31.0,30.0,29.0,32.0,32.0,51.0,47.0,42.0,44.0,42.0
2025-12-25T11:43:44.716423,9154.855,3287,Ring,motor_6_flexed,51.0,34.625,5,30.0,29.0,28.0,30.0,30.0,28.0,30.0,30.0,29.0,32.0,32.0,51.0,47.0,42.0,44.0,42.0
2025-12-25T11:43:46.604329,9156.743,3287,Ring,motor_6_open,51.0,34.625,5,30.0,29.0,28.0,30.0,30.0,28.0,30.0,30.0,29.0,32.0,32.0,51.0,47.0,42.0,44.0,42.0
2025-12-25T11:43:47.500278,9157.637,3288,Pinky,motor_7_flexed,51.0,34.625,5,30.0,29.0,28.0,30.0,30.0,28.0,30.0,30.0,29.0,32.0,32.0,51.0,47.0,42.0,44.0,42.0
2025-12-25T11:43:49.388171,9159.526,3288,Pinky,motor_7_open,51.0,34.625,5,30.0,29.0,28.0,30.0,30.0,28.0,30.0,30.0,29.0,32.0,32.0,51.0,47.0,42.0,44.0,42.0
2025-12-25T11:43:50.284125,9160.421,3289,Pinky,motor_8_flexed,51.0,34.625,5,30.0,29.0,28.0,30.0,30.0,28.0,30.0,30.0,29.0,32.0,32.0,51.0,47.0,42.0,44.0,42.0
2025-12-25T11:43:52.172009,9162.311,3289,Pinky,motor_8_open,51.0,34.625,5,30.0,29.0,28.0,30.0,30.0,28.0,30.0,30.0,29.0,32.0,32.0,51.0,47.0,42.0,44.0,42.0
2025-12-25T11:43:53.067962,9163.205,3290,Pinky,motor_9_flexed,51.0,34.6875,5,30.0,29.0,28.0,30.0,30.0,28.0,31.0,30.0,29.0,32.0,32.0,51.0,47.0,42.0,44.0,42.0
2025-12-25T11:43:54.955859,9165.096,3290,Pinky,motor_9_open,51.0,34.625,5,30.0,29.0,28.0,30.0,30.0,28.0,30.0,30.0,29.0,32.0,32.0,51.0,47.0,42.0,44.0,42.0
2025-12-25T11:43:55.851819,9165.988,3291,Thumb,motor_13_flexed,51.0,34.5625,5,30.0,29.0,28.0,30.0,30.0,28.0,30.0,30.0,29.0,32.0,32.0,51.0,47.0,42.0,44.0,41.0
2025-12-25T11:43:57.739713,9167.879,3291,Thumb,motor_13_open,51.0,34.6875,5,30.0,29.0,28.0,30.0,30.0,28.0,31.0,30.0,29.0,32.0,32.0,51.0,47.0,42.0,44.0,42.0
2025-12-25T11:43:58.635652,9168.774,3292,Thumb,motor_14_flexed,51.0,34.625,5,30.0,29.0,28.0,30.0,30.0,28.0,30.0,30.0,29.0,32.0,32.0,51.0,47.0,42.0,44.0,42.0
2025-12-25T11:44:00.523549,9170.66,3292,Thumb,motor_14_open,51.0,34.625,5,30.0,29.0,28.0,30.0,30.0,28.0,30.0,30.0,29.0,32.0,32.0,51.0,47.0,42.0,44.0,42.0
2025-12-25T11:44:01.419506,9171.556,3293,Thumb,motor_12_flexed,51.0,34.8125,5,30.0,29.0,28.0,30.0,30.0,28.0,30.0,30.0,29.0,32.0,32.0,51.0,47.0,42.0,44.0,45.0
2025-12-25T11:44:03.307400,9173.443,3293,Thumb,motor_12_open,51.0,34.625,5,30.0,29.0,28.0,30.0,30.0,28.0,30.0,30.0,29.0,32.0,32.0,51.0,47.0,42.0,44.0,42.0
2025-12-25T11:44:04.203353,9174.341,3294,Index,motor_2_flexed,51.0,34.875,5,30.0,29.0,28.0,30.0,30.0,28.0,31.0,30.0,29.0,32.0,32.0,51.0,47.0,42.0,44.0,45.0
2025-12-25T11:44:06.091249,9176.231,3294,Index,motor_2_open,51.0,34.6875,5,30.0,29.0,28.0,30.0,30.0,28.0,31.0,30.0,29.0,32.0,32.0,51.0,47.0,42.0,44.0,42.0
2025-12-25T11:44:06.987206,9177.124,3295,Index,motor_1_flexed,51.0,34.6875,5,30.0,29.0,28.0,30.0,30.0,28.0,31.0,30.0,29.0,32.0,32.0,51.0,47.0,42.0,44.0,42.0
2025-12-25T11:44:08.875095,9179.015,3295,Index,motor_1_open,51.0,34.625,5,30.0,29.0,28.0,30.0,30.0,28.0,30.0,30.0,29.0,32.0,32.0,51.0,47.0,42.0,44.0,42.0
2025-12-25T11:44:09.771045,9179.911,3296,Index,motor_3_flexed,51.0,34.625,5,30.0,29.0,28.0,30.0,30.0,28.0,30.0,30.0,29.0,32.0,32.0,51.0,47.0,42.0,44.0,42.0
2025-12-25T11:44:10.858987,9180.996,3296,Index,motor_3_flex_hold,51.0,34.625,5,30.0,29.0,28.0,30.0,30.0,28.0,30.0,30.0,29.0,32.0,32.0,51.0,47.0,42.0,44.0,42.0
2025-12-25T11:44:11.658948,9181.79,3296,Index,motor_3_open,51.0,34.6875,5,30.0,29.0,28.0,30.0,30.0,28.0,31.0,30.0,29.0,32.0,32.0,51.0,47.0,42.0,44.0,42.0
2025-12-25T11:44:12.554891,9182.692,3297,Middle,motor_11_flexed,51.0,34.6875,5,30.0,29.0,28.0,30.0,30.0,28.0,31.0,30.0,29.0,32.0,32.0,51.0,47.0,42.0,44.0,42.0
2025-12-25T11:44:14.442787,9184.579,3297,Middle,motor_11_open,51.0,34.625,5,30.0,29.0,28.0,30.0,30.0,28.0,30.0,30.0,29.0,32.0,32.0,51.0,47.0,42.0,44.0,42.0
2025-12-25T11:44:15.338736,9185.476,3298,Middle,motor_10_flexed,51.0,34.625,5,30.0,29.0,28.0,30.0,30.0,28.0,30.0,30.0,29.0,32.0,32.0,51.0,47.0,42.0,44.0,42.0
2025-12-25T11:44:17.226633,9187.365,3298,Middle,motor_10_open,51.0,34.625,5,30.0,29.0,28.0,30.0,30.0,28.0,30.0,30.0,29.0,32.0,32.0,51.0,47.0,42.0,44.0,42.0
2025-12-25T11:44:18.122584,9188.258,3299,Ring,motor_4_flexed,51.0,34.625,5,30.0,29.0,28.0,30.0,30.0,28.0,30.0,30.0,29.0,32.0,32.0,51.0,47.0,42.0,44.0,42.0
2025-12-25T11:44:20.010470,9190.148,3299,Ring,motor_4_open,51.0,34.625,5,30.0,29.0,28.0,30.0,30.0,28.0,30.0,30.0,29.0,32.0,32.0,51.0,47.0,42.0,44.0,42.0
2025-12-25T11:44:20.906438,9191.044,3300,Ring,motor_5_flexed,51.0,34.6875,5,30.0,29.0,28.0,30.0,30.0,28.0,31.0,30.0,29.0,32.0,32.0,51.0,47.0,42.0,44.0,42.0
2025-12-25T11:44:22.794324,9192.932,3300,Ring,motor_5_open,51.0,34.6875,5,30.0,29.0,28.0,30.0,30.0,28.0,31.0,30.0,29.0,32.0,32.0,51.0,47.0,42.0,44.0,42.0
2025-12-25T11:44:23.690272,9193.821,3301,Ring,motor_6_flexed,51.0,34.6875,5,30.0,29.0,28.0,30.0,30.0,28.0,31.0,30.0,29.0,32.0,32.0,51.0,47.0,42.0,44.0,42.0
2025-12-25T11:44:25.578185,9195.713,3301,Ring,motor_6_open,51.0,34.6875,5,30.0,29.0,28.0,30.0,30.0,28.0,31.0,30.0,29.0,32.0,32.0,51.0,47.0,42.0,44.0,42.0
2025-12-25T11:44:26.474117,9196.611,3302,Pinky,motor_7_flexed,51.0,34.6875,5,30.0,29.0,28.0,30.0,30.0,28.0,31.0,30.0,29.0,32.0,32.0,51.0,47.0,42.0,44.0,42.0
2025-12-25T11:44:28.362011,9198.499,3302,Pinky,motor_7_open,51.0,34.6875,5,30.0,29.0,28.0,30.0,30.0,28.0,31.0,30.0,29.0,32.0,32.0,51.0,47.0,42.0,44.0,42.0
2025-12-25T11:44:29.257958,9199.395,3303,Pinky,motor_8_flexed,51.0,34.625,5,30.0,29.0,28.0,30.0,30.0,28.0,30.0,30.0,29.0,32.0,32.0,51.0,47.0,42.0,44.0,42.0
2025-12-25T11:44:31.145860,9201.282,3303,Pinky,motor_8_open,51.0,34.625,5,30.0,29.0,28.0,30.0,30.0,28.0,31.0,30.0,29.0,32.0,32.0,51.0,47.0,42.0,44.0,41.0
2025-12-25T11:44:32.041812,9202.178,3304,Pinky,motor_9_flexed,51.0,34.6875,5,30.0,29.0,28.0,30.0,30.0,28.0,31.0,30.0,29.0,32.0,32.0,51.0,47.0,42.0,44.0,42.0
2025-12-25T11:44:33.929706,9204.068,3304,Pinky,motor_9_open,51.0,34.6875,5,30.0,29.0,28.0,30.0,30.0,28.0,31.0,30.0,29.0,32.0,32.0,51.0,47.0,42.0,44.0,42.0
2025-12-25T11:44:34.825663,9204.962,3305,Thumb,motor_13_flexed,51.0,34.6875,5,30.0,29.0,28.0,30.0,30.0,28.0,31.0,30.0,29.0,32.0,32.0,51.0,47.0,42.0,44.0,42.0
2025-12-25T11:44:36.713554,9206.852,3305,Thumb,motor_13_open,51.0,34.6875,5,30.0,29.0,28.0,30.0,30.0,28.0,31.0,30.0,29.0,32.0,32.0,51.0,47.0,42.0,44.0,42.0
2025-12-25T11:44:37.609493,9207.746,3306,Thumb,motor_14_flexed,51.0,34.6875,5,30.0,29.0,28.0,30.0,30.0,28.0,31.0,30.0,29.0,32.0,32.0,51.0,47.0,42.0,44.0,42.0
2025-12-25T11:44:39.497390,9209.635,3306,Thumb,motor_14_open,51.0,34.6875,5,30.0,29.0,28.0,30.0,30.0,28.0,31.0,30.0,29.0,32.0,32.0,51.0,47.0,42.0,44.0,42.0
2025-12-25T11:44:40.393341,9210.53,3307,Thumb,motor_12_flexed,51.0,34.6875,5,30.0,29.0,28.0,30.0,30.0,28.0,31.0,30.0,29.0,32.0,32.0,51.0,47.0,42.0,44.0,42.0
2025-12-25T11:44:42.281237,9212.418,3307,Thumb,motor_12_open,51.0,34.625,5,30.0,29.0,28.0,30.0,30.0,28.0,30.0,30.0,29.0,32.0,32.0,51.0,47.0,42.0,44.0,42.0
2025-12-25T11:44:43.177184,9213.308,3308,Index,motor_2_flexed,51.0,34.6875,5,30.0,29.0,28.0,30.0,30.0,28.0,31.0,30.0,29.0,32.0,32.0,51.0,47.0,42.0,44.0,42.0
2025-12-25T11:44:45.065079,9215.203,3308,Index,motor_2_open,51.0,34.75,5,30.0,29.0,28.0,30.0,30.0,28.0,31.0,30.0,29.0,32.0,32.0,51.0,47.0,42.0,44.0,43.0
2025-12-25T11:44:45.961031,9216.099,3309,Index,motor_1_flexed,51.0,34.625,5,30.0,29.0,28.0,30.0,30.0,28.0,30.0,30.0,29.0,32.0,32.0,51.0,47.0,42.0,44.0,42.0
2025-12-25T11:44:47.848928,9217.985,3309,Index,motor_1_open,51.0,34.6875,5,30.0,29.0,28.0,30.0,30.0,28.0,31.0,30.0,29.0,32.0,32.0,51.0,47.0,42.0,44.0,42.0
2025-12-25T11:44:48.744891,9218.882,3310,Index,motor_3_flexed,51.0,34.625,5,30.0,29.0,28.0,30.0,30.0,28.0,30.0,30.0,29.0,32.0,32.0,51.0,47.0,42.0,44.0,42.0
2025-12-25T11:44:50.648766,9220.786,3310,Index,motor_3_open,51.0,34.6875,5,30.0,29.0,28.0,30.0,30.0,28.0,31.0,30.0,29.0,32.0,32.0,51.0,47.0,42.0,44.0,42.0
2025-12-25T11:44:51.544724,9221.682,3311,Middle,motor_11_flexed,51.0,34.6875,5,30.0,29.0,28.0,30.0,30.0,28.0,31.0,30.0,29.0,32.0,32.0,51.0,47.0,42.0,44.0,42.0
2025-12-25T11:44:53.432615,9223.564,3311,Middle,motor_11_open,51.0,34.6875,5,30.0,29.0,28.0,30.0,30.0,28.0,31.0,30.0,29.0,32.0,32.0,51.0,47.0,42.0,44.0,42.0
2025-12-25T11:44:54.328567,9224.459,3312,Middle,motor_10_flexed,51.0,34.625,5,30.0,29.0,28.0,30.0,30.0,28.0,30.0,30.0,29.0,32.0,32.0,51.0,47.0,42.0,44.0,42.0
2025-12-25T11:44:56.216464,9226.349,3312,Middle,motor_10_open,51.0,34.75,5,30.0,29.0,28.0,30.0,30.0,28.0,31.0,30.0,29.0,32.0,32.0,51.0,47.0,43.0,44.0,42.0
2025-12-25T11:44:57.112422,9227.245,3313,Ring,motor_4_flexed,51.0,34.75,5,30.0,29.0,28.0,30.0,30.0,28.0,31.0,30.0,29.0,32.0,32.0,51.0,47.0,43.0,44.0,42.0
2025-12-25T11:44:59.000320,9229.138,3313,Ring,motor_4_open,51.0,34.6875,5,30.0,29.0,28.0,30.0,30.0,28.0,30.0,30.0,29.0,32.0,32.0,51.0,47.0,43.0,44.0,42.0
2025-12-25T11:44:59.896263,9230.036,3314,Ring,motor_5_flexed,51.0,34.6875,5,30.0,29.0,28.0,30.0,30.0,28.0,30.0,30.0,29.0,32.0,32.0,51.0,47.0,43.0,44.0,42.0
2025-12-25T11:45:01.784161,9231.921,3314,Ring,motor_5_open,51.0,34.6875,5,30.0,29.0,28.0,30.0,30.0,28.0,30.0,30.0,29.0,32.0,32.0,51.0,47.0,43.0,44.0,42.0
2025-12-25T11:45:02.680109,9232.818,3315,Ring,motor_6_flexed,51.0,34.6875,5,30.0,29.0,28.0,30.0,30.0,28.0,30.0,30.0,29.0,32.0,32.0,51.0,47.0,43.0,44.0,42.0
2025-12-25T11:45:04.568011,9234.705,3315,Ring,motor_6_open,51.0,34.6875,5,30.0,29.0,28.0,30.0,30.0,28.0,30.0,30.0,29.0,32.0,32.0,51.0,47.0,43.0,44.0,42.0
2025-12-25T11:45:05.463956,9235.601,3316,Pinky,motor_7_flexed,51.0,34.625,5,30.0,29.0,28.0,30.0,30.0,28.0,30.0,30.0,29.0,32.0,32.0,51.0,47.0,42.0,44.0,42.0
2025-12-25T11:45:07.351850,9237.493,3316,Pinky,motor_7_open,51.0,34.6875,5,30.0,29.0,28.0,30.0,30.0,28.0,31.0,30.0,29.0,32.0,32.0,51.0,47.0,42.0,44.0,42.0
2025-12-25T11:45:08.247802,9238.386,3317,Pinky,motor_8_flexed,51.0,34.6875,5,30.0,29.0,28.0,30.0,30.0,28.0,31.0,30.0,29.0,32.0,32.0,51.0,47.0,42.0,44.0,42.0
2025-12-25T11:45:10.135698,9240.277,3317,Pinky,motor_8_open,51.0,34.625,5,30.0,29.0,28.0,30.0,30.0,28.0,30.0,30.0,29.0,32.0,32.0,51.0,47.0,42.0,44.0,42.0
2025-12-25T11:45:11.031658,9241.171,3318,Pinky,motor_9_flexed,51.0,34.6875,5,30.0,29.0,28.0,30.0,30.0,28.0,31.0,30.0,29.0,32.0,32.0,51.0,47.0,42.0,44.0,42.0
2025-12-25T11:45:12.919552,9243.058,3318,Pinky,motor_9_open,51.0,34.6875,5,30.0,29.0,28.0,30.0,30.0,28.0,31.0,30.0,29.0,32.0,32.0,51.0,47.0,42.0,44.0,42.0
2025-12-25T11:45:13.815509,9243.953,3319,Thumb,motor_13_flexed,51.0,34.6875,5,30.0,29.0,28.0,30.0,30.0,28.0,31.0,30.0,29.0,32.0,32.0,51.0,47.0,42.0,44.0,42.0
2025-12-25T11:45:15.719399,9245.861,3319,Thumb,motor_13_open,51.0,34.6875,5,30.0,29.0,28.0,30.0,30.0,28.0,31.0,30.0,29.0,32.0,32.0,51.0,47.0,42.0,44.0,42.0
2025-12-25T11:45:16.615347,9246.753,3320,Thumb,motor_14_flexed,51.0,34.6875,5,30.0,29.0,28.0,30.0,30.0,28.0,31.0,30.0,29.0,32.0,32.0,51.0,47.0,42.0,44.0,42.0
2025-12-25T11:45:18.503251,9248.641,3320,Thumb,motor_14_open,51.0,34.6875,5,30.0,29.0,28.0,30.0,30.0,28.0,31.0,30.0,29.0,32.0,32.0,51.0,47.0,42.0,44.0,42.0
2025-12-25T11:45:19.399193,9249.537,3321,Thumb,motor_12_flexed,51.0,34.625,5,30.0,29.0,28.0,30.0,30.0,28.0,30.0,30.0,29.0,32.0,32.0,51.0,47.0,42.0,44.0,42.0
2025-12-25T11:45:21.287088,9251.427,3321,Thumb,motor_12_open,51.0,34.6875,5,30.0,29.0,28.0,30.0,30.0,28.0,31.0,30.0,29.0,32.0,32.0,51.0,47.0,42.0,44.0,42.0
2025-12-25T11:45:22.183041,9252.32,3322,Index,motor_2_flexed,51.0,34.625,5,30.0,29.0,28.0,30.0,30.0,28.0,31.0,30.0,29.0,32.0,32.0,51.0,47.0,42.0,44.0,41.0
2025-12-25T11:45:24.070935,9254.209,3322,Index,motor_2_open,51.0,34.625,5,30.0,29.0,28.0,30.0,30.0,28.0,30.0,30.0,29.0,32.0,32.0,51.0,47.0,42.0,44.0,42.0
2025-12-25T11:45:24.966887,9255.104,3323,Index,motor_1_flexed,51.0,34.625,5,30.0,29.0,28.0,30.0,30.0,28.0,30.0,30.0,29.0,32.0,32.0,51.0,47.0,42.0,44.0,42.0
2025-12-25T11:45:26.854778,9256.993,3323,Index,motor_1_open,51.0,34.6875,5,30.0,29.0,28.0,30.0,30.0,28.0,31.0,30.0,29.0,32.0,32.0,51.0,47.0,42.0,44.0,42.0
2025-12-25T11:45:27.750742,9257.89,3324,Index,motor_3_flexed,51.0,34.625,5,30.0,29.0,28.0,30.0,30.0,28.0,30.0,30.0,29.0,32.0,32.0,51.0,47.0,42.0,44.0,42.0
2025-12-25T11:45:29.638627,9259.776,3324,Index,motor_3_open,51.0,34.6875,5,30.0,29.0,28.0,30.0,30.0,28.0,31.0,30.0,29.0,32.0,32.0,51.0,47.0,42.0,44.0,42.0
2025-12-25T11:45:30.534575,9260.665,3325,Middle,motor_11_flexed,51.0,34.6875,5,30.0,29.0,28.0,30.0,30.0,28.0,31.0,30.0,29.0,32.0,32.0,51.0,47.0,42.0,44.0,42.0
2025-12-25T11:45:32.422488,9262.561,3325,Middle,motor_11_open,51.0,34.6875,5,30.0,29.0,28.0,30.0,30.0,28.0,31.0,30.0,29.0,32.0,32.0,51.0,47.0,42.0,44.0,42.0
2025-12-25T11:45:33.318423,9263.458,3326,Middle,motor_10_flexed,51.0,34.6875,5,30.0,29.0,28.0,30.0,30.0,28.0,31.0,30.0,29.0,32.0,32.0,51.0,47.0,42.0,44.0,42.0
2025-12-25T11:45:35.206317,9265.34,3326,Middle,motor_10_open,51.0,34.6875,5,30.0,29.0,28.0,30.0,30.0,28.0,31.0,30.0,29.0,32.0,32.0,51.0,47.0,42.0,44.0,42.0
2025-12-25T11:45:36.102270,9266.242,3327,Ring,motor_4_flexed,51.0,34.625,5,30.0,29.0,28.0,30.0,30.0,28.0,30.0,30.0,29.0,32.0,32.0,51.0,47.0,42.0,44.0,42.0
2025-12-25T11:45:37.990165,9268.128,3327,Ring,motor_4_open,51.0,34.625,5,30.0,29.0,28.0,30.0,30.0,28.0,30.0,30.0,29.0,32.0,32.0,51.0,47.0,42.0,44.0,42.0
2025-12-25T11:45:38.886117,9269.024,3328,Ring,motor_5_flexed,51.0,34.625,5,30.0,29.0,28.0,30.0,30.0,28.0,30.0,30.0,29.0,32.0,32.0,51.0,47.0,42.0,44.0,42.0
2025-12-25T11:45:40.774004,9270.913,3328,Ring,motor_5_open,51.0,34.625,5,30.0,29.0,28.0,30.0,30.0,28.0,30.0,30.0,29.0,32.0,32.0,51.0,47.0,42.0,44.0,42.0
2025-12-25T11:45:41.669971,9271.807,3329,Ring,motor_6_flexed,51.0,34.625,5,30.0,29.0,28.0,30.0,30.0,28.0,30.0,30.0,29.0,32.0,32.0,51.0,47.0,42.0,44.0,42.0
2025-12-25T11:45:43.557851,9273.696,3329,Ring,motor_6_open,51.0,34.625,5,30.0,29.0,28.0,30.0,30.0,28.0,30.0,30.0,29.0,32.0,32.0,51.0,47.0,42.0,44.0,42.0
2025-12-25T11:45:44.453796,9274.592,3330,Pinky,motor_7_flexed,51.0,34.625,5,30.0,29.0,28.0,30.0,30.0,28.0,30.0,30.0,29.0,32.0,32.0,51.0,47.0,42.0,44.0,42.0
2025-12-25T11:45:46.341691,9276.472,3330,Pinky,motor_7_open,51.0,34.6875,5,30.0,29.0,28.0,30.0,30.0,28.0,31.0,30.0,29.0,32.0,32.0,51.0,47.0,42.0,44.0,42.0
2025-12-25T11:45:47.237642,9277.373,3331,Pinky,motor_8_flexed,51.0,34.6875,5,30.0,29.0,28.0,30.0,30.0,28.0,31.0,30.0,29.0,32.0,32.0,51.0,47.0,42.0,44.0,42.0
2025-12-25T11:45:49.125536,9279.257,3331,Pinky,motor_8_open,51.0,34.6875,5,30.0,29.0,28.0,30.0,30.0,28.0,31.0,30.0,29.0,32.0,32.0,51.0,47.0,42.0,44.0,42.0
2025-12-25T11:45:50.021489,9280.153,3332,Pinky,motor_9_flexed,51.0,34.6875,5,30.0,29.0,28.0,30.0,30.0,28.0,31.0,30.0,29.0,32.0,32.0,51.0,47.0,42.0,44.0,42.0
2025-12-25T11:45:51.909384,9282.047,3332,Pinky,motor_9_open,51.0,34.6875,5,30.0,29.0,28.0,30.0,30.0,28.0,31.0,30.0,29.0,32.0,32.0,51.0,47.0,42.0,44.0,42.0
2025-12-25T11:45:52.805335,9282.94,3333,Thumb,motor_13_flexed,51.0,34.625,5,30.0,29.0,28.0,30.0,30.0,28.0,30.0,30.0,29.0,32.0,32.0,51.0,47.0,42.0,44.0,42.0
2025-12-25T11:45:54.693230,9284.828,3333,Thumb,motor_13_open,51.0,34.6875,5,30.0,29.0,28.0,30.0,30.0,28.0,31.0,30.0,29.0,32.0,32.0,51.0,47.0,42.0,44.0,42.0
2025-12-25T11:45:55.589183,9285.727,3334,Thumb,motor_14_flexed,51.0,34.6875,5,30.0,29.0,28.0,30.0,30.0,28.0,31.0,30.0,29.0,32.0,32.0,51.0,47.0,42.0,44.0,42.0
2025-12-25T11:45:57.477079,9287.614,3334,Thumb,motor_14_open,51.0,34.6875,5,30.0,29.0,28.0,30.0,30.0,28.0,31.0,30.0,29.0,32.0,32.0,51.0,47.0,42.0,44.0,42.0
2025-12-25T11:45:58.373041,9288.511,3335,Thumb,motor_12_flexed,51.0,34.6875,5,30.0,29.0,28.0,30.0,30.0,28.0,31.0,30.0,29.0,32.0,32.0,51.0,47.0,42.0,44.0,42.0
2025-12-25T11:46:00.260934,9290.396,3335,Thumb,motor_12_open,51.0,34.6875,5,30.0,29.0,28.0,30.0,30.0,28.0,31.0,30.0,29.0,32.0,32.0,51.0,47.0,42.0,44.0,42.0
2025-12-25T11:46:01.156884,9291.294,3336,Index,motor_2_flexed,51.0,34.6875,5,30.0,29.0,28.0,30.0,30.0,28.0,31.0,30.0,29.0,32.0,32.0,51.0,47.0,42.0,44.0,42.0
2025-12-25T11:46:03.044783,9293.186,3336,Index,motor_2_open,51.0,34.6875,5,30.0,29.0,28.0,30.0,30.0,28.0,31.0,30.0,29.0,32.0,32.0,51.0,47.0,42.0,44.0,42.0
2025-12-25T11:46:03.940730,9294.079,3337,Index,motor_1_flexed,51.0,34.6875,5,30.0,29.0,28.0,30.0,30.0,28.0,31.0,30.0,29.0,32.0,32.0,51.0,47.0,42.0,44.0,42.0
2025-12-25T11:46:05.828628,9295.964,3337,Index,motor_1_open,51.0,34.625,5,30.0,29.0,28.0,30.0,30.0,28.0,31.0,30.0,29.0,32.0,32.0,51.0,47.0,42.0,44.0,41.0
2025-12-25T11:46:06.724577,9296.863,3338,Index,motor_3_flexed,51.0,34.6875,5,30.0,29.0,28.0,30.0,30.0,28.0,30.0,30.0,29.0,32.0,32.0,51.0,47.0,42.0,44.0,43.0
2025-12-25T11:46:08.612473,9298.752,3338,Index,motor_3_open,51.0,34.6875,5,30.0,29.0,28.0,30.0,30.0,28.0,31.0,30.0,29.0,32.0,32.0,51.0,47.0,42.0,44.0,42.0
2025-12-25T11:46:09.508423,9299.648,3339,Middle,motor_11_flexed,51.0,34.6875,5,30.0,29.0,28.0,30.0,30.0,28.0,31.0,30.0,29.0,32.0,32.0,51.0,47.0,42.0,44.0,42.0
2025-12-25T11:46:10.596364,9300.735,3339,Middle,motor_11_flex_hold,51.0,34.6875,5,30.0,29.0,28.0,30.0,30.0,28.0,31.0,30.0,29.0,32.0,32.0,51.0,47.0,42.0,44.0,42.0
2025-12-25T11:46:11.396316,9301.534,3339,Middle,motor_11_open,51.0,34.6875,5,30.0,29.0,28.0,30.0,30.0,28.0,31.0,30.0,29.0,32.0,32.0,51.0,47.0,42.0,44.0,42.0
2025-12-25T11:46:12.292264,9302.431,3340,Middle,motor_10_flexed,51.0,34.625,5,30.0,29.0,28.0,30.0,30.0,28.0,30.0,30.0,29.0,32.0,32.0,51.0,47.0,42.0,44.0,42.0
2025-12-25T11:46:14.180166,9304.32,3340,Middle,motor_10_open,51.0,34.625,5,30.0,29.0,28.0,30.0,30.0,28.0,30.0,30.0,29.0,32.0,32.0,51.0,47.0,42.0,44.0,42.0
2025-12-25T11:46:15.076115,9305.214,3341,Ring,motor_4_flexed,51.0,34.6875,5,30.0,29.0,28.0,30.0,30.0,28.0,31.0,30.0,29.0,32.0,32.0,51.0,47.0,42.0,44.0,42.0
2025-12-25T11:46:16.964010,9307.102,3341,Ring,motor_4_open,51.0,34.6875,5,30.0,29.0,28.0,30.0,30.0,28.0,31.0,30.0,29.0,32.0,32.0,51.0,47.0,42.0,44.0,42.0
2025-12-25T11:46:17.859954,9307.997,3342,Ring,motor_5_flexed,51.0,34.6875,5,30.0,29.0,28.0,30.0,30.0,28.0,31.0,30.0,29.0,32.0,32.0,51.0,47.0,42.0,44.0,42.0
2025-12-25T11:46:19.747848,9309.886,3342,Ring,motor_5_open,51.0,34.6875,5,30.0,29.0,28.0,30.0,30.0,28.0,31.0,30.0,29.0,32.0,32.0,51.0,47.0,42.0,44.0,42.0
2025-12-25T11:46:20.643817,9310.783,3343,Ring,motor_6_flexed,51.0,34.6875,5,30.0,29.0,28.0,30.0,30.0,28.0,31.0,30.0,29.0,32.0,32.0,51.0,47.0,42.0,44.0,42.0
2025-12-25T11:46:22.531706,9312.669,3343,Ring,motor_6_open,51.0,34.6875,5,30.0,29.0,28.0,30.0,30.0,28.0,31.0,30.0,29.0,32.0,32.0,51.0,47.0,42.0,44.0,42.0
2025-12-25T11:46:23.427644,9313.563,3344,Pinky,motor_7_flexed,51.0,34.6875,5,30.0,29.0,28.0,30.0,30.0,28.0,31.0,30.0,29.0,32.0,32.0,51.0,47.0,42.0,44.0,42.0
2025-12-25T11:46:25.315546,9315.453,3344,Pinky,motor_7_open,51.0,34.625,5,30.0,29.0,28.0,30.0,30.0,28.0,30.0,30.0,29.0,32.0,32.0,51.0,47.0,42.0,44.0,42.0
2025-12-25T11:46:26.211489,9316.35,3345,Pinky,motor_8_flexed,51.0,34.6875,5,30.0,29.0,28.0,30.0,30.0,28.0,31.0,30.0,29.0,32.0,32.0,51.0,47.0,42.0,44.0,42.0
2025-12-25T11:46:28.099386,9318.237,3345,Pinky,motor_8_open,51.0,34.6875,5,30.0,29.0,28.0,30.0,30.0,28.0,31.0,30.0,29.0,32.0,32.0,51.0,47.0,42.0,44.0,42.0
2025-12-25T11:46:28.995347,9319.132,3346,Pinky,motor_9_flexed,51.0,34.6875,5,30.0,29.0,28.0,30.0,30.0,28.0,31.0,30.0,29.0,32.0,32.0,51.0,47.0,42.0,44.0,42.0
2025-12-25T11:46:30.883243,9321.022,3346,Pinky,motor_9_open,51.0,34.75,5,30.0,29.0,28.0,30.0,30.0,28.0,31.0,30.0,29.0,32.0,32.0,51.0,47.0,42.0,45.0,42.0
2025-12-25T11:46:31.779193,9321.917,3347,Thumb,motor_13_flexed,51.0,34.6875,5,30.0,29.0,28.0,30.0,30.0,28.0,31.0,30.0,29.0,32.0,32.0,51.0,47.0,42.0,44.0,42.0
2025-12-25T11:46:33.667088,9323.805,3347,Thumb,motor_13_open,51.0,34.6875,5,30.0,29.0,28.0,30.0,30.0,28.0,31.0,30.0,29.0,32.0,32.0,51.0,47.0,42.0,44.0,42.0
2025-12-25T11:46:34.563047,9324.7,3348,Thumb,motor_14_flexed,51.0,34.6875,5,30.0,29.0,28.0,30.0,30.0,28.0,31.0,30.0,29.0,32.0,32.0,51.0,47.0,42.0,44.0,42.0
2025-12-25T11:46:36.450937,9326.586,3348,Thumb,motor_14_open,51.0,34.6875,5,30.0,29.0,28.0,30.0,30.0,28.0,31.0,30.0,29.0,32.0,32.0,51.0,47.0,42.0,44.0,42.0
2025-12-25T11:46:37.346885,9327.483,3349,Thumb,motor_12_flexed,51.0,34.6875,5,30.0,29.0,28.0,30.0,30.0,28.0,31.0,30.0,29.0,32.0,32.0,51.0,47.0,42.0,44.0,42.0
2025-12-25T11:46:39.234784,9329.373,3349,Thumb,motor_12_open,51.0,34.625,5,30.0,29.0,28.0,30.0,30.0,28.0,31.0,30.0,29.0,32.0,32.0,51.0,47.0,42.0,44.0,41.0
2025-12-25T11:46:40.130734,9330.268,3350,Index,motor_2_flexed,51.0,34.6875,5,30.0,29.0,28.0,30.0,30.0,28.0,31.0,30.0,29.0,32.0,32.0,51.0,47.0,42.0,44.0,42.0
2025-12-25T11:46:42.018627,9332.155,3350,Index,motor_2_open,51.0,34.625,5,30.0,29.0,28.0,30.0,30.0,28.0,30.0,30.0,29.0,32.0,32.0,51.0,47.0,42.0,44.0,42.0
2025-12-25T11:46:42.914577,9333.053,3351,Index,motor_1_flexed,51.0,34.6875,5,30.0,29.0,28.0,30.0,30.0,28.0,31.0,30.0,29.0,32.0,32.0,51.0,47.0,42.0,44.0,42.0
2025-12-25T11:46:44.802472,9334.94,3351,Index,motor_1_open,51.0,34.6875,5,30.0,29.0,28.0,30.0,30.0,28.0,31.0,30.0,29.0,32.0,32.0,51.0,47.0,42.0,44.0,42.0
2025-12-25T11:46:45.698425,9335.836,3352,Index,motor_3_flexed,51.0,34.625,5,30.0,29.0,28.0,30.0,30.0,28.0,30.0,30.0,29.0,32.0,32.0,51.0,47.0,42.0,44.0,42.0
2025-12-25T11:46:47.586319,9337.725,3352,Index,motor_3_open,51.0,34.6875,5,30.0,29.0,28.0,30.0,30.0,28.0,31.0,30.0,29.0,32.0,32.0,51.0,47.0,42.0,44.0,42.0
2025-12-25T11:46:48.482271,9338.616,3353,Middle,motor_11_flexed,51.0,34.625,5,30.0,29.0,28.0,30.0,30.0,28.0,30.0,30.0,29.0,32.0,32.0,51.0,47.0,42.0,44.0,42.0
2025-12-25T11:46:50.370168,9340.508,3353,Middle,motor_11_open,51.0,34.6875,5,30.0,29.0,28.0,30.0,30.0,28.0,31.0,30.0,29.0,32.0,32.0,51.0,47.0,42.0,44.0,42.0
2025-12-25T11:46:51.266118,9341.404,3354,Middle,motor_10_flexed,51.0,34.6875,5,30.0,29.0,28.0,30.0,30.0,28.0,31.0,30.0,29.0,32.0,32.0,51.0,47.0,42.0,44.0,42.0
2025-12-25T11:46:53.154025,9343.288,3354,Middle,motor_10_open,51.0,34.625,5,30.0,29.0,28.0,30.0,30.0,28.0,30.0,30.0,29.0,32.0,32.0,51.0,47.0,42.0,44.0,42.0
2025-12-25T11:46:54.049960,9344.183,3355,Ring,motor_4_flexed,51.0,34.6875,5,30.0,29.0,28.0,30.0,30.0,28.0,31.0,30.0,29.0,32.0,32.0,51.0,47.0,42.0,44.0,42.0
2025-12-25T11:46:55.937856,9346.075,3355,Ring,motor_4_open,51.0,34.6875,5,30.0,29.0,28.0,30.0,30.0,28.0,31.0,30.0,29.0,32.0,32.0,51.0,47.0,42.0,44.0,42.0
2025-12-25T11:46:56.833811,9346.974,3356,Ring,motor_5_flexed,51.0,34.625,5,30.0,29.0,28.0,30.0,30.0,28.0,30.0,30.0,29.0,32.0,32.0,51.0,47.0,42.0,44.0,42.0
2025-12-25T11:46:58.721706,9348.86,3356,Ring,motor_5_open,51.0,34.625,5,30.0,29.0,28.0,30.0,30.0,28.0,30.0,30.0,29.0,32.0,32.0,51.0,47.0,42.0,44.0,42.0
2025-12-25T11:46:59.617658,9349.754,3357,Ring,motor_6_flexed,51.0,34.625,5,30.0,29.0,28.0,30.0,30.0,28.0,30.0,30.0,29.0,32.0,32.0,51.0,47.0,42.0,44.0,42.0
2025-12-25T11:47:01.505551,9351.643,3357,Ring,motor_6_open,51.0,34.6875,5,30.0,29.0,28.0,30.0,30.0,28.0,31.0,30.0,29.0,32.0,32.0,51.0,47.0,42.0,44.0,42.0
2025-12-25T11:47:02.401492,9352.537,3358,Pinky,motor_7_flexed,51.0,34.625,5,30.0,29.0,28.0,30.0,30.0,28.0,30.0,30.0,29.0,32.0,32.0,51.0,47.0,42.0,44.0,42.0
2025-12-25T11:47:04.289400,9354.427,3358,Pinky,motor_7_open,51.0,34.6875,5,30.0,29.0,28.0,30.0,30.0,28.0,31.0,30.0,29.0,32.0,32.0,51.0,47.0,42.0,44.0,42.0
2025-12-25T11:47:05.185335,9355.323,3359,Pinky,motor_8_flexed,51.0,34.625,5,30.0,29.0,28.0,30.0,30.0,28.0,30.0,30.0,29.0,32.0,32.0,51.0,47.0,42.0,44.0,42.0
2025-12-25T11:47:07.073231,9357.208,3359,Pinky,motor_8_open,51.0,34.6875,5,30.0,29.0,28.0,30.0,30.0,28.0,31.0,30.0,29.0,32.0,32.0,51.0,47.0,42.0,44.0,42.0
2025-12-25T11:47:07.969183,9358.106,3360,Pinky,motor_9_flexed,51.0,34.75,5,30.0,29.0,28.0,30.0,30.0,28.0,31.0,30.0,29.0,32.0,32.0,51.0,47.0,42.0,45.0,42.0
2025-12-25T11:47:09.857090,9359.995,3360,Pinky,motor_9_open,51.0,34.75,5,30.0,29.0,28.0,30.0,30.0,28.0,31.0,30.0,29.0,32.0,32.0,51.0,47.0,42.0,44.0,43.0
2025-12-25T11:47:10.449057,9360.583,3360,Pinky,motor_9_open_hold,51.0,34.6875,5,30.0,29.0,28.0,30.0,30.0,28.0,31.0,30.0,29.0,32.0,32.0,51.0,47.0,42.0,44.0,42.0
2025-12-25T11:47:10.849034,9360.986,3361,Thumb,motor_13_flexed,51.0,34.6875,5,30.0,29.0,28.0,30.0,30.0,28.0,31.0,30.0,29.0,32.0,32.0,51.0,47.0,42.0,44.0,42.0
2025-12-25T11:47:12.736932,9362.874,3361,Thumb,motor_13_open,51.0,34.6875,5,30.0,29.0,28.0,30.0,30.0,28.0,31.0,30.0,29.0,32.0,32.0,51.0,47.0,42.0,44.0,42.0
2025-12-25T11:47:13.632883,9363.768,3362,Thumb,motor_14_flexed,51.0,34.6875,5,30.0,29.0,28.0,30.0,30.0,28.0,31.0,30.0,29.0,32.0,32.0,51.0,47.0,42.0,44.0,42.0
2025-12-25T11:47:15.520778,9365.661,3362,Thumb,motor_14_open,51.0,34.6875,5,30.0,29.0,28.0,30.0,30.0,28.0,31.0,30.0,29.0,32.0,32.0,51.0,47.0,42.0,44.0,42.0
2025-12-25T11:47:16.416728,9366.555,3363,Thumb,motor_12_flexed,51.0,34.6875,5,30.0,29.0,28.0,30.0,30.0,28.0,31.0,30.0,29.0,32.0,32.0,51.0,47.0,42.0,44.0,42.0
2025-12-25T11:47:18.304657,9368.442,3363,Thumb,motor_12_open,51.0,34.6875,5,30.0,29.0,28.0,30.0,30.0,28.0,31.0,30.0,29.0,32.0,32.0,51.0,47.0,42.0,44.0,42.0
2025-12-25T11:47:19.200602,9369.339,3364,Index,motor_2_flexed,51.0,34.875,5,30.0,29.0,28.0,30.0,30.0,28.0,31.0,30.0,29.0,32.0,32.0,51.0,47.0,42.0,44.0,45.0
2025-12-25T11:47:21.088475,9371.228,3364,Index,motor_2_open,51.0,34.6875,5,30.0,29.0,28.0,30.0,30.0,28.0,31.0,30.0,29.0,32.0,32.0,51.0,47.0,42.0,44.0,42.0
2025-12-25T11:47:21.984452,9372.124,3365,Index,motor_1_flexed,51.0,34.6875,5,30.0,29.0,28.0,30.0,30.0,28.0,31.0,30.0,29.0,32.0,32.0,51.0,47.0,42.0,44.0,42.0
2025-12-25T11:47:23.872334,9374.009,3365,Index,motor_1_open,51.0,34.6875,5,30.0,29.0,28.0,30.0,30.0,28.0,31.0,30.0,29.0,32.0,32.0,51.0,47.0,42.0,44.0,42.0
2025-12-25T11:47:24.768287,9374.909,3366,Index,motor_3_flexed,51.0,34.6875,5,30.0,29.0,28.0,30.0,30.0,28.0,31.0,30.0,29.0,32.0,32.0,51.0,47.0,42.0,44.0,42.0
2025-12-25T11:47:26.656182,9376.795,3366,Index,motor_3_open,51.0,34.6875,5,30.0,29.0,28.0,30.0,30.0,28.0,31.0,30.0,29.0,32.0,32.0,51.0,47.0,42.0,44.0,42.0
2025-12-25T11:47:27.552139,9377.692,3367,Middle,motor_11_flexed,51.0,34.6875,5,30.0,29.0,28.0,30.0,30.0,28.0,31.0,30.0,29.0,32.0,32.0,51.0,47.0,42.0,44.0,42.0
2025-12-25T11:47:29.440043,9379.58,3367,Middle,motor_11_open,51.0,34.6875,5,30.0,29.0,28.0,30.0,30.0,28.0,31.0,30.0,29.0,32.0,32.0,51.0,47.0,42.0,44.0,42.0
2025-12-25T11:47:30.335992,9380.472,3368,Middle,motor_10_flexed,51.0,34.625,5,30.0,29.0,28.0,30.0,30.0,28.0,30.0,30.0,29.0,32.0,32.0,51.0,47.0,42.0,44.0,42.0
2025-12-25T11:47:32.223896,9382.361,3368,Middle,motor_10_open,51.0,34.625,5,30.0,29.0,28.0,30.0,30.0,28.0,30.0,30.0,29.0,32.0,32.0,51.0,47.0,43.0,44.0,41.0
2025-12-25T11:47:33.119834,9383.26,3369,Ring,motor_4_flexed,51.0,34.75,5,30.0,29.0,28.0,30.0,30.0,28.0,31.0,30.0,29.0,32.0,32.0,51.0,47.0,43.0,44.0,42.0
2025-12-25T11:47:35.023707,9385.163,3369,Ring,motor_4_open,51.0,34.75,5,30.0,29.0,28.0,30.0,30.0,28.0,31.0,30.0,29.0,32.0,32.0,51.0,47.0,43.0,44.0,42.0
2025-12-25T11:47:35.919685,9386.06,3370,Ring,motor_5_flexed,51.0,34.75,5,30.0,29.0,28.0,30.0,30.0,28.0,31.0,30.0,29.0,32.0,32.0,51.0,47.0,43.0,44.0,42.0
2025-12-25T11:47:37.807555,9387.946,3370,Ring,motor_5_open,51.0,34.75,5,30.0,29.0,28.0,30.0,30.0,28.0,31.0,30.0,29.0,32.0,32.0,51.0,47.0,43.0,44.0,42.0
2025-12-25T11:47:38.703533,9388.843,3371,Ring,motor_6_flexed,51.0,34.75,5,30.0,29.0,28.0,30.0,30.0,28.0,31.0,30.0,29.0,32.0,32.0,51.0,47.0,43.0,44.0,42.0
2025-12-25T11:47:40.607415,9390.746,3371,Ring,motor_6_open,51.0,34.6875,5,30.0,29.0,28.0,30.0,30.0,28.0,30.0,30.0,29.0,32.0,32.0,51.0,47.0,43.0,44.0,42.0
2025-12-25T11:47:41.503391,9391.643,3372,Pinky,motor_7_flexed,51.0,34.75,5,30.0,29.0,28.0,30.0,30.0,28.0,31.0,30.0,29.0,32.0,32.0,51.0,47.0,43.0,44.0,42.0
2025-12-25T11:47:43.391274,9393.529,3372,Pinky,motor_7_open,51.0,34.75,5,30.0,29.0,28.0,30.0,30.0,28.0,31.0,30.0,29.0,32.0,32.0,51.0,47.0,43.0,44.0,42.0
2025-12-25T11:47:44.287227,9394.426,3373,Pinky,motor_8_flexed,51.0,34.75,5,30.0,29.0,28.0,30.0,30.0,28.0,31.0,30.0,29.0,32.0,32.0,51.0,47.0,43.0,44.0,42.0
2025-12-25T11:47:46.175108,9396.314,3373,Pinky,motor_8_open,51.0,34.8125,5,30.0,29.0,28.0,30.0,30.0,28.0,31.0,30.0,29.0,32.0,32.0,51.0,47.0,43.0,44.0,43.0
2025-12-25T11:47:47.071068,9397.209,3374,Pinky,motor_9_flexed,51.0,34.75,5,30.0,29.0,28.0,30.0,30.0,28.0,31.0,30.0,29.0,32.0,32.0,51.0,47.0,43.0,44.0,42.0
2025-12-25T11:47:48.958958,9399.096,3374,Pinky,motor_9_open,51.0,34.75,5,30.0,29.0,28.0,30.0,30.0,28.0,31.0,30.0,29.0,32.0,32.0,51.0,47.0,43.0,44.0,42.0
2025-12-25T11:47:49.854918,9399.993,3375,Thumb,motor_13_flexed,51.0,34.75,5,30.0,29.0,28.0,30.0,30.0,28.0,31.0,30.0,29.0,32.0,32.0,51.0,47.0,43.0,44.0,42.0
2025-12-25T11:47:51.742781,9401.883,3375,Thumb,motor_13_open,51.0,34.75,5,30.0,29.0,28.0,30.0,30.0,28.0,31.0,30.0,29.0,32.0,32.0,51.0,47.0,43.0,44.0,42.0
2025-12-25T11:47:52.638729,9402.779,3376,Thumb,motor_14_flexed,51.0,34.75,5,30.0,29.0,28.0,30.0,30.0,28.0,31.0,30.0,29.0,32.0,32.0,51.0,47.0,43.0,44.0,42.0
2025-12-25T11:47:54.526621,9404.665,3376,Thumb,motor_14_open,51.0,34.75,5,30.0,29.0,28.0,30.0,30.0,28.0,31.0,30.0,29.0,32.0,32.0,51.0,47.0,43.0,44.0,42.0
2025-12-25T11:47:55.422574,9405.559,3377,Thumb,motor_12_flexed,51.0,34.6875,5,30.0,29.0,28.0,30.0,30.0,28.0,31.0,30.0,29.0,32.0,32.0,51.0,47.0,42.0,44.0,42.0
2025-12-25T11:47:57.310459,9407.448,3377,Thumb,motor_12_open,51.0,34.625,5,30.0,29.0,28.0,30.0,30.0,28.0,31.0,30.0,29.0,32.0,32.0,51.0,47.0,42.0,43.0,42.0
2025-12-25T11:47:58.206421,9408.343,3378,Index,motor_2_flexed,51.0,34.6875,5,30.0,29.0,28.0,30.0,30.0,28.0,31.0,30.0,29.0,32.0,32.0,51.0,47.0,42.0,44.0,42.0
2025-12-25T11:48:00.094314,9410.231,3378,Index,motor_2_open,51.0,34.6875,5,30.0,29.0,28.0,30.0,30.0,28.0,31.0,30.0,29.0,32.0,32.0,51.0,47.0,42.0,44.0,42.0
2025-12-25T11:48:00.990267,9411.125,3379,Index,motor_1_flexed,51.0,34.6875,5,30.0,29.0,28.0,30.0,30.0,28.0,31.0,30.0,29.0,32.0,32.0,51.0,47.0,42.0,44.0,42.0
2025-12-25T11:48:02.878161,9413.016,3379,Index,motor_1_open,51.0,34.6875,5,30.0,29.0,28.0,30.0,30.0,28.0,31.0,30.0,29.0,32.0,32.0,51.0,47.0,42.0,44.0,42.0
2025-12-25T11:48:03.774113,9413.912,3380,Index,motor_3_flexed,51.0,34.6875,5,30.0,29.0,28.0,30.0,30.0,28.0,31.0,30.0,29.0,32.0,32.0,51.0,47.0,42.0,44.0,42.0
2025-12-25T11:48:05.662003,9415.799,3380,Index,motor_3_open,51.0,34.75,5,30.0,29.0,28.0,30.0,30.0,28.0,31.0,30.0,29.0,32.0,32.0,51.0,47.0,43.0,44.0,42.0
2025-12-25T11:48:06.557958,9416.696,3381,Middle,motor_11_flexed,51.0,34.75,5,30.0,29.0,28.0,30.0,30.0,28.0,31.0,30.0,29.0,32.0,32.0,51.0,47.0,43.0,44.0,42.0
2025-12-25T11:48:08.445857,9418.583,3381,Middle,motor_11_open,51.0,34.6875,5,30.0,29.0,28.0,30.0,30.0,28.0,30.0,30.0,29.0,32.0,32.0,51.0,47.0,43.0,44.0,42.0
2025-12-25T11:48:09.341807,9419.48,3382,Middle,motor_10_flexed,51.0,34.75,5,30.0,29.0,28.0,30.0,30.0,28.0,31.0,30.0,29.0,32.0,32.0,51.0,47.0,43.0,44.0,42.0
2025-12-25T11:48:10.429750,9420.568,3382,Middle,motor_10_flex_hold,51.0,34.6875,5,30.0,29.0,28.0,30.0,30.0,28.0,30.0,30.0,29.0,32.0,32.0,51.0,47.0,43.0,44.0,42.0
2025-12-25T11:48:11.229693,9421.366,3382,Middle,motor_10_open,51.0,34.6875,5,30.0,29.0,28.0,30.0,30.0,28.0,30.0,30.0,29.0,32.0,32.0,51.0,47.0,43.0,44.0,42.0
2025-12-25T11:48:12.125652,9422.263,3383,Ring,motor_4_flexed,51.0,34.6875,5,30.0,29.0,28.0,30.0,30.0,28.0,31.0,30.0,29.0,32.0,32.0,51.0,47.0,43.0,44.0,41.0
2025-12-25T11:48:14.013550,9424.151,3383,Ring,motor_4_open,51.0,34.75,5,30.0,29.0,28.0,30.0,30.0,28.0,31.0,30.0,29.0,32.0,32.0,51.0,47.0,43.0,44.0,42.0
2025-12-25T11:48:14.909498,9425.047,3384,Ring,motor_5_flexed,51.0,34.75,5,30.0,29.0,28.0,30.0,30.0,28.0,31.0,30.0,29.0,32.0,32.0,51.0,47.0,43.0,44.0,42.0
2025-12-25T11:48:16.797393,9426.935,3384,Ring,motor_5_open,51.0,34.75,5,30.0,29.0,28.0,30.0,30.0,28.0,31.0,30.0,29.0,32.0,32.0,51.0,47.0,43.0,44.0,42.0
2025-12-25T11:48:17.693345,9427.832,3385,Ring,motor_6_flexed,51.0,34.8125,5,30.0,29.0,28.0,30.0,30.0,28.0,31.0,30.0,29.0,32.0,32.0,51.0,47.0,43.0,44.0,43.0
2025-12-25T11:48:19.581236,9429.717,3385,Ring,motor_6_open,51.0,34.75,5,30.0,29.0,28.0,30.0,30.0,28.0,31.0,30.0,29.0,32.0,32.0,51.0,47.0,43.0,44.0,42.0
2025-12-25T11:48:20.477183,9430.614,3386,Pinky,motor_7_flexed,51.0,34.75,5,30.0,29.0,28.0,30.0,30.0,28.0,31.0,30.0,29.0,32.0,32.0,51.0,47.0,43.0,44.0,42.0
2025-12-25T11:48:22.365079,9432.505,3386,Pinky,motor_7_open,51.0,34.75,5,30.0,29.0,28.0,30.0,30.0,28.0,31.0,30.0,29.0,32.0,32.0,51.0,47.0,43.0,44.0,42.0
2025-12-25T11:48:23.261029,9433.399,3387,Pinky,motor_8_flexed,51.0,34.75,5,30.0,29.0,28.0,30.0,30.0,28.0,31.0,30.0,29.0,32.0,32.0,51.0,47.0,43.0,44.0,42.0
2025-12-25T11:48:25.148938,9435.285,3387,Pinky,motor_8_open,51.0,34.75,5,30.0,29.0,28.0,30.0,30.0,28.0,31.0,30.0,29.0,32.0,32.0,51.0,47.0,43.0,44.0,42.0
2025-12-25T11:48:26.044875,9436.183,3388,Pinky,motor_9_flexed,51.0,34.75,5,30.0,29.0,28.0,30.0,30.0,28.0,31.0,30.0,29.0,32.0,32.0,51.0,47.0,43.0,44.0,42.0
2025-12-25T11:48:27.932782,9438.072,3388,Pinky,motor_9_open,51.0,34.75,5,30.0,29.0,28.0,30.0,30.0,28.0,31.0,30.0,29.0,32.0,32.0,51.0,47.0,43.0,44.0,42.0
2025-12-25T11:48:28.828730,9438.969,3389,Thumb,motor_13_flexed,51.0,34.75,5,30.0,29.0,28.0,30.0,30.0,28.0,31.0,30.0,29.0,32.0,32.0,51.0,47.0,43.0,44.0,42.0
2025-12-25T11:48:30.716626,9440.857,3389,Thumb,motor_13_open,51.0,34.75,5,30.0,29.0,28.0,30.0,30.0,28.0,31.0,30.0,29.0,32.0,32.0,51.0,47.0,43.0,44.0,42.0
2025-12-25T11:48:31.612577,9441.75,3390,Thumb,motor_14_flexed,51.0,34.75,5,30.0,29.0,28.0,30.0,30.0,28.0,31.0,30.0,29.0,32.0,32.0,51.0,47.0,43.0,44.0,42.0
2025-12-25T11:48:33.500473,9443.641,3390,Thumb,motor_14_open,51.0,34.6875,5,30.0,29.0,28.0,30.0,30.0,28.0,31.0,30.0,29.0,32.0,32.0,51.0,47.0,43.0,44.0,41.0
2025-12-25T11:48:34.396430,9444.535,3391,Thumb,motor_12_flexed,51.0,34.75,5,30.0,29.0,28.0,30.0,30.0,28.0,31.0,30.0,29.0,32.0,32.0,51.0,47.0,43.0,44.0,42.0
2025-12-25T11:48:36.284307,9446.425,3391,Thumb,motor_12_open,51.0,34.6875,5,30.0,29.0,28.0,30.0,29.0,28.0,31.0,30.0,29.0,32.0,32.0,51.0,47.0,43.0,44.0,42.0
2025-12-25T11:48:37.180271,9447.316,3392,Index,motor_2_flexed,51.0,34.75,5,30.0,29.0,28.0,30.0,30.0,28.0,31.0,30.0,29.0,32.0,32.0,51.0,47.0,43.0,44.0,42.0
2025-12-25T11:48:39.068170,9449.208,3392,Index,motor_2_open,51.0,34.75,5,30.0,29.0,28.0,30.0,30.0,28.0,31.0,30.0,29.0,32.0,32.0,51.0,47.0,43.0,44.0,42.0
2025-12-25T11:48:39.964107,9450.104,3393,Index,motor_1_flexed,51.0,34.75,5,30.0,29.0,28.0,30.0,30.0,28.0,31.0,30.0,29.0,32.0,32.0,51.0,47.0,43.0,44.0,42.0
2025-12-25T11:48:41.852014,9451.992,3393,Index,motor_1_open,51.0,34.75,5,30.0,29.0,28.0,30.0,30.0,28.0,31.0,30.0,29.0,32.0,32.0,51.0,47.0,43.0,44.0,42.0
2025-12-25T11:48:42.747964,9452.883,3394,Index,motor_3_flexed,51.0,34.75,5,30.0,29.0,28.0,30.0,30.0,28.0,31.0,30.0,29.0,32.0,32.0,51.0,47.0,43.0,44.0,42.0
2025-12-25T11:48:44.635848,9454.773,3394,Index,motor_3_open,51.0,34.75,5,30.0,29.0,28.0,30.0,30.0,28.0,31.0,30.0,29.0,32.0,32.0,51.0,47.0,43.0,44.0,42.0
2025-12-25T11:48:45.531813,9455.671,3395,Middle,motor_11_flexed,51.0,34.75,5,30.0,29.0,28.0,30.0,30.0,28.0,31.0,30.0,29.0,32.0,32.0,51.0,47.0,43.0,44.0,42.0
2025-12-25T11:48:47.419697,9457.56,3395,Middle,motor_11_open,51.0,34.75,5,30.0,29.0,28.0,30.0,30.0,28.0,31.0,30.0,29.0,32.0,32.0,51.0,47.0,43.0,44.0,42.0
2025-12-25T11:48:48.315666,9458.454,3396,Middle,motor_10_flexed,51.0,34.75,5,30.0,29.0,28.0,30.0,30.0,28.0,31.0,30.0,29.0,32.0,32.0,51.0,47.0,43.0,44.0,42.0
2025-12-25T11:48:50.203548,9460.343,3396,Middle,motor_10_open,51.0,34.75,5,30.0,29.0,28.0,30.0,30.0,28.0,31.0,30.0,29.0,32.0,32.0,51.0,47.0,43.0,44.0,42.0
2025-12-25T11:48:51.099505,9461.239,3397,Ring,motor_4_flexed,51.0,34.75,5,30.0,29.0,28.0,30.0,30.0,28.0,31.0,30.0,29.0,32.0,32.0,51.0,47.0,43.0,44.0,42.0
2025-12-25T11:48:52.987414,9463.126,3397,Ring,motor_4_open,51.0,34.75,5,30.0,29.0,28.0,30.0,30.0,28.0,31.0,30.0,29.0,32.0,32.0,51.0,47.0,43.0,44.0,42.0
2025-12-25T11:48:53.883347,9464.02,3398,Ring,motor_5_flexed,51.0,34.75,5,30.0,29.0,28.0,30.0,30.0,28.0,31.0,30.0,29.0,32.0,32.0,51.0,47.0,43.0,44.0,42.0
2025-12-25T11:48:55.771247,9465.907,3398,Ring,motor_5_open,51.0,34.75,5,30.0,29.0,28.0,30.0,30.0,28.0,31.0,30.0,29.0,32.0,32.0,51.0,47.0,43.0,44.0,42.0
2025-12-25T11:48:56.667205,9466.806,3399,Ring,motor_6_flexed,51.0,34.75,5,30.0,29.0,28.0,30.0,30.0,28.0,31.0,30.0,29.0,32.0,32.0,51.0,47.0,43.0,44.0,42.0
2025-12-25T11:48:58.555127,9468.688,3399,Ring,motor_6_open,51.0,34.75,5,30.0,29.0,28.0,30.0,30.0,28.0,31.0,30.0,29.0,32.0,32.0,51.0,47.0,43.0,44.0,42.0
2025-12-25T11:48:59.451102,9469.589,3400,Pinky,motor_7_flexed,51.0,34.6875,5,30.0,29.0,28.0,30.0,30.0,28.0,30.0,30.0,29.0,32.0,32.0,51.0,47.0,43.0,44.0,42.0
2025-12-25T11:49:01.339030,9471.477,3400,Pinky,motor_7_open,51.0,34.75,5,30.0,29.0,28.0,30.0,30.0,28.0,31.0,30.0,29.0,32.0,32.0,51.0,47.0,43.0,44.0,42.0
2025-12-25T11:49:02.235014,9472.371,3401,Pinky,motor_8_flexed,51.0,34.75,5,30.0,29.0,28.0,30.0,30.0,28.0,31.0,30.0,29.0,32.0,32.0,51.0,47.0,43.0,44.0,42.0
2025-12-25T11:49:04.122918,9474.26,3401,Pinky,motor_8_open,51.0,34.75,5,30.0,29.0,28.0,30.0,30.0,28.0,31.0,30.0,29.0,32.0,32.0,51.0,47.0,43.0,44.0,42.0
2025-12-25T11:49:05.018894,9475.157,3402,Pinky,motor_9_flexed,51.0,34.6875,5,30.0,29.0,28.0,30.0,30.0,28.0,30.0,30.0,29.0,32.0,32.0,51.0,47.0,43.0,44.0,42.0
2025-12-25T11:49:06.906820,9477.047,3402,Pinky,motor_9_open,51.0,34.75,5,30.0,29.0,28.0,30.0,30.0,28.0,31.0,30.0,29.0,32.0,32.0,51.0,47.0,43.0,44.0,42.0
2025-12-25T11:49:07.802784,9477.94,3403,Thumb,motor_13_flexed,51.0,34.75,5,30.0,29.0,28.0,30.0,30.0,28.0,31.0,30.0,29.0,32.0,32.0,51.0,47.0,43.0,44.0,42.0
2025-12-25T11:49:09.690714,9479.83,3403,Thumb,motor_13_open,51.0,34.6875,5,30.0,29.0,28.0,30.0,30.0,28.0,30.0,30.0,29.0,32.0,32.0,51.0,47.0,43.0,44.0,42.0
2025-12-25T11:49:10.282682,9480.416,3403,Thumb,motor_13_open_hold,51.0,34.75,5,30.0,29.0,28.0,30.0,30.0,28.0,31.0,30.0,29.0,32.0,32.0,51.0,47.0,43.0,44.0,42.0
2025-12-25T11:49:10.682667,9480.82,3404,Thumb,motor_14_flexed,51.0,34.6875,5,30.0,29.0,28.0,30.0,30.0,28.0,31.0,30.0,29.0,32.0,32.0,51.0,47.0,42.0,44.0,42.0
2025-12-25T11:49:12.570604,9482.708,3404,Thumb,motor_14_open,51.0,34.625,5,30.0,29.0,28.0,30.0,30.0,28.0,31.0,30.0,29.0,32.0,32.0,51.0,47.0,42.0,43.0,42.0
2025-12-25T11:49:13.466571,9483.605,3405,Thumb,motor_12_flexed,51.0,34.625,5,30.0,29.0,28.0,30.0,30.0,28.0,31.0,30.0,29.0,32.0,32.0,51.0,47.0,42.0,43.0,42.0
2025-12-25T11:49:15.354497,9485.493,3405,Thumb,motor_12_open,51.0,34.6875,5,30.0,29.0,28.0,30.0,30.0,28.0,31.0,30.0,29.0,32.0,32.0,51.0,47.0,42.0,44.0,42.0
2025-12-25T11:49:16.250465,9486.39,3406,Index,motor_2_flexed,51.0,34.6875,5,30.0,29.0,28.0,30.0,30.0,28.0,31.0,30.0,29.0,32.0,32.0,51.0,47.0,42.0,44.0,42.0
2025-12-25T11:49:18.138393,9488.274,3406,Index,motor_2_open,51.0,34.625,5,30.0,29.0,28.0,30.0,30.0,28.0,30.0,30.0,29.0,32.0,32.0,51.0,47.0,42.0,44.0,42.0
2025-12-25T11:49:19.034356,9489.172,3407,Index,motor_1_flexed,51.0,34.6875,5,30.0,29.0,28.0,30.0,30.0,28.0,31.0,30.0,29.0,32.0,32.0,51.0,47.0,42.0,44.0,42.0
2025-12-25T11:49:20.922286,9491.057,3407,Index,motor_1_open,51.0,34.6875,5,30.0,29.0,28.0,30.0,30.0,28.0,31.0,30.0,29.0,32.0,32.0,51.0,47.0,42.0,44.0,42.0
2025-12-25T11:49:21.818249,9491.955,3408,Index,motor_3_flexed,51.0,34.625,5,30.0,29.0,28.0,30.0,30.0,28.0,30.0,30.0,29.0,32.0,32.0,51.0,47.0,42.0,44.0,42.0
2025-12-25T11:49:23.706185,9493.844,3408,Index,motor_3_open,51.0,34.6875,5,30.0,29.0,28.0,30.0,30.0,28.0,31.0,30.0,29.0,32.0,32.0,51.0,47.0,42.0,44.0,42.0
2025-12-25T11:49:24.602144,9494.739,3409,Middle,motor_11_flexed,51.0,34.6875,5,30.0,29.0,28.0,30.0,30.0,28.0,31.0,30.0,29.0,32.0,32.0,51.0,47.0,42.0,44.0,42.0
2025-12-25T11:49:26.490069,9496.627,3409,Middle,motor_11_open,51.0,34.6875,5,30.0,29.0,28.0,30.0,30.0,28.0,31.0,30.0,29.0,32.0,32.0,51.0,47.0,42.0,44.0,42.0
2025-12-25T11:49:27.386042,9497.523,3410,Middle,motor_10_flexed,51.0,34.6875,5,30.0,29.0,28.0,30.0,30.0,28.0,31.0,30.0,29.0,32.0,32.0,51.0,47.0,42.0,44.0,42.0
2025-12-25T11:49:29.273962,9499.411,3410,Middle,motor_10_open,51.0,34.6875,5,30.0,29.0,28.0,30.0,30.0,28.0,31.0,30.0,29.0,32.0,32.0,51.0,47.0,42.0,44.0,42.0
2025-12-25T11:49:30.169930,9500.308,3411,Ring,motor_4_flexed,51.0,34.6875,5,30.0,29.0,28.0,30.0,30.0,28.0,31.0,30.0,29.0,32.0,32.0,51.0,47.0,42.0,44.0,42.0
2025-12-25T11:49:32.057864,9502.197,3411,Ring,motor_4_open,51.0,34.6875,5,30.0,29.0,28.0,30.0,30.0,28.0,31.0,30.0,29.0,32.0,32.0,51.0,47.0,42.0,44.0,42.0
2025-12-25T11:49:32.953822,9503.095,3412,Ring,motor_5_flexed,51.0,34.75,5,30.0,29.0,28.0,30.0,30.0,28.0,31.0,30.0,29.0,32.0,32.0,51.0,47.0,42.0,44.0,43.0
2025-12-25T11:49:34.841747,9504.979,3412,Ring,motor_5_open,51.0,34.75,5,30.0,29.0,28.0,30.0,30.0,28.0,31.0,30.0,29.0,32.0,32.0,51.0,47.0,42.0,45.0,42.0
2025-12-25T11:49:35.737712,9505.875,3413,Ring,motor_6_flexed,51.0,34.6875,5,30.0,29.0,28.0,30.0,30.0,28.0,31.0,30.0,29.0,32.0,32.0,51.0,47.0,42.0,44.0,42.0
2025-12-25T11:49:37.625640,9507.766,3413,Ring,motor_6_open,51.0,34.6875,5,30.0,29.0,28.0,30.0,30.0,28.0,31.0,30.0,29.0,32.0,32.0,51.0,47.0,42.0,44.0,42.0
2025-12-25T11:49:38.521606,9508.66,3414,Pinky,motor_7_flexed,51.0,34.75,5,30.0,29.0,28.0,30.0,30.0,28.0,31.0,30.0,29.0,32.0,32.0,51.0,47.0,42.0,44.0,43.0
2025-12-25T11:49:40.409532,9510.548,3414,Pinky,motor_7_open,51.0,34.6875,5,30.0,29.0,28.0,30.0,30.0,28.0,31.0,30.0,29.0,32.0,32.0,51.0,47.0,42.0,44.0,42.0
2025-12-25T11:49:41.305508,9511.443,3415,Pinky,motor_8_flexed,51.0,34.6875,5,30.0,29.0,28.0,30.0,30.0,28.0,31.0,30.0,29.0,32.0,32.0,51.0,47.0,42.0,44.0,42.0
2025-12-25T11:49:43.193422,9513.33,3415,Pinky,motor_8_open,51.0,34.6875,5,30.0,29.0,28.0,30.0,30.0,28.0,31.0,30.0,29.0,32.0,32.0,51.0,47.0,42.0,44.0,42.0
2025-12-25T11:49:44.089390,9514.228,3416,Pinky,motor_9_flexed,51.0,34.6875,5,30.0,29.0,28.0,30.0,30.0,28.0,31.0,30.0,29.0,32.0,32.0,51.0,47.0,42.0,44.0,42.0
2025-12-25T11:49:45.977317,9516.115,3416,Pinky,motor_9_open,51.0,34.6875,5,30.0,29.0,28.0,30.0,30.0,28.0,31.0,30.0,29.0,32.0,32.0,51.0,47.0,42.0,44.0,42.0
2025-12-25T11:49:46.873278,9517.013,3417,Thumb,motor_13_flexed,51.0,34.625,5,30.0,29.0,28.0,30.0,30.0,28.0,31.0,30.0,29.0,32.0,32.0,51.0,47.0,42.0,44.0,41.0
2025-12-25T11:49:48.761222,9518.898,3417,Thumb,motor_13_open,51.0,34.6875,5,30.0,29.0,28.0,30.0,30.0,28.0,31.0,30.0,29.0,32.0,32.0,51.0,47.0,42.0,44.0,42.0
2025-12-25T11:49:49.657186,9519.795,3418,Thumb,motor_14_flexed,51.0,34.6875,5,30.0,29.0,28.0,30.0,30.0,28.0,31.0,30.0,29.0,32.0,32.0,51.0,47.0,42.0,44.0,42.0
2025-12-25T11:49:51.545112,9521.682,3418,Thumb,motor_14_open,51.0,34.6875,5,30.0,29.0,28.0,30.0,30.0,28.0,31.0,30.0,29.0,32.0,32.0,51.0,47.0,42.0,44.0,42.0
2025-12-25T11:49:52.441078,9522.579,3419,Thumb,motor_12_flexed,51.0,34.6875,5,30.0,29.0,28.0,30.0,30.0,28.0,31.0,30.0,29.0,32.0,32.0,51.0,47.0,42.0,44.0,42.0
2025-12-25T11:49:54.329003,9524.464,3419,Thumb,motor_12_open,51.0,34.6875,5,30.0,29.0,28.0,30.0,30.0,28.0,31.0,30.0,29.0,32.0,32.0,51.0,47.0,42.0,44.0,42.0
2025-12-25T11:49:55.224985,9525.361,3420,Index,motor_2_flexed,51.0,34.625,5,30.0,29.0,28.0,30.0,30.0,28.0,31.0,30.0,29.0,32.0,32.0,51.0,47.0,42.0,44.0,41.0
2025-12-25T11:49:57.112877,9527.251,3420,Index,motor_2_open,51.0,34.625,5,30.0,29.0,28.0,30.0,30.0,28.0,30.0,30.0,29.0,32.0,32.0,51.0,47.0,42.0,44.0,42.0
2025-12-25T11:49:58.008844,9528.146,3421,Index,motor_1_flexed,51.0,34.6875,5,30.0,29.0,28.0,30.0,30.0,28.0,31.0,30.0,29.0,32.0,32.0,51.0,47.0,42.0,44.0,42.0
2025-12-25T11:49:59.896765,9530.035,3421,Index,motor_1_open,51.0,34.6875,5,30.0,29.0,28.0,30.0,30.0,28.0,31.0,30.0,29.0,32.0,32.0,51.0,47.0,42.0,44.0,42.0
2025-12-25T11:50:00.792731,9530.929,3422,Index,motor_3_flexed,51.0,34.6875,5,30.0,29.0,28.0,30.0,30.0,28.0,31.0,30.0,29.0,32.0,32.0,51.0,47.0,42.0,44.0,42.0
2025-12-25T11:50:02.680659,9532.818,3422,Index,motor_3_open,51.0,34.625,5,30.0,29.0,28.0,30.0,30.0,28.0,31.0,30.0,29.0,32.0,32.0,51.0,47.0,42.0,44.0,41.0
2025-12-25T11:50:03.576613,9533.716,3423,Middle,motor_11_flexed,51.0,34.6875,5,30.0,29.0,28.0,30.0,30.0,28.0,31.0,30.0,29.0,32.0,32.0,51.0,47.0,42.0,44.0,42.0
2025-12-25T11:50:05.464529,9535.596,3423,Middle,motor_11_open,51.0,34.6875,5,30.0,29.0,28.0,30.0,30.0,28.0,31.0,30.0,29.0,32.0,32.0,51.0,47.0,42.0,44.0,42.0
2025-12-25T11:50:06.360511,9536.499,3424,Middle,motor_10_flexed,51.0,34.625,5,30.0,29.0,28.0,30.0,30.0,28.0,30.0,30.0,29.0,32.0,32.0,51.0,47.0,42.0,44.0,42.0
2025-12-25T11:50:08.248436,9538.386,3424,Middle,motor_10_open,51.0,34.6875,5,30.0,29.0,28.0,30.0,30.0,28.0,31.0,30.0,29.0,32.0,32.0,51.0,47.0,42.0,44.0,42.0
2025-12-25T11:50:09.144397,9539.285,3425,Ring,motor_4_flexed,51.0,34.6875,5,30.0,29.0,28.0,30.0,30.0,28.0,31.0,30.0,29.0,32.0,32.0,51.0,47.0,42.0,44.0,42.0
2025-12-25T11:50:10.232357,9540.371,3425,Ring,motor_4_flex_hold,51.0,34.6875,5,30.0,29.0,28.0,30.0,30.0,28.0,31.0,30.0,29.0,32.0,32.0,51.0,47.0,42.0,44.0,42.0
2025-12-25T11:50:11.032327,9541.169,3425,Ring,motor_4_open,51.0,34.6875,5,30.0,29.0,28.0,30.0,30.0,28.0,31.0,30.0,29.0,32.0,32.0,51.0,47.0,42.0,44.0,42.0
2025-12-25T11:50:11.928271,9542.059,3426,Ring,motor_5_flexed,51.0,34.75,5,30.0,29.0,28.0,30.0,30.0,28.0,31.0,30.0,29.0,32.0,32.0,51.0,47.0,42.0,44.0,43.0
2025-12-25T11:50:13.816215,9543.953,3426,Ring,motor_5_open,51.0,34.625,5,30.0,29.0,28.0,30.0,30.0,28.0,30.0,30.0,29.0,32.0,32.0,51.0,47.0,42.0,44.0,42.0
2025-12-25T11:50:14.712180,9544.853,3427,Ring,motor_6_flexed,51.0,34.625,5,30.0,29.0,28.0,30.0,30.0,28.0,30.0,30.0,29.0,32.0,32.0,51.0,47.0,42.0,44.0,42.0
2025-12-25T11:50:16.600104,9546.74,3427,Ring,motor_6_open,51.0,34.625,5,30.0,29.0,28.0,30.0,30.0,28.0,30.0,30.0,29.0,32.0,32.0,51.0,47.0,42.0,44.0,42.0
2025-12-25T11:50:17.496062,9547.633,3428,Pinky,motor_7_flexed,51.0,34.625,5,30.0,29.0,28.0,30.0,30.0,28.0,30.0,30.0,29.0,32.0,32.0,51.0,47.0,42.0,44.0,42.0
2025-12-25T11:50:19.383985,9549.522,3428,Pinky,motor_7_open,51.0,34.6875,5,30.0,29.0,28.0,30.0,30.0,28.0,31.0,30.0,29.0,32.0,32.0,51.0,47.0,42.0,44.0,42.0
2025-12-25T11:50:20.279950,9550.418,3429,Pinky,motor_8_flexed,51.0,34.6875,5,30.0,29.0,28.0,30.0,30.0,28.0,31.0,30.0,29.0,32.0,32.0,51.0,47.0,42.0,44.0,42.0
2025-12-25T11:50:22.167883,9552.307,3429,Pinky,motor_8_open,51.0,34.6875,5,30.0,29.0,28.0,30.0,30.0,28.0,31.0,30.0,29.0,32.0,32.0,51.0,47.0,42.0,44.0,42.0
2025-12-25T11:50:23.063848,9553.202,3430,Pinky,motor_9_flexed,51.0,34.6875,5,30.0,29.0,28.0,30.0,30.0,28.0,31.0,30.0,29.0,32.0,32.0,51.0,47.0,42.0,44.0,42.0
2025-12-25T11:50:24.951774,9555.088,3430,Pinky,motor_9_open,51.0,34.6875,5,30.0,29.0,28.0,30.0,30.0,28.0,31.0,30.0,29.0,32.0,32.0,51.0,47.0,42.0,44.0,42.0
2025-12-25T11:50:25.847735,9555.986,3431,Thumb,motor_13_flexed,51.0,34.625,5,30.0,29.0,28.0,30.0,30.0,28.0,31.0,30.0,29.0,32.0,32.0,51.0,47.0,42.0,44.0,41.0
2025-12-25T11:50:27.735659,9557.874,3431,Thumb,motor_13_open,51.0,34.6875,5,30.0,29.0,28.0,30.0,30.0,28.0,31.0,30.0,29.0,32.0,32.0,51.0,47.0,42.0,44.0,42.0
2025-12-25T11:50:28.631614,9558.77,3432,Thumb,motor_14_flexed,51.0,34.6875,5,30.0,29.0,28.0,30.0,30.0,28.0,31.0,30.0,29.0,32.0,32.0,51.0,47.0,42.0,44.0,42.0
2025-12-25T11:50:30.519536,9560.65,3432,Thumb,motor_14_open,51.0,34.6875,5,30.0,29.0,28.0,30.0,30.0,28.0,30.0,30.0,29.0,32.0,32.0,51.0,47.0,42.0,44.0,43.0
2025-12-25T11:50:31.415510,9561.553,3433,Thumb,motor_12_flexed,51.0,34.6875,5,30.0,29.0,28.0,30.0,30.0,28.0,31.0,30.0,29.0,32.0,32.0,51.0,47.0,42.0,44.0,42.0
2025-12-25T11:50:33.303436,9563.443,3433,Thumb,motor_12_open,51.0,34.6875,5,30.0,29.0,28.0,30.0,30.0,28.0,31.0,30.0,29.0,32.0,32.0,51.0,47.0,42.0,44.0,42.0
2025-12-25T11:50:34.199402,9564.337,3434,Index,motor_2_flexed,51.0,34.6875,5,30.0,29.0,28.0,30.0,30.0,28.0,31.0,30.0,29.0,32.0,32.0,51.0,47.0,42.0,44.0,42.0
2025-12-25T11:50:36.087321,9566.225,3434,Index,motor_2_open,51.0,34.6875,5,30.0,29.0,28.0,30.0,30.0,28.0,31.0,30.0,29.0,32.0,32.0,51.0,47.0,42.0,44.0,42.0
2025-12-25T11:50:36.983289,9567.12,3435,Index,motor_1_flexed,51.0,34.6875,5,30.0,29.0,28.0,30.0,30.0,28.0,31.0,30.0,29.0,32.0,32.0,51.0,47.0,42.0,44.0,42.0
2025-12-25T11:50:38.871215,9569.01,3435,Index,motor_1_open,51.0,34.6875,5,30.0,29.0,28.0,30.0,30.0,28.0,31.0,30.0,29.0,32.0,32.0,51.0,47.0,42.0,44.0,42.0
2025-12-25T11:50:39.767174,9569.908,3436,Index,motor_3_flexed,51.0,34.6875,5,30.0,29.0,28.0,30.0,30.0,28.0,31.0,30.0,29.0,32.0,32.0,51.0,47.0,42.0,44.0,42.0
2025-12-25T11:50:41.655090,9571.792,3436,Index,motor_3_open,51.0,34.6875,5,30.0,29.0,28.0,30.0,30.0,28.0,31.0,30.0,29.0,32.0,32.0,51.0,47.0,42.0,44.0,42.0
2025-12-25T11:50:42.551062,9572.688,3437,Middle,motor_11_flexed,51.0,34.6875,5,30.0,29.0,28.0,30.0,30.0,28.0,31.0,30.0,29.0,32.0,32.0,51.0,47.0,42.0,44.0,42.0
2025-12-25T11:50:44.438985,9574.579,3437,Middle,motor_11_open,51.0,34.8125,5,30.0,29.0,28.0,30.0,30.0,28.0,31.0,30.0,29.0,32.0,32.0,51.0,47.0,42.0,44.0,44.0
2025-12-25T11:50:45.334947,9575.472,3438,Middle,motor_10_flexed,51.0,34.6875,5,30.0,29.0,28.0,30.0,30.0,28.0,31.0,30.0,29.0,32.0,32.0,51.0,47.0,42.0,44.0,42.0
2025-12-25T11:50:47.222874,9577.359,3438,Middle,motor_10_open,51.0,34.625,5,30.0,29.0,28.0,30.0,30.0,28.0,30.0,30.0,29.0,32.0,32.0,51.0,47.0,42.0,44.0,42.0
2025-12-25T11:50:48.118844,9578.253,3439,Ring,motor_4_flexed,51.0,34.6875,5,30.0,29.0,28.0,30.0,30.0,28.0,31.0,30.0,29.0,32.0,32.0,51.0,47.0,42.0,44.0,42.0
2025-12-25T11:50:50.006758,9580.145,3439,Ring,motor_4_open,51.0,34.6875,5,30.0,29.0,28.0,30.0,30.0,28.0,31.0,30.0,29.0,32.0,32.0,51.0,47.0,42.0,44.0,42.0
2025-12-25T11:50:50.902721,9581.035,3440,Ring,motor_5_flexed,51.0,34.625,5,30.0,29.0,28.0,30.0,30.0,28.0,30.0,30.0,29.0,32.0,32.0,51.0,47.0,42.0,44.0,42.0
2025-12-25T11:50:52.790657,9582.93,3440,Ring,motor_5_open,51.0,34.625,5,30.0,29.0,28.0,30.0,30.0,28.0,30.0,30.0,29.0,32.0,32.0,51.0,47.0,42.0,44.0,42.0
2025-12-25T11:50:53.686610,9583.824,3441,Ring,motor_6_flexed,51.0,34.6875,5,30.0,29.0,28.0,30.0,30.0,28.0,31.0,30.0,29.0,32.0,32.0,51.0,47.0,42.0,44.0,42.0
2025-12-25T11:50:55.574532,9585.713,3441,Ring,motor_6_open,51.0,34.6875,5,30.0,29.0,28.0,30.0,30.0,28.0,31.0,30.0,29.0,32.0,32.0,51.0,47.0,42.0,44.0,42.0
2025-12-25T11:50:56.470486,9586.608,3442,Pinky,motor_7_flexed,51.0,34.5625,5,30.0,29.0,28.0,30.0,30.0,28.0,30.0,30.0,29.0,32.0,32.0,51.0,47.0,42.0,44.0,41.0
2025-12-25T11:50:58.358407,9588.496,3442,Pinky,motor_7_open,51.0,34.6875,5,30.0,29.0,28.0,30.0,30.0,28.0,31.0,30.0,29.0,32.0,32.0,51.0,47.0,42.0,44.0,42.0
2025-12-25T11:50:59.254380,9589.391,3443,Pinky,motor_8_flexed,51.0,34.6875,5,30.0,29.0,28.0,30.0,30.0,28.0,31.0,30.0,29.0,32.0,32.0,51.0,47.0,42.0,44.0,42.0
2025-12-25T11:51:01.142305,9591.281,3443,Pinky,motor_8_open,51.0,34.6875,5,30.0,29.0,28.0,30.0,30.0,28.0,31.0,30.0,29.0,32.0,32.0,51.0,47.0,42.0,44.0,42.0
2025-12-25T11:51:02.038271,9592.177,3444,Pinky,motor_9_flexed,51.0,34.6875,5,30.0,29.0,28.0,30.0,30.0,28.0,31.0,30.0,29.0,32.0,32.0,51.0,47.0,42.0,44.0,42.0
2025-12-25T11:51:03.926200,9594.063,3444,Pinky,motor_9_open,51.0,34.6875,5,30.0,29.0,28.0,30.0,30.0,28.0,31.0,30.0,29.0,32.0,32.0,51.0,47.0,42.0,44.0,42.0
2025-12-25T11:51:04.822160,9594.959,3445,Thumb,motor_13_flexed,51.0,34.625,5,30.0,29.0,28.0,30.0,30.0,28.0,30.0,30.0,29.0,32.0,32.0,51.0,47.0,42.0,44.0,42.0
2025-12-25T11:51:06.710100,9596.847,3445,Thumb,motor_13_open,51.0,34.6875,5,30.0,29.0,28.0,30.0,30.0,28.0,31.0,30.0,29.0,32.0,32.0,51.0,47.0,42.0,44.0,42.0
2025-12-25T11:51:07.606048,9597.744,3446,Thumb,motor_14_flexed,51.0,34.6875,5,30.0,29.0,28.0,30.0,30.0,28.0,31.0,30.0,29.0,32.0,32.0,51.0,47.0,42.0,44.0,42.0
2025-12-25T11:51:09.493982,9599.632,3446,Thumb,motor_14_open,51.0,34.6875,5,30.0,29.0,28.0,30.0,30.0,28.0,31.0,30.0,29.0,32.0,32.0,51.0,47.0,42.0,44.0,42.0
2025-12-25T11:51:10.085954,9600.22,3446,Thumb,motor_14_open_hold,51.0,34.625,5,30.0,29.0,28.0,30.0,30.0,28.0,31.0,30.0,29.0,32.0,32.0,51.0,47.0,42.0,44.0,41.0
2025-12-25T11:51:10.485921,9600.623,3447,Thumb,motor_12_flexed,51.0,34.6875,5,30.0,29.0,28.0,30.0,30.0,28.0,31.0,30.0,29.0,32.0,32.0,51.0,47.0,42.0,44.0,42.0
2025-12-25T11:51:12.373841,9602.509,3447,Thumb,motor_12_open,51.0,34.6875,5,30.0,29.0,28.0,30.0,30.0,28.0,31.0,30.0,29.0,32.0,32.0,51.0,47.0,42.0,44.0,42.0
2025-12-25T11:51:13.269807,9603.405,3448,Index,motor_2_flexed,51.0,34.6875,5,30.0,29.0,28.0,30.0,30.0,28.0,31.0,30.0,29.0,32.0,32.0,51.0,47.0,42.0,44.0,42.0
2025-12-25T11:51:15.157726,9605.296,3448,Index,motor_2_open,51.0,34.6875,5,30.0,29.0,28.0,30.0,30.0,28.0,31.0,30.0,29.0,32.0,32.0,51.0,47.0,42.0,44.0,42.0
2025-12-25T11:51:16.053691,9606.19,3449,Index,motor_1_flexed,51.0,34.6875,5,30.0,29.0,28.0,30.0,30.0,28.0,31.0,30.0,29.0,32.0,32.0,51.0,47.0,42.0,44.0,42.0
2025-12-25T11:51:17.941611,9608.077,3449,Index,motor_1_open,51.0,34.6875,5,30.0,29.0,28.0,30.0,30.0,28.0,31.0,30.0,29.0,32.0,32.0,51.0,47.0,42.0,44.0,42.0
2025-12-25T11:51:18.837574,9608.973,3450,Index,motor_3_flexed,51.0,34.6875,5,30.0,29.0,28.0,30.0,30.0,28.0,31.0,30.0,29.0,32.0,32.0,51.0,47.0,42.0,44.0,42.0
2025-12-25T11:51:20.725496,9610.863,3450,Index,motor_3_open,51.0,34.6875,5,30.0,29.0,28.0,30.0,30.0,28.0,31.0,30.0,29.0,32.0,32.0,51.0,47.0,42.0,44.0,42.0
2025-12-25T11:51:21.621462,9611.76,3451,Middle,motor_11_flexed,51.0,34.6875,5,30.0,29.0,28.0,30.0,30.0,28.0,31.0,30.0,29.0,32.0,32.0,51.0,47.0,42.0,44.0,42.0
2025-12-25T11:51:23.509382,9613.648,3451,Middle,motor_11_open,51.0,34.625,5,30.0,29.0,28.0,30.0,30.0,28.0,31.0,30.0,29.0,32.0,32.0,51.0,47.0,42.0,44.0,41.0
2025-12-25T11:51:24.405343,9614.544,3452,Middle,motor_10_flexed,51.0,34.6875,5,30.0,29.0,28.0,30.0,30.0,28.0,31.0,30.0,29.0,32.0,32.0,51.0,47.0,42.0,44.0,42.0
2025-12-25T11:51:26.293266,9616.43,3452,Middle,motor_10_open,51.0,34.6875,5,30.0,29.0,28.0,30.0,30.0,28.0,31.0,30.0,29.0,32.0,32.0,51.0,47.0,42.0,44.0,42.0
2025-12-25T11:51:27.189228,9617.328,3453,Ring,motor_4_flexed,51.0,34.875,5,30.0,29.0,28.0,30.0,30.0,28.0,31.0,30.0,29.0,32.0,32.0,51.0,47.0,42.0,44.0,45.0
2025-12-25T11:51:29.077151,9619.217,3453,Ring,motor_4_open,51.0,34.625,5,30.0,29.0,28.0,30.0,30.0,28.0,30.0,30.0,29.0,32.0,32.0,51.0,47.0,42.0,44.0,42.0
2025-12-25T11:51:29.973114,9620.11,3454,Ring,motor_5_flexed,51.0,34.6875,5,30.0,29.0,28.0,30.0,30.0,28.0,31.0,30.0,29.0,32.0,32.0,51.0,47.0,42.0,44.0,42.0
2025-12-25T11:51:31.861040,9621.997,3454,Ring,motor_5_open,51.0,34.6875,5,30.0,29.0,28.0,30.0,30.0,28.0,30.0,30.0,29.0,32.0,32.0,51.0,47.0,42.0,44.0,43.0
2025-12-25T11:51:32.756994,9622.893,3455,Ring,motor_6_flexed,51.0,34.6875,5,30.0,29.0,28.0,30.0,30.0,28.0,31.0,30.0,29.0,32.0,32.0,51.0,47.0,42.0,44.0,42.0
2025-12-25T11:51:34.644920,9624.785,3455,Ring,motor_6_open,51.0,34.6875,5,30.0,29.0,28.0,30.0,30.0,28.0,31.0,30.0,29.0,32.0,32.0,51.0,47.0,42.0,44.0,42.0
2025-12-25T11:51:35.540879,9625.679,3456,Pinky,motor_7_flexed,51.0,34.6875,5,30.0,29.0,28.0,30.0,30.0,28.0,31.0,30.0,29.0,32.0,32.0,51.0,47.0,42.0,44.0,42.0
2025-12-25T11:51:37.428792,9627.568,3456,Pinky,motor_7_open,51.0,34.6875,5,30.0,29.0,28.0,30.0,30.0,28.0,31.0,30.0,29.0,32.0,32.0,51.0,47.0,42.0,44.0,42.0
2025-12-25T11:51:38.324755,9628.464,3457,Pinky,motor_8_flexed,51.0,34.875,5,30.0,29.0,28.0,30.0,30.0,28.0,31.0,30.0,29.0,32.0,32.0,51.0,47.0,42.0,44.0,45.0
2025-12-25T11:51:40.212686,9630.353,3457,Pinky,motor_8_open,51.0,34.6875,5,30.0,29.0,28.0,30.0,30.0,28.0,31.0,30.0,29.0,32.0,32.0,51.0,47.0,42.0,44.0,42.0
2025-12-25T11:51:41.108636,9631.244,3458,Pinky,motor_9_flexed,51.0,34.6875,5,30.0,29.0,28.0,30.0,30.0,28.0,31.0,30.0,29.0,32.0,32.0,51.0,47.0,42.0,44.0,42.0
2025-12-25T11:51:42.996561,9633.137,3458,Pinky,motor_9_open,51.0,34.6875,5,30.0,29.0,28.0,30.0,30.0,28.0,31.0,30.0,29.0,32.0,32.0,51.0,47.0,42.0,44.0,42.0
2025-12-25T11:51:43.892524,9634.029,3459,Thumb,motor_13_flexed,51.0,34.6875,5,30.0,29.0,28.0,30.0,30.0,28.0,31.0,30.0,29.0,32.0,32.0,51.0,47.0,42.0,44.0,42.0
2025-12-25T11:51:45.780449,9635.92,3459,Thumb,motor_13_open,51.0,34.6875,5,30.0,29.0,28.0,30.0,30.0,28.0,31.0,30.0,29.0,32.0,32.0,51.0,47.0,42.0,44.0,42.0
2025-12-25T11:51:46.676405,9636.816,3460,Thumb,motor_14_flexed,51.0,34.6875,5,30.0,29.0,28.0,30.0,30.0,28.0,31.0,30.0,29.0,32.0,32.0,51.0,47.0,42.0,44.0,42.0
2025-12-25T11:51:48.564324,9638.697,3460,Thumb,motor_14_open,51.0,34.6875,5,30.0,29.0,28.0,30.0,30.0,28.0,31.0,30.0,29.0,32.0,32.0,51.0,47.0,42.0,44.0,42.0
2025-12-25T11:51:49.460287,9639.598,3461,Thumb,motor_12_flexed,51.0,34.6875,5,30.0,29.0,28.0,30.0,30.0,28.0,31.0,30.0,29.0,32.0,32.0,51.0,47.0,42.0,44.0,42.0
2025-12-25T11:51:51.348208,9641.487,3461,Thumb,motor_12_open,51.0,34.6875,5,30.0,29.0,28.0,30.0,30.0,28.0,31.0,30.0,29.0,32.0,32.0,51.0,47.0,42.0,44.0,42.0
2025-12-25T11:51:52.244181,9642.382,3462,Index,motor_2_flexed,51.0,34.6875,5,30.0,29.0,28.0,30.0,30.0,28.0,31.0,30.0,29.0,32.0,32.0,51.0,47.0,42.0,44.0,42.0
2025-12-25T11:51:54.132101,9644.268,3462,Index,motor_2_open,51.0,34.6875,5,30.0,29.0,28.0,30.0,30.0,28.0,31.0,30.0,29.0,32.0,32.0,51.0,47.0,42.0,44.0,42.0
2025-12-25T11:51:55.028071,9645.165,3463,Index,motor_1_flexed,51.0,34.6875,5,30.0,29.0,28.0,30.0,30.0,28.0,31.0,30.0,29.0,32.0,32.0,51.0,47.0,42.0,44.0,42.0
2025-12-25T11:51:56.915984,9647.053,3463,Index,motor_1_open,51.0,34.6875,5,30.0,29.0,28.0,30.0,30.0,28.0,31.0,30.0,29.0,32.0,32.0,51.0,47.0,42.0,44.0,42.0
2025-12-25T11:51:57.811935,9647.951,3464,Index,motor_3_flexed,51.0,34.6875,5,30.0,29.0,28.0,30.0,30.0,28.0,31.0,30.0,29.0,32.0,32.0,51.0,47.0,42.0,44.0,42.0
2025-12-25T11:51:59.699871,9649.837,3464,Index,motor_3_open,51.0,34.6875,5,30.0,29.0,28.0,30.0,30.0,28.0,31.0,30.0,29.0,32.0,32.0,51.0,47.0,42.0,44.0,42.0
2025-12-25T11:52:00.595816,9650.727,3465,Middle,motor_11_flexed,51.0,34.6875,5,30.0,29.0,28.0,30.0,30.0,28.0,31.0,30.0,29.0,32.0,32.0,51.0,47.0,42.0,44.0,42.0
2025-12-25T11:52:02.483738,9652.621,3465,Middle,motor_11_open,51.0,34.6875,5,30.0,29.0,28.0,30.0,30.0,28.0,31.0,30.0,29.0,32.0,32.0,51.0,47.0,42.0,44.0,42.0
2025-12-25T11:52:03.379697,9653.51,3466,Middle,motor_10_flexed,51.0,34.6875,5,30.0,29.0,28.0,30.0,30.0,28.0,31.0,30.0,29.0,32.0,32.0,51.0,47.0,42.0,44.0,42.0
2025-12-25T11:52:05.267632,9655.403,3466,Middle,motor_10_open,51.0,34.6875,5,30.0,29.0,28.0,30.0,30.0,28.0,31.0,30.0,29.0,32.0,32.0,51.0,47.0,42.0,44.0,42.0
2025-12-25T11:52:06.163583,9656.302,3467,Ring,motor_4_flexed,51.0,34.6875,5,30.0,29.0,28.0,30.0,30.0,28.0,31.0,30.0,29.0,32.0,32.0,51.0,47.0,42.0,44.0,42.0
2025-12-25T11:52:08.051502,9658.19,3467,Ring,motor_4_open,51.0,34.6875,5,30.0,29.0,28.0,30.0,30.0,28.0,31.0,30.0,29.0,32.0,32.0,51.0,47.0,42.0,44.0,42.0
2025-12-25T11:52:08.947465,9659.088,3468,Ring,motor_5_flexed,51.0,34.625,5,30.0,29.0,28.0,30.0,30.0,28.0,31.0,30.0,29.0,32.0,32.0,51.0,47.0,42.0,43.0,42.0
2025-12-25T11:52:10.035408,9660.174,3468,Ring,motor_5_flex_hold,51.0,34.625,5,30.0,29.0,28.0,30.0,30.0,28.0,30.0,30.0,29.0,32.0,32.0,51.0,47.0,42.0,44.0,42.0
2025-12-25T11:52:10.835384,9660.975,3468,Ring,motor_5_open,51.0,34.625,5,30.0,29.0,28.0,30.0,30.0,28.0,30.0,30.0,29.0,32.0,32.0,51.0,47.0,42.0,44.0,42.0
2025-12-25T11:52:11.731347,9661.871,3469,Ring,motor_6_flexed,51.0,34.625,5,30.0,29.0,28.0,30.0,30.0,28.0,30.0,30.0,29.0,32.0,32.0,51.0,47.0,42.0,44.0,42.0
2025-12-25T11:52:13.619266,9663.754,3469,Ring,motor_6_open,51.0,34.625,5,30.0,29.0,28.0,30.0,30.0,28.0,31.0,30.0,29.0,32.0,32.0,51.0,47.0,42.0,43.0,42.0
2025-12-25T11:52:14.515228,9664.648,3470,Pinky,motor_7_flexed,51.0,34.625,5,30.0,29.0,28.0,30.0,30.0,28.0,31.0,30.0,29.0,32.0,32.0,51.0,47.0,42.0,44.0,41.0
2025-12-25T11:52:16.403148,9666.539,3470,Pinky,motor_7_open,51.0,34.6875,5,30.0,29.0,28.0,30.0,30.0,28.0,31.0,30.0,29.0,32.0,32.0,51.0,47.0,42.0,44.0,42.0
2025-12-25T11:52:17.299109,9667.435,3471,Pinky,motor_8_flexed,51.0,34.625,5,30.0,29.0,28.0,30.0,30.0,28.0,30.0,30.0,29.0,32.0,32.0,51.0,47.0,42.0,44.0,42.0
2025-12-25T11:52:19.187028,9669.323,3471,Pinky,motor_8_open,51.0,34.6875,5,30.0,29.0,28.0,30.0,30.0,28.0,31.0,30.0,29.0,32.0,32.0,51.0,47.0,42.0,44.0,42.0
2025-12-25T11:52:20.082986,9670.221,3472,Pinky,motor_9_flexed,51.0,34.6875,5,30.0,29.0,28.0,30.0,30.0,28.0,31.0,30.0,29.0,32.0,32.0,51.0,47.0,42.0,44.0,42.0
2025-12-25T11:52:21.970916,9672.103,3472,Pinky,motor_9_open,51.0,34.625,5,30.0,29.0,28.0,30.0,30.0,28.0,31.0,30.0,29.0,32.0,32.0,51.0,47.0,42.0,43.0,42.0
2025-12-25T11:52:22.866872,9673.005,3473,Thumb,motor_13_flexed,51.0,34.6875,5,30.0,29.0,28.0,30.0,30.0,28.0,31.0,30.0,29.0,32.0,32.0,51.0,47.0,42.0,44.0,42.0
2025-12-25T11:52:24.754792,9674.892,3473,Thumb,motor_13_open,51.0,34.6875,5,30.0,29.0,28.0,30.0,30.0,28.0,31.0,30.0,29.0,32.0,32.0,51.0,47.0,42.0,44.0,42.0
2025-12-25T11:52:25.650752,9675.787,3474,Thumb,motor_14_flexed,51.0,34.6875,5,30.0,29.0,28.0,30.0,30.0,28.0,31.0,30.0,29.0,32.0,32.0,51.0,47.0,42.0,44.0,42.0
2025-12-25T11:52:27.538671,9677.675,3474,Thumb,motor_14_open,51.0,34.5625,5,30.0,29.0,28.0,30.0,30.0,28.0,30.0,30.0,29.0,32.0,32.0,51.0,47.0,42.0,43.0,42.0
2025-12-25T11:52:28.434632,9678.571,3475,Thumb,motor_12_flexed,51.0,34.625,5,30.0,29.0,28.0,30.0,30.0,28.0,31.0,30.0,29.0,32.0,32.0,51.0,47.0,42.0,43.0,42.0
2025-12-25T11:52:30.322549,9680.458,3475,Thumb,motor_12_open,51.0,34.6875,5,30.0,29.0,28.0,30.0,30.0,28.0,31.0,30.0,29.0,32.0,32.0,51.0,47.0,42.0,44.0,42.0
2025-12-25T11:52:31.218512,9681.35,3476,Index,motor_2_flexed,51.0,34.6875,5,30.0,29.0,28.0,30.0,30.0,28.0,31.0,30.0,29.0,32.0,32.0,51.0,47.0,42.0,44.0,42.0
2025-12-25T11:52:33.106432,9683.243,3476,Index,motor_2_open,51.0,34.6875,5,30.0,29.0,28.0,30.0,30.0,28.0,31.0,30.0,29.0,32.0,32.0,51.0,47.0,42.0,44.0,42.0
2025-12-25T11:52:34.002404,9684.139,3477,Index,motor_1_flexed,51.0,34.625,5,30.0,29.0,28.0,30.0,30.0,28.0,31.0,30.0,29.0,32.0,32.0,51.0,47.0,42.0,43.0,42.0
2025-12-25T11:52:35.890321,9686.025,3477,Index,motor_1_open,51.0,34.6875,5,30.0,29.0,28.0,30.0,30.0,28.0,31.0,30.0,29.0,32.0,32.0,51.0,47.0,42.0,44.0,42.0
2025-12-25T11:52:36.786286,9686.924,3478,Index,motor_3_flexed,51.0,34.6875,5,30.0,29.0,28.0,30.0,30.0,28.0,31.0,30.0,29.0,32.0,32.0,51.0,47.0,42.0,44.0,42.0
2025-12-25T11:52:38.674221,9688.812,3478,Index,motor_3_open,51.0,34.6875,5,30.0,29.0,28.0,30.0,30.0,28.0,31.0,30.0,29.0,32.0,32.0,51.0,47.0,42.0,44.0,42.0
2025-12-25T11:52:39.570181,9689.708,3479,Middle,motor_11_flexed,51.0,34.6875,5,30.0,29.0,28.0,30.0,30.0,28.0,31.0,30.0,29.0,32.0,32.0,51.0,47.0,42.0,44.0,42.0
2025-12-25T11:52:41.458096,9691.595,3479,Middle,motor_11_open,51.0,34.625,5,30.0,29.0,28.0,30.0,30.0,28.0,30.0,30.0,29.0,32.0,32.0,51.0,47.0,42.0,44.0,42.0
2025-12-25T11:52:42.354063,9692.491,3480,Middle,motor_10_flexed,51.0,34.6875,5,30.0,29.0,28.0,30.0,30.0,28.0,31.0,30.0,29.0,32.0,32.0,51.0,47.0,42.0,44.0,42.0
2025-12-25T11:52:44.241979,9694.382,3480,Middle,motor_10_open,51.0,34.6875,5,30.0,29.0,28.0,30.0,30.0,28.0,31.0,30.0,29.0,32.0,32.0,51.0,47.0,42.0,44.0,42.0
2025-12-25T11:52:45.137927,9695.279,3481,Ring,motor_4_flexed,51.0,34.6875,5,30.0,29.0,28.0,30.0,30.0,28.0,31.0,30.0,29.0,32.0,32.0,51.0,47.0,42.0,44.0,42.0
2025-12-25T11:52:47.025860,9697.163,3481,Ring,motor_4_open,51.0,34.6875,5,30.0,29.0,28.0,30.0,30.0,28.0,31.0,30.0,29.0,32.0,32.0,51.0,47.0,42.0,44.0,42.0
2025-12-25T11:52:47.921825,9698.059,3482,Ring,motor_5_flexed,51.0,34.6875,5,30.0,29.0,28.0,30.0,30.0,28.0,31.0,30.0,29.0,32.0,32.0,51.0,47.0,42.0,44.0,42.0
2025-12-25T11:52:49.809724,9699.948,3482,Ring,motor_5_open,51.0,34.6875,5,30.0,29.0,28.0,30.0,30.0,28.0,31.0,30.0,29.0,32.0,32.0,51.0,47.0,42.0,44.0,42.0
2025-12-25T11:52:50.705686,9700.846,3483,Ring,motor_6_flexed,51.0,34.625,5,30.0,29.0,28.0,30.0,30.0,28.0,31.0,30.0,29.0,32.0,32.0,51.0,47.0,42.0,44.0,41.0
2025-12-25T11:52:52.593625,9702.733,3483,Ring,motor_6_open,51.0,34.6875,5,30.0,29.0,28.0,30.0,30.0,28.0,31.0,30.0,29.0,32.0,32.0,51.0,47.0,42.0,44.0,42.0
2025-12-25T11:52:53.489581,9703.627,3484,Pinky,motor_7_flexed,51.0,34.6875,5,30.0,29.0,28.0,30.0,30.0,28.0,31.0,30.0,29.0,32.0,32.0,51.0,47.0,42.0,44.0,42.0
2025-12-25T11:52:55.377485,9705.515,3484,Pinky,motor_7_open,51.0,34.6875,5,30.0,29.0,28.0,30.0,30.0,28.0,31.0,30.0,29.0,32.0,32.0,51.0,47.0,42.0,44.0,42.0
2025-12-25T11:52:56.273459,9706.413,3485,Pinky,motor_8_flexed,51.0,34.6875,5,30.0,29.0,28.0,30.0,30.0,28.0,31.0,30.0,29.0,32.0,32.0,51.0,47.0,42.0,44.0,42.0
2025-12-25T11:52:58.161375,9708.301,3485,Pinky,motor_8_open,51.0,34.6875,5,30.0,29.0,28.0,30.0,30.0,28.0,31.0,30.0,29.0,32.0,32.0,51.0,47.0,42.0,44.0,42.0
2025-12-25T11:52:59.057341,9709.196,3486,Pinky,motor_9_flexed,51.0,34.75,5,30.0,29.0,28.0,30.0,30.0,28.0,31.0,30.0,29.0,32.0,32.0,51.0,47.0,42.0,44.0,43.0
2025-12-25T11:53:00.945258,9711.086,3486,Pinky,motor_9_open,51.0,34.625,5,30.0,29.0,28.0,30.0,30.0,28.0,31.0,30.0,29.0,32.0,32.0,51.0,47.0,42.0,43.0,42.0
2025-12-25T11:53:01.841226,9711.98,3487,Thumb,motor_13_flexed,51.0,34.6875,5,30.0,29.0,28.0,30.0,30.0,28.0,31.0,30.0,29.0,32.0,32.0,51.0,47.0,42.0,44.0,42.0
2025-12-25T11:53:03.729135,9713.868,3487,Thumb,motor_13_open,51.0,34.6875,5,30.0,29.0,28.0,30.0,30.0,28.0,31.0,30.0,29.0,32.0,32.0,51.0,47.0,42.0,43.0,43.0
2025-12-25T11:53:04.625099,9714.764,3488,Thumb,motor_14_flexed,51.0,34.6875,5,30.0,29.0,28.0,30.0,30.0,28.0,31.0,30.0,29.0,32.0,32.0,51.0,47.0,42.0,44.0,42.0
2025-12-25T11:53:06.513041,9716.65,3488,Thumb,motor_14_open,51.0,34.6875,5,30.0,29.0,28.0,30.0,30.0,28.0,31.0,30.0,29.0,32.0,32.0,51.0,47.0,42.0,44.0,42.0
2025-12-25T11:53:07.408991,9717.548,3489,Thumb,motor_12_flexed,51.0,34.6875,5,30.0,29.0,28.0,30.0,30.0,28.0,31.0,30.0,29.0,32.0,32.0,51.0,47.0,42.0,44.0,42.0
2025-12-25T11:53:09.296893,9719.436,3489,Thumb,motor_12_open,51.0,34.6875,5,30.0,29.0,28.0,30.0,30.0,28.0,31.0,30.0,29.0,32.0,32.0,51.0,47.0,42.0,44.0,42.0
2025-12-25T11:53:09.888866,9720.023,3489,Thumb,motor_12_open_hold,51.0,34.625,5,30.0,29.0,28.0,30.0,30.0,28.0,31.0,30.0,29.0,32.0,32.0,51.0,47.0,42.0,43.0,42.0
2025-12-25T11:53:10.288851,9720.431,3490,Index,motor_2_flexed,51.0,34.75,5,30.0,29.0,28.0,30.0,30.0,28.0,31.0,30.0,29.0,32.0,32.0,51.0,47.0,42.0,44.0,43.0
2025-12-25T11:53:12.176769,9722.317,3490,Index,motor_2_open,51.0,34.6875,5,30.0,29.0,28.0,30.0,30.0,28.0,31.0,30.0,29.0,32.0,32.0,51.0,47.0,42.0,44.0,42.0
2025-12-25T11:53:13.072730,9723.213,3491,Index,motor_1_flexed,51.0,34.6875,5,30.0,29.0,28.0,30.0,30.0,28.0,31.0,30.0,29.0,32.0,32.0,51.0,47.0,42.0,44.0,42.0
2025-12-25T11:53:14.960632,9725.101,3491,Index,motor_1_open,51.0,34.6875,5,30.0,29.0,28.0,30.0,30.0,28.0,31.0,30.0,29.0,32.0,32.0,51.0,47.0,42.0,44.0,42.0
2025-12-25T11:53:15.856621,9725.995,3492,Index,motor_3_flexed,51.0,34.6875,5,30.0,29.0,28.0,30.0,30.0,28.0,31.0,30.0,29.0,32.0,32.0,51.0,47.0,42.0,44.0,42.0
2025-12-25T11:53:17.744524,9727.885,3492,Index,motor_3_open,51.0,34.6875,5,30.0,29.0,28.0,30.0,30.0,28.0,31.0,30.0,29.0,32.0,32.0,51.0,47.0,42.0,44.0,42.0
2025-12-25T11:53:18.640478,9728.78,3493,Middle,motor_11_flexed,51.0,34.6875,5,30.0,29.0,28.0,30.0,30.0,28.0,31.0,30.0,29.0,32.0,32.0,51.0,47.0,42.0,44.0,42.0
2025-12-25T11:53:20.528402,9730.668,3493,Middle,motor_11_open,51.0,34.6875,5,30.0,29.0,28.0,30.0,30.0,28.0,31.0,30.0,29.0,32.0,32.0,51.0,47.0,42.0,44.0,42.0
2025-12-25T11:53:21.424348,9731.565,3494,Middle,motor_10_flexed,51.0,34.6875,5,30.0,29.0,28.0,30.0,30.0,28.0,31.0,30.0,29.0,32.0,32.0,51.0,47.0,42.0,44.0,42.0
2025-12-25T11:53:23.312255,9733.452,3494,Middle,motor_10_open,51.0,34.6875,5,30.0,29.0,28.0,30.0,30.0,28.0,31.0,30.0,29.0,32.0,32.0,51.0,47.0,42.0,44.0,42.0
2025-12-25T11:53:24.208224,9734.345,3495,Ring,motor_4_flexed,51.0,34.6875,5,30.0,29.0,28.0,30.0,30.0,28.0,31.0,30.0,29.0,32.0,32.0,51.0,47.0,42.0,44.0,42.0
2025-12-25T11:53:26.096147,9736.234,3495,Ring,motor_4_open,51.0,34.625,5,30.0,29.0,28.0,30.0,30.0,28.0,31.0,30.0,29.0,32.0,32.0,51.0,47.0,42.0,43.0,42.0
2025-12-25T11:53:26.992118,9737.132,3496,Ring,motor_5_flexed,51.0,34.625,5,30.0,29.0,28.0,30.0,30.0,28.0,31.0,30.0,29.0,32.0,32.0,51.0,47.0,42.0,43.0,42.0
2025-12-25T11:53:28.880038,9739.02,3496,Ring,motor_5_open,51.0,34.6875,5,30.0,29.0,28.0,30.0,30.0,28.0,31.0,30.0,29.0,32.0,32.0,51.0,47.0,42.0,44.0,42.0
2025-12-25T11:53:29.775993,9739.915,3497,Ring,motor_6_flexed,51.0,34.6875,5,30.0,29.0,28.0,30.0,30.0,28.0,31.0,30.0,29.0,32.0,32.0,51.0,47.0,42.0,44.0,42.0
2025-12-25T11:53:31.663918,9741.803,3497,Ring,motor_6_open,51.0,34.6875,5,30.0,29.0,28.0,30.0,30.0,28.0,31.0,30.0,29.0,32.0,32.0,51.0,47.0,42.0,44.0,42.0
2025-12-25T11:53:32.559871,9742.699,3498,Pinky,motor_7_flexed,51.0,34.6875,5,30.0,29.0,28.0,30.0,30.0,28.0,31.0,30.0,29.0,32.0,32.0,51.0,47.0,42.0,44.0,42.0
2025-12-25T11:53:34.447776,9744.586,3498,Pinky,motor_7_open,51.0,34.6875,5,30.0,29.0,28.0,30.0,30.0,28.0,31.0,30.0,29.0,32.0,32.0,51.0,47.0,42.0,44.0,42.0
2025-12-25T11:53:35.343750,9745.484,3499,Pinky,motor_8_flexed,51.0,34.6875,5,30.0,29.0,28.0,30.0,30.0,28.0,31.0,30.0,29.0,32.0,32.0,51.0,47.0,42.0,44.0,42.0
2025-12-25T11:53:37.231669,9747.37,3499,Pinky,motor_8_open,51.0,34.6875,5,30.0,29.0,28.0,30.0,30.0,28.0,31.0,30.0,29.0,32.0,32.0,51.0,47.0,42.0,44.0,42.0
2025-12-25T11:53:38.127630,9748.267,3500,Pinky,motor_9_flexed,51.0,34.6875,5,30.0,29.0,28.0,30.0,30.0,28.0,31.0,30.0,29.0,32.0,32.0,51.0,47.0,42.0,44.0,42.0
2025-12-25T11:53:40.015534,9750.156,3500,Pinky,motor_9_open,51.0,34.625,5,30.0,29.0,28.0,30.0,30.0,28.0,31.0,30.0,29.0,32.0,32.0,51.0,47.0,42.0,43.0,42.0
2025-12-25T11:53:40.911507,9751.05,3501,Thumb,motor_13_flexed,51.0,34.625,5,30.0,29.0,28.0,30.0,30.0,28.0,31.0,30.0,29.0,32.0,32.0,51.0,47.0,42.0,43.0,42.0
2025-12-25T11:53:42.799422,9752.937,3501,Thumb,motor_13_open,51.0,34.5625,5,30.0,29.0,28.0,30.0,30.0,28.0,31.0,30.0,29.0,32.0,32.0,51.0,47.0,42.0,43.0,41.0
2025-12-25T11:53:43.695383,9753.834,3502,Thumb,motor_14_flexed,51.0,34.6875,5,30.0,29.0,28.0,30.0,30.0,28.0,31.0,30.0,29.0,32.0,32.0,51.0,47.0,42.0,44.0,42.0
2025-12-25T11:53:45.583301,9755.721,3502,Thumb,motor_14_open,51.0,34.6875,5,30.0,29.0,28.0,30.0,30.0,28.0,31.0,30.0,29.0,32.0,32.0,51.0,47.0,42.0,44.0,42.0
2025-12-25T11:53:46.479260,9756.618,3503,Thumb,motor_12_flexed,51.0,34.6875,5,30.0,29.0,28.0,30.0,30.0,28.0,31.0,30.0,29.0,32.0,32.0,51.0,47.0,42.0,44.0,42.0
2025-12-25T11:53:48.367183,9758.506,3503,Thumb,motor_12_open,51.0,34.6875,5,30.0,29.0,28.0,30.0,30.0,28.0,31.0,30.0,29.0,32.0,32.0,51.0,47.0,42.0,44.0,42.0
2025-12-25T11:53:49.263132,9759.4,3504,Index,motor_2_flexed,51.0,34.6875,5,30.0,29.0,28.0,30.0,30.0,28.0,31.0,30.0,29.0,32.0,32.0,51.0,47.0,42.0,44.0,42.0
2025-12-25T11:53:51.151050,9761.289,3504,Index,motor_2_open,51.0,34.6875,5,30.0,29.0,28.0,30.0,30.0,28.0,31.0,30.0,29.0,32.0,32.0,51.0,47.0,42.0,44.0,42.0
2025-12-25T11:53:52.046997,9762.186,3505,Index,motor_1_flexed,51.0,34.6875,5,30.0,29.0,28.0,30.0,30.0,28.0,31.0,30.0,29.0,32.0,32.0,51.0,47.0,42.0,44.0,42.0
2025-12-25T11:53:53.934926,9764.076,3505,Index,motor_1_open,51.0,34.6875,5,30.0,29.0,28.0,30.0,30.0,28.0,31.0,30.0,29.0,32.0,32.0,51.0,47.0,42.0,44.0,42.0
2025-12-25T11:53:54.830893,9764.969,3506,Index,motor_3_flexed,51.0,34.6875,5,30.0,29.0,28.0,30.0,30.0,28.0,31.0,30.0,29.0,32.0,32.0,51.0,47.0,42.0,44.0,42.0
2025-12-25T11:53:56.718805,9766.857,3506,Index,motor_3_open,51.0,34.6875,5,30.0,29.0,28.0,30.0,30.0,28.0,31.0,30.0,29.0,32.0,32.0,51.0,47.0,42.0,44.0,42.0
2025-12-25T11:53:57.614749,9767.756,3507,Middle,motor_11_flexed,51.0,34.5625,5,30.0,29.0,28.0,29.0,29.0,28.0,31.0,30.0,29.0,32.0,32.0,51.0,47.0,42.0,44.0,42.0
2025-12-25T11:53:59.502689,9769.642,3507,Middle,motor_11_open,51.0,34.6875,5,30.0,29.0,28.0,30.0,30.0,28.0,31.0,30.0,29.0,32.0,32.0,51.0,47.0,42.0,44.0,42.0
2025-12-25T11:54:00.398628,9770.537,3508,Middle,motor_10_flexed,51.0,34.6875,5,30.0,29.0,28.0,30.0,30.0,28.0,31.0,30.0,29.0,32.0,32.0,51.0,47.0,42.0,44.0,42.0
2025-12-25T11:54:02.286557,9772.426,3508,Middle,motor_10_open,51.0,34.6875,5,30.0,29.0,28.0,30.0,30.0,28.0,31.0,30.0,29.0,32.0,32.0,51.0,47.0,42.0,44.0,42.0
2025-12-25T11:54:03.182502,9773.322,3509,Ring,motor_4_flexed,51.0,34.6875,5,30.0,29.0,28.0,30.0,30.0,28.0,31.0,30.0,29.0,32.0,32.0,51.0,47.0,42.0,44.0,42.0
2025-12-25T11:54:05.070431,9775.208,3509,Ring,motor_4_open,51.0,34.6875,5,30.0,29.0,28.0,30.0,30.0,28.0,31.0,30.0,29.0,32.0,32.0,51.0,47.0,42.0,44.0,42.0
2025-12-25T11:54:05.966393,9776.104,3510,Ring,motor_5_flexed,51.0,34.625,5,30.0,29.0,28.0,30.0,30.0,28.0,31.0,30.0,29.0,32.0,32.0,51.0,47.0,42.0,44.0,41.0
2025-12-25T11:54:07.854294,9777.992,3510,Ring,motor_5_open,51.0,34.6875,5,30.0,29.0,28.0,30.0,30.0,28.0,31.0,30.0,29.0,32.0,32.0,51.0,47.0,42.0,44.0,42.0
2025-12-25T11:54:08.750280,9778.888,3511,Ring,motor_6_flexed,51.0,34.6875,5,30.0,29.0,28.0,30.0,30.0,28.0,31.0,30.0,29.0,32.0,32.0,51.0,47.0,42.0,44.0,42.0
2025-12-25T11:54:10.334197,9780.476,3511,Ring,motor_6_flex_hold,51.0,34.6875,5,30.0,29.0,28.0,30.0,30.0,28.0,31.0,30.0,29.0,32.0,32.0,51.0,47.0,42.0,44.0,42.0
2025-12-25T11:54:10.734164,9780.876,3511,Ring,motor_6_open,51.0,34.6875,5,30.0,29.0,28.0,30.0,30.0,28.0,31.0,30.0,29.0,32.0,32.0,51.0,47.0,42.0,44.0,42.0
2025-12-25T11:54:11.630140,9781.771,3512,Pinky,motor_7_flexed,51.0,34.6875,5,30.0,29.0,28.0,30.0,30.0,28.0,31.0,30.0,29.0,32.0,32.0,51.0,47.0,42.0,44.0,42.0
2025-12-25T11:54:13.518054,9783.655,3512,Pinky,motor_7_open,51.0,34.6875,5,30.0,29.0,28.0,30.0,30.0,28.0,31.0,30.0,29.0,32.0,32.0,51.0,47.0,42.0,44.0,42.0
2025-12-25T11:54:14.414016,9784.552,3513,Pinky,motor_8_flexed,51.0,34.6875,5,30.0,29.0,28.0,30.0,30.0,28.0,31.0,30.0,29.0,32.0,32.0,51.0,47.0,42.0,44.0,42.0
2025-12-25T11:54:16.301922,9786.44,3513,Pinky,motor_8_open,51.0,34.5625,5,30.0,29.0,28.0,30.0,30.0,28.0,31.0,30.0,29.0,32.0,32.0,51.0,47.0,42.0,44.0,40.0
2025-12-25T11:54:17.197879,9787.334,3514,Pinky,motor_9_flexed,51.0,34.6875,5,30.0,29.0,28.0,30.0,30.0,28.0,31.0,30.0,29.0,32.0,32.0,51.0,47.0,42.0,44.0,42.0
2025-12-25T11:54:19.085794,9789.224,3514,Pinky,motor_9_open,51.0,34.6875,5,30.0,29.0,28.0,30.0,30.0,28.0,31.0,30.0,29.0,32.0,32.0,51.0,47.0,42.0,44.0,42.0
2025-12-25T11:54:19.981753,9790.114,3515,Thumb,motor_13_flexed,51.0,34.6875,5,30.0,29.0,28.0,30.0,30.0,28.0,31.0,30.0,29.0,32.0,32.0,51.0,47.0,42.0,44.0,42.0
2025-12-25T11:54:21.869669,9792.007,3515,Thumb,motor_13_open,51.0,34.6875,5,30.0,29.0,28.0,30.0,30.0,28.0,31.0,30.0,29.0,32.0,32.0,51.0,47.0,42.0,44.0,42.0
2025-12-25T11:54:22.765627,9792.898,3516,Thumb,motor_14_flexed,51.0,34.6875,5,30.0,29.0,28.0,30.0,30.0,28.0,31.0,30.0,29.0,32.0,32.0,51.0,47.0,42.0,44.0,42.0
2025-12-25T11:54:24.653542,9794.789,3516,Thumb,motor_14_open,51.0,34.6875,5,30.0,29.0,28.0,30.0,30.0,28.0,31.0,30.0,29.0,32.0,32.0,51.0,47.0,42.0,44.0,42.0
2025-12-25T11:54:25.549504,9795.684,3517,Thumb,motor_12_flexed,51.0,34.6875,5,30.0,29.0,28.0,30.0,30.0,28.0,31.0,30.0,29.0,32.0,32.0,51.0,47.0,42.0,44.0,42.0
2025-12-25T11:54:27.437416,9797.573,3517,Thumb,motor_12_open,51.0,34.6875,5,30.0,29.0,28.0,30.0,30.0,28.0,31.0,30.0,29.0,32.0,32.0,51.0,47.0,42.0,44.0,42.0
2025-12-25T11:54:28.333396,9798.472,3518,Index,motor_2_flexed,51.0,34.6875,5,30.0,29.0,28.0,30.0,30.0,28.0,31.0,30.0,29.0,32.0,32.0,51.0,47.0,42.0,44.0,42.0
2025-12-25T11:54:30.221292,9800.359,3518,Index,motor_2_open,51.0,34.625,5,30.0,29.0,28.0,30.0,30.0,28.0,31.0,30.0,29.0,32.0,32.0,51.0,47.0,42.0,43.0,42.0
2025-12-25T11:54:31.117253,9801.253,3519,Index,motor_1_flexed,51.0,34.6875,5,30.0,29.0,28.0,30.0,30.0,28.0,31.0,30.0,29.0,32.0,32.0,51.0,47.0,42.0,44.0,42.0
2025-12-25T11:54:33.005178,9803.143,3519,Index,motor_1_open,51.0,34.5625,5,30.0,29.0,28.0,30.0,30.0,28.0,31.0,30.0,29.0,32.0,32.0,51.0,47.0,42.0,43.0,41.0
2025-12-25T11:54:33.901137,9804.038,3520,Index,motor_3_flexed,51.0,34.6875,5,30.0,29.0,28.0,30.0,30.0,28.0,31.0,30.0,29.0,32.0,32.0,51.0,47.0,42.0,44.0,42.0
2025-12-25T11:54:35.789051,9805.926,3520,Index,motor_3_open,51.0,34.6875,5,30.0,29.0,28.0,30.0,30.0,28.0,31.0,30.0,29.0,32.0,32.0,51.0,47.0,42.0,44.0,42.0
2025-12-25T11:54:36.685013,9806.823,3521,Middle,motor_11_flexed,51.0,34.625,5,30.0,29.0,28.0,30.0,30.0,28.0,30.0,30.0,29.0,32.0,32.0,51.0,47.0,42.0,44.0,42.0
2025-12-25T11:54:38.572932,9808.711,3521,Middle,motor_11_open,51.0,34.6875,5,30.0,29.0,28.0,30.0,30.0,28.0,31.0,30.0,29.0,32.0,32.0,51.0,47.0,42.0,44.0,42.0
2025-12-25T11:54:39.468883,9809.607,3522,Middle,motor_10_flexed,51.0,34.6875,5,30.0,29.0,28.0,30.0,30.0,28.0,31.0,30.0,29.0,32.0,32.0,51.0,47.0,42.0,44.0,42.0
2025-12-25T11:54:41.356801,9811.496,3522,Middle,motor_10_open,51.0,34.6875,5,30.0,29.0,28.0,30.0,30.0,28.0,31.0,30.0,29.0,32.0,32.0,51.0,47.0,42.0,44.0,42.0
2025-12-25T11:54:42.252762,9812.391,3523,Ring,motor_4_flexed,51.0,34.625,5,30.0,29.0,28.0,30.0,30.0,28.0,31.0,30.0,29.0,32.0,32.0,51.0,47.0,42.0,43.0,42.0
2025-12-25T11:54:44.140676,9814.278,3523,Ring,motor_4_open,51.0,34.6875,5,30.0,29.0,28.0,30.0,30.0,28.0,31.0,30.0,29.0,32.0,32.0,51.0,47.0,42.0,44.0,42.0
2025-12-25T11:54:45.036633,9815.173,3524,Ring,motor_5_flexed,51.0,34.625,5,30.0,29.0,28.0,30.0,30.0,28.0,31.0,30.0,29.0,32.0,32.0,51.0,47.0,42.0,44.0,41.0
2025-12-25T11:54:46.924535,9817.065,3524,Ring,motor_5_open,51.0,34.6875,5,30.0,29.0,28.0,30.0,30.0,28.0,31.0,30.0,29.0,32.0,32.0,51.0,47.0,42.0,44.0,42.0
2025-12-25T11:54:47.820499,9817.959,3525,Ring,motor_6_flexed,51.0,34.6875,5,30.0,29.0,28.0,30.0,30.0,28.0,31.0,30.0,29.0,32.0,32.0,51.0,47.0,42.0,44.0,42.0
2025-12-25T11:54:49.708404,9819.847,3525,Ring,motor_6_open,51.0,34.625,5,30.0,29.0,28.0,30.0,30.0,28.0,31.0,30.0,29.0,32.0,32.0,51.0,47.0,42.0,44.0,41.0
2025-12-25T11:54:50.604372,9820.739,3526,Pinky,motor_7_flexed,51.0,34.875,5,30.0,29.0,28.0,30.0,30.0,28.0,31.0,30.0,29.0,32.0,32.0,51.0,47.0,42.0,44.0,45.0
2025-12-25T11:54:52.492278,9822.632,3526,Pinky,motor_7_open,51.0,34.6875,5,30.0,29.0,28.0,30.0,30.0,28.0,31.0,30.0,29.0,32.0,32.0,51.0,47.0,42.0,44.0,42.0
2025-12-25T11:54:53.388228,9823.526,3527,Pinky,motor_8_flexed,51.0,34.6875,5,30.0,29.0,28.0,30.0,30.0,28.0,31.0,30.0,29.0,32.0,32.0,51.0,47.0,42.0,44.0,42.0
2025-12-25T11:54:55.276143,9825.415,3527,Pinky,motor_8_open,51.0,34.6875,5,30.0,29.0,28.0,30.0,30.0,28.0,31.0,30.0,29.0,32.0,32.0,51.0,47.0,42.0,44.0,42.0
2025-12-25T11:54:56.172113,9826.31,3528,Pinky,motor_9_flexed,51.0,34.6875,5,30.0,29.0,28.0,30.0,30.0,28.0,31.0,30.0,29.0,32.0,32.0,51.0,47.0,42.0,44.0,42.0
2025-12-25T11:54:58.060026,9828.199,3528,Pinky,motor_9_open,51.0,34.6875,5,30.0,29.0,28.0,30.0,30.0,28.0,31.0,30.0,29.0,32.0,32.0,51.0,47.0,42.0,44.0,42.0
2025-12-25T11:54:58.955987,9829.095,3529,Thumb,motor_13_flexed,51.0,34.6875,5,30.0,29.0,28.0,30.0,30.0,28.0,31.0,30.0,29.0,32.0,32.0,51.0,47.0,42.0,44.0,42.0
2025-12-25T11:55:00.843916,9830.98,3529,Thumb,motor_13_open,51.0,34.6875,5,30.0,29.0,28.0,30.0,30.0,28.0,31.0,30.0,29.0,32.0,32.0,51.0,47.0,42.0,44.0,42.0
2025-12-25T11:55:01.739885,9831.876,3530,Thumb,motor_14_flexed,51.0,34.6875,5,30.0,29.0,28.0,30.0,30.0,28.0,31.0,30.0,29.0,32.0,32.0,51.0,47.0,42.0,44.0,42.0
2025-12-25T11:55:03.627791,9833.765,3530,Thumb,motor_14_open,51.0,34.6875,5,30.0,29.0,28.0,30.0,30.0,28.0,31.0,30.0,29.0,32.0,32.0,51.0,47.0,42.0,44.0,42.0
2025-12-25T11:55:04.523752,9834.662,3531,Thumb,motor_12_flexed,51.0,34.6875,5,30.0,29.0,28.0,30.0,30.0,28.0,31.0,30.0,29.0,32.0,32.0,51.0,47.0,42.0,44.0,42.0
2025-12-25T11:55:06.411677,9836.55,3531,Thumb,motor_12_open,51.0,34.625,5,30.0,29.0,28.0,30.0,30.0,28.0,31.0,30.0,29.0,32.0,32.0,51.0,47.0,42.0,43.0,42.0
2025-12-25T11:55:07.307625,9837.444,3532,Index,motor_2_flexed,51.0,34.6875,5,30.0,29.0,28.0,30.0,30.0,28.0,31.0,30.0,29.0,32.0,32.0,51.0,47.0,42.0,44.0,42.0
2025-12-25T11:55:09.195538,9839.334,3532,Index,motor_2_open,51.0,34.625,5,30.0,29.0,28.0,30.0,30.0,28.0,31.0,30.0,29.0,32.0,32.0,51.0,47.0,42.0,44.0,41.0
2025-12-25T11:55:10.091498,9840.232,3533,Index,motor_1_flexed,51.0,34.6875,5,30.0,29.0,28.0,30.0,30.0,28.0,31.0,30.0,29.0,32.0,32.0,51.0,47.0,42.0,44.0,42.0
2025-12-25T11:55:11.979413,9842.119,3533,Index,motor_1_open,51.0,34.625,5,30.0,29.0,28.0,30.0,30.0,28.0,31.0,30.0,29.0,32.0,32.0,51.0,47.0,42.0,44.0,41.0
2025-12-25T11:55:12.875370,9843.014,3534,Index,motor_3_flexed,51.0,34.6875,5,30.0,29.0,28.0,30.0,30.0,28.0,31.0,30.0,29.0,32.0,32.0,51.0,47.0,42.0,44.0,42.0
2025-12-25T11:55:14.779284,9844.916,3534,Index,motor_3_open,51.0,34.6875,5,30.0,29.0,28.0,30.0,30.0,28.0,31.0,30.0,29.0,32.0,32.0,51.0,47.0,42.0,44.0,42.0
2025-12-25T11:55:15.675257,9845.814,3535,Middle,motor_11_flexed,51.0,34.6875,5,30.0,29.0,28.0,30.0,30.0,28.0,31.0,30.0,29.0,32.0,32.0,51.0,47.0,42.0,44.0,42.0
2025-12-25T11:55:17.563154,9847.703,3535,Middle,motor_11_open,51.0,34.6875,5,30.0,29.0,28.0,30.0,30.0,28.0,31.0,30.0,29.0,32.0,32.0,51.0,47.0,42.0,44.0,42.0
2025-12-25T11:55:18.459104,9848.596,3536,Middle,motor_10_flexed,51.0,34.6875,5,30.0,29.0,28.0,30.0,30.0,28.0,31.0,30.0,29.0,32.0,32.0,51.0,47.0,42.0,44.0,42.0
2025-12-25T11:55:20.347028,9850.481,3536,Middle,motor_10_open,51.0,34.6875,5,30.0,29.0,28.0,30.0,30.0,28.0,31.0,30.0,29.0,32.0,32.0,51.0,47.0,42.0,44.0,42.0
2025-12-25T11:55:21.242990,9851.382,3537,Ring,motor_4_flexed,51.0,34.6875,5,30.0,29.0,28.0,30.0,30.0,28.0,31.0,30.0,29.0,32.0,32.0,51.0,47.0,42.0,44.0,42.0
2025-12-25T11:55:23.130901,9853.269,3537,Ring,motor_4_open,51.0,34.6875,5,30.0,29.0,28.0,30.0,30.0,28.0,31.0,30.0,29.0,32.0,32.0,51.0,47.0,42.0,44.0,42.0
2025-12-25T11:55:24.026860,9854.165,3538,Ring,motor_5_flexed,51.0,34.6875,5,30.0,29.0,28.0,30.0,30.0,28.0,31.0,30.0,29.0,32.0,32.0,51.0,47.0,42.0,44.0,42.0
2025-12-25T11:55:25.914774,9856.054,3538,Ring,motor_5_open,51.0,34.6875,5,30.0,29.0,28.0,30.0,30.0,28.0,31.0,30.0,29.0,32.0,32.0,51.0,47.0,42.0,44.0,42.0
2025-12-25T11:55:26.810733,9856.947,3539,Ring,motor_6_flexed,51.0,34.6875,5,30.0,29.0,28.0,30.0,30.0,28.0,31.0,30.0,29.0,32.0,32.0,51.0,47.0,42.0,44.0,42.0
2025-12-25T11:55:28.698646,9858.838,3539,Ring,motor_6_open,51.0,34.6875,5,30.0,29.0,28.0,30.0,30.0,28.0,31.0,30.0,29.0,32.0,32.0,51.0,47.0,42.0,44.0,42.0
2025-12-25T11:55:29.594604,9859.734,3540,Pinky,motor_7_flexed,51.0,34.6875,5,30.0,29.0,28.0,30.0,30.0,28.0,31.0,30.0,29.0,32.0,32.0,51.0,47.0,42.0,44.0,42.0
2025-12-25T11:55:31.482519,9861.621,3540,Pinky,motor_7_open,51.0,34.6875,5,30.0,29.0,28.0,30.0,30.0,28.0,31.0,30.0,29.0,32.0,32.0,51.0,47.0,42.0,44.0,42.0
2025-12-25T11:55:32.378476,9862.515,3541,Pinky,motor_8_flexed,51.0,34.6875,5,30.0,29.0,28.0,30.0,30.0,28.0,31.0,30.0,29.0,32.0,32.0,51.0,47.0,42.0,44.0,42.0
2025-12-25T11:55:34.266390,9864.406,3541,Pinky,motor_8_open,51.0,34.6875,5,30.0,29.0,28.0,30.0,30.0,28.0,31.0,30.0,29.0,32.0,32.0,51.0,47.0,42.0,44.0,42.0
2025-12-25T11:55:35.162346,9865.297,3542,Pinky,motor_9_flexed,51.0,34.6875,5,30.0,29.0,28.0,30.0,30.0,28.0,31.0,30.0,29.0,32.0,32.0,51.0,47.0,42.0,44.0,42.0
2025-12-25T11:55:37.050263,9867.188,3542,Pinky,motor_9_open,51.0,34.6875,5,30.0,29.0,28.0,30.0,30.0,28.0,31.0,30.0,29.0,32.0,32.0,51.0,47.0,42.0,44.0,42.0
2025-12-25T11:55:37.946220,9868.085,3543,Thumb,motor_13_flexed,51.0,34.6875,5,30.0,29.0,28.0,30.0,30.0,28.0,31.0,30.0,29.0,32.0,32.0,51.0,47.0,42.0,44.0,42.0
2025-12-25T11:55:39.834134,9869.975,3543,Thumb,motor_13_open,51.0,34.6875,5,30.0,29.0,28.0,30.0,30.0,28.0,31.0,30.0,29.0,32.0,32.0,51.0,47.0,42.0,44.0,42.0
2025-12-25T11:55:40.730094,9870.87,3544,Thumb,motor_14_flexed,51.0,34.6875,5,30.0,29.0,28.0,30.0,30.0,28.0,31.0,30.0,29.0,32.0,32.0,51.0,47.0,42.0,44.0,42.0
2025-12-25T11:55:42.618005,9872.755,3544,Thumb,motor_14_open,51.0,34.6875,5,30.0,29.0,28.0,30.0,30.0,28.0,31.0,30.0,29.0,32.0,32.0,51.0,47.0,42.0,44.0,42.0
2025-12-25T11:55:43.513963,9873.651,3545,Thumb,motor_12_flexed,51.0,34.6875,5,30.0,29.0,28.0,30.0,30.0,28.0,31.0,30.0,29.0,32.0,32.0,51.0,47.0,42.0,44.0,42.0
2025-12-25T11:55:45.401878,9875.539,3545,Thumb,motor_12_open,51.0,34.6875,5,30.0,29.0,28.0,30.0,30.0,28.0,31.0,30.0,29.0,32.0,32.0,51.0,47.0,42.0,44.0,42.0
2025-12-25T11:55:46.297826,9876.429,3546,Index,motor_2_flexed,51.0,34.75,5,30.0,29.0,28.0,30.0,30.0,28.0,31.0,30.0,29.0,32.0,32.0,51.0,47.0,42.0,44.0,43.0
2025-12-25T11:55:48.185747,9878.324,3546,Index,motor_2_open,51.0,34.6875,5,30.0,29.0,28.0,30.0,30.0,28.0,31.0,30.0,29.0,32.0,32.0,51.0,47.0,42.0,44.0,42.0
2025-12-25T11:55:49.081705,9879.219,3547,Index,motor_1_flexed,51.0,34.6875,5,30.0,29.0,28.0,30.0,30.0,28.0,31.0,30.0,29.0,32.0,32.0,51.0,47.0,42.0,44.0,42.0
2025-12-25T11:55:50.969620,9881.108,3547,Index,motor_1_open,51.0,34.6875,5,30.0,29.0,28.0,30.0,30.0,28.0,31.0,30.0,29.0,32.0,32.0,51.0,47.0,42.0,44.0,42.0
2025-12-25T11:55:51.865573,9882.005,3548,Index,motor_3_flexed,51.0,34.6875,5,30.0,29.0,28.0,30.0,30.0,28.0,31.0,30.0,29.0,32.0,32.0,51.0,47.0,42.0,44.0,42.0
2025-12-25T11:55:53.753489,9883.889,3548,Index,motor_3_open,51.0,34.6875,5,30.0,29.0,28.0,30.0,30.0,28.0,31.0,30.0,29.0,32.0,32.0,51.0,47.0,42.0,44.0,42.0
2025-12-25T11:55:54.649452,9884.789,3549,Middle,motor_11_flexed,51.0,34.625,5,30.0,29.0,28.0,30.0,30.0,28.0,31.0,30.0,29.0,32.0,32.0,51.0,47.0,42.0,43.0,42.0
2025-12-25T11:55:56.537362,9886.676,3549,Middle,motor_11_open,51.0,34.6875,5,30.0,29.0,28.0,30.0,30.0,28.0,31.0,30.0,29.0,32.0,32.0,51.0,47.0,42.0,44.0,42.0
2025-12-25T11:55:57.433317,9887.572,3550,Middle,motor_10_flexed,51.0,34.6875,5,30.0,29.0,28.0,30.0,30.0,28.0,31.0,30.0,29.0,32.0,32.0,51.0,47.0,42.0,44.0,42.0
2025-12-25T11:55:59.321239,9889.459,3550,Middle,motor_10_open,51.0,34.6875,5,30.0,29.0,28.0,30.0,30.0,28.0,31.0,30.0,29.0,32.0,32.0,51.0,47.0,42.0,44.0,42.0
2025-12-25T11:56:00.217191,9890.353,3551,Ring,motor_4_flexed,51.0,34.6875,5,30.0,29.0,28.0,30.0,30.0,28.0,31.0,30.0,29.0,32.0,32.0,51.0,47.0,42.0,44.0,42.0
2025-12-25T11:56:02.105103,9892.243,3551,Ring,motor_4_open,51.0,34.6875,5,30.0,29.0,28.0,30.0,30.0,28.0,31.0,30.0,29.0,32.0,32.0,51.0,47.0,42.0,44.0,42.0
2025-12-25T11:56:03.001062,9893.139,3552,Ring,motor_5_flexed,51.0,34.6875,5,30.0,29.0,28.0,30.0,30.0,28.0,31.0,30.0,29.0,32.0,32.0,51.0,47.0,42.0,44.0,42.0
2025-12-25T11:56:04.888978,9895.029,3552,Ring,motor_5_open,51.0,34.6875,5,30.0,29.0,28.0,30.0,30.0,28.0,31.0,30.0,29.0,32.0,32.0,51.0,47.0,42.0,44.0,42.0
2025-12-25T11:56:05.784931,9895.923,3553,Ring,motor_6_flexed,51.0,34.6875,5,30.0,29.0,28.0,30.0,30.0,28.0,31.0,30.0,29.0,32.0,32.0,51.0,47.0,42.0,44.0,42.0
2025-12-25T11:56:07.672847,9897.811,3553,Ring,motor_6_open,51.0,34.6875,5,30.0,29.0,28.0,30.0,30.0,28.0,31.0,30.0,29.0,32.0,32.0,51.0,47.0,42.0,44.0,42.0
2025-12-25T11:56:08.568805,9898.705,3554,Pinky,motor_7_flexed,51.0,34.6875,5,30.0,29.0,28.0,30.0,30.0,28.0,31.0,30.0,29.0,32.0,32.0,51.0,47.0,42.0,44.0,42.0
2025-12-25T11:56:10.152730,9900.295,3554,Pinky,motor_7_flex_hold,51.0,34.75,5,30.0,29.0,28.0,30.0,30.0,29.0,31.0,30.0,29.0,32.0,32.0,51.0,47.0,42.0,44.0,42.0
2025-12-25T11:56:10.552714,9900.691,3554,Pinky,motor_7_open,51.0,34.6875,5,30.0,29.0,28.0,30.0,30.0,28.0,31.0,30.0,29.0,32.0,32.0,51.0,47.0,42.0,44.0,42.0
2025-12-25T11:56:11.448673,9901.588,3555,Pinky,motor_8_flexed,51.0,34.6875,5,30.0,29.0,28.0,30.0,30.0,28.0,31.0,30.0,29.0,32.0,32.0,51.0,47.0,42.0,44.0,42.0
2025-12-25T11:56:13.336593,9903.472,3555,Pinky,motor_8_open,51.0,34.6875,5,30.0,29.0,28.0,30.0,30.0,28.0,31.0,30.0,29.0,32.0,32.0,51.0,47.0,42.0,44.0,42.0
2025-12-25T11:56:14.232541,9904.371,3556,Pinky,motor_9_flexed,51.0,34.6875,5,30.0,29.0,28.0,30.0,30.0,28.0,31.0,30.0,29.0,32.0,32.0,51.0,47.0,42.0,44.0,42.0
2025-12-25T11:56:16.120453,9906.26,3556,Pinky,motor_9_open,51.0,34.6875,5,30.0,29.0,28.0,30.0,30.0,28.0,31.0,30.0,29.0,32.0,32.0,51.0,47.0,42.0,44.0,42.0
2025-12-25T11:56:17.016387,9907.157,3557,Thumb,motor_13_flexed,51.0,34.6875,5,30.0,29.0,28.0,30.0,30.0,28.0,31.0,30.0,29.0,32.0,32.0,51.0,47.0,42.0,44.0,42.0
2025-12-25T11:56:18.904305,9909.041,3557,Thumb,motor_13_open,51.0,34.6875,5,30.0,29.0,28.0,30.0,30.0,28.0,31.0,30.0,29.0,32.0,32.0,51.0,47.0,42.0,44.0,42.0
2025-12-25T11:56:19.800269,9909.937,3558,Thumb,motor_14_flexed,51.0,34.6875,5,30.0,29.0,28.0,30.0,30.0,28.0,31.0,30.0,29.0,32.0,32.0,51.0,47.0,42.0,44.0,42.0
2025-12-25T11:56:21.688181,9911.826,3558,Thumb,motor_14_open,51.0,34.625,5,30.0,29.0,28.0,30.0,30.0,28.0,31.0,30.0,29.0,32.0,32.0,51.0,47.0,42.0,44.0,41.0
2025-12-25T11:56:22.584129,9912.725,3559,Thumb,motor_12_flexed,51.0,34.6875,5,30.0,29.0,28.0,30.0,30.0,28.0,31.0,30.0,29.0,32.0,32.0,51.0,47.0,42.0,44.0,42.0
2025-12-25T11:56:24.472049,9914.612,3559,Thumb,motor_12_open,51.0,34.875,5,30.0,29.0,28.0,30.0,30.0,28.0,31.0,30.0,29.0,32.0,32.0,51.0,47.0,42.0,44.0,45.0
2025-12-25T11:56:25.368009,9915.505,3560,Index,motor_2_flexed,51.0,34.6875,5,30.0,29.0,28.0,30.0,30.0,28.0,31.0,30.0,29.0,32.0,32.0,51.0,47.0,42.0,44.0,42.0
2025-12-25T11:56:27.255920,9917.394,3560,Index,motor_2_open,51.0,34.6875,5,30.0,29.0,28.0,30.0,30.0,28.0,31.0,30.0,29.0,32.0,32.0,51.0,47.0,42.0,44.0,42.0
2025-12-25T11:56:28.151876,9918.292,3561,Index,motor_1_flexed,51.0,34.6875,5,30.0,29.0,28.0,30.0,30.0,28.0,31.0,30.0,29.0,32.0,32.0,51.0,47.0,42.0,44.0,42.0
2025-12-25T11:56:30.039791,9920.178,3561,Index,motor_1_open,51.0,34.625,5,30.0,29.0,28.0,30.0,30.0,28.0,31.0,30.0,29.0,32.0,32.0,51.0,47.0,42.0,43.0,42.0
2025-12-25T11:56:30.935748,9921.077,3562,Index,motor_3_flexed,51.0,34.5,5,30.0,29.0,28.0,30.0,30.0,28.0,31.0,30.0,29.0,32.0,32.0,51.0,47.0,42.0,44.0,39.0
2025-12-25T11:56:32.823671,9922.963,3562,Index,motor_3_open,51.0,34.6875,5,30.0,29.0,28.0,30.0,30.0,28.0,31.0,30.0,29.0,32.0,32.0,51.0,47.0,42.0,44.0,42.0
2025-12-25T11:56:33.719619,9923.859,3563,Middle,motor_11_flexed,51.0,34.6875,5,30.0,29.0,28.0,30.0,30.0,28.0,31.0,30.0,29.0,32.0,32.0,51.0,47.0,42.0,44.0,42.0
2025-12-25T11:56:35.607539,9925.745,3563,Middle,motor_11_open,51.0,34.6875,5,30.0,29.0,28.0,30.0,30.0,28.0,31.0,30.0,29.0,32.0,32.0,51.0,47.0,42.0,44.0,42.0
2025-12-25T11:56:36.503507,9926.64,3564,Middle,motor_10_flexed,51.0,34.6875,5,30.0,29.0,28.0,30.0,30.0,28.0,31.0,30.0,29.0,32.0,32.0,51.0,47.0,42.0,44.0,42.0
2025-12-25T11:56:38.391416,9928.522,3564,Middle,motor_10_open,51.0,34.6875,5,30.0,29.0,28.0,30.0,30.0,28.0,31.0,30.0,29.0,32.0,32.0,51.0,47.0,42.0,44.0,42.0
2025-12-25T11:56:39.287375,9929.425,3565,Ring,motor_4_flexed,51.0,34.6875,5,30.0,29.0,28.0,30.0,30.0,28.0,31.0,30.0,29.0,32.0,32.0,51.0,47.0,42.0,44.0,42.0
2025-12-25T11:56:41.175286,9931.314,3565,Ring,motor_4_open,51.0,34.6875,5,30.0,29.0,28.0,30.0,30.0,28.0,31.0,30.0,29.0,32.0,32.0,51.0,47.0,42.0,44.0,42.0
2025-12-25T11:56:42.071248,9932.211,3566,Ring,motor_5_flexed,51.0,34.6875,5,30.0,29.0,28.0,30.0,30.0,28.0,31.0,30.0,29.0,32.0,32.0,51.0,47.0,42.0,44.0,42.0
2025-12-25T11:56:43.959159,9934.099,3566,Ring,motor_5_open,51.0,34.6875,5,30.0,29.0,28.0,30.0,30.0,28.0,31.0,30.0,29.0,32.0,32.0,51.0,47.0,42.0,44.0,42.0
2025-12-25T11:56:44.855116,9934.993,3567,Ring,motor_6_flexed,51.0,34.6875,5,30.0,29.0,28.0,30.0,30.0,28.0,31.0,30.0,29.0,32.0,32.0,51.0,47.0,42.0,44.0,42.0
2025-12-25T11:56:46.743027,9936.882,3567,Ring,motor_6_open,51.0,34.6875,5,30.0,29.0,28.0,30.0,30.0,28.0,31.0,30.0,29.0,32.0,32.0,51.0,47.0,42.0,44.0,42.0
2025-12-25T11:56:47.638988,9937.779,3568,Pinky,motor_7_flexed,51.0,34.6875,5,30.0,29.0,28.0,30.0,30.0,28.0,31.0,30.0,29.0,32.0,32.0,51.0,47.0,42.0,44.0,42.0
2025-12-25T11:56:49.526876,9939.664,3568,Pinky,motor_7_open,51.0,34.6875,5,30.0,29.0,28.0,30.0,30.0,28.0,31.0,30.0,29.0,32.0,32.0,51.0,47.0,42.0,44.0,42.0
2025-12-25T11:56:50.422834,9940.559,3569,Pinky,motor_8_flexed,51.0,34.6875,5,30.0,29.0,28.0,30.0,30.0,28.0,31.0,30.0,29.0,32.0,32.0,51.0,47.0,42.0,44.0,42.0
2025-12-25T11:56:52.310758,9942.449,3569,Pinky,motor_8_open,51.0,34.6875,5,30.0,29.0,28.0,30.0,30.0,28.0,31.0,30.0,29.0,32.0,32.0,51.0,47.0,42.0,44.0,42.0
2025-12-25T11:56:53.206711,9943.343,3570,Pinky,motor_9_flexed,51.0,34.6875,5,30.0,29.0,28.0,30.0,30.0,28.0,31.0,30.0,29.0,32.0,32.0,51.0,47.0,42.0,44.0,42.0
2025-12-25T11:56:55.094636,9945.231,3570,Pinky,motor_9_open,51.0,34.6875,5,30.0,29.0,28.0,30.0,30.0,28.0,31.0,30.0,29.0,32.0,32.0,51.0,47.0,42.0,44.0,42.0
2025-12-25T11:56:55.990573,9946.126,3571,Thumb,motor_13_flexed,51.0,34.6875,5,30.0,29.0,28.0,30.0,30.0,28.0,31.0,30.0,29.0,32.0,32.0,51.0,47.0,42.0,44.0,42.0
2025-12-25T11:56:57.878484,9948.016,3571,Thumb,motor_13_open,51.0,34.625,5,30.0,29.0,28.0,30.0,30.0,28.0,31.0,30.0,29.0,32.0,32.0,51.0,47.0,42.0,43.0,42.0
2025-12-25T11:56:58.774441,9948.912,3572,Thumb,motor_14_flexed,51.0,34.6875,5,30.0,29.0,28.0,30.0,30.0,28.0,31.0,30.0,29.0,32.0,32.0,51.0,47.0,42.0,44.0,42.0
2025-12-25T11:57:00.662355,9950.8,3572,Thumb,motor_14_open,51.0,34.625,5,30.0,29.0,28.0,30.0,30.0,28.0,31.0,30.0,29.0,32.0,32.0,51.0,47.0,42.0,43.0,42.0
2025-12-25T11:57:01.558319,9951.695,3573,Thumb,motor_12_flexed,51.0,34.6875,5,30.0,29.0,28.0,30.0,30.0,28.0,31.0,30.0,29.0,32.0,32.0,51.0,47.0,42.0,44.0,42.0
2025-12-25T11:57:03.446212,9953.583,3573,Thumb,motor_12_open,51.0,34.6875,5,30.0,29.0,28.0,30.0,30.0,28.0,31.0,30.0,29.0,32.0,32.0,51.0,47.0,42.0,44.0,42.0
2025-12-25T11:57:04.342171,9954.48,3574,Index,motor_2_flexed,51.0,34.625,5,30.0,29.0,28.0,30.0,30.0,28.0,31.0,30.0,29.0,32.0,32.0,51.0,47.0,42.0,43.0,42.0
2025-12-25T11:57:06.230103,9956.366,3574,Index,motor_2_open,51.0,34.6875,5,30.0,29.0,28.0,30.0,30.0,28.0,31.0,30.0,29.0,32.0,32.0,51.0,47.0,42.0,44.0,42.0
2025-12-25T11:57:07.126049,9957.263,3575,Index,motor_1_flexed,51.0,34.6875,5,30.0,29.0,28.0,30.0,30.0,28.0,31.0,30.0,29.0,32.0,32.0,51.0,47.0,42.0,44.0,42.0
2025-12-25T11:57:09.013959,9959.153,3575,Index,motor_1_open,51.0,34.6875,5,30.0,29.0,28.0,30.0,30.0,28.0,31.0,30.0,29.0,32.0,32.0,51.0,47.0,42.0,44.0,42.0
2025-12-25T11:57:09.909918,9960.049,3576,Index,motor_3_flexed,51.0,34.6875,5,30.0,29.0,28.0,30.0,30.0,28.0,31.0,30.0,29.0,32.0,32.0,51.0,47.0,42.0,44.0,42.0
2025-12-25T11:57:11.797828,9961.936,3576,Index,motor_3_open,51.0,34.6875,5,30.0,29.0,28.0,30.0,30.0,28.0,31.0,30.0,29.0,32.0,32.0,51.0,47.0,42.0,44.0,42.0
2025-12-25T11:57:12.693786,9962.833,3577,Middle,motor_11_flexed,51.0,34.75,5,30.0,29.0,28.0,30.0,30.0,28.0,31.0,30.0,29.0,32.0,32.0,51.0,47.0,42.0,44.0,43.0
2025-12-25T11:57:14.581698,9964.718,3577,Middle,motor_11_open,51.0,34.6875,5,30.0,29.0,28.0,30.0,30.0,28.0,31.0,30.0,29.0,32.0,32.0,51.0,47.0,42.0,44.0,42.0
2025-12-25T11:57:15.477666,9965.615,3578,Middle,motor_10_flexed,51.0,34.6875,5,30.0,29.0,28.0,30.0,30.0,28.0,31.0,30.0,29.0,32.0,32.0,51.0,47.0,42.0,44.0,42.0
2025-12-25T11:57:17.365566,9967.504,3578,Middle,motor_10_open,51.0,34.6875,5,30.0,29.0,28.0,30.0,30.0,28.0,31.0,30.0,29.0,32.0,32.0,51.0,47.0,42.0,44.0,42.0
2025-12-25T11:57:18.261524,9968.398,3579,Ring,motor_4_flexed,51.0,34.6875,5,30.0,29.0,28.0,30.0,30.0,28.0,31.0,30.0,29.0,32.0,32.0,51.0,47.0,42.0,44.0,42.0
2025-12-25T11:57:20.149450,9970.288,3579,Ring,motor_4_open,51.0,34.6875,5,30.0,29.0,28.0,30.0,30.0,28.0,31.0,30.0,29.0,32.0,32.0,51.0,47.0,42.0,44.0,42.0
2025-12-25T11:57:21.045389,9971.184,3580,Ring,motor_5_flexed,51.0,34.6875,5,30.0,29.0,28.0,30.0,30.0,28.0,31.0,30.0,29.0,32.0,32.0,51.0,47.0,42.0,44.0,42.0
2025-12-25T11:57:22.933300,9973.073,3580,Ring,motor_5_open,51.0,34.6875,5,30.0,29.0,28.0,30.0,30.0,28.0,31.0,30.0,29.0,32.0,32.0,51.0,47.0,42.0,44.0,42.0
2025-12-25T11:57:23.829260,9973.966,3581,Ring,motor_6_flexed,51.0,34.6875,5,30.0,29.0,28.0,30.0,30.0,28.0,31.0,30.0,29.0,32.0,32.0,51.0,47.0,42.0,44.0,42.0
2025-12-25T11:57:25.717160,9975.855,3581,Ring,motor_6_open,51.0,34.6875,5,30.0,29.0,28.0,30.0,30.0,28.0,31.0,30.0,29.0,32.0,32.0,51.0,47.0,42.0,44.0,42.0
2025-12-25T11:57:26.613117,9976.749,3582,Pinky,motor_7_flexed,51.0,34.6875,5,30.0,29.0,28.0,30.0,30.0,28.0,31.0,30.0,29.0,32.0,32.0,51.0,47.0,42.0,44.0,42.0
2025-12-25T11:57:28.501036,9978.639,3582,Pinky,motor_7_open,51.0,34.6875,5,30.0,29.0,28.0,30.0,30.0,28.0,31.0,30.0,29.0,32.0,32.0,51.0,47.0,42.0,44.0,42.0
2025-12-25T11:57:29.397014,9979.533,3583,Pinky,motor_8_flexed,51.0,34.6875,5,30.0,29.0,28.0,30.0,30.0,28.0,31.0,30.0,29.0,32.0,32.0,51.0,47.0,42.0,44.0,42.0
2025-12-25T11:57:31.284898,9981.421,3583,Pinky,motor_8_open,51.0,34.625,5,30.0,29.0,28.0,30.0,30.0,28.0,31.0,30.0,29.0,32.0,32.0,51.0,47.0,42.0,43.0,42.0
2025-12-25T11:57:32.180866,9982.319,3584,Pinky,motor_9_flexed,51.0,34.625,5,30.0,29.0,28.0,30.0,30.0,28.0,31.0,30.0,29.0,32.0,32.0,51.0,47.0,42.0,44.0,41.0
2025-12-25T11:57:34.068773,9984.208,3584,Pinky,motor_9_open,51.0,34.6875,5,30.0,29.0,28.0,30.0,30.0,28.0,31.0,30.0,29.0,32.0,32.0,51.0,47.0,42.0,44.0,42.0
2025-12-25T11:57:34.964732,9985.104,3585,Thumb,motor_13_flexed,51.0,34.6875,5,30.0,29.0,28.0,30.0,30.0,28.0,31.0,30.0,29.0,32.0,32.0,51.0,47.0,42.0,44.0,42.0
2025-12-25T11:57:36.852643,9986.992,3585,Thumb,motor_13_open,51.0,34.6875,5,30.0,29.0,28.0,30.0,30.0,28.0,31.0,30.0,29.0,32.0,32.0,51.0,47.0,42.0,44.0,42.0
2025-12-25T11:57:37.748599,9987.888,3586,Thumb,motor_14_flexed,51.0,34.75,5,30.0,29.0,28.0,30.0,30.0,28.0,31.0,30.0,30.0,32.0,32.0,51.0,47.0,42.0,44.0,42.0
2025-12-25T11:57:39.636509,9989.775,3586,Thumb,motor_14_open,51.0,34.6875,5,30.0,29.0,28.0,30.0,30.0,28.0,31.0,30.0,29.0,32.0,32.0,51.0,47.0,42.0,44.0,42.0
2025-12-25T11:57:40.532467,9990.674,3587,Thumb,motor_12_flexed,51.0,34.6875,5,30.0,29.0,28.0,30.0,30.0,28.0,31.0,30.0,29.0,32.0,32.0,51.0,47.0,42.0,44.0,42.0
2025-12-25T11:57:42.420378,9992.56,3587,Thumb,motor_12_open,51.0,34.6875,5,30.0,29.0,28.0,30.0,30.0,28.0,31.0,30.0,29.0,32.0,32.0,51.0,47.0,42.0,44.0,42.0
2025-12-25T11:57:43.316336,9993.455,3588,Index,motor_2_flexed,51.0,34.6875,5,30.0,29.0,28.0,30.0,30.0,28.0,31.0,30.0,29.0,32.0,32.0,51.0,47.0,42.0,44.0,42.0
2025-12-25T11:57:45.204246,9995.342,3588,Index,motor_2_open,51.0,34.6875,5,30.0,29.0,28.0,30.0,30.0,28.0,31.0,30.0,29.0,32.0,32.0,51.0,47.0,42.0,44.0,42.0
2025-12-25T11:57:46.100205,9996.24,3589,Index,motor_1_flexed,51.0,34.6875,5,30.0,29.0,28.0,30.0,30.0,28.0,31.0,30.0,29.0,32.0,32.0,51.0,47.0,42.0,44.0,42.0
2025-12-25T11:57:47.988110,9998.125,3589,Index,motor_1_open,51.0,34.6875,5,30.0,29.0,28.0,30.0,30.0,28.0,31.0,30.0,29.0,32.0,32.0,51.0,47.0,42.0,44.0,42.0
2025-12-25T11:57:48.884071,9999.022,3590,Index,motor_3_flexed,51.0,34.6875,5,30.0,29.0,28.0,30.0,30.0,28.0,31.0,30.0,29.0,32.0,32.0,51.0,47.0,42.0,44.0,42.0
2025-12-25T11:57:50.771971,10000.909,3590,Index,motor_3_open,51.0,34.6875,5,30.0,29.0,28.0,30.0,30.0,28.0,31.0,30.0,29.0,32.0,32.0,51.0,47.0,42.0,44.0,42.0
2025-12-25T11:57:51.667928,10001.808,3591,Middle,motor_11_flexed,51.0,34.6875,5,30.0,29.0,28.0,30.0,30.0,28.0,31.0,30.0,29.0,32.0,32.0,51.0,47.0,42.0,44.0,42.0
2025-12-25T11:57:53.555850,10003.696,3591,Middle,motor_11_open,51.0,34.6875,5,30.0,29.0,28.0,30.0,30.0,28.0,31.0,30.0,29.0,32.0,32.0,51.0,47.0,42.0,44.0,42.0
2025-12-25T11:57:54.451805,10004.589,3592,Middle,motor_10_flexed,51.0,34.6875,5,30.0,29.0,28.0,30.0,30.0,28.0,31.0,30.0,29.0,32.0,32.0,51.0,47.0,42.0,44.0,42.0
2025-12-25T11:57:56.339715,10006.478,3592,Middle,motor_10_open,51.0,34.6875,5,30.0,29.0,28.0,30.0,30.0,28.0,31.0,30.0,29.0,32.0,32.0,51.0,47.0,42.0,44.0,42.0
2025-12-25T11:57:57.235660,10007.372,3593,Ring,motor_4_flexed,51.0,34.6875,5,30.0,29.0,28.0,30.0,30.0,28.0,31.0,30.0,29.0,32.0,32.0,51.0,47.0,42.0,44.0,42.0
2025-12-25T11:57:59.123574,10009.259,3593,Ring,motor_4_open,51.0,34.6875,5,30.0,29.0,28.0,30.0,30.0,28.0,31.0,30.0,29.0,32.0,32.0,51.0,47.0,42.0,44.0,42.0
2025-12-25T11:58:00.019529,10010.155,3594,Ring,motor_5_flexed,51.0,34.75,5,30.0,29.0,28.0,30.0,30.0,28.0,31.0,30.0,29.0,32.0,32.0,51.0,47.0,42.0,44.0,43.0
2025-12-25T11:58:01.907440,10012.045,3594,Ring,motor_5_open,51.0,34.75,5,30.0,29.0,28.0,30.0,30.0,28.0,31.0,30.0,29.0,32.0,32.0,51.0,47.0,42.0,44.0,43.0
2025-12-25T11:58:02.803407,10012.941,3595,Ring,motor_6_flexed,51.0,34.75,5,30.0,29.0,28.0,30.0,30.0,28.0,31.0,30.0,29.0,32.0,32.0,51.0,47.0,42.0,44.0,43.0
2025-12-25T11:58:04.691332,10014.831,3595,Ring,motor_6_open,51.0,34.6875,5,30.0,29.0,28.0,30.0,30.0,28.0,31.0,30.0,29.0,32.0,32.0,51.0,47.0,42.0,44.0,42.0
2025-12-25T11:58:05.587290,10015.725,3596,Pinky,motor_7_flexed,51.0,34.6875,5,30.0,29.0,28.0,30.0,30.0,28.0,31.0,30.0,29.0,32.0,32.0,51.0,47.0,42.0,44.0,42.0
2025-12-25T11:58:07.475191,10017.613,3596,Pinky,motor_7_open,51.0,34.6875,5,30.0,29.0,28.0,30.0,30.0,28.0,31.0,30.0,29.0,32.0,32.0,51.0,47.0,42.0,44.0,42.0
2025-12-25T11:58:08.371153,10018.509,3597,Pinky,motor_8_flexed,51.0,34.6875,5,30.0,29.0,28.0,30.0,30.0,28.0,31.0,30.0,29.0,32.0,32.0,51.0,47.0,42.0,44.0,42.0
2025-12-25T11:58:09.955072,10020.097,3597,Pinky,motor_8_flex_hold,51.0,34.625,5,30.0,29.0,28.0,30.0,29.0,28.0,31.0,30.0,29.0,32.0,32.0,51.0,47.0,42.0,44.0,42.0
2025-12-25T11:58:10.355063,10020.491,3597,Pinky,motor_8_open,51.0,34.625,5,30.0,29.0,28.0,30.0,30.0,28.0,31.0,30.0,29.0,32.0,32.0,51.0,47.0,42.0,44.0,41.0
2025-12-25T11:58:11.251021,10021.39,3598,Pinky,motor_9_flexed,51.0,34.6875,5,30.0,29.0,28.0,30.0,30.0,28.0,31.0,30.0,29.0,32.0,32.0,51.0,47.0,42.0,44.0,42.0
2025-12-25T11:58:13.138944,10023.276,3598,Pinky,motor_9_open,51.0,34.6875,5,30.0,29.0,28.0,30.0,30.0,28.0,31.0,30.0,29.0,32.0,32.0,51.0,47.0,42.0,44.0,42.0
2025-12-25T11:58:14.034887,10024.171,3599,Thumb,motor_13_flexed,51.0,34.625,5,30.0,29.0,28.0,30.0,30.0,28.0,31.0,30.0,29.0,32.0,32.0,51.0,47.0,42.0,43.0,42.0
2025-12-25T11:58:15.922799,10026.062,3599,Thumb,motor_13_open,51.0,34.6875,5,30.0,29.0,28.0,30.0,30.0,28.0,31.0,30.0,29.0,32.0,32.0,51.0,47.0,42.0,44.0,42.0
2025-12-25T11:58:16.818754,10026.957,3600,Thumb,motor_14_flexed,51.0,34.6875,5,30.0,29.0,28.0,30.0,30.0,28.0,31.0,30.0,29.0,32.0,32.0,51.0,47.0,42.0,44.0,42.0
2025-12-25T11:58:18.706662,10028.848,3600,Thumb,motor_14_open,51.0,34.625,5,30.0,29.0,28.0,30.0,30.0,28.0,31.0,30.0,29.0,32.0,32.0,51.0,47.0,42.0,44.0,41.0
2025-12-25T11:58:19.602619,10029.739,3601,Thumb,motor_12_flexed,51.0,34.6875,5,30.0,29.0,28.0,30.0,30.0,28.0,31.0,30.0,29.0,32.0,32.0,51.0,47.0,42.0,44.0,42.0
2025-12-25T11:58:21.490531,10031.627,3601,Thumb,motor_12_open,51.0,34.625,5,30.0,29.0,28.0,30.0,30.0,28.0,31.0,30.0,29.0,32.0,32.0,51.0,47.0,42.0,43.0,42.0
2025-12-25T11:58:22.386501,10032.523,3602,Index,motor_2_flexed,51.0,34.6875,5,30.0,29.0,28.0,30.0,30.0,28.0,31.0,30.0,29.0,32.0,32.0,51.0,47.0,42.0,44.0,42.0
2025-12-25T11:58:24.274396,10034.413,3602,Index,motor_2_open,51.0,34.6875,5,30.0,29.0,28.0,30.0,30.0,28.0,31.0,30.0,29.0,32.0,32.0,51.0,47.0,42.0,44.0,42.0
2025-12-25T11:58:25.170354,10035.307,3603,Index,motor_1_flexed,51.0,34.625,5,30.0,29.0,28.0,30.0,30.0,28.0,31.0,30.0,29.0,32.0,32.0,51.0,47.0,42.0,43.0,42.0
2025-12-25T11:58:27.058263,10037.195,3603,Index,motor_1_open,51.0,34.6875,5,30.0,29.0,28.0,30.0,30.0,28.0,31.0,30.0,29.0,32.0,32.0,51.0,47.0,42.0,44.0,42.0
2025-12-25T11:58:27.954218,10038.091,3604,Index,motor_3_flexed,51.0,34.625,5,30.0,29.0,28.0,30.0,30.0,28.0,31.0,30.0,29.0,32.0,32.0,51.0,47.0,42.0,44.0,41.0
2025-12-25T11:58:29.842128,10039.98,3604,Index,motor_3_open,51.0,34.625,5,30.0,29.0,28.0,30.0,30.0,28.0,31.0,30.0,29.0,32.0,32.0,51.0,47.0,42.0,44.0,41.0
2025-12-25T11:58:30.738087,10040.875,3605,Middle,motor_11_flexed,51.0,34.6875,5,30.0,29.0,28.0,30.0,30.0,28.0,31.0,30.0,29.0,32.0,32.0,51.0,47.0,42.0,44.0,42.0
2025-12-25T11:58:32.625996,10042.762,3605,Middle,motor_11_open,51.0,34.8125,5,30.0,29.0,28.0,30.0,30.0,28.0,31.0,30.0,29.0,32.0,32.0,51.0,47.0,42.0,44.0,44.0
2025-12-25T11:58:33.521956,10043.659,3606,Middle,motor_10_flexed,51.0,34.6875,5,30.0,29.0,28.0,30.0,30.0,28.0,31.0,30.0,29.0,32.0,32.0,51.0,47.0,42.0,44.0,42.0
2025-12-25T11:58:35.409866,10045.548,3606,Middle,motor_10_open,51.0,34.6875,5,30.0,29.0,28.0,30.0,30.0,28.0,31.0,30.0,29.0,32.0,32.0,51.0,47.0,42.0,44.0,42.0
2025-12-25T11:58:36.305823,10046.443,3607,Ring,motor_4_flexed,51.0,34.625,5,30.0,29.0,28.0,30.0,30.0,28.0,31.0,30.0,29.0,32.0,32.0,51.0,47.0,42.0,43.0,42.0
2025-12-25T11:58:38.193732,10048.33,3607,Ring,motor_4_open,51.0,34.6875,5,30.0,29.0,28.0,30.0,30.0,28.0,31.0,30.0,29.0,32.0,32.0,51.0,47.0,42.0,44.0,42.0
2025-12-25T11:58:39.089688,10049.228,3608,Ring,motor_5_flexed,51.0,34.6875,5,30.0,29.0,28.0,30.0,30.0,28.0,31.0,30.0,29.0,32.0,32.0,51.0,47.0,42.0,44.0,42.0
2025-12-25T11:58:40.977580,10051.115,3608,Ring,motor_5_open,51.0,34.6875,5,30.0,29.0,28.0,30.0,30.0,28.0,31.0,30.0,29.0,32.0,32.0,51.0,47.0,42.0,44.0,42.0
2025-12-25T11:58:41.873535,10052.012,3609,Ring,motor_6_flexed,51.0,34.6875,5,30.0,29.0,28.0,30.0,30.0,28.0,31.0,30.0,29.0,32.0,32.0,51.0,47.0,42.0,44.0,42.0
2025-12-25T11:58:43.761443,10053.9,3609,Ring,motor_6_open,51.0,34.75,5,30.0,29.0,28.0,30.0,30.0,28.0,31.0,30.0,29.0,32.0,32.0,51.0,47.0,42.0,44.0,43.0
2025-12-25T11:58:44.657401,10054.795,3610,Pinky,motor_7_flexed,51.0,34.625,5,30.0,29.0,28.0,30.0,30.0,28.0,31.0,30.0,29.0,32.0,32.0,51.0,47.0,42.0,43.0,42.0
2025-12-25T11:58:46.545308,10056.685,3610,Pinky,motor_7_open,51.0,34.6875,5,30.0,29.0,28.0,30.0,30.0,28.0,31.0,30.0,29.0,32.0,32.0,51.0,47.0,42.0,44.0,42.0
2025-12-25T11:58:47.441266,10057.58,3611,Pinky,motor_8_flexed,51.0,34.6875,5,30.0,29.0,28.0,30.0,30.0,28.0,31.0,30.0,29.0,32.0,32.0,51.0,47.0,42.0,44.0,42.0
2025-12-25T11:58:49.329176,10059.469,3611,Pinky,motor_8_open,51.0,34.625,5,30.0,29.0,28.0,30.0,30.0,28.0,31.0,30.0,29.0,32.0,32.0,51.0,47.0,42.0,43.0,42.0
2025-12-25T11:58:50.225132,10060.36,3612,Pinky,motor_9_flexed,51.0,34.6875,5,30.0,29.0,28.0,30.0,30.0,28.0,31.0,30.0,29.0,32.0,32.0,51.0,47.0,42.0,44.0,42.0
2025-12-25T11:58:52.113041,10062.251,3612,Pinky,motor_9_open,51.0,34.6875,5,30.0,29.0,28.0,30.0,30.0,28.0,31.0,30.0,29.0,32.0,32.0,51.0,47.0,42.0,44.0,42.0
2025-12-25T11:58:53.008997,10063.149,3613,Thumb,motor_13_flexed,51.0,34.75,5,30.0,29.0,28.0,30.0,30.0,28.0,31.0,30.0,29.0,32.0,32.0,51.0,47.0,42.0,44.0,43.0
2025-12-25T11:58:54.896907,10065.036,3613,Thumb,motor_13_open,51.0,34.6875,5,30.0,29.0,28.0,30.0,30.0,28.0,31.0,30.0,29.0,32.0,32.0,51.0,47.0,42.0,44.0,42.0
2025-12-25T11:58:55.792860,10065.931,3614,Thumb,motor_14_flexed,51.0,34.6875,5,30.0,29.0,28.0,30.0,30.0,28.0,31.0,30.0,29.0,32.0,32.0,51.0,47.0,42.0,44.0,42.0
2025-12-25T11:58:57.680772,10067.819,3614,Thumb,motor_14_open,51.0,34.6875,5,30.0,29.0,28.0,30.0,30.0,28.0,31.0,30.0,29.0,32.0,32.0,51.0,47.0,42.0,44.0,42.0
2025-12-25T11:58:58.576730,10068.716,3615,Thumb,motor_12_flexed,51.0,34.6875,5,30.0,29.0,28.0,30.0,30.0,28.0,31.0,30.0,29.0,32.0,32.0,51.0,47.0,42.0,43.0,43.0
2025-12-25T11:59:00.464673,10070.604,3615,Thumb,motor_12_open,51.0,34.6875,5,30.0,29.0,28.0,30.0,30.0,28.0,31.0,30.0,29.0,32.0,32.0,51.0,47.0,42.0,44.0,42.0
2025-12-25T11:59:01.360630,10071.499,3616,Index,motor_2_flexed,51.0,34.6875,5,30.0,29.0,28.0,30.0,30.0,28.0,31.0,30.0,29.0,32.0,32.0,51.0,47.0,42.0,44.0,42.0
2025-12-25T11:59:03.248526,10073.389,3616,Index,motor_2_open,51.0,34.6875,5,30.0,29.0,28.0,30.0,30.0,28.0,31.0,30.0,29.0,32.0,32.0,51.0,47.0,42.0,44.0,42.0
2025-12-25T11:59:04.144480,10074.285,3617,Index,motor_1_flexed,51.0,34.6875,5,30.0,29.0,28.0,30.0,30.0,28.0,31.0,30.0,29.0,32.0,32.0,51.0,47.0,42.0,44.0,42.0
2025-12-25T11:59:06.032395,10076.171,3617,Index,motor_1_open,51.0,34.6875,5,30.0,29.0,28.0,30.0,30.0,28.0,31.0,30.0,29.0,32.0,32.0,51.0,47.0,42.0,44.0,42.0
2025-12-25T11:59:06.928345,10077.066,3618,Index,motor_3_flexed,51.0,34.75,5,30.0,29.0,28.0,30.0,30.0,28.0,31.0,30.0,29.0,32.0,32.0,51.0,47.0,42.0,44.0,43.0
2025-12-25T11:59:08.816246,10078.957,3618,Index,motor_3_open,51.0,34.875,5,30.0,29.0,28.0,30.0,30.0,28.0,31.0,30.0,29.0,32.0,32.0,51.0,47.0,42.0,44.0,45.0
2025-12-25T11:59:09.712194,10079.852,3619,Middle,motor_11_flexed,51.0,34.625,5,30.0,29.0,28.0,30.0,30.0,28.0,31.0,30.0,29.0,32.0,32.0,51.0,47.0,42.0,43.0,42.0
2025-12-25T11:59:10.800172,10080.938,3619,Middle,motor_11_flex_hold,51.0,34.6875,5,30.0,29.0,28.0,30.0,30.0,28.0,31.0,30.0,29.0,32.0,32.0,51.0,47.0,42.0,44.0,42.0
2025-12-25T11:59:11.600117,10081.739,3619,Middle,motor_11_open,51.0,34.75,5,30.0,29.0,28.0,30.0,30.0,28.0,31.0,30.0,29.0,32.0,32.0,51.0,47.0,42.0,45.0,42.0
2025-12-25T11:59:12.496072,10082.636,3620,Middle,motor_10_flexed,51.0,34.6875,5,30.0,29.0,28.0,30.0,30.0,28.0,31.0,30.0,29.0,32.0,32.0,51.0,47.0,42.0,44.0,42.0
2025-12-25T11:59:14.383982,10084.523,3620,Middle,motor_10_open,51.0,34.6875,5,30.0,29.0,28.0,30.0,30.0,28.0,31.0,30.0,29.0,32.0,32.0,51.0,47.0,42.0,44.0,42.0
2025-12-25T11:59:15.279950,10085.42,3621,Ring,motor_4_flexed,51.0,34.75,5,30.0,29.0,28.0,30.0,30.0,28.0,31.0,30.0,29.0,32.0,32.0,51.0,47.0,42.0,44.0,43.0
2025-12-25T11:59:17.167834,10087.307,3621,Ring,motor_4_open,51.0,34.6875,5,30.0,29.0,28.0,30.0,30.0,28.0,31.0,30.0,29.0,32.0,32.0,51.0,47.0,42.0,44.0,42.0
2025-12-25T11:59:18.063808,10088.203,3622,Ring,motor_5_flexed,51.0,34.6875,5,30.0,29.0,28.0,30.0,30.0,28.0,31.0,30.0,29.0,32.0,32.0,51.0,47.0,42.0,44.0,42.0
2025-12-25T11:59:19.951728,10090.09,3622,Ring,motor_5_open,51.0,34.6875,5,30.0,29.0,28.0,30.0,30.0,28.0,31.0,30.0,29.0,32.0,32.0,51.0,47.0,42.0,44.0,42.0
2025-12-25T11:59:20.847674,10090.985,3623,Ring,motor_6_flexed,51.0,34.6875,5,30.0,29.0,28.0,30.0,30.0,28.0,31.0,30.0,29.0,32.0,32.0,51.0,47.0,42.0,44.0,42.0
2025-12-25T11:59:22.735581,10092.876,3623,Ring,motor_6_open,51.0,34.625,5,30.0,29.0,28.0,30.0,30.0,28.0,31.0,30.0,29.0,32.0,32.0,51.0,47.0,42.0,44.0,41.0
2025-12-25T11:59:23.631538,10093.771,3624,Pinky,motor_7_flexed,51.0,34.6875,5,30.0,29.0,28.0,30.0,30.0,28.0,31.0,30.0,29.0,32.0,32.0,51.0,47.0,42.0,44.0,42.0
2025-12-25T11:59:25.519453,10095.657,3624,Pinky,motor_7_open,51.0,34.6875,5,30.0,29.0,28.0,30.0,30.0,28.0,31.0,30.0,29.0,32.0,32.0,51.0,47.0,42.0,44.0,42.0
2025-12-25T11:59:26.415402,10096.554,3625,Pinky,motor_8_flexed,51.0,34.625,5,30.0,29.0,28.0,30.0,30.0,28.0,31.0,30.0,29.0,32.0,32.0,51.0,47.0,42.0,43.0,42.0
2025-12-25T11:59:28.303312,10098.443,3625,Pinky,motor_8_open,51.0,34.6875,5,30.0,29.0,28.0,30.0,30.0,28.0,31.0,30.0,29.0,32.0,32.0,51.0,47.0,42.0,44.0,42.0
2025-12-25T11:59:29.199278,10099.332,3626,Pinky,motor_9_flexed,51.0,34.6875,5,30.0,29.0,28.0,30.0,30.0,28.0,31.0,30.0,29.0,32.0,32.0,51.0,47.0,42.0,44.0,42.0
2025-12-25T11:59:31.087148,10101.223,3626,Pinky,motor_9_open,51.0,34.6875,5,30.0,29.0,28.0,30.0,30.0,28.0,31.0,30.0,29.0,32.0,32.0,51.0,47.0,42.0,44.0,42.0
2025-12-25T11:59:31.983105,10102.119,3627,Thumb,motor_13_flexed,51.0,34.6875,5,30.0,29.0,28.0,30.0,30.0,28.0,31.0,30.0,29.0,32.0,32.0,51.0,47.0,42.0,44.0,42.0
2025-12-25T11:59:33.871029,10104.009,3627,Thumb,motor_13_open,51.0,34.6875,5,30.0,29.0,28.0,30.0,30.0,28.0,31.0,30.0,29.0,32.0,32.0,51.0,47.0,42.0,44.0,42.0
2025-12-25T11:59:34.766976,10104.907,3628,Thumb,motor_14_flexed,51.0,34.6875,5,30.0,29.0,28.0,30.0,30.0,28.0,31.0,30.0,29.0,32.0,32.0,51.0,47.0,42.0,44.0,42.0
2025-12-25T11:59:36.654885,10106.793,3628,Thumb,motor_14_open,51.0,34.625,5,30.0,29.0,28.0,30.0,30.0,28.0,31.0,30.0,29.0,32.0,32.0,51.0,47.0,42.0,43.0,42.0
2025-12-25T11:59:37.550840,10107.687,3629,Thumb,motor_12_flexed,51.0,34.6875,5,30.0,29.0,28.0,30.0,30.0,28.0,31.0,30.0,29.0,32.0,32.0,51.0,47.0,42.0,44.0,42.0
2025-12-25T11:59:39.438749,10109.576,3629,Thumb,motor_12_open,51.0,34.6875,5,30.0,29.0,28.0,30.0,30.0,28.0,31.0,30.0,29.0,32.0,32.0,51.0,47.0,42.0,44.0,42.0
2025-12-25T11:59:40.334707,10110.472,3630,Index,motor_2_flexed,51.0,34.625,5,30.0,29.0,28.0,30.0,30.0,28.0,31.0,30.0,29.0,32.0,32.0,51.0,47.0,42.0,43.0,42.0
2025-12-25T11:59:42.222602,10112.356,3630,Index,motor_2_open,51.0,34.6875,5,30.0,29.0,28.0,30.0,30.0,28.0,31.0,30.0,29.0,32.0,32.0,51.0,47.0,42.0,44.0,42.0
2025-12-25T11:59:43.118577,10113.251,3631,Index,motor_1_flexed,51.0,34.6875,5,30.0,29.0,28.0,30.0,30.0,28.0,31.0,30.0,29.0,32.0,32.0,51.0,47.0,42.0,44.0,42.0
2025-12-25T11:59:45.006478,10115.142,3631,Index,motor_1_open,51.0,34.6875,5,30.0,29.0,28.0,30.0,30.0,28.0,31.0,30.0,29.0,32.0,32.0,51.0,47.0,42.0,44.0,42.0
2025-12-25T11:59:45.902433,10116.041,3632,Index,motor_3_flexed,51.0,34.6875,5,30.0,29.0,28.0,30.0,30.0,28.0,31.0,30.0,29.0,32.0,32.0,51.0,47.0,42.0,44.0,42.0
2025-12-25T11:59:47.790334,10117.93,3632,Index,motor_3_open,51.0,34.75,5,31.0,29.0,28.0,30.0,30.0,28.0,31.0,30.0,29.0,32.0,32.0,51.0,47.0,42.0,44.0,42.0
2025-12-25T11:59:48.686289,10118.822,3633,Middle,motor_11_flexed,51.0,34.75,5,31.0,29.0,28.0,30.0,30.0,28.0,31.0,30.0,29.0,32.0,32.0,51.0,47.0,42.0,44.0,42.0
2025-12-25T11:59:50.574197,10120.711,3633,Middle,motor_11_open,51.0,34.75,5,31.0,29.0,28.0,30.0,30.0,28.0,31.0,30.0,29.0,32.0,32.0,51.0,47.0,42.0,44.0,42.0
2025-12-25T11:59:51.470151,10121.608,3634,Middle,motor_10_flexed,51.0,34.75,5,31.0,29.0,28.0,30.0,30.0,28.0,31.0,30.0,29.0,32.0,32.0,51.0,47.0,42.0,44.0,42.0
2025-12-25T11:59:53.358079,10123.495,3634,Middle,motor_10_open,51.0,34.5625,5,30.0,29.0,28.0,30.0,30.0,28.0,31.0,30.0,29.0,32.0,32.0,51.0,47.0,42.0,42.0,42.0
2025-12-25T11:59:54.254033,10124.39,3635,Ring,motor_4_flexed,51.0,34.6875,5,30.0,29.0,28.0,30.0,30.0,28.0,31.0,30.0,29.0,32.0,32.0,51.0,47.0,42.0,44.0,42.0
2025-12-25T11:59:56.141953,10126.28,3635,Ring,motor_4_open,51.0,34.6875,5,31.0,29.0,28.0,30.0,30.0,28.0,31.0,30.0,29.0,32.0,32.0,51.0,47.0,42.0,43.0,42.0
2025-12-25T11:59:57.037911,10127.176,3636,Ring,motor_5_flexed,51.0,34.6875,5,30.0,29.0,28.0,30.0,30.0,28.0,31.0,30.0,29.0,32.0,32.0,51.0,47.0,42.0,44.0,42.0
2025-12-25T11:59:58.925803,10129.057,3636,Ring,motor_5_open,51.0,34.6875,5,30.0,29.0,28.0,30.0,30.0,28.0,31.0,30.0,29.0,32.0,32.0,51.0,47.0,42.0,44.0,42.0
2025-12-25T11:59:59.821772,10129.958,3637,Ring,motor_6_flexed,51.0,34.6875,5,30.0,29.0,28.0,30.0,30.0,28.0,31.0,30.0,29.0,32.0,32.0,51.0,47.0,42.0,44.0,42.0
2025-12-25T12:00:01.709681,10131.842,3637,Ring,motor_6_open,51.0,34.75,5,31.0,29.0,28.0,30.0,30.0,28.0,31.0,30.0,29.0,32.0,32.0,51.0,47.0,42.0,44.0,42.0
2025-12-25T12:00:02.605638,10132.742,3638,Pinky,motor_7_flexed,51.0,34.75,5,30.0,29.0,28.0,30.0,30.0,28.0,31.0,30.0,29.0,32.0,32.0,51.0,47.0,42.0,44.0,43.0
2025-12-25T12:00:04.493546,10134.631,3638,Pinky,motor_7_open,51.0,34.6875,5,30.0,29.0,28.0,30.0,30.0,28.0,31.0,30.0,29.0,32.0,32.0,51.0,47.0,42.0,44.0,42.0
2025-12-25T12:00:05.389502,10135.524,3639,Pinky,motor_8_flexed,51.0,34.6875,5,30.0,29.0,28.0,30.0,30.0,28.0,31.0,30.0,29.0,32.0,32.0,51.0,47.0,42.0,44.0,42.0
2025-12-25T12:00:07.277412,10137.414,3639,Pinky,motor_8_open,51.0,34.6875,5,30.0,29.0,28.0,30.0,30.0,28.0,31.0,30.0,29.0,32.0,32.0,51.0,47.0,42.0,44.0,42.0
2025-12-25T12:00:08.173366,10138.311,3640,Pinky,motor_9_flexed,51.0,34.625,5,30.0,29.0,28.0,30.0,30.0,28.0,31.0,30.0,29.0,32.0,32.0,51.0,47.0,42.0,43.0,42.0
2025-12-25T12:00:10.061273,10140.201,3640,Pinky,motor_9_open,51.0,34.6875,5,30.0,29.0,28.0,30.0,30.0,28.0,31.0,30.0,29.0,32.0,32.0,51.0,47.0,42.0,44.0,42.0
2025-12-25T12:00:10.957230,10141.097,3641,Thumb,motor_13_flexed,51.0,34.75,5,31.0,29.0,28.0,30.0,30.0,28.0,31.0,30.0,29.0,32.0,32.0,51.0,47.0,42.0,44.0,42.0
2025-12-25T12:00:12.845146,10142.984,3641,Thumb,motor_13_open,51.0,34.6875,5,30.0,29.0,28.0,30.0,30.0,28.0,31.0,30.0,29.0,32.0,32.0,51.0,47.0,42.0,44.0,42.0
2025-12-25T12:00:13.741094,10143.875,3642,Thumb,motor_14_flexed,51.0,34.6875,5,30.0,29.0,28.0,30.0,30.0,28.0,31.0,30.0,30.0,32.0,32.0,51.0,47.0,42.0,43.0,42.0
2025-12-25T12:00:15.628995,10145.766,3642,Thumb,motor_14_open,51.0,34.6875,5,30.0,29.0,28.0,30.0,30.0,28.0,31.0,30.0,29.0,32.0,32.0,51.0,47.0,42.0,44.0,42.0
2025-12-25T12:00:16.524948,10146.664,3643,Thumb,motor_12_flexed,51.0,34.75,5,30.0,29.0,28.0,30.0,30.0,28.0,31.0,30.0,30.0,32.0,32.0,51.0,47.0,42.0,44.0,42.0
2025-12-25T12:00:18.412868,10148.551,3643,Thumb,motor_12_open,51.0,34.8125,5,30.0,29.0,28.0,30.0,30.0,28.0,31.0,30.0,30.0,32.0,32.0,51.0,47.0,42.0,45.0,42.0
2025-12-25T12:00:19.308825,10149.447,3644,Index,motor_2_flexed,51.0,34.6875,5,30.0,29.0,28.0,30.0,30.0,28.0,31.0,30.0,29.0,32.0,32.0,51.0,47.0,42.0,44.0,42.0
2025-12-25T12:00:21.196708,10151.332,3644,Index,motor_2_open,51.0,34.6875,5,30.0,29.0,28.0,30.0,30.0,28.0,31.0,30.0,30.0,32.0,32.0,51.0,47.0,42.0,43.0,42.0
2025-12-25T12:00:22.092672,10152.23,3645,Index,motor_1_flexed,51.0,34.6875,5,30.0,29.0,28.0,30.0,30.0,28.0,31.0,30.0,29.0,32.0,32.0,51.0,47.0,42.0,44.0,42.0
2025-12-25T12:00:23.980555,10154.111,3645,Index,motor_1_open,51.0,34.75,5,31.0,29.0,28.0,30.0,30.0,28.0,31.0,30.0,29.0,32.0,32.0,51.0,47.0,42.0,44.0,42.0
2025-12-25T12:00:24.876531,10155.015,3646,Index,motor_3_flexed,51.0,34.75,5,31.0,29.0,28.0,30.0,30.0,28.0,31.0,30.0,29.0,32.0,32.0,51.0,47.0,42.0,44.0,42.0
2025-12-25T12:00:26.764447,10156.902,3646,Index,motor_3_open,51.0,34.8125,5,31.0,29.0,28.0,30.0,30.0,28.0,31.0,30.0,30.0,32.0,32.0,51.0,47.0,42.0,44.0,42.0
2025-12-25T12:00:27.660393,10157.799,3647,Middle,motor_11_flexed,51.0,34.75,5,31.0,29.0,28.0,30.0,30.0,28.0,31.0,30.0,29.0,32.0,32.0,51.0,47.0,42.0,44.0,42.0
2025-12-25T12:00:29.548287,10159.68,3647,Middle,motor_11_open,51.0,34.6875,5,30.0,29.0,28.0,30.0,30.0,28.0,31.0,30.0,29.0,32.0,32.0,51.0,47.0,42.0,44.0,42.0
2025-12-25T12:00:30.444246,10160.578,3648,Middle,motor_10_flexed,51.0,34.75,5,31.0,29.0,28.0,30.0,30.0,28.0,31.0,30.0,29.0,32.0,32.0,51.0,47.0,42.0,44.0,42.0
2025-12-25T12:00:32.332184,10162.471,3648,Middle,motor_10_open,51.0,34.75,5,31.0,29.0,28.0,30.0,30.0,28.0,31.0,30.0,29.0,32.0,32.0,51.0,47.0,42.0,44.0,42.0
2025-12-25T12:00:33.228139,10163.369,3649,Ring,motor_4_flexed,51.0,34.75,5,31.0,29.0,28.0,30.0,30.0,28.0,31.0,30.0,29.0,32.0,32.0,51.0,47.0,42.0,44.0,42.0
2025-12-25T12:00:35.116047,10165.254,3649,Ring,motor_4_open,51.0,34.75,5,31.0,29.0,28.0,30.0,30.0,28.0,31.0,30.0,29.0,32.0,32.0,51.0,47.0,42.0,44.0,42.0
2025-12-25T12:00:36.012014,10166.143,3650,Ring,motor_5_flexed,51.0,34.6875,5,31.0,29.0,28.0,30.0,30.0,28.0,31.0,30.0,29.0,32.0,32.0,51.0,47.0,42.0,44.0,41.0
2025-12-25T12:00:37.899911,10168.038,3650,Ring,motor_5_open,51.0,34.75,5,31.0,29.0,28.0,30.0,30.0,28.0,31.0,30.0,29.0,32.0,32.0,51.0,47.0,42.0,44.0,42.0
2025-12-25T12:00:38.795869,10168.936,3651,Ring,motor_6_flexed,51.0,34.6875,5,30.0,29.0,28.0,30.0,30.0,28.0,31.0,30.0,29.0,32.0,32.0,51.0,47.0,42.0,44.0,42.0
2025-12-25T12:00:40.683788,10170.823,3651,Ring,motor_6_open,51.0,34.75,5,31.0,29.0,28.0,30.0,30.0,28.0,31.0,30.0,29.0,32.0,32.0,51.0,47.0,42.0,44.0,42.0
2025-12-25T12:00:41.579732,10171.717,3652,Pinky,motor_7_flexed,51.0,34.8125,5,31.0,29.0,29.0,30.0,30.0,28.0,31.0,30.0,29.0,32.0,32.0,51.0,47.0,42.0,44.0,42.0
2025-12-25T12:00:43.467640,10173.607,3652,Pinky,motor_7_open,51.0,34.75,5,31.0,29.0,28.0,30.0,30.0,28.0,31.0,30.0,29.0,32.0,32.0,51.0,47.0,42.0,44.0,42.0
2025-12-25T12:00:44.363596,10174.501,3653,Pinky,motor_8_flexed,51.0,34.6875,5,30.0,29.0,28.0,30.0,30.0,28.0,31.0,30.0,29.0,32.0,32.0,51.0,47.0,42.0,44.0,42.0
2025-12-25T12:00:46.251503,10176.391,3653,Pinky,motor_8_open,51.0,34.6875,5,30.0,29.0,28.0,30.0,30.0,28.0,31.0,30.0,29.0,32.0,32.0,51.0,47.0,42.0,44.0,42.0
2025-12-25T12:00:47.147457,10177.288,3654,Pinky,motor_9_flexed,51.0,34.75,5,31.0,29.0,28.0,30.0,30.0,28.0,31.0,30.0,29.0,32.0,32.0,51.0,47.0,42.0,44.0,42.0
2025-12-25T12:00:49.035344,10179.173,3654,Pinky,motor_9_open,51.0,34.8125,5,31.0,29.0,28.0,30.0,30.0,28.0,31.0,30.0,30.0,32.0,32.0,51.0,47.0,42.0,44.0,42.0
2025-12-25T12:00:49.931318,10180.069,3655,Thumb,motor_13_flexed,51.0,34.75,5,30.0,29.0,28.0,30.0,30.0,28.0,31.0,30.0,29.0,32.0,32.0,51.0,47.0,42.0,44.0,43.0
2025-12-25T12:00:51.819208,10181.956,3655,Thumb,motor_13_open,51.0,34.75,5,30.0,29.0,28.0,30.0,30.0,28.0,31.0,30.0,30.0,32.0,32.0,51.0,47.0,42.0,44.0,42.0
2025-12-25T12:00:52.715165,10182.856,3656,Thumb,motor_14_flexed,51.0,34.75,5,30.0,29.0,28.0,30.0,30.0,28.0,31.0,30.0,30.0,32.0,32.0,51.0,47.0,42.0,44.0,42.0
2025-12-25T12:00:54.603070,10184.741,3656,Thumb,motor_14_open,51.0,34.875,5,31.0,29.0,29.0,30.0,30.0,28.0,31.0,30.0,30.0,32.0,32.0,51.0,47.0,42.0,44.0,42.0
2025-12-25T12:00:55.499027,10185.636,3657,Thumb,motor_12_flexed,51.0,34.8125,5,31.0,29.0,28.0,30.0,30.0,28.0,31.0,30.0,30.0,32.0,32.0,51.0,47.0,42.0,44.0,42.0
2025-12-25T12:00:57.386933,10187.522,3657,Thumb,motor_12_open,51.0,34.8125,5,31.0,29.0,28.0,30.0,30.0,28.0,31.0,30.0,30.0,32.0,32.0,51.0,47.0,42.0,44.0,42.0
2025-12-25T12:00:58.282888,10188.421,3658,Index,motor_2_flexed,51.0,34.625,5,30.0,29.0,28.0,30.0,30.0,28.0,31.0,30.0,29.0,32.0,32.0,51.0,47.0,42.0,43.0,42.0
2025-12-25T12:01:00.170795,10190.309,3658,Index,motor_2_open,51.0,34.6875,5,30.0,29.0,28.0,30.0,30.0,28.0,31.0,30.0,29.0,32.0,32.0,51.0,47.0,42.0,44.0,42.0
2025-12-25T12:01:01.066741,10191.204,3659,Index,motor_1_flexed,51.0,34.75,5,31.0,29.0,28.0,30.0,30.0,28.0,31.0,30.0,29.0,32.0,32.0,51.0,47.0,42.0,44.0,42.0
2025-12-25T12:01:02.954647,10193.091,3659,Index,motor_1_open,51.0,34.6875,5,30.0,29.0,28.0,30.0,30.0,28.0,31.0,30.0,29.0,32.0,32.0,51.0,47.0,42.0,44.0,42.0
2025-12-25T12:01:03.850605,10193.99,3660,Index,motor_3_flexed,51.0,34.8125,5,30.0,29.0,28.0,30.0,30.0,28.0,31.0,30.0,29.0,32.0,32.0,51.0,47.0,42.0,43.0,45.0
2025-12-25T12:01:05.738520,10195.877,3660,Index,motor_3_open,51.0,34.75,5,31.0,29.0,28.0,30.0,30.0,28.0,31.0,30.0,29.0,32.0,32.0,51.0,47.0,42.0,44.0,42.0
2025-12-25T12:01:06.634471,10196.773,3661,Middle,motor_11_flexed,51.0,34.75,5,31.0,29.0,28.0,30.0,30.0,28.0,31.0,30.0,29.0,32.0,32.0,51.0,47.0,42.0,44.0,42.0
2025-12-25T12:01:08.522385,10198.658,3661,Middle,motor_11_open,51.0,34.6875,5,31.0,29.0,28.0,30.0,30.0,28.0,31.0,30.0,29.0,32.0,32.0,51.0,47.0,42.0,43.0,42.0
2025-12-25T12:01:09.418339,10199.559,3662,Middle,motor_10_flexed,51.0,34.8125,5,31.0,29.0,28.0,30.0,30.0,28.0,31.0,30.0,30.0,32.0,32.0,51.0,47.0,42.0,44.0,42.0
2025-12-25T12:01:10.506294,10200.645,3662,Middle,motor_10_flex_hold,51.0,34.8125,5,31.0,29.0,29.0,30.0,30.0,28.0,31.0,30.0,29.0,32.0,32.0,51.0,47.0,42.0,44.0,42.0
2025-12-25T12:01:11.306248,10201.443,3662,Middle,motor_10_open,51.0,34.8125,5,31.0,29.0,29.0,30.0,30.0,28.0,31.0,30.0,29.0,32.0,32.0,51.0,47.0,42.0,44.0,42.0
2025-12-25T12:01:12.202204,10202.34,3663,Ring,motor_4_flexed,51.0,34.75,5,31.0,29.0,28.0,30.0,30.0,28.0,31.0,30.0,29.0,32.0,32.0,51.0,47.0,42.0,44.0,42.0
2025-12-25T12:01:14.090098,10204.226,3663,Ring,motor_4_open,51.0,34.75,5,31.0,29.0,28.0,30.0,30.0,28.0,31.0,30.0,29.0,32.0,32.0,51.0,47.0,42.0,44.0,42.0
2025-12-25T12:01:14.986053,10205.124,3664,Ring,motor_5_flexed,51.0,34.75,5,31.0,29.0,28.0,30.0,30.0,28.0,31.0,30.0,29.0,32.0,32.0,51.0,47.0,42.0,44.0,42.0
2025-12-25T12:01:16.873963,10207.013,3664,Ring,motor_5_open,51.0,34.75,5,31.0,29.0,28.0,30.0,30.0,28.0,31.0,30.0,29.0,32.0,32.0,51.0,47.0,42.0,44.0,42.0
2025-12-25T12:01:17.769918,10207.908,3665,Ring,motor_6_flexed,51.0,34.75,5,31.0,29.0,28.0,30.0,30.0,28.0,31.0,30.0,29.0,32.0,32.0,51.0,47.0,42.0,44.0,42.0
2025-12-25T12:01:19.657827,10209.795,3665,Ring,motor_6_open,51.0,34.8125,5,31.0,29.0,29.0,30.0,30.0,28.0,31.0,30.0,29.0,32.0,32.0,51.0,47.0,42.0,44.0,42.0
2025-12-25T12:01:20.553777,10210.688,3666,Pinky,motor_7_flexed,51.0,34.75,5,30.0,29.0,29.0,30.0,30.0,28.0,31.0,30.0,29.0,32.0,32.0,51.0,47.0,42.0,44.0,42.0
2025-12-25T12:01:22.441685,10212.576,3666,Pinky,motor_7_open,51.0,34.8125,5,31.0,29.0,29.0,30.0,30.0,28.0,31.0,30.0,29.0,32.0,32.0,51.0,47.0,42.0,44.0,42.0
2025-12-25T12:01:23.337639,10213.468,3667,Pinky,motor_8_flexed,51.0,34.75,5,31.0,29.0,28.0,30.0,30.0,28.0,31.0,30.0,29.0,32.0,32.0,51.0,47.0,42.0,44.0,42.0
2025-12-25T12:01:25.241548,10215.379,3667,Pinky,motor_8_open,51.0,34.75,5,31.0,29.0,28.0,30.0,30.0,28.0,31.0,30.0,29.0,32.0,32.0,51.0,47.0,42.0,44.0,42.0
2025-12-25T12:01:26.137502,10216.273,3668,Pinky,motor_9_flexed,51.0,34.8125,5,31.0,29.0,29.0,30.0,30.0,28.0,31.0,30.0,29.0,32.0,32.0,51.0,47.0,42.0,44.0,42.0
2025-12-25T12:01:28.025411,10218.163,3668,Pinky,motor_9_open,51.0,34.75,5,31.0,29.0,28.0,30.0,30.0,28.0,31.0,30.0,29.0,32.0,32.0,51.0,47.0,42.0,44.0,42.0
2025-12-25T12:01:28.921369,10219.054,3669,Thumb,motor_13_flexed,51.0,34.75,5,31.0,29.0,29.0,30.0,30.0,28.0,31.0,30.0,29.0,32.0,32.0,51.0,47.0,42.0,43.0,42.0
2025-12-25T12:01:30.809284,10220.947,3669,Thumb,motor_13_open,51.0,34.75,5,31.0,29.0,28.0,30.0,30.0,28.0,31.0,30.0,30.0,32.0,32.0,51.0,47.0,42.0,43.0,42.0
2025-12-25T12:01:31.705239,10221.843,3670,Thumb,motor_14_flexed,51.0,34.8125,5,31.0,29.0,29.0,30.0,30.0,28.0,31.0,30.0,30.0,32.0,32.0,51.0,47.0,42.0,43.0,42.0
2025-12-25T12:01:33.593153,10223.734,3670,Thumb,motor_14_open,51.0,34.8125,5,31.0,29.0,28.0,30.0,30.0,28.0,31.0,30.0,30.0,32.0,32.0,51.0,47.0,42.0,44.0,42.0
2025-12-25T12:01:34.489099,10224.629,3671,Thumb,motor_12_flexed,51.0,34.8125,5,31.0,29.0,28.0,30.0,30.0,28.0,31.0,30.0,30.0,32.0,32.0,51.0,47.0,42.0,44.0,42.0
2025-12-25T12:01:36.377008,10226.516,3671,Thumb,motor_12_open,51.0,34.875,5,31.0,29.0,29.0,30.0,30.0,28.0,31.0,30.0,30.0,32.0,32.0,51.0,47.0,42.0,44.0,42.0
2025-12-25T12:01:37.273001,10227.411,3672,Index,motor_2_flexed,51.0,34.75,5,31.0,29.0,28.0,30.0,30.0,28.0,31.0,30.0,29.0,32.0,32.0,51.0,47.0,42.0,44.0,42.0
2025-12-25T12:01:39.160903,10229.3,3672,Index,motor_2_open,51.0,34.6875,5,30.0,29.0,28.0,30.0,30.0,28.0,31.0,30.0,29.0,32.0,32.0,51.0,47.0,42.0,44.0,42.0
2025-12-25T12:01:40.056825,10230.193,3673,Index,motor_1_flexed,51.0,34.8125,5,31.0,29.0,28.0,30.0,30.0,28.0,31.0,30.0,30.0,32.0,32.0,51.0,47.0,42.0,44.0,42.0
2025-12-25T12:01:41.944732,10232.083,3673,Index,motor_1_open,51.0,34.75,5,31.0,29.0,28.0,30.0,30.0,28.0,31.0,30.0,29.0,32.0,32.0,51.0,47.0,42.0,44.0,42.0
2025-12-25T12:01:42.840697,10232.98,3674,Index,motor_3_flexed,51.0,34.75,5,31.0,29.0,28.0,30.0,30.0,28.0,31.0,30.0,29.0,32.0,32.0,51.0,47.0,42.0,44.0,42.0
2025-12-25T12:01:44.744593,10234.883,3674,Index,motor_3_open,51.0,34.75,5,31.0,29.0,28.0,30.0,30.0,28.0,31.0,30.0,29.0,32.0,32.0,51.0,47.0,42.0,44.0,42.0
2025-12-25T12:01:45.640550,10235.781,3675,Middle,motor_11_flexed,51.0,34.75,5,31.0,29.0,28.0,30.0,30.0,28.0,31.0,30.0,29.0,32.0,32.0,51.0,47.0,42.0,44.0,42.0
2025-12-25T12:01:47.528470,10237.668,3675,Middle,motor_11_open,51.0,34.75,5,31.0,29.0,28.0,30.0,30.0,28.0,31.0,30.0,29.0,32.0,32.0,51.0,47.0,42.0,44.0,42.0
2025-12-25T12:01:48.424414,10238.565,3676,Middle,motor_10_flexed,51.0,34.8125,5,31.0,29.0,29.0,30.0,30.0,28.0,31.0,30.0,29.0,32.0,32.0,51.0,47.0,42.0,44.0,42.0
2025-12-25T12:01:50.312316,10240.45,3676,Middle,motor_10_open,51.0,34.75,5,31.0,29.0,29.0,30.0,30.0,28.0,31.0,30.0,29.0,32.0,32.0,51.0,47.0,42.0,43.0,42.0
2025-12-25T12:01:51.208272,10241.35,3677,Ring,motor_4_flexed,51.0,34.8125,5,31.0,29.0,29.0,30.0,30.0,28.0,31.0,30.0,29.0,32.0,32.0,51.0,47.0,42.0,44.0,42.0
2025-12-25T12:01:53.096176,10243.236,3677,Ring,motor_4_open,51.0,34.8125,5,31.0,29.0,29.0,30.0,30.0,28.0,31.0,30.0,29.0,32.0,32.0,51.0,47.0,42.0,44.0,42.0
2025-12-25T12:01:53.992136,10244.131,3678,Ring,motor_5_flexed,51.0,34.75,5,31.0,29.0,28.0,30.0,30.0,28.0,31.0,30.0,29.0,32.0,32.0,51.0,47.0,42.0,44.0,42.0
2025-12-25T12:01:55.880030,10246.019,3678,Ring,motor_5_open,51.0,34.75,5,31.0,29.0,28.0,30.0,30.0,28.0,31.0,30.0,29.0,32.0,32.0,51.0,47.0,42.0,44.0,42.0
2025-12-25T12:01:56.776001,10246.914,3679,Ring,motor_6_flexed,51.0,34.8125,5,31.0,29.0,29.0,30.0,30.0,28.0,31.0,30.0,29.0,32.0,32.0,51.0,47.0,42.0,44.0,42.0
2025-12-25T12:01:58.663889,10248.8,3679,Ring,motor_6_open,51.0,34.8125,5,31.0,29.0,29.0,30.0,30.0,28.0,31.0,30.0,29.0,32.0,32.0,51.0,47.0,42.0,44.0,42.0
2025-12-25T12:01:59.559848,10249.696,3680,Pinky,motor_7_flexed,51.0,34.8125,5,31.0,29.0,29.0,30.0,30.0,28.0,31.0,30.0,29.0,32.0,32.0,51.0,47.0,42.0,44.0,42.0
2025-12-25T12:02:01.447749,10251.58,3680,Pinky,motor_7_open,51.0,34.8125,5,31.0,29.0,29.0,30.0,30.0,28.0,31.0,30.0,29.0,32.0,32.0,51.0,47.0,42.0,44.0,42.0
2025-12-25T12:02:02.343719,10252.48,3681,Pinky,motor_8_flexed,51.0,34.75,5,31.0,29.0,28.0,30.0,30.0,28.0,31.0,30.0,29.0,32.0,32.0,51.0,47.0,42.0,44.0,42.0
2025-12-25T12:02:04.231627,10254.37,3681,Pinky,motor_8_open,51.0,34.8125,5,31.0,29.0,28.0,30.0,30.0,28.0,31.0,30.0,29.0,32.0,32.0,51.0,48.0,42.0,44.0,42.0
2025-12-25T12:02:05.127578,10255.262,3682,Pinky,motor_9_flexed,51.0,34.875,5,31.0,29.0,29.0,30.0,30.0,28.0,31.0,30.0,29.0,32.0,32.0,51.0,48.0,42.0,44.0,42.0
2025-12-25T12:02:07.015487,10257.152,3682,Pinky,motor_9_open,51.0,34.9375,5,31.0,29.0,29.0,30.0,30.0,28.0,31.0,30.0,30.0,32.0,32.0,51.0,48.0,42.0,44.0,42.0
2025-12-25T12:02:07.911431,10258.05,3683,Thumb,motor_13_flexed,51.0,34.875,5,31.0,29.0,29.0,30.0,30.0,28.0,31.0,30.0,29.0,32.0,32.0,51.0,48.0,42.0,44.0,42.0
2025-12-25T12:02:09.799335,10259.93,3683,Thumb,motor_13_open,51.0,34.9375,5,31.0,29.0,29.0,30.0,30.0,28.0,31.0,30.0,30.0,32.0,32.0,51.0,48.0,42.0,44.0,42.0
2025-12-25T12:02:10.391312,10260.525,3683,Thumb,motor_13_open_hold,51.0,34.9375,5,31.0,29.0,29.0,30.0,30.0,28.0,31.0,30.0,30.0,32.0,32.0,51.0,48.0,42.0,44.0,42.0
2025-12-25T12:02:10.791300,10260.93,3684,Thumb,motor_14_flexed,51.0,34.875,5,31.0,29.0,29.0,30.0,30.0,28.0,31.0,30.0,30.0,32.0,32.0,51.0,48.0,42.0,43.0,42.0
2025-12-25T12:02:12.679198,10262.816,3684,Thumb,motor_14_open,51.0,34.9375,5,31.0,29.0,29.0,30.0,30.0,28.0,31.0,30.0,30.0,32.0,32.0,51.0,48.0,42.0,44.0,42.0
2025-12-25T12:02:13.575150,10263.711,3685,Thumb,motor_12_flexed,51.0,34.9375,5,31.0,29.0,29.0,30.0,30.0,28.0,31.0,30.0,30.0,32.0,32.0,51.0,48.0,42.0,44.0,42.0
2025-12-25T12:02:15.463068,10265.598,3685,Thumb,motor_12_open,51.0,34.8125,5,31.0,29.0,29.0,30.0,30.0,28.0,31.0,30.0,29.0,32.0,32.0,51.0,48.0,42.0,43.0,42.0
2025-12-25T12:02:16.359021,10266.498,3686,Index,motor_2_flexed,51.0,34.9375,5,31.0,29.0,29.0,30.0,30.0,28.0,31.0,30.0,30.0,32.0,32.0,51.0,48.0,42.0,44.0,42.0
2025-12-25T12:02:18.246930,10268.385,3686,Index,motor_2_open,51.0,34.875,5,31.0,29.0,28.0,30.0,30.0,28.0,31.0,30.0,30.0,32.0,32.0,51.0,48.0,42.0,44.0,42.0
2025-12-25T12:02:19.142886,10269.279,3687,Index,motor_1_flexed,51.0,34.875,5,31.0,29.0,28.0,30.0,30.0,28.0,31.0,30.0,30.0,32.0,32.0,51.0,48.0,42.0,44.0,42.0
2025-12-25T12:02:21.030790,10271.168,3687,Index,motor_1_open,51.0,34.9375,5,31.0,29.0,29.0,30.0,30.0,28.0,31.0,30.0,30.0,32.0,32.0,51.0,48.0,42.0,44.0,42.0
2025-12-25T12:02:21.926737,10272.064,3688,Index,motor_3_flexed,51.0,34.875,5,31.0,29.0,28.0,30.0,30.0,28.0,31.0,30.0,30.0,32.0,32.0,51.0,48.0,42.0,44.0,42.0
2025-12-25T12:02:23.814652,10273.952,3688,Index,motor_3_open,51.0,34.8125,5,31.0,29.0,28.0,30.0,30.0,28.0,31.0,30.0,30.0,32.0,32.0,51.0,48.0,42.0,43.0,42.0
2025-12-25T12:02:24.710606,10274.847,3689,Middle,motor_11_flexed,51.0,34.6875,5,31.0,29.0,29.0,30.0,30.0,28.0,31.0,30.0,29.0,32.0,32.0,51.0,48.0,42.0,44.0,39.0
2025-12-25T12:02:26.598518,10276.734,3689,Middle,motor_11_open,51.0,34.875,5,31.0,29.0,29.0,30.0,30.0,28.0,31.0,30.0,29.0,32.0,32.0,51.0,48.0,42.0,44.0,42.0
2025-12-25T12:02:27.494467,10277.632,3690,Middle,motor_10_flexed,51.0,34.875,5,31.0,29.0,29.0,30.0,30.0,28.0,31.0,30.0,29.0,32.0,32.0,51.0,48.0,42.0,44.0,42.0
2025-12-25T12:02:29.382373,10279.52,3690,Middle,motor_10_open,51.0,34.875,5,31.0,29.0,29.0,30.0,30.0,28.0,31.0,30.0,29.0,32.0,32.0,51.0,48.0,42.0,44.0,42.0
2025-12-25T12:02:30.278328,10280.414,3691,Ring,motor_4_flexed,51.0,34.875,5,31.0,29.0,29.0,30.0,30.0,28.0,31.0,30.0,29.0,32.0,32.0,51.0,48.0,42.0,44.0,42.0
2025-12-25T12:02:32.166236,10282.298,3691,Ring,motor_4_open,51.0,34.875,5,31.0,29.0,29.0,30.0,30.0,28.0,31.0,30.0,29.0,32.0,32.0,51.0,48.0,42.0,44.0,42.0
2025-12-25T12:02:33.062191,10283.2,3692,Ring,motor_5_flexed,51.0,34.875,5,31.0,29.0,29.0,30.0,30.0,28.0,31.0,30.0,29.0,32.0,32.0,51.0,48.0,42.0,44.0,42.0
2025-12-25T12:02:34.950096,10285.084,3692,Ring,motor_5_open,51.0,34.9375,5,31.0,29.0,29.0,30.0,30.0,28.0,31.0,30.0,30.0,32.0,32.0,51.0,48.0,42.0,44.0,42.0
2025-12-25T12:02:35.846059,10285.982,3693,Ring,motor_6_flexed,51.0,34.875,5,31.0,29.0,29.0,30.0,30.0,28.0,31.0,30.0,29.0,32.0,32.0,51.0,48.0,42.0,44.0,42.0
2025-12-25T12:02:37.733948,10287.869,3693,Ring,motor_6_open,51.0,34.875,5,31.0,29.0,29.0,30.0,30.0,28.0,31.0,30.0,29.0,32.0,32.0,51.0,48.0,42.0,44.0,42.0
2025-12-25T12:02:38.629905,10288.769,3694,Pinky,motor_7_flexed,51.0,34.875,5,31.0,29.0,29.0,30.0,30.0,28.0,31.0,30.0,29.0,32.0,32.0,51.0,48.0,42.0,44.0,42.0
2025-12-25T12:02:40.517820,10290.658,3694,Pinky,motor_7_open,51.0,34.875,5,31.0,29.0,29.0,30.0,30.0,28.0,31.0,30.0,29.0,32.0,32.0,51.0,48.0,42.0,44.0,42.0
2025-12-25T12:02:41.413766,10291.552,3695,Pinky,motor_8_flexed,51.0,34.8125,5,31.0,29.0,28.0,30.0,30.0,28.0,31.0,30.0,29.0,32.0,32.0,51.0,48.0,42.0,44.0,42.0
2025-12-25T12:02:43.301679,10293.438,3695,Pinky,motor_8_open,51.0,34.875,5,31.0,29.0,29.0,30.0,30.0,28.0,31.0,30.0,29.0,32.0,32.0,51.0,48.0,42.0,44.0,42.0
2025-12-25T12:02:44.197637,10294.339,3696,Pinky,motor_9_flexed,51.0,34.8125,5,31.0,29.0,29.0,30.0,30.0,28.0,31.0,30.0,29.0,32.0,32.0,51.0,48.0,42.0,44.0,41.0
2025-12-25T12:02:46.085537,10296.224,3696,Pinky,motor_9_open,51.0,34.875,5,31.0,29.0,29.0,30.0,30.0,28.0,31.0,30.0,29.0,32.0,32.0,51.0,48.0,42.0,44.0,42.0
2025-12-25T12:02:46.981495,10297.119,3697,Thumb,motor_13_flexed,51.0,34.9375,5,31.0,29.0,29.0,30.0,30.0,28.0,31.0,30.0,30.0,32.0,32.0,51.0,48.0,42.0,44.0,42.0
2025-12-25T12:02:48.869392,10299.006,3697,Thumb,motor_13_open,51.0,34.9375,5,31.0,29.0,29.0,30.0,30.0,28.0,31.0,30.0,30.0,32.0,32.0,51.0,48.0,42.0,44.0,42.0
2025-12-25T12:02:49.765370,10299.904,3698,Thumb,motor_14_flexed,51.0,34.9375,5,31.0,29.0,29.0,30.0,30.0,28.0,31.0,30.0,30.0,32.0,32.0,51.0,48.0,42.0,44.0,42.0
2025-12-25T12:02:51.653251,10301.789,3698,Thumb,motor_14_open,51.0,34.9375,5,31.0,29.0,29.0,30.0,30.0,28.0,31.0,30.0,30.0,32.0,32.0,51.0,48.0,42.0,44.0,42.0
2025-12-25T12:02:52.549217,10302.69,3699,Thumb,motor_12_flexed,51.0,34.9375,5,31.0,29.0,29.0,30.0,30.0,28.0,31.0,30.0,30.0,32.0,32.0,51.0,48.0,42.0,44.0,42.0
2025-12-25T12:02:54.437140,10304.575,3699,Thumb,motor_12_open,51.0,34.9375,5,31.0,29.0,29.0,30.0,30.0,28.0,31.0,30.0,30.0,32.0,32.0,51.0,48.0,42.0,44.0,42.0
2025-12-25T12:02:55.333071,10305.473,3700,Index,motor_2_flexed,51.0,34.9375,5,31.0,29.0,29.0,30.0,30.0,28.0,31.0,30.0,30.0,32.0,32.0,51.0,48.0,42.0,44.0,42.0
2025-12-25T12:02:57.220971,10307.358,3700,Index,motor_2_open,51.0,34.8125,5,31.0,29.0,28.0,30.0,30.0,28.0,31.0,30.0,29.0,32.0,32.0,51.0,48.0,42.0,44.0,42.0
2025-12-25T12:02:58.116926,10308.252,3701,Index,motor_1_flexed,51.0,34.875,5,31.0,29.0,29.0,30.0,30.0,28.0,31.0,30.0,29.0,32.0,32.0,51.0,48.0,42.0,44.0,42.0
2025-12-25T12:03:00.004877,10310.144,3701,Index,motor_1_open,51.0,34.9375,5,31.0,29.0,29.0,30.0,30.0,28.0,31.0,30.0,30.0,32.0,32.0,51.0,48.0,42.0,44.0,42.0
2025-12-25T12:03:00.900827,10311.04,3702,Index,motor_3_flexed,51.0,34.875,5,31.0,29.0,29.0,30.0,30.0,28.0,31.0,30.0,29.0,32.0,32.0,51.0,48.0,42.0,44.0,42.0
2025-12-25T12:03:02.788735,10312.928,3702,Index,motor_3_open,51.0,34.875,5,31.0,29.0,29.0,30.0,30.0,28.0,31.0,30.0,29.0,32.0,32.0,51.0,48.0,42.0,44.0,42.0
2025-12-25T12:03:03.684662,10313.825,3703,Middle,motor_11_flexed,51.0,34.875,5,31.0,29.0,29.0,30.0,30.0,28.0,31.0,30.0,29.0,32.0,32.0,51.0,48.0,42.0,44.0,42.0
2025-12-25T12:03:05.572567,10315.714,3703,Middle,motor_11_open,51.0,34.875,5,31.0,29.0,29.0,30.0,30.0,28.0,31.0,30.0,29.0,32.0,32.0,51.0,48.0,42.0,44.0,42.0
2025-12-25T12:03:06.468530,10316.606,3704,Middle,motor_10_flexed,51.0,34.9375,5,31.0,29.0,29.0,30.0,30.0,28.0,31.0,30.0,30.0,32.0,32.0,51.0,48.0,42.0,44.0,42.0
2025-12-25T12:03:08.356452,10318.496,3704,Middle,motor_10_open,51.0,34.875,5,31.0,29.0,29.0,30.0,30.0,28.0,31.0,30.0,29.0,32.0,32.0,51.0,48.0,42.0,44.0,42.0
2025-12-25T12:03:09.252378,10319.391,3705,Ring,motor_4_flexed,51.0,34.875,5,31.0,29.0,29.0,30.0,30.0,28.0,31.0,30.0,29.0,32.0,32.0,51.0,48.0,42.0,44.0,42.0
2025-12-25T12:03:10.340322,10320.479,3705,Ring,motor_4_flex_hold,51.0,34.875,5,31.0,29.0,29.0,30.0,30.0,28.0,31.0,30.0,29.0,32.0,32.0,51.0,48.0,42.0,44.0,42.0
2025-12-25T12:03:11.140274,10321.274,3705,Ring,motor_4_open,51.0,34.9375,5,31.0,29.0,29.0,30.0,30.0,28.0,31.0,30.0,29.0,32.0,32.0,51.0,48.0,42.0,44.0,43.0
2025-12-25T12:03:12.036238,10322.175,3706,Ring,motor_5_flexed,51.0,34.8125,5,31.0,29.0,29.0,30.0,30.0,28.0,31.0,30.0,29.0,32.0,32.0,51.0,48.0,42.0,43.0,42.0
2025-12-25T12:03:13.924139,10324.063,3706,Ring,motor_5_open,51.0,34.875,5,31.0,29.0,29.0,30.0,30.0,28.0,31.0,30.0,29.0,32.0,32.0,51.0,48.0,42.0,44.0,42.0
2025-12-25T12:03:14.820100,10324.956,3707,Ring,motor_6_flexed,51.0,34.875,5,31.0,29.0,29.0,30.0,30.0,28.0,31.0,30.0,29.0,32.0,32.0,51.0,48.0,42.0,44.0,42.0
2025-12-25T12:03:16.707984,10326.844,3707,Ring,motor_6_open,51.0,34.875,5,31.0,29.0,29.0,30.0,30.0,28.0,31.0,30.0,29.0,32.0,32.0,51.0,48.0,42.0,44.0,42.0
2025-12-25T12:03:17.603948,10327.74,3708,Pinky,motor_7_flexed,51.0,34.9375,5,31.0,29.0,29.0,30.0,30.0,28.0,31.0,30.0,30.0,32.0,32.0,51.0,48.0,42.0,44.0,42.0
2025-12-25T12:03:19.491894,10329.628,3708,Pinky,motor_7_open,51.0,34.8125,5,31.0,29.0,29.0,30.0,30.0,28.0,31.0,30.0,29.0,32.0,32.0,51.0,47.0,42.0,44.0,42.0
2025-12-25T12:03:20.387853,10330.527,3709,Pinky,motor_8_flexed,51.0,34.8125,5,31.0,29.0,29.0,30.0,30.0,28.0,31.0,30.0,29.0,32.0,32.0,51.0,47.0,42.0,44.0,42.0
2025-12-25T12:03:22.275732,10332.416,3709,Pinky,motor_8_open,51.0,34.8125,5,31.0,29.0,29.0,30.0,30.0,28.0,31.0,30.0,29.0,32.0,32.0,51.0,47.0,42.0,44.0,42.0
2025-12-25T12:03:23.171707,10333.308,3710,Pinky,motor_9_flexed,51.0,34.8125,5,31.0,29.0,29.0,30.0,30.0,28.0,31.0,30.0,29.0,32.0,32.0,51.0,47.0,42.0,44.0,42.0
2025-12-25T12:03:25.059617,10335.197,3710,Pinky,motor_9_open,51.0,34.8125,5,31.0,29.0,29.0,30.0,30.0,28.0,31.0,30.0,30.0,32.0,32.0,51.0,47.0,42.0,43.0,42.0
2025-12-25T12:03:25.955578,10336.094,3711,Thumb,motor_13_flexed,51.0,34.75,5,31.0,29.0,29.0,30.0,30.0,28.0,31.0,30.0,29.0,32.0,32.0,51.0,47.0,42.0,44.0,41.0
2025-12-25T12:03:27.843456,10337.981,3711,Thumb,motor_13_open,51.0,34.9375,5,31.0,29.0,29.0,30.0,30.0,28.0,31.0,30.0,30.0,32.0,32.0,51.0,48.0,42.0,44.0,42.0
2025-12-25T12:03:28.739438,10338.88,3712,Thumb,motor_14_flexed,51.0,34.9375,5,31.0,29.0,29.0,30.0,30.0,28.0,31.0,30.0,30.0,32.0,32.0,51.0,48.0,42.0,44.0,42.0
2025-12-25T12:03:30.627320,10340.764,3712,Thumb,motor_14_open,51.0,34.9375,5,31.0,29.0,29.0,30.0,30.0,28.0,31.0,30.0,30.0,32.0,32.0,51.0,48.0,42.0,44.0,42.0
2025-12-25T12:03:31.523281,10341.655,3713,Thumb,motor_12_flexed,51.0,34.9375,5,31.0,29.0,29.0,30.0,30.0,28.0,31.0,30.0,30.0,32.0,32.0,51.0,48.0,42.0,44.0,42.0
2025-12-25T12:03:33.411191,10343.55,3713,Thumb,motor_12_open,51.0,34.9375,5,31.0,29.0,29.0,30.0,30.0,28.0,31.0,30.0,30.0,32.0,32.0,51.0,48.0,42.0,44.0,42.0
2025-12-25T12:03:34.307144,10344.446,3714,Index,motor_2_flexed,51.0,34.9375,5,31.0,29.0,29.0,30.0,30.0,28.0,31.0,30.0,30.0,32.0,32.0,51.0,48.0,42.0,44.0,42.0
2025-12-25T12:03:36.195046,10346.331,3714,Index,motor_2_open,51.0,34.9375,5,31.0,29.0,29.0,30.0,30.0,28.0,31.0,30.0,30.0,32.0,32.0,51.0,48.0,42.0,44.0,42.0
2025-12-25T12:03:37.091002,10347.228,3715,Index,motor_1_flexed,51.0,34.8125,5,31.0,29.0,29.0,30.0,30.0,28.0,31.0,30.0,30.0,32.0,32.0,51.0,47.0,42.0,43.0,42.0
2025-12-25T12:03:38.978904,10349.117,3715,Index,motor_1_open,51.0,34.8125,5,31.0,29.0,29.0,30.0,30.0,28.0,31.0,30.0,29.0,32.0,32.0,51.0,47.0,42.0,44.0,42.0
2025-12-25T12:03:39.874861,10350.013,3716,Index,motor_3_flexed,51.0,34.8125,5,31.0,29.0,29.0,30.0,30.0,28.0,31.0,30.0,29.0,32.0,32.0,51.0,47.0,42.0,44.0,42.0
2025-12-25T12:03:41.762766,10351.902,3716,Index,motor_3_open,51.0,34.8125,5,31.0,29.0,29.0,30.0,30.0,28.0,31.0,30.0,29.0,32.0,32.0,51.0,47.0,42.0,44.0,42.0
2025-12-25T12:03:42.658726,10352.799,3717,Middle,motor_11_flexed,51.0,34.75,5,31.0,29.0,29.0,30.0,30.0,28.0,31.0,30.0,29.0,32.0,32.0,51.0,47.0,42.0,44.0,41.0
2025-12-25T12:03:44.546625,10354.682,3717,Middle,motor_11_open,51.0,34.8125,5,31.0,29.0,29.0,30.0,30.0,28.0,31.0,30.0,29.0,32.0,32.0,51.0,47.0,42.0,44.0,42.0
2025-12-25T12:03:45.442579,10355.582,3718,Middle,motor_10_flexed,51.0,34.8125,5,31.0,29.0,29.0,30.0,30.0,28.0,31.0,30.0,30.0,32.0,32.0,51.0,47.0,42.0,44.0,41.0
2025-12-25T12:03:47.330497,10357.47,3718,Middle,motor_10_open,51.0,34.8125,5,31.0,29.0,29.0,30.0,30.0,28.0,31.0,30.0,29.0,32.0,32.0,51.0,47.0,42.0,44.0,42.0
2025-12-25T12:03:48.226496,10358.364,3719,Ring,motor_4_flexed,51.0,34.8125,5,31.0,29.0,29.0,30.0,30.0,28.0,31.0,30.0,30.0,32.0,32.0,51.0,47.0,42.0,43.0,42.0
2025-12-25T12:03:50.114332,10360.251,3719,Ring,motor_4_open,51.0,34.8125,5,31.0,29.0,29.0,30.0,30.0,28.0,31.0,30.0,29.0,32.0,32.0,51.0,47.0,42.0,44.0,42.0
2025-12-25T12:03:51.010302,10361.15,3720,Ring,motor_5_flexed,51.0,34.8125,5,31.0,29.0,29.0,30.0,30.0,28.0,31.0,30.0,29.0,32.0,32.0,51.0,47.0,42.0,44.0,42.0
2025-12-25T12:03:52.898204,10363.038,3720,Ring,motor_5_open,51.0,34.875,5,31.0,29.0,29.0,30.0,30.0,28.0,31.0,30.0,30.0,32.0,32.0,51.0,47.0,42.0,44.0,42.0
2025-12-25T12:03:53.794161,10363.932,3721,Ring,motor_6_flexed,51.0,34.8125,5,31.0,29.0,29.0,30.0,30.0,28.0,31.0,30.0,29.0,32.0,32.0,51.0,47.0,42.0,44.0,42.0
2025-12-25T12:03:55.682067,10365.82,3721,Ring,motor_6_open,51.0,34.8125,5,31.0,29.0,29.0,30.0,30.0,28.0,31.0,30.0,29.0,32.0,32.0,51.0,47.0,42.0,44.0,42.0
2025-12-25T12:03:56.578031,10366.716,3722,Pinky,motor_7_flexed,51.0,34.875,5,31.0,29.0,29.0,30.0,30.0,28.0,31.0,30.0,30.0,32.0,32.0,51.0,47.0,42.0,44.0,42.0
2025-12-25T12:03:58.465924,10368.607,3722,Pinky,motor_7_open,51.0,34.8125,5,31.0,29.0,29.0,30.0,30.0,28.0,31.0,30.0,29.0,32.0,32.0,51.0,47.0,42.0,44.0,42.0
2025-12-25T12:03:59.361881,10369.502,3723,Pinky,motor_8_flexed,51.0,34.75,5,31.0,29.0,29.0,30.0,30.0,28.0,31.0,30.0,29.0,32.0,32.0,51.0,47.0,42.0,43.0,42.0
2025-12-25T12:04:01.249799,10371.388,3723,Pinky,motor_8_open,51.0,34.8125,5,31.0,29.0,29.0,30.0,30.0,28.0,31.0,30.0,29.0,32.0,32.0,51.0,47.0,42.0,44.0,42.0
2025-12-25T12:04:02.145742,10372.284,3724,Pinky,motor_9_flexed,51.0,34.8125,5,31.0,29.0,29.0,30.0,30.0,28.0,31.0,30.0,29.0,32.0,32.0,51.0,47.0,42.0,44.0,42.0
2025-12-25T12:04:04.033647,10374.174,3724,Pinky,motor_9_open,51.0,34.8125,5,31.0,29.0,29.0,30.0,30.0,28.0,31.0,30.0,30.0,32.0,32.0,51.0,47.0,42.0,43.0,42.0
2025-12-25T12:04:04.929601,10375.07,3725,Thumb,motor_13_flexed,51.0,34.8125,5,31.0,29.0,29.0,30.0,30.0,28.0,31.0,30.0,29.0,32.0,32.0,51.0,47.0,42.0,44.0,42.0
2025-12-25T12:04:06.817502,10376.956,3725,Thumb,motor_13_open,51.0,34.875,5,31.0,29.0,29.0,30.0,30.0,28.0,31.0,30.0,30.0,32.0,32.0,51.0,47.0,42.0,44.0,42.0
2025-12-25T12:04:07.713460,10377.849,3726,Thumb,motor_14_flexed,51.0,34.875,5,31.0,29.0,29.0,30.0,30.0,28.0,31.0,30.0,30.0,32.0,32.0,51.0,47.0,42.0,44.0,42.0
2025-12-25T12:04:09.601365,10379.742,3726,Thumb,motor_14_open,51.0,34.8125,5,31.0,29.0,29.0,30.0,30.0,28.0,31.0,30.0,30.0,32.0,32.0,51.0,47.0,42.0,43.0,42.0
2025-12-25T12:04:10.193335,10380.327,3726,Thumb,motor_14_open_hold,51.0,34.8125,5,31.0,29.0,29.0,30.0,30.0,28.0,31.0,30.0,30.0,32.0,32.0,51.0,47.0,42.0,43.0,42.0
2025-12-25T12:04:10.593300,10380.733,3727,Thumb,motor_12_flexed,51.0,34.875,5,31.0,29.0,29.0,30.0,30.0,28.0,31.0,30.0,30.0,32.0,32.0,51.0,47.0,42.0,44.0,42.0
2025-12-25T12:04:12.481218,10382.62,3727,Thumb,motor_12_open,51.0,34.875,5,31.0,29.0,29.0,30.0,30.0,28.0,31.0,30.0,30.0,32.0,32.0,51.0,47.0,42.0,44.0,42.0
2025-12-25T12:04:13.377172,10383.518,3728,Index,motor_2_flexed,51.0,34.875,5,31.0,29.0,29.0,30.0,30.0,28.0,31.0,30.0,30.0,32.0,32.0,51.0,47.0,42.0,44.0,42.0
2025-12-25T12:04:15.265067,10385.403,3728,Index,motor_2_open,51.0,34.875,5,31.0,29.0,29.0,30.0,30.0,28.0,31.0,30.0,30.0,32.0,32.0,51.0,47.0,42.0,44.0,42.0
2025-12-25T12:04:16.161021,10386.301,3729,Index,motor_1_flexed,51.0,34.875,5,31.0,29.0,29.0,30.0,30.0,28.0,31.0,30.0,30.0,32.0,32.0,51.0,47.0,42.0,44.0,42.0
2025-12-25T12:04:18.048940,10388.189,3729,Index,motor_1_open,51.0,34.875,5,31.0,29.0,29.0,30.0,30.0,28.0,31.0,30.0,30.0,32.0,32.0,51.0,47.0,42.0,44.0,42.0
2025-12-25T12:04:18.944896,10389.083,3730,Index,motor_3_flexed,51.0,34.8125,5,31.0,29.0,29.0,30.0,30.0,28.0,31.0,30.0,29.0,32.0,32.0,51.0,47.0,42.0,44.0,42.0
2025-12-25T12:04:20.832783,10390.971,3730,Index,motor_3_open,51.0,34.8125,5,31.0,29.0,29.0,30.0,30.0,28.0,31.0,30.0,30.0,32.0,32.0,51.0,47.0,42.0,43.0,42.0
2025-12-25T12:04:21.728754,10391.868,3731,Middle,motor_11_flexed,51.0,34.8125,5,31.0,29.0,29.0,30.0,30.0,28.0,31.0,30.0,29.0,32.0,32.0,51.0,47.0,42.0,44.0,42.0
2025-12-25T12:04:23.616660,10393.756,3731,Middle,motor_11_open,51.0,34.875,5,31.0,29.0,29.0,30.0,30.0,28.0,31.0,30.0,30.0,32.0,32.0,51.0,47.0,42.0,44.0,42.0
2025-12-25T12:04:24.512613,10394.653,3732,Middle,motor_10_flexed,51.0,34.8125,5,31.0,29.0,29.0,30.0,30.0,28.0,31.0,30.0,29.0,32.0,32.0,51.0,47.0,42.0,44.0,42.0
2025-12-25T12:04:26.400520,10396.543,3732,Middle,motor_10_open,51.0,34.75,5,31.0,29.0,29.0,30.0,30.0,28.0,31.0,30.0,29.0,32.0,32.0,51.0,47.0,42.0,43.0,42.0
2025-12-25T12:04:27.296473,10397.436,3733,Ring,motor_4_flexed,51.0,34.8125,5,31.0,29.0,29.0,30.0,30.0,28.0,31.0,30.0,29.0,32.0,32.0,51.0,47.0,42.0,44.0,42.0
2025-12-25T12:04:29.184377,10399.326,3733,Ring,motor_4_open,51.0,34.8125,5,31.0,29.0,29.0,30.0,30.0,28.0,31.0,30.0,29.0,32.0,32.0,51.0,47.0,42.0,44.0,42.0
2025-12-25T12:04:30.080331,10400.22,3734,Ring,motor_5_flexed,51.0,34.8125,5,31.0,29.0,29.0,30.0,30.0,28.0,31.0,30.0,29.0,32.0,32.0,51.0,47.0,42.0,44.0,42.0
2025-12-25T12:04:31.968234,10402.106,3734,Ring,motor_5_open,51.0,34.875,5,31.0,29.0,29.0,30.0,30.0,28.0,31.0,30.0,30.0,32.0,32.0,51.0,47.0,42.0,44.0,42.0
2025-12-25T12:04:32.864181,10403.002,3735,Ring,motor_6_flexed,51.0,34.875,5,31.0,29.0,29.0,30.0,30.0,28.0,31.0,30.0,29.0,32.0,32.0,51.0,47.0,42.0,45.0,42.0
2025-12-25T12:04:34.752079,10404.891,3735,Ring,motor_6_open,51.0,34.8125,5,31.0,29.0,29.0,30.0,30.0,28.0,31.0,30.0,29.0,32.0,32.0,51.0,47.0,42.0,44.0,42.0
2025-12-25T12:04:35.648047,10405.788,3736,Pinky,motor_7_flexed,51.0,34.8125,5,31.0,29.0,29.0,30.0,30.0,28.0,31.0,30.0,30.0,32.0,32.0,51.0,47.0,42.0,43.0,42.0
2025-12-25T12:04:37.535954,10407.674,3736,Pinky,motor_7_open,51.0,34.8125,5,31.0,29.0,29.0,30.0,30.0,28.0,31.0,30.0,29.0,32.0,32.0,51.0,47.0,42.0,44.0,42.0
2025-12-25T12:04:38.431908,10408.571,3737,Pinky,motor_8_flexed,51.0,34.875,5,31.0,29.0,29.0,30.0,30.0,28.0,31.0,30.0,30.0,32.0,32.0,51.0,47.0,42.0,44.0,42.0
2025-12-25T12:04:40.319823,10410.458,3737,Pinky,motor_8_open,51.0,34.875,5,31.0,29.0,29.0,30.0,30.0,28.0,31.0,30.0,30.0,32.0,32.0,51.0,47.0,42.0,44.0,42.0
2025-12-25T12:04:41.215769,10411.355,3738,Pinky,motor_9_flexed,51.0,34.75,5,31.0,29.0,29.0,30.0,30.0,28.0,31.0,30.0,29.0,32.0,32.0,51.0,47.0,42.0,44.0,41.0
2025-12-25T12:04:43.103673,10413.242,3738,Pinky,motor_9_open,51.0,34.9375,5,31.0,29.0,29.0,30.0,30.0,28.0,31.0,30.0,30.0,32.0,32.0,51.0,48.0,42.0,44.0,42.0
2025-12-25T12:04:43.999625,10414.138,3739,Thumb,motor_13_flexed,51.0,34.9375,5,31.0,29.0,29.0,30.0,30.0,28.0,31.0,30.0,30.0,32.0,32.0,51.0,48.0,42.0,44.0,42.0
2025-12-25T12:04:45.887518,10416.026,3739,Thumb,motor_13_open,51.0,34.9375,5,31.0,29.0,29.0,30.0,30.0,28.0,31.0,30.0,30.0,32.0,32.0,51.0,48.0,42.0,44.0,42.0
2025-12-25T12:04:46.783486,10416.925,3740,Thumb,motor_14_flexed,51.0,34.8125,5,31.0,29.0,29.0,30.0,30.0,28.0,31.0,30.0,30.0,32.0,32.0,51.0,48.0,42.0,42.0,42.0
2025-12-25T12:04:48.671392,10418.808,3740,Thumb,motor_14_open,51.0,34.9375,5,31.0,29.0,29.0,30.0,30.0,28.0,31.0,30.0,30.0,32.0,32.0,51.0,48.0,42.0,44.0,42.0
2025-12-25T12:04:49.567355,10419.704,3741,Thumb,motor_12_flexed,51.0,34.9375,5,31.0,29.0,29.0,30.0,30.0,28.0,31.0,30.0,30.0,32.0,32.0,51.0,48.0,42.0,44.0,42.0
2025-12-25T12:04:51.455251,10421.594,3741,Thumb,motor_12_open,51.0,34.9375,5,31.0,29.0,29.0,30.0,30.0,28.0,31.0,30.0,30.0,32.0,32.0,51.0,48.0,42.0,44.0,42.0
2025-12-25T12:04:52.351205,10422.49,3742,Index,motor_2_flexed,51.0,34.9375,5,31.0,29.0,29.0,30.0,30.0,28.0,31.0,30.0,30.0,32.0,32.0,51.0,48.0,42.0,44.0,42.0
2025-12-25T12:04:54.239119,10424.378,3742,Index,motor_2_open,51.0,34.9375,5,31.0,29.0,29.0,30.0,30.0,28.0,31.0,30.0,30.0,32.0,32.0,51.0,48.0,42.0,44.0,42.0
2025-12-25T12:04:55.135065,10425.274,3743,Index,motor_1_flexed,51.0,34.875,5,31.0,29.0,29.0,30.0,30.0,28.0,31.0,30.0,29.0,32.0,32.0,51.0,48.0,42.0,44.0,42.0
2025-12-25T12:04:57.022970,10427.159,3743,Index,motor_1_open,51.0,34.9375,5,31.0,29.0,29.0,30.0,30.0,28.0,31.0,30.0,30.0,32.0,32.0,51.0,48.0,42.0,44.0,42.0
2025-12-25T12:04:57.918906,10428.057,3744,Index,motor_3_flexed,51.0,34.8125,5,31.0,29.0,29.0,30.0,30.0,28.0,31.0,30.0,29.0,32.0,32.0,51.0,48.0,42.0,43.0,42.0
2025-12-25T12:04:59.822825,10429.961,3744,Index,motor_3_open,51.0,34.9375,5,31.0,29.0,29.0,30.0,30.0,28.0,31.0,30.0,30.0,32.0,32.0,51.0,48.0,42.0,44.0,42.0
2025-12-25T12:05:00.718783,10430.859,3745,Middle,motor_11_flexed,51.0,34.9375,5,31.0,29.0,29.0,30.0,30.0,28.0,31.0,30.0,30.0,32.0,32.0,51.0,48.0,42.0,44.0,42.0
2025-12-25T12:05:02.606685,10432.742,3745,Middle,motor_11_open,51.0,34.875,5,31.0,29.0,29.0,30.0,30.0,28.0,31.0,30.0,30.0,32.0,32.0,51.0,48.0,42.0,43.0,42.0
2025-12-25T12:05:03.502654,10433.638,3746,Middle,motor_10_flexed,51.0,34.875,5,31.0,29.0,29.0,30.0,30.0,28.0,31.0,30.0,30.0,32.0,32.0,51.0,48.0,42.0,43.0,42.0
2025-12-25T12:05:05.390546,10435.529,3746,Middle,motor_10_open,51.0,34.9375,5,31.0,29.0,29.0,30.0,30.0,28.0,31.0,30.0,30.0,32.0,32.0,51.0,48.0,42.0,44.0,42.0
2025-12-25T12:05:06.286498,10436.423,3747,Ring,motor_4_flexed,51.0,34.8125,5,31.0,29.0,29.0,30.0,30.0,28.0,31.0,30.0,30.0,32.0,32.0,51.0,48.0,42.0,44.0,40.0
2025-12-25T12:05:08.174422,10438.313,3747,Ring,motor_4_open,51.0,34.9375,5,31.0,30.0,29.0,30.0,30.0,28.0,31.0,30.0,29.0,32.0,32.0,51.0,48.0,42.0,44.0,42.0
2025-12-25T12:05:09.070359,10439.209,3748,Ring,motor_5_flexed,51.0,35.0,5,31.0,30.0,29.0,30.0,30.0,28.0,31.0,30.0,30.0,32.0,32.0,51.0,48.0,42.0,44.0,42.0
2025-12-25T12:05:10.158302,10440.297,3748,Ring,motor_5_flex_hold,51.0,35.0,5,31.0,30.0,29.0,30.0,30.0,28.0,31.0,30.0,30.0,32.0,32.0,51.0,48.0,42.0,44.0,42.0
2025-12-25T12:05:10.958264,10441.098,3748,Ring,motor_5_open,51.0,34.9375,5,31.0,29.0,29.0,30.0,30.0,28.0,31.0,30.0,30.0,32.0,32.0,51.0,48.0,42.0,44.0,42.0
2025-12-25T12:05:11.854216,10441.993,3749,Ring,motor_6_flexed,51.0,34.8125,5,31.0,29.0,29.0,30.0,30.0,28.0,31.0,30.0,29.0,32.0,32.0,51.0,48.0,42.0,43.0,42.0
2025-12-25T12:05:13.742120,10443.882,3749,Ring,motor_6_open,51.0,34.875,5,31.0,30.0,29.0,30.0,30.0,28.0,31.0,30.0,30.0,32.0,32.0,51.0,48.0,42.0,44.0,40.0
2025-12-25T12:05:14.638077,10444.775,3750,Pinky,motor_7_flexed,51.0,34.9375,5,31.0,29.0,29.0,30.0,30.0,28.0,31.0,30.0,30.0,32.0,32.0,51.0,48.0,42.0,44.0,42.0
2025-12-25T12:05:16.525979,10446.666,3750,Pinky,motor_7_open,51.0,35.0,5,31.0,30.0,29.0,30.0,30.0,28.0,31.0,30.0,30.0,32.0,32.0,51.0,48.0,42.0,44.0,42.0
2025-12-25T12:05:17.421934,10447.56,3751,Pinky,motor_8_flexed,51.0,34.9375,5,31.0,29.0,29.0,30.0,30.0,28.0,31.0,30.0,30.0,32.0,32.0,51.0,48.0,42.0,44.0,42.0
2025-12-25T12:05:19.309849,10449.448,3751,Pinky,motor_8_open,51.0,35.0,5,31.0,30.0,29.0,30.0,30.0,28.0,31.0,30.0,30.0,32.0,32.0,51.0,48.0,42.0,44.0,42.0
2025-12-25T12:05:20.205801,10450.339,3752,Pinky,motor_9_flexed,51.0,34.9375,5,31.0,30.0,29.0,30.0,30.0,28.0,31.0,30.0,30.0,32.0,32.0,51.0,48.0,42.0,43.0,42.0
2025-12-25T12:05:22.093711,10452.231,3752,Pinky,motor_9_open,51.0,34.875,5,31.0,29.0,29.0,30.0,30.0,28.0,31.0,30.0,30.0,32.0,32.0,51.0,48.0,42.0,43.0,42.0
2025-12-25T12:05:22.989668,10453.129,3753,Thumb,motor_13_flexed,51.0,34.875,5,31.0,29.0,29.0,30.0,30.0,28.0,31.0,30.0,30.0,32.0,32.0,51.0,48.0,42.0,43.0,42.0
2025-12-25T12:05:24.877572,10455.015,3753,Thumb,motor_13_open,51.0,34.875,5,31.0,29.0,29.0,30.0,30.0,28.0,31.0,30.0,30.0,32.0,32.0,51.0,48.0,42.0,43.0,42.0
2025-12-25T12:05:25.773525,10455.913,3754,Thumb,motor_14_flexed,51.0,34.9375,5,31.0,30.0,29.0,30.0,30.0,28.0,31.0,30.0,30.0,32.0,32.0,51.0,48.0,42.0,44.0,41.0
2025-12-25T12:05:27.661430,10457.8,3754,Thumb,motor_14_open,51.0,34.9375,5,31.0,29.0,29.0,30.0,30.0,28.0,31.0,30.0,30.0,32.0,32.0,51.0,48.0,42.0,44.0,42.0
2025-12-25T12:05:28.557386,10458.697,3755,Thumb,motor_12_flexed,51.0,34.9375,5,31.0,29.0,29.0,30.0,30.0,28.0,31.0,30.0,30.0,32.0,32.0,51.0,48.0,42.0,44.0,42.0
2025-12-25T12:05:30.445284,10460.576,3755,Thumb,motor_12_open,51.0,34.9375,5,31.0,29.0,29.0,30.0,30.0,28.0,31.0,30.0,30.0,32.0,32.0,51.0,48.0,42.0,44.0,42.0
2025-12-25T12:05:31.341224,10461.479,3756,Index,motor_2_flexed,51.0,35.0,5,31.0,30.0,29.0,30.0,30.0,28.0,31.0,30.0,30.0,32.0,32.0,51.0,48.0,42.0,44.0,42.0
2025-12-25T12:05:33.229145,10463.368,3756,Index,motor_2_open,51.0,35.0625,5,31.0,30.0,29.0,30.0,30.0,28.0,31.0,30.0,30.0,32.0,32.0,51.0,48.0,42.0,44.0,43.0
2025-12-25T12:05:34.125099,10464.264,3757,Index,motor_1_flexed,51.0,34.9375,5,31.0,29.0,29.0,30.0,30.0,28.0,31.0,30.0,30.0,32.0,32.0,51.0,48.0,42.0,44.0,42.0
2025-12-25T12:05:36.013006,10466.15,3757,Index,motor_1_open,51.0,34.9375,5,31.0,29.0,29.0,30.0,30.0,28.0,31.0,30.0,30.0,32.0,32.0,51.0,48.0,42.0,44.0,42.0
2025-12-25T12:05:36.908959,10467.046,3758,Index,motor_3_flexed,51.0,35.0,5,31.0,30.0,29.0,30.0,30.0,28.0,31.0,30.0,30.0,32.0,32.0,51.0,48.0,42.0,44.0,42.0
2025-12-25T12:05:38.796864,10468.936,3758,Index,motor_3_open,51.0,34.9375,5,31.0,29.0,29.0,30.0,30.0,28.0,31.0,30.0,30.0,32.0,32.0,51.0,48.0,42.0,44.0,42.0
2025-12-25T12:05:39.692814,10469.833,3759,Middle,motor_11_flexed,51.0,34.9375,5,31.0,30.0,29.0,30.0,30.0,28.0,31.0,30.0,30.0,32.0,32.0,51.0,48.0,42.0,43.0,42.0
2025-12-25T12:05:41.580721,10471.721,3759,Middle,motor_11_open,51.0,35.0,5,31.0,30.0,29.0,30.0,30.0,28.0,31.0,30.0,30.0,32.0,32.0,51.0,48.0,42.0,44.0,42.0
2025-12-25T12:05:42.476676,10472.616,3760,Middle,motor_10_flexed,51.0,34.9375,5,31.0,29.0,29.0,30.0,30.0,28.0,31.0,30.0,30.0,32.0,32.0,51.0,48.0,42.0,44.0,42.0
2025-12-25T12:05:44.364578,10474.504,3760,Middle,motor_10_open,51.0,34.9375,5,31.0,29.0,29.0,30.0,30.0,28.0,31.0,30.0,30.0,32.0,32.0,51.0,48.0,42.0,44.0,42.0
2025-12-25T12:05:45.260536,10475.401,3761,Ring,motor_4_flexed,51.0,34.9375,5,31.0,29.0,29.0,30.0,30.0,28.0,31.0,30.0,30.0,32.0,32.0,51.0,48.0,42.0,44.0,42.0
2025-12-25T12:05:47.148441,10477.29,3761,Ring,motor_4_open,51.0,34.9375,5,31.0,29.0,29.0,30.0,30.0,28.0,31.0,30.0,30.0,32.0,32.0,51.0,48.0,42.0,44.0,42.0
2025-12-25T12:05:48.044391,10478.182,3762,Ring,motor_5_flexed,51.0,34.9375,5,31.0,29.0,29.0,30.0,30.0,28.0,31.0,30.0,30.0,32.0,32.0,51.0,48.0,42.0,44.0,42.0
2025-12-25T12:05:49.932300,10480.068,3762,Ring,motor_5_open,51.0,34.9375,5,31.0,30.0,29.0,30.0,30.0,28.0,31.0,30.0,29.0,32.0,32.0,51.0,48.0,42.0,44.0,42.0
2025-12-25T12:05:50.828244,10480.969,3763,Ring,motor_6_flexed,51.0,34.875,5,31.0,30.0,29.0,30.0,30.0,28.0,31.0,30.0,29.0,32.0,32.0,51.0,48.0,42.0,43.0,42.0
2025-12-25T12:05:52.716136,10482.854,3763,Ring,motor_6_open,51.0,35.0,5,31.0,30.0,29.0,30.0,30.0,28.0,31.0,30.0,30.0,32.0,32.0,51.0,48.0,42.0,44.0,42.0
2025-12-25T12:05:53.612093,10483.753,3764,Pinky,motor_7_flexed,51.0,35.0,5,31.0,30.0,29.0,30.0,30.0,29.0,31.0,30.0,29.0,32.0,32.0,51.0,48.0,42.0,44.0,42.0
2025-12-25T12:05:55.500000,10485.638,3764,Pinky,motor_7_open,51.0,34.875,5,31.0,30.0,29.0,30.0,30.0,28.0,31.0,30.0,29.0,32.0,32.0,51.0,48.0,42.0,43.0,42.0
2025-12-25T12:05:56.395960,10486.535,3765,Pinky,motor_8_flexed,51.0,34.9375,5,31.0,30.0,29.0,30.0,30.0,28.0,31.0,30.0,30.0,32.0,32.0,51.0,48.0,42.0,44.0,41.0
2025-12-25T12:05:58.283857,10488.424,3765,Pinky,motor_8_open,51.0,35.0,5,31.0,30.0,29.0,30.0,30.0,28.0,31.0,30.0,30.0,32.0,32.0,51.0,48.0,42.0,44.0,42.0
2025-12-25T12:05:59.179812,10489.319,3766,Pinky,motor_9_flexed,51.0,35.0,5,31.0,30.0,29.0,30.0,30.0,28.0,31.0,30.0,30.0,32.0,32.0,51.0,48.0,42.0,44.0,42.0
2025-12-25T12:06:01.067714,10491.205,3766,Pinky,motor_9_open,51.0,35.0,5,31.0,30.0,29.0,30.0,30.0,28.0,31.0,30.0,30.0,32.0,32.0,51.0,48.0,42.0,44.0,42.0
2025-12-25T12:06:01.963670,10492.103,3767,Thumb,motor_13_flexed,51.0,34.875,5,31.0,29.0,29.0,30.0,30.0,28.0,31.0,30.0,30.0,32.0,32.0,51.0,48.0,42.0,43.0,42.0
2025-12-25T12:06:03.851560,10493.992,3767,Thumb,motor_13_open,51.0,35.0,5,31.0,30.0,29.0,30.0,30.0,29.0,31.0,30.0,30.0,32.0,32.0,51.0,48.0,42.0,43.0,42.0
2025-12-25T12:06:04.747522,10494.886,3768,Thumb,motor_14_flexed,51.0,35.0,5,31.0,30.0,29.0,30.0,30.0,28.0,31.0,30.0,30.0,32.0,32.0,51.0,48.0,42.0,44.0,42.0
2025-12-25T12:06:06.635434,10496.773,3768,Thumb,motor_14_open,51.0,34.9375,5,31.0,30.0,29.0,30.0,30.0,28.0,31.0,30.0,30.0,32.0,32.0,51.0,48.0,42.0,43.0,42.0
2025-12-25T12:06:07.531390,10497.673,3769,Thumb,motor_12_flexed,51.0,35.0,5,31.0,30.0,29.0,30.0,30.0,28.0,31.0,30.0,30.0,32.0,32.0,51.0,48.0,42.0,44.0,42.0
2025-12-25T12:06:09.419294,10499.56,3769,Thumb,motor_12_open,51.0,35.0,5,31.0,30.0,29.0,30.0,30.0,28.0,31.0,30.0,30.0,32.0,32.0,51.0,48.0,42.0,44.0,42.0
2025-12-25T12:06:10.011270,10500.145,3769,Thumb,motor_12_open_hold,51.0,35.0,5,31.0,30.0,29.0,30.0,30.0,28.0,31.0,30.0,30.0,32.0,32.0,51.0,48.0,42.0,44.0,42.0
2025-12-25T12:06:10.411260,10500.55,3770,Index,motor_2_flexed,51.0,35.0,5,31.0,30.0,29.0,30.0,30.0,28.0,31.0,30.0,30.0,32.0,32.0,51.0,48.0,42.0,44.0,42.0
2025-12-25T12:06:12.299100,10502.431,3770,Index,motor_2_open,51.0,34.9375,5,31.0,29.0,29.0,30.0,30.0,28.0,31.0,30.0,30.0,32.0,32.0,51.0,48.0,42.0,44.0,42.0
2025-12-25T12:06:13.195075,10503.334,3771,Index,motor_1_flexed,51.0,35.0625,5,31.0,30.0,29.0,30.0,30.0,28.0,31.0,30.0,30.0,32.0,32.0,51.0,48.0,42.0,44.0,43.0
2025-12-25T12:06:15.082967,10505.219,3771,Index,motor_1_open,51.0,34.9375,5,31.0,30.0,29.0,30.0,30.0,28.0,31.0,30.0,30.0,32.0,32.0,51.0,48.0,42.0,44.0,41.0
2025-12-25T12:06:15.978930,10506.116,3772,Index,motor_3_flexed,51.0,35.0,5,31.0,30.0,29.0,30.0,30.0,28.0,31.0,30.0,30.0,32.0,32.0,51.0,48.0,42.0,44.0,42.0
2025-12-25T12:06:17.866829,10508.006,3772,Index,motor_3_open,51.0,34.9375,5,31.0,29.0,29.0,30.0,30.0,28.0,31.0,30.0,30.0,32.0,32.0,51.0,48.0,42.0,44.0,42.0
2025-12-25T12:06:18.762786,10508.897,3773,Middle,motor_11_flexed,51.0,34.9375,5,31.0,30.0,29.0,30.0,30.0,28.0,31.0,30.0,29.0,32.0,32.0,51.0,48.0,42.0,44.0,42.0
2025-12-25T12:06:20.650703,10510.786,3773,Middle,motor_11_open,51.0,34.9375,5,31.0,29.0,29.0,30.0,30.0,28.0,31.0,30.0,30.0,32.0,32.0,51.0,48.0,42.0,44.0,42.0
2025-12-25T12:06:21.546656,10511.682,3774,Middle,motor_10_flexed,51.0,35.0,5,31.0,30.0,29.0,30.0,30.0,28.0,31.0,30.0,30.0,32.0,32.0,51.0,48.0,42.0,44.0,42.0
2025-12-25T12:06:23.434557,10513.572,3774,Middle,motor_10_open,51.0,35.0,5,31.0,30.0,29.0,30.0,30.0,28.0,31.0,30.0,30.0,32.0,32.0,51.0,48.0,42.0,44.0,42.0
2025-12-25T12:06:24.330514,10514.469,3775,Ring,motor_4_flexed,51.0,35.0,5,31.0,30.0,29.0,30.0,30.0,28.0,31.0,30.0,30.0,32.0,32.0,51.0,48.0,42.0,44.0,42.0
2025-12-25T12:06:26.218417,10516.357,3775,Ring,motor_4_open,51.0,34.9375,5,31.0,29.0,29.0,30.0,30.0,28.0,31.0,30.0,30.0,32.0,32.0,51.0,48.0,42.0,44.0,42.0
2025-12-25T12:06:27.114372,10517.251,3776,Ring,motor_5_flexed,51.0,35.0,5,31.0,30.0,29.0,30.0,30.0,28.0,31.0,30.0,30.0,32.0,32.0,51.0,48.0,42.0,44.0,42.0
2025-12-25T12:06:29.002277,10519.142,3776,Ring,motor_5_open,51.0,34.875,5,31.0,29.0,29.0,30.0,30.0,28.0,31.0,30.0,30.0,32.0,32.0,51.0,48.0,42.0,43.0,42.0
2025-12-25T12:06:29.898223,10520.036,3777,Ring,motor_6_flexed,51.0,34.9375,5,31.0,29.0,29.0,30.0,30.0,28.0,31.0,30.0,30.0,32.0,32.0,51.0,48.0,42.0,44.0,42.0
2025-12-25T12:06:31.786133,10521.921,3777,Ring,motor_6_open,51.0,35.0,5,31.0,30.0,29.0,30.0,30.0,28.0,31.0,30.0,30.0,32.0,32.0,51.0,48.0,42.0,44.0,42.0
2025-12-25T12:06:32.682073,10522.817,3778,Pinky,motor_7_flexed,51.0,34.9375,5,31.0,29.0,29.0,30.0,30.0,28.0,31.0,30.0,30.0,32.0,32.0,51.0,48.0,42.0,44.0,42.0
2025-12-25T12:06:34.569979,10524.708,3778,Pinky,motor_7_open,51.0,34.9375,5,31.0,30.0,29.0,30.0,30.0,28.0,31.0,30.0,29.0,32.0,32.0,51.0,48.0,42.0,44.0,42.0
2025-12-25T12:06:35.465931,10525.603,3779,Pinky,motor_8_flexed,51.0,34.9375,5,31.0,30.0,29.0,30.0,30.0,28.0,31.0,30.0,29.0,32.0,32.0,51.0,48.0,42.0,44.0,42.0
2025-12-25T12:06:37.353840,10527.489,3779,Pinky,motor_8_open,51.0,34.8125,5,31.0,29.0,29.0,30.0,30.0,28.0,31.0,30.0,29.0,32.0,32.0,51.0,48.0,42.0,44.0,41.0
2025-12-25T12:06:38.249791,10528.386,3780,Pinky,motor_9_flexed,51.0,35.0,5,31.0,30.0,29.0,30.0,30.0,28.0,31.0,30.0,30.0,32.0,32.0,51.0,48.0,42.0,44.0,42.0
2025-12-25T12:06:40.137699,10530.276,3780,Pinky,motor_9_open,51.0,34.9375,5,31.0,30.0,29.0,30.0,30.0,28.0,31.0,30.0,29.0,32.0,32.0,51.0,48.0,42.0,44.0,42.0
2025-12-25T12:06:41.033677,10531.169,3781,Thumb,motor_13_flexed,51.0,35.0,5,31.0,30.0,29.0,30.0,30.0,28.0,31.0,30.0,30.0,32.0,32.0,51.0,48.0,42.0,44.0,42.0
2025-12-25T12:06:42.921570,10533.059,3781,Thumb,motor_13_open,51.0,35.0,5,31.0,30.0,29.0,30.0,30.0,28.0,31.0,30.0,30.0,32.0,32.0,51.0,48.0,42.0,44.0,42.0
2025-12-25T12:06:43.817522,10533.953,3782,Thumb,motor_14_flexed,51.0,35.0625,5,31.0,30.0,29.0,30.0,30.0,28.0,31.0,30.0,30.0,32.0,32.0,51.0,48.0,42.0,44.0,43.0
2025-12-25T12:06:45.705429,10535.842,3782,Thumb,motor_14_open,51.0,35.0,5,31.0,30.0,29.0,30.0,30.0,28.0,31.0,30.0,30.0,32.0,32.0,51.0,48.0,42.0,44.0,42.0
2025-12-25T12:06:46.601384,10536.74,3783,Thumb,motor_12_flexed,51.0,35.0,5,31.0,30.0,29.0,30.0,30.0,28.0,31.0,30.0,30.0,32.0,32.0,51.0,48.0,42.0,44.0,42.0
2025-12-25T12:06:48.489283,10538.625,3783,Thumb,motor_12_open,51.0,35.0,5,31.0,30.0,29.0,30.0,30.0,28.0,31.0,30.0,30.0,32.0,32.0,51.0,48.0,42.0,44.0,42.0
2025-12-25T12:06:49.385241,10539.521,3784,Index,motor_2_flexed,51.0,35.0,5,31.0,30.0,29.0,30.0,30.0,28.0,31.0,30.0,30.0,32.0,32.0,51.0,48.0,42.0,44.0,42.0
2025-12-25T12:06:51.273115,10541.411,3784,Index,motor_2_open,51.0,34.9375,5,31.0,29.0,29.0,30.0,30.0,28.0,31.0,30.0,30.0,32.0,32.0,51.0,48.0,42.0,44.0,42.0
2025-12-25T12:06:52.169098,10542.307,3785,Index,motor_1_flexed,51.0,35.0,5,31.0,30.0,29.0,30.0,30.0,28.0,31.0,30.0,30.0,32.0,32.0,51.0,48.0,42.0,44.0,42.0
2025-12-25T12:06:54.056984,10544.193,3785,Index,motor_1_open,51.0,35.0,5,31.0,30.0,29.0,30.0,30.0,28.0,31.0,30.0,30.0,32.0,32.0,51.0,48.0,42.0,44.0,42.0
2025-12-25T12:06:54.952940,10545.089,3786,Index,motor_3_flexed,51.0,35.0,5,31.0,30.0,29.0,30.0,30.0,28.0,31.0,30.0,30.0,32.0,32.0,51.0,48.0,42.0,44.0,42.0
2025-12-25T12:06:56.840843,10546.977,3786,Index,motor_3_open,51.0,35.0,5,31.0,30.0,29.0,30.0,30.0,28.0,31.0,30.0,30.0,32.0,32.0,51.0,48.0,42.0,44.0,42.0
2025-12-25T12:06:57.736805,10547.874,3787,Middle,motor_11_flexed,51.0,34.9375,5,31.0,29.0,29.0,30.0,30.0,28.0,31.0,30.0,30.0,32.0,32.0,51.0,48.0,42.0,44.0,42.0
2025-12-25T12:06:59.624710,10549.764,3787,Middle,motor_11_open,51.0,35.0,5,31.0,30.0,29.0,30.0,30.0,28.0,31.0,30.0,30.0,32.0,32.0,51.0,48.0,42.0,44.0,42.0
2025-12-25T12:07:00.520663,10550.66,3788,Middle,motor_10_flexed,51.0,35.0,5,31.0,30.0,29.0,30.0,30.0,28.0,31.0,30.0,30.0,32.0,32.0,51.0,48.0,42.0,44.0,42.0
2025-12-25T12:07:02.408569,10552.548,3788,Middle,motor_10_open,51.0,34.9375,5,31.0,30.0,29.0,30.0,30.0,28.0,31.0,30.0,29.0,32.0,32.0,51.0,48.0,42.0,44.0,42.0
2025-12-25T12:07:03.304530,10553.444,3789,Ring,motor_4_flexed,51.0,35.0,5,31.0,30.0,29.0,30.0,30.0,28.0,31.0,30.0,30.0,32.0,32.0,51.0,48.0,42.0,44.0,42.0
2025-12-25T12:07:05.192423,10555.33,3789,Ring,motor_4_open,51.0,34.9375,5,31.0,30.0,29.0,30.0,30.0,28.0,31.0,30.0,30.0,32.0,32.0,51.0,48.0,42.0,43.0,42.0
2025-12-25T12:07:06.088378,10556.226,3790,Ring,motor_5_flexed,51.0,34.9375,5,31.0,30.0,29.0,30.0,30.0,28.0,31.0,30.0,29.0,32.0,32.0,51.0,48.0,42.0,44.0,42.0
2025-12-25T12:07:07.976305,10558.114,3790,Ring,motor_5_open,51.0,34.9375,5,31.0,30.0,29.0,30.0,30.0,28.0,31.0,30.0,29.0,32.0,32.0,51.0,48.0,42.0,44.0,42.0
2025-12-25T12:07:08.872217,10559.004,3791,Ring,motor_6_flexed,51.0,34.9375,5,31.0,30.0,29.0,30.0,30.0,28.0,31.0,30.0,29.0,32.0,32.0,51.0,48.0,42.0,44.0,42.0
2025-12-25T12:07:09.960170,10560.099,3791,Ring,motor_6_flex_hold,51.0,35.0,5,31.0,30.0,29.0,30.0,30.0,28.0,31.0,30.0,30.0,32.0,32.0,51.0,48.0,42.0,44.0,42.0
2025-12-25T12:07:10.760139,10560.898,3791,Ring,motor_6_open,51.0,35.0,5,31.0,30.0,29.0,30.0,30.0,28.0,31.0,30.0,30.0,32.0,32.0,51.0,48.0,42.0,44.0,42.0
2025-12-25T12:07:11.656094,10561.797,3792,Pinky,motor_7_flexed,51.0,34.9375,5,31.0,30.0,29.0,30.0,30.0,28.0,31.0,30.0,29.0,32.0,32.0,51.0,48.0,42.0,44.0,42.0
2025-12-25T12:07:13.543996,10563.681,3792,Pinky,motor_7_open,51.0,35.0625,5,31.0,30.0,29.0,30.0,30.0,29.0,31.0,30.0,30.0,32.0,32.0,51.0,48.0,42.0,44.0,42.0
2025-12-25T12:07:14.439951,10564.579,3793,Pinky,motor_8_flexed,51.0,35.0,5,31.0,30.0,29.0,30.0,30.0,28.0,31.0,30.0,30.0,32.0,32.0,51.0,48.0,42.0,44.0,42.0
2025-12-25T12:07:16.327852,10566.468,3793,Pinky,motor_8_open,51.0,35.0,5,31.0,30.0,29.0,30.0,30.0,29.0,31.0,30.0,30.0,32.0,32.0,51.0,48.0,42.0,43.0,42.0
2025-12-25T12:07:17.223823,10567.362,3794,Pinky,motor_9_flexed,51.0,35.0625,5,31.0,30.0,29.0,30.0,30.0,29.0,31.0,30.0,30.0,32.0,32.0,51.0,48.0,42.0,44.0,42.0
2025-12-25T12:07:19.111712,10569.248,3794,Pinky,motor_9_open,51.0,35.0,5,31.0,30.0,29.0,30.0,30.0,28.0,31.0,30.0,30.0,32.0,32.0,51.0,48.0,42.0,44.0,42.0
2025-12-25T12:07:20.007667,10570.143,3795,Thumb,motor_13_flexed,51.0,35.0625,5,31.0,30.0,29.0,30.0,30.0,29.0,31.0,30.0,30.0,32.0,32.0,51.0,48.0,42.0,44.0,42.0
2025-12-25T12:07:21.895585,10572.033,3795,Thumb,motor_13_open,51.0,35.0625,5,31.0,30.0,29.0,30.0,30.0,29.0,31.0,30.0,30.0,32.0,32.0,51.0,48.0,42.0,44.0,42.0
2025-12-25T12:07:22.791522,10572.929,3796,Thumb,motor_14_flexed,51.0,35.0,5,31.0,30.0,29.0,30.0,30.0,28.0,31.0,30.0,30.0,32.0,32.0,51.0,48.0,42.0,44.0,42.0
2025-12-25T12:07:24.679419,10574.815,3796,Thumb,motor_14_open,51.0,35.0,5,31.0,30.0,29.0,30.0,30.0,28.0,31.0,30.0,30.0,32.0,32.0,51.0,48.0,42.0,44.0,42.0
2025-12-25T12:07:25.575381,10575.713,3797,Thumb,motor_12_flexed,51.0,35.0,5,31.0,30.0,29.0,30.0,30.0,28.0,31.0,30.0,30.0,32.0,32.0,51.0,48.0,42.0,44.0,42.0
2025-12-25T12:07:27.463274,10577.602,3797,Thumb,motor_12_open,51.0,35.0625,5,31.0,30.0,29.0,30.0,30.0,29.0,31.0,30.0,30.0,32.0,32.0,51.0,48.0,42.0,44.0,42.0
2025-12-25T12:07:28.359237,10578.499,3798,Index,motor_2_flexed,51.0,35.0,5,31.0,30.0,29.0,30.0,30.0,28.0,31.0,30.0,30.0,32.0,32.0,51.0,48.0,42.0,44.0,42.0
2025-12-25T12:07:30.247141,10580.384,3798,Index,motor_2_open,51.0,35.0,5,31.0,30.0,29.0,30.0,30.0,28.0,31.0,30.0,30.0,32.0,32.0,51.0,48.0,42.0,44.0,42.0
2025-12-25T12:07:31.143113,10581.281,3799,Index,motor_1_flexed,51.0,34.875,5,31.0,30.0,29.0,30.0,30.0,28.0,31.0,30.0,29.0,32.0,32.0,51.0,48.0,42.0,44.0,41.0
2025-12-25T12:07:33.031016,10583.169,3799,Index,motor_1_open,51.0,35.0625,5,31.0,30.0,29.0,30.0,30.0,29.0,31.0,30.0,30.0,32.0,32.0,51.0,48.0,42.0,44.0,42.0
2025-12-25T12:07:33.926967,10584.066,3800,Index,motor_3_flexed,51.0,35.0625,5,31.0,30.0,29.0,30.0,30.0,28.0,31.0,30.0,30.0,32.0,32.0,51.0,48.0,42.0,44.0,43.0
2025-12-25T12:07:35.814862,10585.95,3800,Index,motor_3_open,51.0,35.0,5,31.0,30.0,29.0,30.0,30.0,28.0,31.0,30.0,30.0,32.0,32.0,51.0,48.0,42.0,44.0,42.0
2025-12-25T12:07:36.710828,10586.847,3801,Middle,motor_11_flexed,51.0,35.0,5,31.0,30.0,29.0,30.0,30.0,28.0,31.0,30.0,30.0,32.0,32.0,51.0,48.0,42.0,44.0,42.0
2025-12-25T12:07:38.598728,10588.736,3801,Middle,motor_11_open,51.0,34.9375,5,31.0,30.0,29.0,30.0,30.0,28.0,31.0,30.0,29.0,32.0,32.0,51.0,48.0,42.0,44.0,42.0
2025-12-25T12:07:39.494667,10589.632,3802,Middle,motor_10_flexed,51.0,35.0625,5,31.0,30.0,29.0,30.0,30.0,29.0,31.0,30.0,30.0,32.0,32.0,51.0,48.0,42.0,44.0,42.0
2025-12-25T12:07:41.382571,10591.523,3802,Middle,motor_10_open,51.0,35.0,5,31.0,30.0,29.0,30.0,30.0,28.0,31.0,30.0,30.0,32.0,32.0,51.0,48.0,42.0,44.0,42.0
2025-12-25T12:07:42.278525,10592.415,3803,Ring,motor_4_flexed,51.0,35.0,5,31.0,30.0,29.0,30.0,30.0,28.0,31.0,30.0,30.0,32.0,32.0,51.0,48.0,42.0,44.0,42.0
2025-12-25T12:07:44.166429,10594.306,3803,Ring,motor_4_open,51.0,35.0,5,31.0,30.0,29.0,30.0,30.0,28.0,31.0,30.0,30.0,32.0,32.0,51.0,48.0,42.0,44.0,42.0
2025-12-25T12:07:45.062379,10595.2,3804,Ring,motor_5_flexed,51.0,35.0,5,31.0,30.0,29.0,30.0,30.0,28.0,31.0,30.0,30.0,32.0,32.0,51.0,48.0,42.0,44.0,42.0
2025-12-25T12:07:46.950284,10597.089,3804,Ring,motor_5_open,51.0,34.875,5,31.0,29.0,29.0,30.0,30.0,29.0,31.0,30.0,29.0,32.0,32.0,51.0,48.0,42.0,44.0,41.0
2025-12-25T12:07:47.846237,10597.982,3805,Ring,motor_6_flexed,51.0,35.0,5,31.0,30.0,29.0,30.0,30.0,28.0,31.0,30.0,30.0,32.0,32.0,51.0,48.0,42.0,44.0,42.0
2025-12-25T12:07:49.734146,10599.871,3805,Ring,motor_6_open,51.0,35.0,5,31.0,30.0,29.0,30.0,30.0,28.0,31.0,30.0,30.0,32.0,32.0,51.0,48.0,42.0,44.0,42.0
2025-12-25T12:07:50.630098,10600.767,3806,Pinky,motor_7_flexed,51.0,34.875,5,31.0,30.0,29.0,30.0,30.0,28.0,31.0,30.0,29.0,32.0,32.0,51.0,48.0,42.0,43.0,42.0
2025-12-25T12:07:52.517990,10602.652,3806,Pinky,motor_7_open,51.0,34.9375,5,31.0,30.0,29.0,30.0,30.0,28.0,31.0,30.0,29.0,32.0,32.0,51.0,48.0,42.0,44.0,42.0
2025-12-25T12:07:53.413946,10603.551,3807,Pinky,motor_8_flexed,51.0,35.0,5,31.0,30.0,29.0,30.0,30.0,29.0,31.0,30.0,30.0,32.0,32.0,51.0,48.0,42.0,44.0,41.0
2025-12-25T12:07:55.301844,10605.434,3807,Pinky,motor_8_open,51.0,35.0,5,31.0,30.0,29.0,30.0,30.0,29.0,31.0,30.0,29.0,32.0,32.0,51.0,48.0,42.0,44.0,42.0
2025-12-25T12:07:56.197800,10606.337,3808,Pinky,motor_9_flexed,51.0,34.875,5,31.0,30.0,29.0,30.0,30.0,28.0,31.0,30.0,29.0,32.0,32.0,51.0,48.0,42.0,44.0,41.0
2025-12-25T12:07:58.085704,10608.22,3808,Pinky,motor_9_open,51.0,35.0,5,31.0,30.0,29.0,30.0,30.0,28.0,31.0,30.0,30.0,32.0,32.0,51.0,48.0,42.0,44.0,42.0
2025-12-25T12:07:58.981671,10609.12,3809,Thumb,motor_13_flexed,51.0,35.0,5,31.0,30.0,29.0,30.0,30.0,29.0,31.0,30.0,29.0,32.0,32.0,51.0,48.0,42.0,44.0,42.0
2025-12-25T12:08:00.869578,10611.007,3809,Thumb,motor_13_open,51.0,35.0,5,31.0,30.0,29.0,30.0,30.0,28.0,31.0,30.0,30.0,32.0,32.0,51.0,48.0,42.0,44.0,42.0
2025-12-25T12:08:01.765526,10611.903,3810,Thumb,motor_14_flexed,51.0,35.0625,5,31.0,30.0,29.0,30.0,30.0,29.0,31.0,30.0,30.0,32.0,32.0,51.0,48.0,42.0,44.0,42.0
2025-12-25T12:08:03.653419,10613.793,3810,Thumb,motor_14_open,51.0,34.9375,5,31.0,30.0,29.0,30.0,30.0,28.0,31.0,30.0,30.0,32.0,32.0,51.0,47.0,42.0,44.0,42.0
2025-12-25T12:08:04.549384,10614.687,3811,Thumb,motor_12_flexed,51.0,34.8125,5,31.0,30.0,29.0,30.0,30.0,28.0,31.0,30.0,30.0,32.0,32.0,51.0,47.0,42.0,43.0,41.0
2025-12-25T12:08:06.437285,10616.575,3811,Thumb,motor_12_open,51.0,35.0,5,31.0,30.0,29.0,30.0,30.0,29.0,31.0,30.0,30.0,32.0,32.0,51.0,47.0,42.0,44.0,42.0
2025-12-25T12:08:07.333238,10617.47,3812,Index,motor_2_flexed,51.0,34.875,5,31.0,30.0,29.0,30.0,30.0,28.0,31.0,30.0,30.0,32.0,32.0,51.0,47.0,42.0,43.0,42.0
2025-12-25T12:08:09.221143,10619.358,3812,Index,motor_2_open,51.0,35.0,5,31.0,30.0,29.0,30.0,30.0,29.0,31.0,30.0,30.0,32.0,32.0,51.0,47.0,42.0,44.0,42.0
2025-12-25T12:08:10.117102,10620.257,3813,Index,motor_1_flexed,51.0,35.0,5,31.0,30.0,29.0,30.0,30.0,29.0,31.0,30.0,30.0,32.0,32.0,51.0,47.0,42.0,44.0,42.0
2025-12-25T12:08:12.005000,10622.142,3813,Index,motor_1_open,51.0,34.9375,5,31.0,30.0,29.0,30.0,30.0,28.0,31.0,30.0,30.0,32.0,32.0,51.0,47.0,42.0,44.0,42.0
2025-12-25T12:08:12.900953,10623.036,3814,Index,motor_3_flexed,51.0,34.9375,5,31.0,30.0,29.0,30.0,30.0,28.0,31.0,30.0,30.0,32.0,32.0,51.0,47.0,42.0,44.0,42.0
2025-12-25T12:08:14.788865,10624.926,3814,Index,motor_3_open,51.0,34.9375,5,31.0,30.0,29.0,30.0,30.0,28.0,31.0,30.0,30.0,32.0,32.0,51.0,47.0,42.0,44.0,42.0
2025-12-25T12:08:15.684811,10625.824,3815,Middle,motor_11_flexed,51.0,34.9375,5,31.0,30.0,29.0,30.0,30.0,28.0,31.0,30.0,30.0,32.0,32.0,51.0,47.0,42.0,44.0,42.0
2025-12-25T12:08:17.572712,10627.71,3815,Middle,motor_11_open,51.0,34.9375,5,31.0,30.0,29.0,30.0,30.0,28.0,31.0,30.0,30.0,32.0,32.0,51.0,47.0,42.0,44.0,42.0
2025-12-25T12:08:18.468667,10628.608,3816,Middle,motor_10_flexed,51.0,34.9375,5,31.0,30.0,29.0,30.0,30.0,29.0,31.0,30.0,29.0,32.0,32.0,51.0,47.0,42.0,44.0,42.0
2025-12-25T12:08:20.356577,10630.488,3816,Middle,motor_10_open,51.0,34.9375,5,31.0,30.0,29.0,30.0,30.0,28.0,31.0,30.0,30.0,32.0,32.0,51.0,47.0,42.0,44.0,42.0
2025-12-25T12:08:21.252529,10631.391,3817,Ring,motor_4_flexed,51.0,34.9375,5,31.0,30.0,29.0,30.0,30.0,28.0,31.0,30.0,30.0,32.0,32.0,51.0,47.0,42.0,44.0,42.0
2025-12-25T12:08:23.140431,10633.271,3817,Ring,motor_4_open,51.0,34.9375,5,31.0,30.0,29.0,30.0,30.0,28.0,31.0,30.0,30.0,32.0,32.0,51.0,47.0,42.0,44.0,42.0
2025-12-25T12:08:24.036405,10634.175,3818,Ring,motor_5_flexed,51.0,34.9375,5,31.0,30.0,29.0,30.0,30.0,29.0,31.0,30.0,29.0,32.0,32.0,51.0,47.0,42.0,44.0,42.0
2025-12-25T12:08:25.924300,10636.062,3818,Ring,motor_5_open,51.0,35.0,5,31.0,30.0,29.0,30.0,30.0,29.0,31.0,30.0,30.0,32.0,32.0,51.0,47.0,42.0,44.0,42.0
2025-12-25T12:08:26.820249,10636.96,3819,Ring,motor_6_flexed,51.0,34.9375,5,31.0,30.0,29.0,30.0,30.0,28.0,31.0,30.0,30.0,32.0,32.0,51.0,47.0,42.0,44.0,42.0
2025-12-25T12:08:28.708142,10638.846,3819,Ring,motor_6_open,51.0,35.0,5,31.0,30.0,29.0,30.0,30.0,29.0,31.0,30.0,30.0,32.0,32.0,51.0,47.0,42.0,44.0,42.0
2025-12-25T12:08:29.604095,10639.74,3820,Pinky,motor_7_flexed,51.0,35.0,5,31.0,30.0,29.0,30.0,30.0,29.0,31.0,30.0,30.0,32.0,32.0,51.0,47.0,42.0,44.0,42.0
2025-12-25T12:08:31.491999,10641.631,3820,Pinky,motor_7_open,51.0,34.9375,5,31.0,30.0,29.0,30.0,30.0,29.0,31.0,30.0,29.0,32.0,32.0,51.0,47.0,42.0,44.0,42.0
2025-12-25T12:08:32.387952,10642.526,3821,Pinky,motor_8_flexed,51.0,35.0,5,31.0,30.0,29.0,30.0,30.0,29.0,31.0,30.0,30.0,32.0,32.0,51.0,47.0,42.0,44.0,42.0
2025-12-25T12:08:34.275854,10644.417,3821,Pinky,motor_8_open,51.0,35.0,5,31.0,30.0,29.0,30.0,30.0,29.0,31.0,30.0,30.0,32.0,32.0,51.0,47.0,42.0,44.0,42.0
2025-12-25T12:08:35.171826,10645.309,3822,Pinky,motor_9_flexed,51.0,35.0,5,31.0,30.0,29.0,30.0,30.0,29.0,31.0,30.0,30.0,32.0,32.0,51.0,47.0,42.0,44.0,42.0
2025-12-25T12:08:37.059728,10647.196,3822,Pinky,motor_9_open,51.0,35.0,5,31.0,30.0,29.0,30.0,30.0,29.0,31.0,30.0,30.0,32.0,32.0,51.0,47.0,42.0,44.0,42.0
2025-12-25T12:08:37.955697,10648.095,3823,Thumb,motor_13_flexed,51.0,35.0,5,31.0,30.0,29.0,30.0,30.0,29.0,31.0,30.0,30.0,32.0,32.0,51.0,47.0,42.0,44.0,42.0
2025-12-25T12:08:39.843586,10649.982,3823,Thumb,motor_13_open,51.0,34.9375,5,31.0,30.0,29.0,30.0,30.0,28.0,31.0,30.0,30.0,32.0,32.0,51.0,47.0,42.0,44.0,42.0
2025-12-25T12:08:40.739539,10650.877,3824,Thumb,motor_14_flexed,51.0,35.0,5,31.0,30.0,29.0,30.0,30.0,29.0,31.0,30.0,30.0,32.0,32.0,51.0,47.0,42.0,44.0,42.0
2025-12-25T12:08:42.627441,10652.766,3824,Thumb,motor_14_open,51.0,34.9375,5,31.0,30.0,29.0,30.0,30.0,28.0,31.0,30.0,30.0,32.0,32.0,51.0,47.0,42.0,44.0,42.0
2025-12-25T12:08:43.523396,10653.662,3825,Thumb,motor_12_flexed,51.0,34.9375,5,31.0,30.0,29.0,30.0,30.0,28.0,31.0,30.0,30.0,32.0,32.0,51.0,47.0,42.0,44.0,42.0
2025-12-25T12:08:45.411298,10655.553,3825,Thumb,motor_12_open,51.0,34.9375,5,31.0,30.0,29.0,30.0,30.0,29.0,31.0,30.0,30.0,32.0,32.0,51.0,47.0,42.0,44.0,41.0
2025-12-25T12:08:46.307249,10656.447,3826,Index,motor_2_flexed,51.0,35.0,5,31.0,30.0,29.0,30.0,30.0,29.0,31.0,30.0,30.0,32.0,32.0,51.0,47.0,42.0,44.0,42.0
2025-12-25T12:08:48.195156,10658.333,3826,Index,motor_2_open,51.0,34.9375,5,31.0,30.0,29.0,30.0,30.0,28.0,31.0,30.0,30.0,32.0,32.0,51.0,47.0,42.0,44.0,42.0
2025-12-25T12:08:49.091109,10659.227,3827,Index,motor_1_flexed,51.0,35.0,5,31.0,30.0,29.0,30.0,30.0,29.0,31.0,30.0,30.0,32.0,32.0,51.0,47.0,42.0,44.0,42.0
2025-12-25T12:08:50.978997,10661.12,3827,Index,motor_1_open,51.0,34.75,5,31.0,30.0,29.0,30.0,30.0,28.0,31.0,30.0,30.0,32.0,32.0,51.0,47.0,42.0,44.0,39.0
2025-12-25T12:08:51.874965,10662.015,3828,Index,motor_3_flexed,51.0,35.0,5,31.0,30.0,29.0,30.0,30.0,29.0,31.0,30.0,30.0,32.0,32.0,51.0,47.0,42.0,44.0,42.0
2025-12-25T12:08:53.762869,10663.901,3828,Index,motor_3_open,51.0,34.9375,5,31.0,30.0,29.0,30.0,30.0,28.0,31.0,30.0,30.0,32.0,32.0,51.0,47.0,42.0,44.0,42.0
2025-12-25T12:08:54.658823,10664.796,3829,Middle,motor_11_flexed,51.0,34.9375,5,31.0,30.0,29.0,30.0,30.0,28.0,31.0,30.0,30.0,32.0,32.0,51.0,47.0,42.0,44.0,42.0
2025-12-25T12:08:56.546727,10666.685,3829,Middle,motor_11_open,51.0,35.0,5,31.0,30.0,29.0,30.0,30.0,29.0,31.0,30.0,30.0,32.0,32.0,51.0,47.0,42.0,44.0,42.0
2025-12-25T12:08:57.442679,10667.584,3830,Middle,motor_10_flexed,51.0,34.9375,5,31.0,30.0,29.0,30.0,30.0,28.0,31.0,30.0,30.0,32.0,32.0,51.0,47.0,42.0,44.0,42.0
2025-12-25T12:08:59.330579,10669.468,3830,Middle,motor_10_open,51.0,35.0,5,31.0,30.0,29.0,30.0,30.0,29.0,31.0,30.0,30.0,32.0,32.0,51.0,47.0,42.0,44.0,42.0
2025-12-25T12:09:00.226533,10670.364,3831,Ring,motor_4_flexed,51.0,34.9375,5,31.0,30.0,29.0,30.0,30.0,28.0,31.0,30.0,30.0,32.0,32.0,51.0,47.0,42.0,44.0,42.0
2025-12-25T12:09:02.114436,10672.251,3831,Ring,motor_4_open,51.0,35.0,5,31.0,30.0,29.0,30.0,30.0,29.0,31.0,30.0,30.0,32.0,32.0,51.0,47.0,42.0,44.0,42.0
2025-12-25T12:09:03.010391,10673.148,3832,Ring,motor_5_flexed,51.0,34.9375,5,31.0,30.0,29.0,30.0,30.0,28.0,31.0,30.0,30.0,32.0,32.0,51.0,47.0,42.0,44.0,42.0
2025-12-25T12:09:04.898294,10675.035,3832,Ring,motor_5_open,51.0,34.9375,5,31.0,30.0,29.0,30.0,30.0,28.0,31.0,30.0,30.0,32.0,32.0,51.0,47.0,42.0,44.0,42.0
2025-12-25T12:09:05.794250,10675.932,3833,Ring,motor_6_flexed,51.0,34.9375,5,31.0,30.0,29.0,30.0,30.0,28.0,31.0,30.0,30.0,32.0,32.0,51.0,47.0,42.0,44.0,42.0
2025-12-25T12:09:07.682154,10677.821,3833,Ring,motor_6_open,51.0,34.9375,5,31.0,30.0,29.0,30.0,30.0,29.0,31.0,30.0,29.0,32.0,32.0,51.0,47.0,42.0,44.0,42.0
2025-12-25T12:09:08.578104,10678.718,3834,Pinky,motor_7_flexed,51.0,34.9375,5,31.0,30.0,29.0,30.0,30.0,28.0,31.0,30.0,30.0,32.0,32.0,51.0,47.0,42.0,44.0,42.0
2025-12-25T12:09:10.162034,10680.304,3834,Pinky,motor_7_flex_hold,51.0,35.0,5,31.0,30.0,29.0,30.0,31.0,29.0,31.0,30.0,29.0,32.0,32.0,51.0,47.0,42.0,44.0,42.0
2025-12-25T12:09:10.562001,10680.701,3834,Pinky,motor_7_open,51.0,35.0,5,31.0,30.0,29.0,30.0,30.0,29.0,31.0,30.0,30.0,32.0,32.0,51.0,47.0,42.0,44.0,42.0
2025-12-25T12:09:11.457958,10681.597,3835,Pinky,motor_8_flexed,51.0,35.0,5,31.0,30.0,29.0,30.0,30.0,29.0,31.0,30.0,30.0,32.0,32.0,51.0,47.0,42.0,44.0,42.0
2025-12-25T12:09:13.345857,10683.483,3835,Pinky,motor_8_open,51.0,34.9375,5,31.0,30.0,29.0,30.0,30.0,29.0,31.0,30.0,29.0,32.0,32.0,51.0,47.0,42.0,44.0,42.0
2025-12-25T12:09:14.241812,10684.378,3836,Pinky,motor_9_flexed,51.0,35.0,5,31.0,30.0,29.0,30.0,30.0,29.0,31.0,30.0,30.0,32.0,32.0,51.0,47.0,42.0,44.0,42.0
2025-12-25T12:09:16.129713,10686.268,3836,Pinky,motor_9_open,51.0,35.0,5,31.0,30.0,29.0,30.0,30.0,29.0,31.0,30.0,30.0,32.0,32.0,51.0,47.0,42.0,44.0,42.0
2025-12-25T12:09:17.025676,10687.165,3837,Thumb,motor_13_flexed,51.0,35.0,5,31.0,30.0,29.0,30.0,30.0,29.0,31.0,30.0,30.0,32.0,32.0,51.0,47.0,42.0,44.0,42.0
2025-12-25T12:09:18.913575,10689.054,3837,Thumb,motor_13_open,51.0,35.0,5,31.0,30.0,29.0,30.0,30.0,29.0,31.0,30.0,30.0,32.0,32.0,51.0,47.0,42.0,44.0,42.0
2025-12-25T12:09:19.809503,10689.947,3838,Thumb,motor_14_flexed,51.0,35.0,5,31.0,30.0,29.0,30.0,30.0,29.0,31.0,30.0,30.0,32.0,32.0,51.0,47.0,42.0,44.0,42.0
2025-12-25T12:09:21.697426,10691.837,3838,Thumb,motor_14_open,51.0,35.0,5,31.0,30.0,29.0,30.0,30.0,29.0,31.0,30.0,30.0,32.0,32.0,51.0,47.0,42.0,44.0,42.0
2025-12-25T12:09:22.593375,10692.731,3839,Thumb,motor_12_flexed,51.0,35.0,5,31.0,30.0,29.0,30.0,30.0,29.0,31.0,30.0,30.0,32.0,32.0,51.0,47.0,42.0,44.0,42.0
2025-12-25T12:09:24.481285,10694.618,3839,Thumb,motor_12_open,51.0,35.0,5,31.0,30.0,29.0,30.0,30.0,29.0,31.0,30.0,30.0,32.0,32.0,51.0,47.0,42.0,44.0,42.0
2025-12-25T12:09:25.377240,10695.516,3840,Index,motor_2_flexed,51.0,35.0,5,31.0,30.0,29.0,30.0,30.0,29.0,31.0,30.0,30.0,32.0,32.0,51.0,47.0,42.0,44.0,42.0
2025-12-25T12:09:27.265143,10697.404,3840,Index,motor_2_open,51.0,35.0,5,31.0,30.0,29.0,30.0,30.0,29.0,31.0,30.0,30.0,32.0,32.0,51.0,47.0,42.0,44.0,42.0
2025-12-25T12:09:28.161081,10698.298,3841,Index,motor_1_flexed,51.0,35.0,5,31.0,30.0,29.0,30.0,30.0,29.0,31.0,30.0,30.0,32.0,32.0,51.0,47.0,42.0,44.0,42.0
2025-12-25T12:09:30.048997,10700.189,3841,Index,motor_1_open,51.0,35.0,5,31.0,30.0,29.0,30.0,30.0,29.0,31.0,30.0,30.0,32.0,32.0,51.0,47.0,42.0,44.0,42.0
2025-12-25T12:09:30.944963,10701.081,3842,Index,motor_3_flexed,51.0,35.0,5,31.0,30.0,29.0,30.0,30.0,29.0,31.0,30.0,30.0,32.0,32.0,51.0,47.0,42.0,44.0,42.0
2025-12-25T12:09:32.832852,10702.971,3842,Index,motor_3_open,51.0,35.0,5,31.0,30.0,29.0,30.0,30.0,29.0,31.0,30.0,30.0,32.0,32.0,51.0,47.0,42.0,44.0,42.0
2025-12-25T12:09:33.728810,10703.869,3843,Middle,motor_11_flexed,51.0,34.9375,5,31.0,30.0,29.0,30.0,29.0,29.0,31.0,30.0,30.0,32.0,32.0,51.0,47.0,42.0,44.0,42.0
2025-12-25T12:09:35.616725,10705.756,3843,Middle,motor_11_open,51.0,35.0,5,31.0,30.0,29.0,30.0,30.0,29.0,31.0,30.0,30.0,32.0,32.0,51.0,47.0,42.0,44.0,42.0
2025-12-25T12:09:36.512658,10706.649,3844,Middle,motor_10_flexed,51.0,35.0,5,31.0,30.0,29.0,30.0,30.0,29.0,31.0,30.0,30.0,32.0,32.0,51.0,47.0,42.0,44.0,42.0
2025-12-25T12:09:38.400558,10708.536,3844,Middle,motor_10_open,51.0,35.0,5,31.0,30.0,29.0,30.0,30.0,29.0,31.0,30.0,30.0,32.0,32.0,51.0,47.0,42.0,44.0,42.0
2025-12-25T12:09:39.296533,10709.434,3845,Ring,motor_4_flexed,51.0,34.9375,5,31.0,30.0,29.0,30.0,30.0,28.0,31.0,30.0,30.0,32.0,32.0,51.0,47.0,42.0,44.0,42.0
2025-12-25T12:09:41.184421,10711.322,3845,Ring,motor_4_open,51.0,35.0,5,31.0,30.0,29.0,30.0,30.0,29.0,31.0,30.0,30.0,32.0,32.0,51.0,47.0,42.0,44.0,42.0
2025-12-25T12:09:42.080372,10712.217,3846,Ring,motor_5_flexed,51.0,34.9375,5,31.0,30.0,29.0,30.0,30.0,28.0,31.0,30.0,30.0,32.0,32.0,51.0,47.0,42.0,44.0,42.0
2025-12-25T12:09:43.968277,10714.105,3846,Ring,motor_5_open,51.0,35.0,5,31.0,30.0,29.0,30.0,30.0,29.0,31.0,30.0,30.0,32.0,32.0,51.0,47.0,42.0,44.0,42.0
2025-12-25T12:09:44.864250,10715.004,3847,Ring,motor_6_flexed,51.0,35.0,5,31.0,30.0,29.0,30.0,30.0,29.0,31.0,30.0,30.0,32.0,32.0,51.0,47.0,42.0,44.0,42.0
2025-12-25T12:09:46.752118,10716.892,3847,Ring,motor_6_open,51.0,35.0,5,31.0,30.0,29.0,30.0,30.0,29.0,31.0,30.0,30.0,32.0,32.0,51.0,47.0,42.0,44.0,42.0
2025-12-25T12:09:47.648089,10717.787,3848,Pinky,motor_7_flexed,51.0,35.0,5,31.0,30.0,29.0,30.0,30.0,29.0,31.0,30.0,30.0,32.0,32.0,51.0,47.0,42.0,44.0,42.0
2025-12-25T12:09:49.535991,10719.674,3848,Pinky,motor_7_open,51.0,35.0625,5,31.0,30.0,29.0,30.0,30.0,29.0,31.0,30.0,30.0,32.0,32.0,51.0,48.0,42.0,44.0,42.0
2025-12-25T12:09:50.431946,10720.57,3849,Pinky,motor_8_flexed,51.0,35.0,5,31.0,30.0,29.0,30.0,30.0,29.0,31.0,30.0,30.0,32.0,32.0,51.0,48.0,42.0,43.0,42.0
2025-12-25T12:09:52.319832,10722.459,3849,Pinky,motor_8_open,51.0,35.0625,5,31.0,30.0,29.0,30.0,30.0,29.0,31.0,30.0,30.0,32.0,32.0,51.0,48.0,42.0,44.0,42.0
2025-12-25T12:09:53.215800,10723.354,3850,Pinky,motor_9_flexed,51.0,35.0625,5,31.0,30.0,29.0,30.0,30.0,29.0,31.0,30.0,30.0,32.0,32.0,51.0,48.0,42.0,44.0,42.0
2025-12-25T12:09:55.103703,10725.241,3850,Pinky,motor_9_open,51.0,35.0625,5,31.0,30.0,29.0,30.0,30.0,29.0,31.0,30.0,30.0,32.0,32.0,51.0,48.0,42.0,44.0,42.0
2025-12-25T12:09:55.999661,10726.139,3851,Thumb,motor_13_flexed,51.0,35.0625,5,31.0,30.0,29.0,30.0,30.0,29.0,31.0,30.0,30.0,32.0,32.0,51.0,48.0,42.0,44.0,42.0
2025-12-25T12:09:57.887545,10728.027,3851,Thumb,motor_13_open,51.0,35.0625,5,31.0,30.0,29.0,30.0,30.0,29.0,31.0,30.0,30.0,32.0,32.0,51.0,48.0,42.0,44.0,42.0
2025-12-25T12:09:58.783515,10728.924,3852,Thumb,motor_14_flexed,51.0,35.0625,5,31.0,30.0,29.0,30.0,30.0,29.0,31.0,30.0,30.0,32.0,32.0,51.0,48.0,42.0,43.0,43.0
2025-12-25T12:10:00.671419,10730.808,3852,Thumb,motor_14_open,51.0,35.0625,5,31.0,30.0,29.0,30.0,30.0,29.0,31.0,30.0,30.0,32.0,32.0,51.0,48.0,42.0,44.0,42.0
2025-12-25T12:10:01.567354,10731.704,3853,Thumb,motor_12_flexed,51.0,35.0625,5,31.0,30.0,29.0,30.0,30.0,29.0,31.0,30.0,30.0,32.0,32.0,51.0,48.0,42.0,44.0,42.0
2025-12-25T12:10:03.455257,10733.596,3853,Thumb,motor_12_open,51.0,35.0625,5,31.0,30.0,29.0,30.0,30.0,29.0,31.0,30.0,30.0,32.0,32.0,51.0,48.0,42.0,44.0,42.0
2025-12-25T12:10:04.351224,10734.491,3854,Index,motor_2_flexed,51.0,35.0,5,31.0,30.0,29.0,30.0,30.0,29.0,31.0,30.0,30.0,32.0,32.0,51.0,48.0,42.0,44.0,41.0
2025-12-25T12:10:06.239132,10736.377,3854,Index,motor_2_open,51.0,35.0625,5,31.0,30.0,29.0,30.0,30.0,29.0,31.0,30.0,30.0,32.0,32.0,51.0,48.0,42.0,44.0,42.0
2025-12-25T12:10:07.135083,10737.272,3855,Index,motor_1_flexed,51.0,35.0625,5,31.0,30.0,29.0,30.0,30.0,29.0,31.0,30.0,30.0,32.0,32.0,51.0,48.0,42.0,44.0,42.0
2025-12-25T12:10:09.022969,10739.162,3855,Index,motor_1_open,51.0,35.0625,5,31.0,30.0,29.0,30.0,30.0,29.0,31.0,30.0,30.0,32.0,32.0,51.0,48.0,42.0,44.0,42.0
2025-12-25T12:10:09.918933,10740.058,3856,Index,motor_3_flexed,51.0,35.0625,5,31.0,30.0,29.0,30.0,30.0,29.0,31.0,30.0,30.0,32.0,32.0,51.0,48.0,42.0,44.0,42.0
2025-12-25T12:10:11.806840,10741.947,3856,Index,motor_3_open,51.0,35.0625,5,31.0,30.0,29.0,30.0,30.0,29.0,31.0,30.0,30.0,32.0,32.0,51.0,48.0,42.0,44.0,42.0
2025-12-25T12:10:12.702793,10742.84,3857,Middle,motor_11_flexed,51.0,35.0625,5,31.0,30.0,29.0,30.0,30.0,29.0,31.0,30.0,30.0,32.0,32.0,51.0,48.0,42.0,44.0,42.0
2025-12-25T12:10:14.590699,10744.73,3857,Middle,motor_11_open,51.0,35.0625,5,31.0,30.0,29.0,30.0,30.0,29.0,31.0,30.0,30.0,32.0,32.0,51.0,48.0,42.0,44.0,42.0
2025-12-25T12:10:15.486635,10745.625,3858,Middle,motor_10_flexed,51.0,35.0625,5,31.0,30.0,29.0,30.0,30.0,29.0,31.0,30.0,30.0,32.0,32.0,51.0,48.0,42.0,44.0,42.0
2025-12-25T12:10:17.374552,10747.514,3858,Middle,motor_10_open,51.0,35.0,5,31.0,30.0,29.0,30.0,30.0,29.0,31.0,30.0,30.0,32.0,32.0,51.0,48.0,42.0,43.0,42.0
2025-12-25T12:10:18.270506,10748.405,3859,Ring,motor_4_flexed,51.0,35.0625,5,31.0,30.0,29.0,30.0,30.0,29.0,31.0,30.0,30.0,32.0,32.0,51.0,48.0,42.0,44.0,42.0
2025-12-25T12:10:20.158407,10750.297,3859,Ring,motor_4_open,51.0,35.0625,5,31.0,30.0,29.0,30.0,30.0,29.0,31.0,30.0,30.0,32.0,32.0,51.0,48.0,42.0,44.0,42.0
2025-12-25T12:10:21.054346,10751.193,3860,Ring,motor_5_flexed,51.0,35.0625,5,31.0,30.0,29.0,30.0,30.0,29.0,31.0,30.0,30.0,32.0,32.0,51.0,48.0,42.0,44.0,42.0
2025-12-25T12:10:22.942268,10753.082,3860,Ring,motor_5_open,51.0,35.0625,5,31.0,30.0,29.0,30.0,30.0,29.0,31.0,30.0,30.0,32.0,32.0,51.0,48.0,42.0,44.0,42.0
2025-12-25T12:10:23.838221,10753.976,3861,Ring,motor_6_flexed,51.0,35.0625,5,31.0,30.0,29.0,30.0,30.0,29.0,31.0,30.0,30.0,32.0,32.0,51.0,48.0,42.0,44.0,42.0
2025-12-25T12:10:25.726118,10755.865,3861,Ring,motor_6_open,51.0,35.1875,5,31.0,30.0,29.0,30.0,30.0,29.0,31.0,30.0,29.0,32.0,32.0,51.0,48.0,42.0,44.0,45.0
2025-12-25T12:10:26.622065,10756.762,3862,Pinky,motor_7_flexed,51.0,35.0625,5,31.0,30.0,29.0,30.0,30.0,29.0,31.0,30.0,30.0,32.0,32.0,51.0,48.0,42.0,44.0,42.0
2025-12-25T12:10:28.509985,10758.648,3862,Pinky,motor_7_open,51.0,35.0625,5,31.0,30.0,29.0,30.0,30.0,29.0,31.0,30.0,30.0,32.0,32.0,51.0,48.0,42.0,44.0,42.0
2025-12-25T12:10:29.405927,10759.544,3863,Pinky,motor_8_flexed,51.0,35.0625,5,31.0,30.0,29.0,30.0,30.0,29.0,31.0,30.0,30.0,32.0,32.0,51.0,48.0,42.0,44.0,42.0
2025-12-25T12:10:31.293840,10761.43,3863,Pinky,motor_8_open,51.0,35.0625,5,31.0,30.0,29.0,30.0,30.0,29.0,31.0,30.0,30.0,32.0,32.0,51.0,48.0,42.0,44.0,42.0
2025-12-25T12:10:32.189799,10762.326,3864,Pinky,motor_9_flexed,51.0,35.0625,5,31.0,30.0,29.0,30.0,30.0,29.0,31.0,30.0,30.0,32.0,32.0,51.0,48.0,42.0,44.0,42.0
2025-12-25T12:10:34.077697,10764.219,3864,Pinky,motor_9_open,51.0,35.0625,5,31.0,30.0,29.0,30.0,30.0,29.0,31.0,30.0,30.0,32.0,32.0,51.0,48.0,42.0,44.0,42.0
2025-12-25T12:10:34.973628,10765.112,3865,Thumb,motor_13_flexed,51.0,35.0625,5,31.0,30.0,29.0,30.0,30.0,29.0,31.0,30.0,30.0,32.0,32.0,51.0,48.0,42.0,44.0,42.0
2025-12-25T12:10:36.861552,10766.999,3865,Thumb,motor_13_open,51.0,35.0625,5,31.0,30.0,29.0,30.0,30.0,29.0,31.0,30.0,30.0,32.0,32.0,51.0,48.0,42.0,44.0,42.0
2025-12-25T12:10:37.757522,10767.897,3866,Thumb,motor_14_flexed,51.0,35.0,5,31.0,30.0,29.0,30.0,30.0,29.0,31.0,30.0,30.0,32.0,32.0,51.0,48.0,42.0,44.0,41.0
2025-12-25T12:10:39.645386,10769.785,3866,Thumb,motor_14_open,51.0,35.0625,5,31.0,30.0,29.0,30.0,30.0,29.0,31.0,30.0,30.0,32.0,32.0,51.0,48.0,42.0,44.0,42.0
2025-12-25T12:10:40.541363,10770.68,3867,Thumb,motor_12_flexed,51.0,35.0625,5,31.0,30.0,29.0,30.0,30.0,29.0,31.0,30.0,30.0,32.0,32.0,51.0,48.0,42.0,44.0,42.0
2025-12-25T12:10:42.429278,10772.568,3867,Thumb,motor_12_open,51.0,35.0625,5,31.0,30.0,29.0,30.0,30.0,29.0,31.0,30.0,30.0,32.0,32.0,51.0,48.0,42.0,44.0,42.0
2025-12-25T12:10:43.325225,10773.464,3868,Index,motor_2_flexed,51.0,35.0625,5,31.0,30.0,29.0,30.0,30.0,29.0,31.0,30.0,30.0,32.0,32.0,51.0,48.0,42.0,44.0,42.0
2025-12-25T12:10:45.213099,10775.354,3868,Index,motor_2_open,51.0,35.0625,5,31.0,30.0,29.0,30.0,30.0,29.0,31.0,30.0,30.0,32.0,32.0,51.0,48.0,42.0,44.0,42.0
2025-12-25T12:10:46.125048,10776.252,3869,Index,motor_1_flexed,51.0,35.0625,5,31.0,30.0,29.0,30.0,30.0,29.0,31.0,30.0,30.0,32.0,32.0,51.0,48.0,42.0,44.0,42.0
2025-12-25T12:10:48.012967,10778.151,3869,Index,motor_1_open,51.0,35.0625,5,31.0,30.0,29.0,30.0,30.0,29.0,31.0,30.0,30.0,32.0,32.0,51.0,48.0,42.0,44.0,42.0
2025-12-25T12:10:48.908919,10779.048,3870,Index,motor_3_flexed,51.0,35.0625,5,31.0,30.0,29.0,30.0,30.0,29.0,31.0,30.0,30.0,32.0,32.0,51.0,48.0,42.0,44.0,42.0
2025-12-25T12:10:50.796797,10780.933,3870,Index,motor_3_open,51.0,35.125,5,31.0,30.0,29.0,30.0,30.0,29.0,31.0,30.0,30.0,32.0,32.0,51.0,48.0,42.0,45.0,42.0
2025-12-25T12:10:51.692788,10781.831,3871,Middle,motor_11_flexed,51.0,35.0,5,31.0,30.0,29.0,30.0,30.0,29.0,31.0,30.0,30.0,32.0,32.0,51.0,48.0,42.0,44.0,41.0
2025-12-25T12:10:53.580679,10783.721,3871,Middle,motor_11_open,51.0,35.0625,5,31.0,30.0,29.0,30.0,30.0,29.0,31.0,30.0,30.0,32.0,32.0,51.0,48.0,42.0,44.0,42.0
2025-12-25T12:10:54.476630,10784.614,3872,Middle,motor_10_flexed,51.0,35.0625,5,31.0,30.0,29.0,30.0,30.0,29.0,31.0,30.0,30.0,32.0,32.0,51.0,48.0,42.0,44.0,42.0
2025-12-25T12:10:56.364522,10786.504,3872,Middle,motor_10_open,51.0,35.0625,5,31.0,30.0,29.0,30.0,30.0,29.0,31.0,30.0,30.0,32.0,32.0,51.0,48.0,42.0,44.0,42.0
2025-12-25T12:10:57.260477,10787.398,3873,Ring,motor_4_flexed,51.0,35.0625,5,31.0,30.0,29.0,30.0,30.0,29.0,31.0,30.0,30.0,32.0,32.0,51.0,48.0,42.0,44.0,42.0
2025-12-25T12:10:59.148379,10789.289,3873,Ring,motor_4_open,51.0,35.0625,5,31.0,30.0,29.0,30.0,30.0,29.0,31.0,30.0,30.0,32.0,32.0,51.0,48.0,42.0,44.0,42.0
2025-12-25T12:11:00.044344,10790.181,3874,Ring,motor_5_flexed,51.0,35.0625,5,31.0,30.0,29.0,30.0,30.0,29.0,31.0,30.0,30.0,32.0,32.0,51.0,48.0,42.0,44.0,42.0
2025-12-25T12:11:01.932247,10792.067,3874,Ring,motor_5_open,51.0,35.0625,5,31.0,30.0,29.0,30.0,30.0,29.0,31.0,30.0,30.0,32.0,32.0,51.0,48.0,42.0,44.0,42.0
2025-12-25T12:11:02.828200,10792.966,3875,Ring,motor_6_flexed,51.0,35.125,5,31.0,30.0,29.0,30.0,30.0,29.0,31.0,30.0,30.0,32.0,32.0,51.0,48.0,42.0,45.0,42.0
2025-12-25T12:11:04.716101,10794.856,3875,Ring,motor_6_open,51.0,35.0625,5,31.0,30.0,29.0,30.0,30.0,29.0,31.0,30.0,30.0,32.0,32.0,51.0,48.0,42.0,44.0,42.0
2025-12-25T12:11:05.612057,10795.749,3876,Pinky,motor_7_flexed,51.0,35.0625,5,31.0,30.0,29.0,30.0,30.0,29.0,31.0,30.0,30.0,32.0,32.0,51.0,48.0,42.0,44.0,42.0
2025-12-25T12:11:07.499958,10797.638,3876,Pinky,motor_7_open,51.0,35.0625,5,31.0,30.0,29.0,30.0,30.0,29.0,31.0,30.0,30.0,32.0,32.0,51.0,48.0,42.0,44.0,42.0
2025-12-25T12:11:08.395910,10798.535,3877,Pinky,motor_8_flexed,51.0,35.0,5,31.0,30.0,29.0,30.0,30.0,29.0,31.0,30.0,29.0,32.0,32.0,51.0,48.0,42.0,44.0,42.0
2025-12-25T12:11:09.979839,10800.122,3877,Pinky,motor_8_flex_hold,51.0,35.0,5,31.0,30.0,29.0,30.0,30.0,29.0,31.0,30.0,30.0,32.0,32.0,51.0,48.0,42.0,43.0,42.0
