timestamp,elapsed_sec,cycle_index,finger,stage,max_temp_c,mean_temp_c,chunk_index,m01_temp_c,m02_temp_c,m03_temp_c,m04_temp_c,m05_temp_c,m06_temp_c,m07_temp_c,m08_temp_c,m09_temp_c,m10_temp_c,m11_temp_c,m12_temp_c,m13_temp_c,m14_temp_c,m15_temp_c,m16_temp_c
2025-12-25T10:11:11.643100,3601.782,1293,Index,motor_1_open,51.0,34.625,2,31.0,29.0,28.0,30.0,30.0,28.0,30.0,30.0,29.0,31.0,32.0,51.0,47.0,42.0,44.0,42.0
2025-12-25T10:11:12.539059,3602.678,1294,Index,motor_3_flexed,51.0,34.5,2,31.0,29.0,28.0,30.0,30.0,28.0,30.0,30.0,29.0,31.0,32.0,51.0,47.0,42.0,43.0,41.0
2025-12-25T10:11:14.426984,3604.568,1294,Index,motor_3_open,51.0,34.5625,2,31.0,29.0,28.0,30.0,30.0,28.0,30.0,30.0,29.0,31.0,32.0,51.0,47.0,42.0,43.0,42.0
2025-12-25T10:11:15.322930,3605.462,1295,Middle,motor_11_flexed,51.0,34.625,2,31.0,29.0,29.0,30.0,30.0,28.0,30.0,30.0,29.0,31.0,32.0,51.0,47.0,42.0,44.0,41.0
2025-12-25T10:11:17.210840,3607.347,1295,Middle,motor_11_open,51.0,34.625,2,31.0,29.0,29.0,30.0,30.0,28.0,30.0,30.0,29.0,31.0,32.0,51.0,47.0,42.0,43.0,42.0
2025-12-25T10:11:18.106798,3608.244,1296,Middle,motor_10_flexed,51.0,34.5625,2,31.0,29.0,28.0,30.0,30.0,28.0,30.0,30.0,29.0,31.0,32.0,51.0,47.0,42.0,44.0,41.0
2025-12-25T10:11:19.994706,3610.134,1296,Middle,motor_10_open,51.0,34.625,2,31.0,29.0,28.0,30.0,30.0,28.0,30.0,30.0,29.0,31.0,32.0,51.0,47.0,42.0,44.0,42.0
2025-12-25T10:11:20.890662,3611.027,1297,Ring,motor_4_flexed,51.0,34.6875,2,31.0,29.0,29.0,30.0,30.0,28.0,30.0,30.0,29.0,31.0,32.0,51.0,47.0,42.0,44.0,42.0
2025-12-25T10:11:22.778564,3612.916,1297,Ring,motor_4_open,51.0,34.625,2,31.0,29.0,28.0,30.0,30.0,28.0,30.0,30.0,29.0,31.0,32.0,51.0,47.0,42.0,44.0,42.0
2025-12-25T10:11:23.674539,3613.81,1298,Ring,motor_5_flexed,51.0,34.5625,2,31.0,29.0,29.0,30.0,30.0,28.0,30.0,30.0,29.0,31.0,32.0,51.0,47.0,42.0,43.0,41.0
2025-12-25T10:11:25.562434,3615.698,1298,Ring,motor_5_open,51.0,34.625,2,31.0,29.0,29.0,30.0,30.0,28.0,30.0,30.0,29.0,31.0,32.0,51.0,47.0,42.0,43.0,42.0
2025-12-25T10:11:26.458394,3616.596,1299,Ring,motor_6_flexed,51.0,34.5625,2,31.0,29.0,28.0,30.0,30.0,28.0,30.0,30.0,29.0,31.0,32.0,51.0,47.0,42.0,44.0,41.0
2025-12-25T10:11:28.346300,3618.483,1299,Ring,motor_6_open,51.0,34.625,2,31.0,29.0,29.0,30.0,30.0,28.0,30.0,30.0,29.0,31.0,32.0,51.0,47.0,42.0,44.0,41.0
2025-12-25T10:11:29.242245,3619.38,1300,Pinky,motor_7_flexed,51.0,34.625,2,31.0,29.0,29.0,30.0,30.0,28.0,30.0,30.0,29.0,31.0,32.0,51.0,47.0,42.0,43.0,42.0
2025-12-25T10:11:31.130166,3621.265,1300,Pinky,motor_7_open,51.0,34.5625,2,31.0,29.0,28.0,30.0,30.0,28.0,30.0,30.0,29.0,31.0,32.0,51.0,47.0,42.0,44.0,41.0
2025-12-25T10:11:32.026124,3622.163,1301,Pinky,motor_8_flexed,51.0,34.5625,2,31.0,29.0,28.0,30.0,30.0,28.0,30.0,30.0,29.0,31.0,32.0,51.0,47.0,42.0,44.0,41.0
2025-12-25T10:11:33.914030,3624.052,1301,Pinky,motor_8_open,51.0,34.5625,2,31.0,29.0,28.0,30.0,30.0,28.0,30.0,30.0,29.0,31.0,32.0,51.0,47.0,42.0,44.0,41.0
2025-12-25T10:11:34.809987,3624.945,1302,Pinky,motor_9_flexed,51.0,34.625,2,31.0,29.0,29.0,30.0,30.0,28.0,30.0,30.0,29.0,31.0,32.0,51.0,47.0,42.0,44.0,41.0
2025-12-25T10:11:36.697890,3626.836,1302,Pinky,motor_9_open,51.0,34.625,2,31.0,29.0,28.0,30.0,30.0,28.0,30.0,30.0,29.0,31.0,32.0,51.0,47.0,42.0,44.0,42.0
2025-12-25T10:11:37.593857,3627.734,1303,Thumb,motor_13_flexed,51.0,34.5625,2,31.0,29.0,28.0,30.0,30.0,28.0,30.0,30.0,29.0,31.0,32.0,51.0,47.0,42.0,43.0,42.0
2025-12-25T10:11:39.481743,3629.619,1303,Thumb,motor_13_open,51.0,34.625,2,31.0,29.0,29.0,30.0,30.0,28.0,30.0,30.0,29.0,31.0,32.0,51.0,47.0,42.0,44.0,41.0
2025-12-25T10:11:40.377706,3630.509,1304,Thumb,motor_14_flexed,51.0,34.5,2,31.0,29.0,28.0,30.0,30.0,28.0,30.0,30.0,29.0,31.0,32.0,51.0,47.0,42.0,43.0,41.0
2025-12-25T10:11:42.265634,3632.401,1304,Thumb,motor_14_open,51.0,34.625,2,31.0,29.0,28.0,30.0,30.0,28.0,30.0,30.0,29.0,31.0,32.0,51.0,47.0,42.0,44.0,42.0
2025-12-25T10:11:43.161572,3633.299,1305,Thumb,motor_12_flexed,51.0,34.625,2,31.0,29.0,28.0,30.0,30.0,28.0,30.0,30.0,29.0,31.0,32.0,51.0,47.0,42.0,44.0,42.0
2025-12-25T10:11:45.049480,3635.186,1305,Thumb,motor_12_open,51.0,34.5,2,31.0,29.0,28.0,30.0,30.0,28.0,30.0,30.0,29.0,31.0,32.0,51.0,47.0,42.0,43.0,41.0
2025-12-25T10:11:45.945447,3636.083,1306,Index,motor_2_flexed,51.0,34.5,2,30.0,29.0,28.0,30.0,30.0,28.0,30.0,30.0,29.0,31.0,32.0,51.0,47.0,42.0,43.0,42.0
2025-12-25T10:11:47.833354,3637.97,1306,Index,motor_2_open,51.0,34.625,2,31.0,29.0,28.0,30.0,30.0,28.0,30.0,30.0,29.0,31.0,32.0,51.0,47.0,42.0,44.0,42.0
2025-12-25T10:11:48.729312,3638.867,1307,Index,motor_1_flexed,51.0,34.625,2,31.0,29.0,28.0,30.0,30.0,28.0,30.0,30.0,29.0,31.0,32.0,51.0,47.0,42.0,44.0,42.0
2025-12-25T10:11:50.617219,3640.754,1307,Index,motor_1_open,51.0,34.5625,2,31.0,29.0,28.0,30.0,30.0,28.0,30.0,30.0,29.0,31.0,32.0,51.0,47.0,42.0,44.0,41.0
2025-12-25T10:11:51.513176,3641.649,1308,Index,motor_3_flexed,51.0,34.5625,2,31.0,29.0,28.0,30.0,30.0,28.0,30.0,30.0,29.0,31.0,32.0,51.0,47.0,42.0,43.0,42.0
2025-12-25T10:11:53.401083,3643.541,1308,Index,motor_3_open,51.0,34.5625,2,31.0,29.0,28.0,30.0,30.0,28.0,30.0,30.0,29.0,31.0,32.0,51.0,47.0,42.0,44.0,41.0
2025-12-25T10:11:54.297039,3644.434,1309,Middle,motor_11_flexed,51.0,34.5625,2,31.0,29.0,28.0,30.0,30.0,28.0,30.0,30.0,29.0,31.0,32.0,51.0,47.0,42.0,43.0,42.0
2025-12-25T10:11:56.184948,3646.324,1309,Middle,motor_11_open,51.0,34.5625,2,31.0,29.0,28.0,30.0,30.0,28.0,30.0,30.0,29.0,31.0,32.0,51.0,47.0,42.0,43.0,42.0
2025-12-25T10:11:57.080905,3647.221,1310,Middle,motor_10_flexed,51.0,34.5625,2,31.0,29.0,28.0,30.0,30.0,28.0,30.0,30.0,29.0,31.0,32.0,51.0,47.0,42.0,44.0,41.0
2025-12-25T10:11:58.968811,3649.107,1310,Middle,motor_10_open,51.0,34.5625,2,31.0,29.0,28.0,30.0,30.0,28.0,30.0,30.0,29.0,31.0,32.0,51.0,47.0,42.0,44.0,41.0
2025-12-25T10:11:59.864787,3650.003,1311,Ring,motor_4_flexed,51.0,34.625,2,31.0,29.0,28.0,30.0,30.0,28.0,30.0,30.0,29.0,31.0,32.0,51.0,47.0,42.0,44.0,42.0
2025-12-25T10:12:01.752683,3651.892,1311,Ring,motor_4_open,51.0,34.625,2,31.0,29.0,28.0,30.0,30.0,28.0,30.0,30.0,29.0,31.0,32.0,51.0,47.0,42.0,44.0,42.0
2025-12-25T10:12:02.648639,3652.788,1312,Ring,motor_5_flexed,51.0,34.5625,2,31.0,29.0,28.0,30.0,30.0,28.0,30.0,30.0,29.0,31.0,32.0,51.0,47.0,42.0,44.0,41.0
2025-12-25T10:12:04.536531,3654.674,1312,Ring,motor_5_open,51.0,34.625,2,31.0,29.0,28.0,30.0,30.0,28.0,30.0,30.0,29.0,31.0,32.0,51.0,47.0,42.0,44.0,42.0
2025-12-25T10:12:05.432498,3655.568,1313,Ring,motor_6_flexed,51.0,34.625,2,31.0,29.0,28.0,30.0,30.0,28.0,30.0,30.0,29.0,31.0,32.0,51.0,47.0,42.0,44.0,42.0
2025-12-25T10:12:07.320425,3657.457,1313,Ring,motor_6_open,51.0,34.625,2,31.0,29.0,28.0,30.0,30.0,28.0,30.0,30.0,29.0,31.0,32.0,51.0,47.0,42.0,44.0,42.0
2025-12-25T10:12:08.216378,3658.355,1314,Pinky,motor_7_flexed,51.0,34.5625,2,31.0,29.0,28.0,30.0,30.0,28.0,30.0,30.0,29.0,31.0,32.0,51.0,47.0,42.0,44.0,41.0
2025-12-25T10:12:10.104290,3660.244,1314,Pinky,motor_7_open,51.0,34.5625,2,31.0,29.0,28.0,30.0,30.0,28.0,30.0,30.0,29.0,31.0,32.0,51.0,47.0,42.0,44.0,41.0
2025-12-25T10:12:11.000245,3661.138,1315,Pinky,motor_8_flexed,51.0,34.5625,2,31.0,29.0,28.0,30.0,30.0,28.0,30.0,30.0,29.0,31.0,32.0,51.0,47.0,42.0,43.0,42.0
2025-12-25T10:12:12.888152,3663.027,1315,Pinky,motor_8_open,51.0,34.5625,2,31.0,29.0,28.0,30.0,30.0,28.0,30.0,30.0,29.0,31.0,32.0,51.0,47.0,42.0,44.0,41.0
2025-12-25T10:12:13.784112,3663.922,1316,Pinky,motor_9_flexed,51.0,34.625,2,31.0,29.0,28.0,30.0,30.0,28.0,30.0,30.0,29.0,31.0,32.0,51.0,47.0,42.0,44.0,42.0
2025-12-25T10:12:15.672017,3665.81,1316,Pinky,motor_9_open,51.0,34.5,2,30.0,29.0,28.0,30.0,30.0,28.0,30.0,30.0,29.0,31.0,32.0,51.0,47.0,42.0,43.0,42.0
2025-12-25T10:12:16.567968,3666.705,1317,Thumb,motor_13_flexed,51.0,34.625,2,31.0,29.0,28.0,30.0,30.0,28.0,30.0,30.0,29.0,31.0,32.0,51.0,47.0,42.0,44.0,42.0
2025-12-25T10:12:18.455860,3668.593,1317,Thumb,motor_13_open,51.0,34.5625,2,31.0,29.0,28.0,30.0,30.0,28.0,30.0,30.0,29.0,31.0,32.0,51.0,47.0,42.0,44.0,41.0
2025-12-25T10:12:19.351808,3669.492,1318,Thumb,motor_14_flexed,51.0,34.5625,2,31.0,29.0,28.0,30.0,30.0,28.0,30.0,30.0,29.0,31.0,32.0,51.0,47.0,42.0,44.0,41.0
2025-12-25T10:12:21.239729,3671.376,1318,Thumb,motor_14_open,51.0,34.5,2,31.0,29.0,28.0,30.0,30.0,28.0,30.0,30.0,29.0,31.0,32.0,51.0,47.0,42.0,43.0,41.0
2025-12-25T10:12:22.135682,3672.272,1319,Thumb,motor_12_flexed,51.0,34.625,2,31.0,29.0,28.0,30.0,30.0,28.0,30.0,30.0,29.0,31.0,32.0,51.0,47.0,42.0,44.0,42.0
2025-12-25T10:12:24.023605,3674.162,1319,Thumb,motor_12_open,51.0,34.625,2,31.0,29.0,28.0,30.0,30.0,28.0,30.0,30.0,29.0,31.0,32.0,51.0,47.0,42.0,44.0,42.0
2025-12-25T10:12:24.919562,3675.058,1320,Index,motor_2_flexed,51.0,34.625,2,31.0,29.0,28.0,30.0,30.0,28.0,30.0,30.0,29.0,31.0,32.0,51.0,47.0,42.0,44.0,42.0
2025-12-25T10:12:26.807459,3676.947,1320,Index,motor_2_open,51.0,34.5,2,31.0,29.0,28.0,30.0,30.0,28.0,30.0,30.0,29.0,31.0,32.0,51.0,47.0,42.0,43.0,41.0
2025-12-25T10:12:27.703416,3677.842,1321,Index,motor_1_flexed,51.0,34.625,2,31.0,29.0,28.0,30.0,30.0,28.0,30.0,30.0,29.0,31.0,32.0,51.0,47.0,42.0,44.0,42.0
2025-12-25T10:12:29.591332,3679.729,1321,Index,motor_1_open,51.0,34.5625,2,31.0,29.0,28.0,30.0,30.0,28.0,30.0,30.0,29.0,31.0,32.0,51.0,47.0,42.0,44.0,41.0
2025-12-25T10:12:30.487294,3680.626,1322,Index,motor_3_flexed,51.0,34.5,2,31.0,29.0,28.0,30.0,30.0,28.0,30.0,30.0,29.0,31.0,32.0,51.0,47.0,42.0,43.0,41.0
2025-12-25T10:12:32.375194,3682.515,1322,Index,motor_3_open,51.0,34.625,2,31.0,29.0,28.0,30.0,30.0,28.0,30.0,30.0,29.0,31.0,32.0,51.0,47.0,42.0,44.0,42.0
2025-12-25T10:12:33.271151,3683.41,1323,Middle,motor_11_flexed,51.0,34.625,2,31.0,29.0,28.0,30.0,30.0,28.0,30.0,30.0,29.0,31.0,32.0,51.0,47.0,42.0,44.0,42.0
2025-12-25T10:12:35.159069,3685.293,1323,Middle,motor_11_open,51.0,34.625,2,31.0,29.0,28.0,30.0,30.0,28.0,30.0,30.0,29.0,31.0,32.0,51.0,47.0,42.0,44.0,42.0
2025-12-25T10:12:36.055007,3686.194,1324,Middle,motor_10_flexed,51.0,34.625,2,31.0,29.0,28.0,30.0,30.0,28.0,30.0,30.0,29.0,31.0,32.0,51.0,47.0,42.0,44.0,42.0
2025-12-25T10:12:37.942922,3688.081,1324,Middle,motor_10_open,51.0,34.5625,2,31.0,29.0,28.0,30.0,30.0,28.0,30.0,30.0,29.0,31.0,32.0,51.0,47.0,42.0,43.0,42.0
2025-12-25T10:12:38.838880,3688.98,1325,Ring,motor_4_flexed,51.0,34.625,2,31.0,29.0,28.0,30.0,30.0,28.0,30.0,30.0,29.0,31.0,32.0,51.0,47.0,42.0,44.0,42.0
2025-12-25T10:12:40.726782,3690.864,1325,Ring,motor_4_open,51.0,34.625,2,31.0,29.0,28.0,30.0,30.0,28.0,30.0,30.0,29.0,31.0,32.0,51.0,47.0,42.0,44.0,42.0
2025-12-25T10:12:41.622743,3691.758,1326,Ring,motor_5_flexed,51.0,34.5625,2,31.0,29.0,28.0,30.0,30.0,28.0,30.0,30.0,29.0,31.0,32.0,51.0,47.0,42.0,44.0,41.0
2025-12-25T10:12:43.510639,3693.647,1326,Ring,motor_5_open,51.0,34.6875,2,31.0,29.0,28.0,30.0,30.0,28.0,30.0,30.0,29.0,32.0,32.0,51.0,47.0,42.0,44.0,42.0
2025-12-25T10:12:44.406605,3694.544,1327,Ring,motor_6_flexed,51.0,34.625,2,31.0,29.0,28.0,30.0,30.0,28.0,30.0,30.0,29.0,31.0,32.0,51.0,47.0,42.0,44.0,42.0
2025-12-25T10:12:46.294501,3696.431,1327,Ring,motor_6_open,51.0,34.5625,2,31.0,29.0,28.0,30.0,30.0,28.0,30.0,30.0,29.0,31.0,32.0,51.0,47.0,42.0,44.0,41.0
2025-12-25T10:12:47.190469,3697.327,1328,Pinky,motor_7_flexed,51.0,34.5625,2,31.0,29.0,28.0,30.0,30.0,28.0,30.0,30.0,29.0,31.0,32.0,51.0,47.0,42.0,43.0,42.0
2025-12-25T10:12:49.078393,3699.217,1328,Pinky,motor_7_open,51.0,34.5625,2,31.0,29.0,28.0,30.0,30.0,28.0,30.0,30.0,29.0,31.0,32.0,51.0,47.0,42.0,44.0,41.0
2025-12-25T10:12:49.974335,3700.111,1329,Pinky,motor_8_flexed,51.0,34.6875,2,31.0,29.0,29.0,30.0,30.0,28.0,30.0,30.0,29.0,32.0,32.0,51.0,47.0,42.0,43.0,42.0
2025-12-25T10:12:51.862209,3701.998,1329,Pinky,motor_8_open,51.0,34.6875,2,31.0,29.0,28.0,30.0,30.0,28.0,30.0,30.0,29.0,31.0,32.0,51.0,47.0,42.0,44.0,43.0
2025-12-25T10:12:52.758167,3702.893,1330,Pinky,motor_9_flexed,51.0,34.625,2,31.0,29.0,28.0,30.0,30.0,28.0,30.0,30.0,29.0,31.0,32.0,51.0,47.0,42.0,44.0,42.0
2025-12-25T10:12:54.646074,3704.782,1330,Pinky,motor_9_open,51.0,34.5625,2,31.0,29.0,28.0,30.0,30.0,28.0,30.0,30.0,29.0,31.0,32.0,51.0,47.0,42.0,44.0,41.0
2025-12-25T10:12:55.542031,3705.682,1331,Thumb,motor_13_flexed,51.0,34.625,2,31.0,29.0,28.0,30.0,30.0,28.0,30.0,30.0,29.0,31.0,32.0,51.0,47.0,42.0,44.0,42.0
2025-12-25T10:12:57.429937,3707.567,1331,Thumb,motor_13_open,51.0,34.5,2,30.0,29.0,28.0,30.0,30.0,28.0,30.0,30.0,29.0,31.0,32.0,51.0,47.0,42.0,44.0,41.0
2025-12-25T10:12:58.325904,3708.457,1332,Thumb,motor_14_flexed,51.0,34.5625,2,31.0,29.0,28.0,30.0,30.0,28.0,30.0,30.0,29.0,31.0,32.0,51.0,47.0,42.0,43.0,42.0
2025-12-25T10:13:00.213804,3710.349,1332,Thumb,motor_14_open,51.0,34.625,2,31.0,29.0,28.0,30.0,30.0,28.0,30.0,30.0,29.0,31.0,32.0,51.0,47.0,42.0,44.0,42.0
2025-12-25T10:13:01.109767,3711.248,1333,Thumb,motor_12_flexed,51.0,34.5625,2,31.0,29.0,28.0,30.0,30.0,28.0,30.0,30.0,29.0,31.0,32.0,51.0,47.0,42.0,44.0,41.0
2025-12-25T10:13:02.997673,3713.135,1333,Thumb,motor_12_open,51.0,34.5,2,31.0,29.0,28.0,30.0,30.0,28.0,30.0,30.0,29.0,31.0,32.0,51.0,47.0,42.0,43.0,41.0
2025-12-25T10:13:03.893618,3714.03,1334,Index,motor_2_flexed,51.0,34.625,2,31.0,29.0,28.0,30.0,30.0,28.0,30.0,30.0,29.0,31.0,32.0,51.0,47.0,42.0,44.0,42.0
2025-12-25T10:13:05.781538,3715.915,1334,Index,motor_2_open,51.0,34.625,2,31.0,29.0,28.0,30.0,30.0,28.0,30.0,30.0,29.0,31.0,32.0,51.0,47.0,42.0,44.0,42.0
2025-12-25T10:13:06.677514,3716.817,1335,Index,motor_1_flexed,51.0,34.625,2,31.0,29.0,28.0,30.0,30.0,28.0,30.0,30.0,29.0,31.0,32.0,51.0,47.0,42.0,44.0,42.0
2025-12-25T10:13:08.565419,3718.704,1335,Index,motor_1_open,51.0,34.625,2,31.0,29.0,28.0,30.0,30.0,28.0,30.0,30.0,29.0,31.0,32.0,51.0,47.0,42.0,44.0,42.0
2025-12-25T10:13:09.461373,3719.598,1336,Index,motor_3_flexed,51.0,34.625,2,31.0,29.0,28.0,30.0,30.0,28.0,30.0,30.0,29.0,31.0,32.0,51.0,47.0,42.0,44.0,42.0
2025-12-25T10:13:10.549318,3720.688,1336,Index,motor_3_flex_hold,51.0,34.5625,2,31.0,29.0,28.0,30.0,30.0,28.0,30.0,30.0,29.0,31.0,32.0,51.0,47.0,42.0,44.0,41.0
2025-12-25T10:13:11.349280,3721.489,1336,Index,motor_3_open,51.0,34.5625,2,31.0,29.0,28.0,30.0,30.0,28.0,30.0,30.0,29.0,31.0,32.0,51.0,47.0,42.0,44.0,41.0
2025-12-25T10:13:12.245236,3722.384,1337,Middle,motor_11_flexed,51.0,34.625,2,31.0,29.0,28.0,30.0,30.0,28.0,30.0,30.0,29.0,31.0,32.0,51.0,47.0,42.0,44.0,42.0
2025-12-25T10:13:14.133138,3724.271,1337,Middle,motor_11_open,51.0,34.625,2,31.0,29.0,28.0,30.0,30.0,28.0,30.0,30.0,29.0,31.0,32.0,51.0,47.0,42.0,44.0,42.0
2025-12-25T10:13:15.029076,3725.166,1338,Middle,motor_10_flexed,51.0,34.6875,2,31.0,29.0,28.0,30.0,30.0,28.0,30.0,30.0,29.0,31.0,32.0,51.0,47.0,42.0,44.0,43.0
2025-12-25T10:13:16.916993,3727.053,1338,Middle,motor_10_open,51.0,34.5625,2,31.0,29.0,28.0,30.0,30.0,28.0,30.0,30.0,29.0,31.0,32.0,51.0,47.0,42.0,44.0,41.0
2025-12-25T10:13:17.812933,3727.944,1339,Ring,motor_4_flexed,51.0,34.5625,2,31.0,29.0,28.0,30.0,30.0,28.0,30.0,30.0,29.0,31.0,32.0,51.0,47.0,42.0,44.0,41.0
2025-12-25T10:13:19.700853,3729.839,1339,Ring,motor_4_open,51.0,34.625,2,31.0,29.0,28.0,30.0,30.0,28.0,30.0,30.0,29.0,31.0,32.0,51.0,47.0,42.0,44.0,42.0
2025-12-25T10:13:20.596824,3730.734,1340,Ring,motor_5_flexed,51.0,34.625,2,31.0,29.0,28.0,30.0,30.0,28.0,30.0,30.0,29.0,31.0,32.0,51.0,47.0,42.0,44.0,42.0
2025-12-25T10:13:22.484733,3732.622,1340,Ring,motor_5_open,51.0,34.5625,2,31.0,29.0,28.0,30.0,30.0,28.0,30.0,30.0,29.0,31.0,32.0,51.0,47.0,42.0,43.0,42.0
2025-12-25T10:13:23.380685,3733.517,1341,Ring,motor_6_flexed,51.0,34.5625,2,31.0,29.0,28.0,30.0,30.0,28.0,30.0,30.0,29.0,31.0,32.0,51.0,47.0,42.0,43.0,42.0
2025-12-25T10:13:25.268593,3735.406,1341,Ring,motor_6_open,51.0,34.5625,2,31.0,29.0,28.0,30.0,30.0,28.0,30.0,30.0,29.0,31.0,32.0,51.0,47.0,42.0,44.0,41.0
2025-12-25T10:13:26.164525,3736.295,1342,Pinky,motor_7_flexed,51.0,34.5625,2,31.0,29.0,28.0,30.0,30.0,28.0,30.0,30.0,29.0,31.0,32.0,51.0,47.0,42.0,43.0,42.0
2025-12-25T10:13:28.052438,3738.191,1342,Pinky,motor_7_open,51.0,34.5625,2,31.0,29.0,28.0,30.0,30.0,28.0,30.0,30.0,29.0,31.0,32.0,51.0,47.0,42.0,44.0,41.0
2025-12-25T10:13:28.948392,3739.087,1343,Pinky,motor_8_flexed,51.0,34.625,2,31.0,29.0,28.0,30.0,30.0,28.0,30.0,30.0,29.0,31.0,32.0,51.0,47.0,42.0,44.0,42.0
2025-12-25T10:13:30.836298,3740.975,1343,Pinky,motor_8_open,51.0,34.5,2,31.0,29.0,28.0,30.0,30.0,28.0,30.0,30.0,29.0,31.0,32.0,51.0,47.0,42.0,43.0,41.0
2025-12-25T10:13:31.732247,3741.869,1344,Pinky,motor_9_flexed,51.0,34.625,2,31.0,29.0,28.0,30.0,30.0,28.0,30.0,30.0,29.0,31.0,32.0,51.0,47.0,42.0,44.0,42.0
2025-12-25T10:13:33.620159,3743.757,1344,Pinky,motor_9_open,51.0,34.625,2,31.0,29.0,28.0,30.0,30.0,28.0,30.0,30.0,29.0,31.0,32.0,51.0,47.0,42.0,44.0,42.0
2025-12-25T10:13:34.516106,3744.653,1345,Thumb,motor_13_flexed,51.0,34.5,2,31.0,29.0,28.0,30.0,30.0,28.0,30.0,30.0,29.0,31.0,32.0,51.0,47.0,42.0,43.0,41.0
2025-12-25T10:13:36.404014,3746.541,1345,Thumb,motor_13_open,51.0,34.625,2,31.0,29.0,28.0,30.0,30.0,28.0,30.0,30.0,29.0,31.0,32.0,51.0,47.0,42.0,44.0,42.0
2025-12-25T10:13:37.299970,3747.439,1346,Thumb,motor_14_flexed,51.0,34.5625,2,31.0,29.0,28.0,30.0,30.0,28.0,30.0,30.0,29.0,31.0,32.0,51.0,47.0,42.0,43.0,42.0
2025-12-25T10:13:39.187875,3749.326,1346,Thumb,motor_14_open,51.0,34.625,2,31.0,29.0,28.0,30.0,30.0,28.0,30.0,30.0,29.0,31.0,32.0,51.0,47.0,42.0,44.0,42.0
2025-12-25T10:13:40.083837,3750.217,1347,Thumb,motor_12_flexed,51.0,34.625,2,31.0,29.0,28.0,30.0,30.0,28.0,30.0,30.0,29.0,31.0,32.0,51.0,47.0,42.0,44.0,42.0
2025-12-25T10:13:41.971736,3752.107,1347,Thumb,motor_12_open,51.0,34.625,2,31.0,29.0,28.0,30.0,30.0,28.0,30.0,30.0,29.0,31.0,32.0,51.0,47.0,42.0,44.0,42.0
2025-12-25T10:13:42.867692,3753.007,1348,Index,motor_2_flexed,51.0,34.625,2,31.0,29.0,28.0,30.0,30.0,28.0,30.0,30.0,29.0,31.0,32.0,51.0,47.0,42.0,44.0,42.0
2025-12-25T10:13:44.755611,3754.894,1348,Index,motor_2_open,51.0,34.625,2,31.0,29.0,28.0,30.0,30.0,28.0,30.0,30.0,29.0,31.0,32.0,51.0,47.0,42.0,44.0,42.0
2025-12-25T10:13:45.651565,3755.79,1349,Index,motor_1_flexed,51.0,34.5625,2,31.0,29.0,28.0,30.0,30.0,28.0,30.0,30.0,29.0,31.0,32.0,51.0,47.0,42.0,44.0,41.0
2025-12-25T10:13:47.539460,3757.676,1349,Index,motor_1_open,51.0,34.625,2,31.0,29.0,28.0,30.0,30.0,28.0,30.0,30.0,29.0,31.0,32.0,51.0,47.0,42.0,44.0,42.0
2025-12-25T10:13:48.435415,3758.573,1350,Index,motor_3_flexed,51.0,34.625,2,31.0,29.0,28.0,30.0,30.0,28.0,30.0,30.0,29.0,31.0,32.0,51.0,47.0,42.0,44.0,42.0
2025-12-25T10:13:50.323332,3760.461,1350,Index,motor_3_open,51.0,34.625,2,31.0,29.0,28.0,30.0,30.0,28.0,30.0,30.0,29.0,31.0,32.0,51.0,47.0,42.0,44.0,42.0
2025-12-25T10:13:51.219295,3761.355,1351,Middle,motor_11_flexed,51.0,34.5,2,31.0,29.0,28.0,30.0,30.0,28.0,30.0,30.0,29.0,31.0,32.0,51.0,47.0,42.0,43.0,41.0
2025-12-25T10:13:53.107193,3763.245,1351,Middle,motor_11_open,51.0,34.625,2,31.0,29.0,28.0,30.0,30.0,28.0,30.0,30.0,29.0,31.0,32.0,51.0,47.0,42.0,44.0,42.0
2025-12-25T10:13:54.003151,3764.141,1352,Middle,motor_10_flexed,51.0,34.625,2,31.0,29.0,28.0,30.0,30.0,28.0,30.0,30.0,29.0,31.0,32.0,51.0,47.0,42.0,44.0,42.0
2025-12-25T10:13:55.891066,3766.031,1352,Middle,motor_10_open,51.0,34.625,2,31.0,29.0,28.0,30.0,30.0,28.0,30.0,30.0,29.0,31.0,32.0,51.0,47.0,42.0,43.0,43.0
2025-12-25T10:13:56.787014,3766.924,1353,Ring,motor_4_flexed,51.0,34.625,2,31.0,29.0,28.0,30.0,30.0,28.0,30.0,30.0,29.0,31.0,32.0,51.0,47.0,42.0,44.0,42.0
2025-12-25T10:13:58.674917,3768.813,1353,Ring,motor_4_open,51.0,34.5,2,31.0,29.0,28.0,30.0,30.0,28.0,30.0,30.0,29.0,31.0,32.0,51.0,47.0,42.0,43.0,41.0
2025-12-25T10:13:59.570873,3769.709,1354,Ring,motor_5_flexed,51.0,34.5625,2,31.0,29.0,28.0,30.0,30.0,28.0,30.0,30.0,29.0,31.0,32.0,51.0,47.0,42.0,44.0,41.0
2025-12-25T10:14:01.458779,3771.596,1354,Ring,motor_5_open,51.0,34.5625,2,31.0,29.0,28.0,30.0,30.0,28.0,30.0,30.0,29.0,31.0,32.0,51.0,47.0,42.0,44.0,41.0
2025-12-25T10:14:02.354736,3772.491,1355,Ring,motor_6_flexed,51.0,34.625,2,31.0,29.0,28.0,30.0,30.0,28.0,30.0,30.0,29.0,31.0,32.0,51.0,47.0,42.0,44.0,42.0
2025-12-25T10:14:04.242640,3774.378,1355,Ring,motor_6_open,51.0,34.5625,2,30.0,29.0,28.0,30.0,30.0,28.0,30.0,30.0,29.0,31.0,32.0,51.0,47.0,42.0,44.0,42.0
2025-12-25T10:14:05.138606,3775.272,1356,Pinky,motor_7_flexed,51.0,34.5625,2,31.0,29.0,28.0,30.0,30.0,28.0,30.0,30.0,29.0,31.0,32.0,51.0,47.0,42.0,43.0,42.0
2025-12-25T10:14:07.026502,3777.163,1356,Pinky,motor_7_open,51.0,34.5625,2,31.0,29.0,28.0,30.0,30.0,28.0,30.0,30.0,29.0,31.0,32.0,51.0,47.0,42.0,43.0,42.0
2025-12-25T10:14:07.922452,3778.059,1357,Pinky,motor_8_flexed,51.0,34.5,2,31.0,29.0,28.0,30.0,30.0,28.0,30.0,30.0,29.0,31.0,32.0,51.0,47.0,42.0,43.0,41.0
2025-12-25T10:14:09.810358,3779.941,1357,Pinky,motor_8_open,51.0,34.625,2,31.0,29.0,28.0,30.0,30.0,28.0,30.0,30.0,29.0,31.0,32.0,51.0,47.0,42.0,44.0,42.0
2025-12-25T10:14:10.402337,3780.536,1357,Pinky,motor_8_open_hold,51.0,34.625,2,31.0,29.0,28.0,30.0,30.0,28.0,30.0,30.0,29.0,31.0,32.0,51.0,47.0,42.0,44.0,42.0
2025-12-25T10:14:10.802307,3780.938,1358,Pinky,motor_9_flexed,51.0,34.5,2,31.0,29.0,28.0,30.0,30.0,28.0,30.0,30.0,29.0,31.0,32.0,51.0,47.0,42.0,43.0,41.0
2025-12-25T10:14:12.690212,3782.826,1358,Pinky,motor_9_open,51.0,34.5625,2,31.0,29.0,28.0,30.0,30.0,28.0,30.0,30.0,29.0,31.0,32.0,51.0,47.0,42.0,44.0,41.0
2025-12-25T10:14:13.586168,3783.726,1359,Thumb,motor_13_flexed,51.0,34.5625,2,30.0,29.0,28.0,30.0,30.0,28.0,30.0,30.0,29.0,31.0,32.0,51.0,47.0,42.0,44.0,42.0
2025-12-25T10:14:15.474086,3785.612,1359,Thumb,motor_13_open,51.0,34.5625,2,31.0,29.0,28.0,30.0,30.0,28.0,30.0,30.0,29.0,31.0,32.0,51.0,47.0,42.0,44.0,41.0
2025-12-25T10:14:16.370040,3786.506,1360,Thumb,motor_14_flexed,51.0,34.625,2,31.0,29.0,28.0,30.0,30.0,28.0,30.0,30.0,29.0,31.0,32.0,51.0,47.0,42.0,44.0,42.0
2025-12-25T10:14:18.257942,3788.395,1360,Thumb,motor_14_open,51.0,34.625,2,31.0,29.0,28.0,30.0,30.0,28.0,30.0,30.0,29.0,31.0,32.0,51.0,47.0,42.0,44.0,42.0
2025-12-25T10:14:19.153901,3789.293,1361,Thumb,motor_12_flexed,51.0,34.5625,2,31.0,29.0,28.0,30.0,30.0,28.0,30.0,30.0,29.0,31.0,32.0,51.0,47.0,42.0,44.0,41.0
2025-12-25T10:14:21.041804,3791.18,1361,Thumb,motor_12_open,51.0,34.625,2,31.0,29.0,28.0,30.0,30.0,28.0,30.0,30.0,29.0,31.0,32.0,51.0,47.0,42.0,44.0,42.0
2025-12-25T10:14:21.937751,3792.075,1362,Index,motor_2_flexed,51.0,34.5625,2,31.0,29.0,28.0,30.0,30.0,28.0,30.0,30.0,29.0,31.0,32.0,51.0,47.0,42.0,43.0,42.0
2025-12-25T10:14:23.825656,3793.956,1362,Index,motor_2_open,51.0,34.6875,2,31.0,29.0,28.0,30.0,30.0,28.0,30.0,30.0,29.0,31.0,32.0,51.0,47.0,42.0,45.0,42.0
2025-12-25T10:14:24.721611,3794.853,1363,Index,motor_1_flexed,51.0,34.5625,2,31.0,29.0,28.0,30.0,30.0,28.0,30.0,30.0,29.0,31.0,32.0,51.0,47.0,42.0,44.0,41.0
2025-12-25T10:14:26.609516,3796.748,1363,Index,motor_1_open,51.0,34.5,2,31.0,29.0,28.0,30.0,30.0,28.0,30.0,30.0,29.0,31.0,32.0,51.0,47.0,42.0,43.0,41.0
2025-12-25T10:14:27.505483,3797.644,1364,Index,motor_3_flexed,51.0,34.625,2,31.0,29.0,28.0,30.0,30.0,28.0,30.0,30.0,29.0,31.0,32.0,51.0,47.0,42.0,44.0,42.0
2025-12-25T10:14:29.393389,3799.531,1364,Index,motor_3_open,51.0,34.625,2,31.0,29.0,28.0,30.0,30.0,28.0,30.0,30.0,29.0,31.0,32.0,51.0,47.0,42.0,44.0,42.0
2025-12-25T10:14:30.289343,3800.426,1365,Middle,motor_11_flexed,51.0,34.6875,2,31.0,29.0,28.0,30.0,30.0,28.0,30.0,30.0,29.0,31.0,32.0,51.0,47.0,42.0,45.0,42.0
2025-12-25T10:14:32.177250,3802.316,1365,Middle,motor_11_open,51.0,34.625,2,31.0,29.0,29.0,30.0,30.0,28.0,30.0,30.0,29.0,31.0,32.0,51.0,47.0,42.0,44.0,41.0
2025-12-25T10:14:33.073206,3803.214,1366,Middle,motor_10_flexed,51.0,34.625,2,31.0,29.0,28.0,30.0,30.0,28.0,30.0,30.0,29.0,31.0,32.0,51.0,47.0,42.0,44.0,42.0
2025-12-25T10:14:34.961112,3805.099,1366,Middle,motor_10_open,51.0,34.625,2,31.0,29.0,28.0,30.0,30.0,28.0,30.0,30.0,29.0,31.0,32.0,51.0,47.0,42.0,44.0,42.0
2025-12-25T10:14:35.857065,3805.994,1367,Ring,motor_4_flexed,51.0,34.5625,2,31.0,29.0,28.0,30.0,30.0,28.0,30.0,30.0,29.0,31.0,32.0,51.0,47.0,42.0,44.0,41.0
2025-12-25T10:14:37.744972,3807.884,1367,Ring,motor_4_open,51.0,34.5625,2,31.0,29.0,28.0,30.0,30.0,28.0,30.0,30.0,29.0,31.0,32.0,51.0,47.0,42.0,44.0,41.0
2025-12-25T10:14:38.640927,3808.78,1368,Ring,motor_5_flexed,51.0,34.5,2,31.0,29.0,28.0,30.0,30.0,28.0,30.0,30.0,29.0,31.0,32.0,51.0,47.0,42.0,43.0,41.0
2025-12-25T10:14:40.528832,3810.668,1368,Ring,motor_5_open,51.0,34.5625,2,31.0,29.0,28.0,30.0,30.0,28.0,30.0,30.0,29.0,31.0,32.0,51.0,47.0,42.0,44.0,41.0
2025-12-25T10:14:41.424821,3811.563,1369,Ring,motor_6_flexed,51.0,34.625,2,31.0,29.0,28.0,30.0,30.0,28.0,30.0,30.0,29.0,31.0,32.0,51.0,47.0,42.0,44.0,42.0
2025-12-25T10:14:43.312725,3813.453,1369,Ring,motor_6_open,51.0,34.625,2,31.0,29.0,28.0,30.0,30.0,28.0,30.0,30.0,29.0,31.0,32.0,51.0,47.0,42.0,44.0,42.0
2025-12-25T10:14:44.208682,3814.348,1370,Pinky,motor_7_flexed,51.0,34.5,2,31.0,29.0,28.0,30.0,30.0,28.0,30.0,30.0,29.0,31.0,32.0,51.0,47.0,42.0,43.0,41.0
2025-12-25T10:14:46.096583,3816.237,1370,Pinky,motor_7_open,51.0,34.5625,2,31.0,29.0,28.0,30.0,30.0,28.0,30.0,30.0,29.0,31.0,32.0,51.0,47.0,42.0,44.0,41.0
2025-12-25T10:14:46.992544,3817.131,1371,Pinky,motor_8_flexed,51.0,34.625,2,31.0,29.0,28.0,30.0,30.0,28.0,30.0,30.0,29.0,31.0,32.0,51.0,47.0,42.0,44.0,42.0
2025-12-25T10:14:48.880454,3819.02,1371,Pinky,motor_8_open,51.0,34.5625,2,31.0,29.0,28.0,30.0,30.0,28.0,30.0,30.0,29.0,31.0,32.0,51.0,47.0,42.0,43.0,42.0
2025-12-25T10:14:49.776404,3819.916,1372,Pinky,motor_9_flexed,51.0,34.625,2,31.0,29.0,28.0,30.0,30.0,28.0,30.0,30.0,29.0,31.0,32.0,51.0,47.0,42.0,44.0,42.0
2025-12-25T10:14:51.664296,3821.804,1372,Pinky,motor_9_open,51.0,34.6875,2,31.0,29.0,29.0,30.0,30.0,28.0,30.0,30.0,29.0,31.0,32.0,51.0,47.0,42.0,44.0,42.0
2025-12-25T10:14:52.560258,3822.7,1373,Thumb,motor_13_flexed,51.0,34.625,2,31.0,29.0,28.0,30.0,30.0,28.0,30.0,30.0,29.0,31.0,32.0,51.0,47.0,42.0,44.0,42.0
2025-12-25T10:14:54.448171,3824.587,1373,Thumb,motor_13_open,51.0,34.5625,2,31.0,29.0,29.0,30.0,30.0,28.0,30.0,30.0,29.0,31.0,32.0,51.0,47.0,42.0,43.0,41.0
2025-12-25T10:14:55.344126,3825.486,1374,Thumb,motor_14_flexed,51.0,34.5625,2,30.0,29.0,28.0,30.0,30.0,28.0,30.0,30.0,29.0,31.0,32.0,51.0,47.0,42.0,44.0,42.0
2025-12-25T10:14:57.232031,3827.374,1374,Thumb,motor_14_open,51.0,34.5,2,31.0,29.0,28.0,30.0,30.0,28.0,30.0,30.0,29.0,31.0,32.0,51.0,47.0,42.0,44.0,40.0
2025-12-25T10:14:58.127992,3828.266,1375,Thumb,motor_12_flexed,51.0,34.5625,2,31.0,29.0,28.0,30.0,30.0,28.0,30.0,30.0,29.0,31.0,32.0,51.0,47.0,42.0,44.0,41.0
2025-12-25T10:15:00.015893,3830.152,1375,Thumb,motor_12_open,51.0,34.5625,2,31.0,29.0,28.0,30.0,30.0,28.0,30.0,30.0,29.0,31.0,32.0,51.0,47.0,42.0,44.0,41.0
2025-12-25T10:15:00.911845,3831.049,1376,Index,motor_2_flexed,51.0,34.5625,2,30.0,29.0,28.0,30.0,30.0,28.0,30.0,30.0,29.0,31.0,32.0,51.0,47.0,42.0,44.0,42.0
2025-12-25T10:15:02.799762,3832.937,1376,Index,motor_2_open,51.0,34.5625,2,31.0,29.0,28.0,30.0,30.0,28.0,30.0,30.0,29.0,31.0,32.0,51.0,47.0,42.0,44.0,41.0
2025-12-25T10:15:03.695708,3833.834,1377,Index,motor_1_flexed,51.0,34.5,2,31.0,29.0,28.0,30.0,30.0,28.0,30.0,30.0,29.0,31.0,32.0,51.0,47.0,42.0,43.0,41.0
2025-12-25T10:15:05.583613,3835.723,1377,Index,motor_1_open,51.0,34.5,2,31.0,29.0,28.0,30.0,30.0,28.0,30.0,30.0,29.0,31.0,32.0,51.0,47.0,42.0,43.0,41.0
2025-12-25T10:15:06.479569,3836.618,1378,Index,motor_3_flexed,51.0,34.5625,2,31.0,29.0,28.0,30.0,30.0,28.0,30.0,30.0,29.0,31.0,32.0,51.0,47.0,42.0,43.0,42.0
2025-12-25T10:15:08.367474,3838.507,1378,Index,motor_3_open,51.0,34.5,2,31.0,29.0,28.0,30.0,30.0,28.0,30.0,30.0,29.0,31.0,32.0,51.0,47.0,42.0,43.0,41.0
2025-12-25T10:15:09.263429,3839.402,1379,Middle,motor_11_flexed,51.0,34.5625,2,31.0,29.0,28.0,30.0,30.0,28.0,30.0,30.0,29.0,31.0,32.0,51.0,47.0,42.0,43.0,42.0
2025-12-25T10:15:10.351375,3840.49,1379,Middle,motor_11_flex_hold,51.0,34.625,2,31.0,29.0,29.0,30.0,30.0,28.0,30.0,30.0,29.0,31.0,32.0,51.0,47.0,42.0,43.0,42.0
2025-12-25T10:15:11.151337,3841.29,1379,Middle,motor_11_open,51.0,34.5625,2,31.0,29.0,29.0,30.0,30.0,28.0,30.0,30.0,29.0,31.0,32.0,51.0,47.0,42.0,43.0,41.0
2025-12-25T10:15:12.047301,3842.184,1380,Middle,motor_10_flexed,51.0,34.625,2,31.0,29.0,29.0,30.0,30.0,28.0,30.0,30.0,29.0,31.0,32.0,51.0,47.0,42.0,43.0,42.0
2025-12-25T10:15:13.935196,3844.075,1380,Middle,motor_10_open,51.0,34.5625,2,31.0,29.0,28.0,30.0,30.0,28.0,30.0,30.0,29.0,31.0,32.0,51.0,47.0,42.0,44.0,41.0
2025-12-25T10:15:14.831150,3844.964,1381,Ring,motor_4_flexed,51.0,34.625,2,31.0,29.0,29.0,30.0,30.0,28.0,30.0,30.0,29.0,31.0,32.0,51.0,47.0,42.0,43.0,42.0
2025-12-25T10:15:16.719071,3846.86,1381,Ring,motor_4_open,51.0,34.5625,2,31.0,29.0,29.0,30.0,30.0,28.0,30.0,30.0,29.0,31.0,32.0,51.0,47.0,42.0,43.0,41.0
2025-12-25T10:15:17.615010,3847.751,1382,Ring,motor_5_flexed,51.0,34.5,2,31.0,29.0,28.0,30.0,30.0,28.0,30.0,30.0,29.0,31.0,32.0,51.0,47.0,42.0,43.0,41.0
2025-12-25T10:15:19.502915,3849.642,1382,Ring,motor_5_open,51.0,34.625,2,31.0,29.0,28.0,30.0,30.0,28.0,30.0,30.0,29.0,32.0,32.0,51.0,47.0,42.0,43.0,42.0
2025-12-25T10:15:20.398872,3850.537,1383,Ring,motor_6_flexed,51.0,34.5,2,31.0,29.0,28.0,30.0,30.0,28.0,30.0,30.0,29.0,31.0,32.0,51.0,47.0,42.0,43.0,41.0
2025-12-25T10:15:22.286776,3852.427,1383,Ring,motor_6_open,51.0,34.625,2,31.0,29.0,28.0,30.0,30.0,28.0,30.0,30.0,29.0,31.0,32.0,51.0,47.0,42.0,44.0,42.0
2025-12-25T10:15:23.182732,3853.322,1384,Pinky,motor_7_flexed,51.0,34.5625,2,31.0,29.0,28.0,30.0,30.0,28.0,30.0,30.0,29.0,31.0,32.0,51.0,47.0,42.0,44.0,41.0
2025-12-25T10:15:25.070637,3855.209,1384,Pinky,motor_7_open,51.0,34.625,2,31.0,29.0,28.0,30.0,30.0,28.0,30.0,30.0,29.0,31.0,32.0,51.0,47.0,42.0,44.0,42.0
2025-12-25T10:15:25.966607,3856.107,1385,Pinky,motor_8_flexed,51.0,34.625,2,31.0,29.0,28.0,30.0,30.0,28.0,30.0,30.0,29.0,32.0,32.0,51.0,47.0,42.0,44.0,41.0
2025-12-25T10:15:27.854499,3857.992,1385,Pinky,motor_8_open,51.0,34.625,2,31.0,29.0,28.0,30.0,30.0,28.0,30.0,30.0,29.0,31.0,32.0,51.0,47.0,42.0,44.0,42.0
2025-12-25T10:15:28.750450,3858.888,1386,Pinky,motor_9_flexed,51.0,34.5,2,31.0,29.0,28.0,30.0,30.0,28.0,30.0,30.0,29.0,31.0,32.0,51.0,47.0,42.0,43.0,41.0
2025-12-25T10:15:30.638355,3860.775,1386,Pinky,motor_9_open,51.0,34.625,2,31.0,29.0,28.0,30.0,30.0,28.0,30.0,30.0,29.0,31.0,32.0,51.0,47.0,42.0,44.0,42.0
2025-12-25T10:15:31.534282,3861.673,1387,Thumb,motor_13_flexed,51.0,34.5625,2,31.0,29.0,28.0,30.0,30.0,28.0,30.0,30.0,29.0,31.0,32.0,51.0,47.0,42.0,43.0,42.0
2025-12-25T10:15:33.422210,3863.559,1387,Thumb,motor_13_open,51.0,34.5625,2,31.0,29.0,28.0,30.0,30.0,28.0,30.0,30.0,29.0,31.0,32.0,51.0,47.0,42.0,44.0,41.0
2025-12-25T10:15:34.318171,3864.456,1388,Thumb,motor_14_flexed,51.0,34.6875,2,31.0,29.0,28.0,30.0,30.0,28.0,30.0,30.0,29.0,32.0,32.0,51.0,47.0,42.0,44.0,42.0
2025-12-25T10:15:36.206070,3866.345,1388,Thumb,motor_14_open,51.0,34.5625,2,31.0,29.0,28.0,30.0,30.0,28.0,30.0,30.0,29.0,31.0,32.0,51.0,47.0,42.0,43.0,42.0
2025-12-25T10:15:37.101993,3867.238,1389,Thumb,motor_12_flexed,51.0,34.5625,2,31.0,29.0,28.0,30.0,30.0,28.0,30.0,30.0,29.0,31.0,32.0,51.0,47.0,42.0,44.0,41.0
2025-12-25T10:15:38.989929,3869.13,1389,Thumb,motor_12_open,51.0,34.625,2,31.0,29.0,28.0,30.0,30.0,28.0,30.0,30.0,29.0,31.0,32.0,51.0,47.0,42.0,44.0,42.0
2025-12-25T10:15:39.885892,3870.022,1390,Index,motor_2_flexed,51.0,34.5,2,31.0,29.0,28.0,30.0,30.0,28.0,30.0,30.0,29.0,31.0,32.0,51.0,47.0,42.0,44.0,40.0
2025-12-25T10:15:41.773794,3871.913,1390,Index,motor_2_open,51.0,34.625,2,31.0,29.0,28.0,30.0,30.0,28.0,30.0,30.0,29.0,31.0,32.0,51.0,47.0,42.0,44.0,42.0
2025-12-25T10:15:42.669747,3872.81,1391,Index,motor_1_flexed,51.0,34.5625,2,30.0,29.0,28.0,30.0,30.0,28.0,30.0,30.0,29.0,31.0,32.0,51.0,47.0,42.0,44.0,42.0
2025-12-25T10:15:44.557656,3874.693,1391,Index,motor_1_open,51.0,34.5,2,30.0,29.0,28.0,30.0,30.0,28.0,30.0,30.0,29.0,31.0,32.0,51.0,47.0,42.0,44.0,41.0
2025-12-25T10:15:45.453607,3875.591,1392,Index,motor_3_flexed,51.0,34.5,2,31.0,29.0,28.0,30.0,30.0,28.0,30.0,30.0,29.0,31.0,32.0,51.0,47.0,42.0,43.0,41.0
2025-12-25T10:15:47.341512,3877.481,1392,Index,motor_3_open,51.0,34.625,2,31.0,29.0,28.0,30.0,30.0,28.0,30.0,30.0,29.0,31.0,32.0,51.0,47.0,42.0,44.0,42.0
2025-12-25T10:15:48.237467,3878.377,1393,Middle,motor_11_flexed,51.0,34.5,2,31.0,29.0,28.0,30.0,30.0,28.0,30.0,30.0,29.0,31.0,32.0,51.0,47.0,42.0,43.0,41.0
2025-12-25T10:15:50.125346,3880.263,1393,Middle,motor_11_open,51.0,34.5625,2,31.0,29.0,28.0,30.0,30.0,28.0,30.0,30.0,29.0,31.0,32.0,51.0,47.0,42.0,43.0,42.0
2025-12-25T10:15:51.021327,3881.156,1394,Middle,motor_10_flexed,51.0,34.5625,2,31.0,29.0,28.0,30.0,30.0,28.0,30.0,30.0,29.0,31.0,32.0,51.0,47.0,42.0,44.0,41.0
2025-12-25T10:15:52.909232,3883.046,1394,Middle,motor_10_open,51.0,34.5,2,31.0,29.0,28.0,30.0,30.0,28.0,30.0,30.0,29.0,31.0,32.0,51.0,47.0,42.0,43.0,41.0
2025-12-25T10:15:53.805186,3883.946,1395,Ring,motor_4_flexed,51.0,34.625,2,31.0,29.0,28.0,30.0,30.0,28.0,30.0,30.0,29.0,31.0,32.0,51.0,47.0,42.0,44.0,42.0
2025-12-25T10:15:55.693067,3885.835,1395,Ring,motor_4_open,51.0,34.5625,2,31.0,29.0,28.0,30.0,30.0,28.0,30.0,30.0,29.0,31.0,32.0,51.0,47.0,42.0,44.0,41.0
2025-12-25T10:15:56.589018,3886.726,1396,Ring,motor_5_flexed,51.0,34.5625,2,31.0,29.0,28.0,30.0,30.0,28.0,30.0,30.0,29.0,31.0,32.0,51.0,47.0,42.0,44.0,41.0
2025-12-25T10:15:58.476905,3888.615,1396,Ring,motor_5_open,51.0,34.5625,2,31.0,29.0,28.0,30.0,30.0,28.0,30.0,30.0,29.0,31.0,32.0,51.0,47.0,42.0,43.0,42.0
2025-12-25T10:15:59.372876,3889.509,1397,Ring,motor_6_flexed,51.0,34.5625,2,31.0,29.0,28.0,30.0,30.0,28.0,30.0,30.0,29.0,31.0,32.0,51.0,47.0,42.0,44.0,41.0
2025-12-25T10:16:01.260783,3891.4,1397,Ring,motor_6_open,51.0,34.625,2,31.0,29.0,28.0,30.0,30.0,28.0,30.0,30.0,29.0,31.0,32.0,51.0,47.0,42.0,44.0,42.0
2025-12-25T10:16:02.156727,3892.296,1398,Pinky,motor_7_flexed,51.0,34.625,2,31.0,29.0,28.0,30.0,30.0,28.0,30.0,30.0,29.0,31.0,32.0,51.0,47.0,42.0,44.0,42.0
2025-12-25T10:16:04.044630,3894.183,1398,Pinky,motor_7_open,51.0,34.625,2,31.0,29.0,29.0,30.0,30.0,28.0,30.0,30.0,29.0,31.0,32.0,51.0,47.0,42.0,43.0,42.0
2025-12-25T10:16:04.940598,3895.078,1399,Pinky,motor_8_flexed,51.0,34.625,2,31.0,29.0,28.0,30.0,30.0,28.0,30.0,30.0,29.0,31.0,32.0,51.0,47.0,42.0,44.0,42.0
2025-12-25T10:16:06.828499,3896.967,1399,Pinky,motor_8_open,51.0,34.5,2,30.0,29.0,28.0,30.0,30.0,28.0,30.0,30.0,29.0,31.0,32.0,51.0,47.0,42.0,44.0,41.0
2025-12-25T10:16:07.724453,3897.864,1400,Pinky,motor_9_flexed,51.0,34.5,2,30.0,29.0,28.0,30.0,30.0,28.0,30.0,30.0,29.0,31.0,32.0,51.0,47.0,42.0,44.0,41.0
2025-12-25T10:16:09.612364,3899.749,1400,Pinky,motor_9_open,51.0,34.5625,2,31.0,29.0,28.0,30.0,30.0,28.0,30.0,30.0,29.0,31.0,32.0,51.0,47.0,42.0,43.0,42.0
2025-12-25T10:16:10.204320,3900.338,1400,Pinky,motor_9_open_hold,51.0,34.5,2,30.0,29.0,28.0,30.0,30.0,28.0,30.0,30.0,29.0,31.0,32.0,51.0,47.0,42.0,44.0,41.0
2025-12-25T10:16:10.604302,3900.74,1401,Thumb,motor_13_flexed,51.0,34.5625,2,31.0,29.0,28.0,30.0,30.0,28.0,30.0,30.0,29.0,31.0,32.0,51.0,47.0,42.0,44.0,41.0
2025-12-25T10:16:12.492206,3902.629,1401,Thumb,motor_13_open,51.0,34.5625,2,31.0,29.0,28.0,30.0,30.0,28.0,30.0,30.0,29.0,31.0,32.0,51.0,47.0,42.0,44.0,41.0
2025-12-25T10:16:13.388167,3903.526,1402,Thumb,motor_14_flexed,51.0,34.5,2,30.0,29.0,28.0,30.0,30.0,28.0,30.0,30.0,29.0,31.0,32.0,51.0,47.0,42.0,44.0,41.0
2025-12-25T10:16:15.276102,3905.414,1402,Thumb,motor_14_open,51.0,34.5,2,30.0,29.0,28.0,30.0,30.0,28.0,30.0,30.0,29.0,31.0,32.0,51.0,47.0,42.0,44.0,41.0
2025-12-25T10:16:16.172060,3906.311,1403,Thumb,motor_12_flexed,51.0,34.5625,2,30.0,29.0,28.0,30.0,30.0,28.0,30.0,30.0,29.0,31.0,32.0,51.0,47.0,42.0,44.0,42.0
2025-12-25T10:16:18.059966,3908.199,1403,Thumb,motor_12_open,51.0,34.625,2,31.0,29.0,28.0,30.0,30.0,28.0,30.0,30.0,29.0,31.0,32.0,51.0,47.0,42.0,44.0,42.0
2025-12-25T10:16:18.955926,3909.096,1404,Index,motor_2_flexed,51.0,34.625,2,31.0,29.0,28.0,30.0,30.0,28.0,30.0,30.0,29.0,31.0,32.0,51.0,47.0,42.0,44.0,42.0
2025-12-25T10:16:20.843789,3910.98,1404,Index,motor_2_open,51.0,34.5,2,30.0,29.0,28.0,30.0,30.0,28.0,30.0,30.0,29.0,31.0,32.0,51.0,47.0,42.0,44.0,41.0
2025-12-25T10:16:21.739765,3911.878,1405,Index,motor_1_flexed,51.0,34.5625,2,30.0,29.0,28.0,30.0,30.0,28.0,30.0,30.0,29.0,31.0,32.0,51.0,47.0,42.0,44.0,42.0
2025-12-25T10:16:23.627688,3913.764,1405,Index,motor_1_open,51.0,34.4375,2,30.0,29.0,28.0,30.0,30.0,28.0,30.0,30.0,29.0,31.0,32.0,51.0,47.0,42.0,43.0,41.0
2025-12-25T10:16:24.523636,3914.662,1406,Index,motor_3_flexed,51.0,34.5,2,31.0,29.0,28.0,30.0,30.0,28.0,30.0,30.0,29.0,31.0,32.0,51.0,47.0,42.0,43.0,41.0
2025-12-25T10:16:26.411516,3916.552,1406,Index,motor_3_open,51.0,34.5625,2,31.0,29.0,28.0,30.0,30.0,28.0,30.0,30.0,29.0,31.0,32.0,51.0,47.0,42.0,43.0,42.0
2025-12-25T10:16:27.307498,3917.447,1407,Middle,motor_11_flexed,51.0,34.625,2,31.0,29.0,28.0,30.0,30.0,28.0,30.0,30.0,29.0,31.0,32.0,51.0,47.0,42.0,44.0,42.0
2025-12-25T10:16:29.195398,3919.334,1407,Middle,motor_11_open,51.0,34.5625,2,31.0,29.0,28.0,30.0,30.0,28.0,30.0,30.0,29.0,31.0,32.0,51.0,47.0,42.0,44.0,41.0
2025-12-25T10:16:30.091341,3920.23,1408,Middle,motor_10_flexed,51.0,34.625,2,31.0,29.0,28.0,30.0,30.0,28.0,30.0,30.0,29.0,31.0,32.0,51.0,47.0,42.0,44.0,42.0
2025-12-25T10:16:31.979249,3922.119,1408,Middle,motor_10_open,51.0,34.5,2,31.0,29.0,28.0,30.0,30.0,28.0,30.0,30.0,29.0,31.0,32.0,51.0,47.0,42.0,43.0,41.0
2025-12-25T10:16:32.875220,3923.015,1409,Ring,motor_4_flexed,51.0,34.5625,2,31.0,29.0,28.0,30.0,30.0,28.0,30.0,30.0,29.0,31.0,32.0,51.0,47.0,42.0,43.0,42.0
2025-12-25T10:16:34.763084,3924.902,1409,Ring,motor_4_open,51.0,34.5625,2,31.0,29.0,28.0,30.0,30.0,28.0,30.0,30.0,29.0,31.0,32.0,51.0,47.0,42.0,44.0,41.0
2025-12-25T10:16:35.659075,3925.799,1410,Ring,motor_5_flexed,51.0,34.5625,2,31.0,29.0,28.0,30.0,30.0,28.0,30.0,30.0,29.0,31.0,32.0,51.0,47.0,42.0,43.0,42.0
2025-12-25T10:16:37.546978,3927.686,1410,Ring,motor_5_open,51.0,34.5625,2,31.0,29.0,28.0,30.0,30.0,28.0,30.0,30.0,29.0,31.0,32.0,51.0,47.0,42.0,43.0,42.0
2025-12-25T10:16:38.442931,3928.582,1411,Ring,motor_6_flexed,51.0,34.375,2,31.0,29.0,28.0,30.0,30.0,28.0,30.0,30.0,29.0,31.0,32.0,51.0,47.0,42.0,43.0,39.0
2025-12-25T10:16:40.330841,3930.467,1411,Ring,motor_6_open,51.0,34.625,2,31.0,29.0,28.0,30.0,30.0,28.0,30.0,30.0,29.0,31.0,32.0,51.0,47.0,42.0,44.0,42.0
2025-12-25T10:16:41.226751,3931.363,1412,Pinky,motor_7_flexed,51.0,34.5625,2,30.0,29.0,28.0,30.0,30.0,28.0,30.0,30.0,29.0,31.0,32.0,51.0,47.0,42.0,44.0,42.0
2025-12-25T10:16:43.114668,3933.252,1412,Pinky,motor_7_open,51.0,34.625,2,31.0,29.0,28.0,30.0,30.0,28.0,30.0,30.0,29.0,31.0,32.0,51.0,47.0,42.0,44.0,42.0
2025-12-25T10:16:44.010620,3934.149,1413,Pinky,motor_8_flexed,51.0,34.5625,2,30.0,29.0,28.0,30.0,30.0,28.0,30.0,30.0,29.0,31.0,32.0,51.0,47.0,42.0,44.0,42.0
2025-12-25T10:16:45.898543,3936.035,1413,Pinky,motor_8_open,51.0,34.5625,2,31.0,29.0,28.0,30.0,30.0,28.0,30.0,30.0,29.0,31.0,32.0,51.0,47.0,42.0,44.0,41.0
2025-12-25T10:16:46.794494,3936.935,1414,Pinky,motor_9_flexed,51.0,34.5625,2,31.0,29.0,28.0,30.0,30.0,28.0,30.0,30.0,29.0,31.0,32.0,51.0,47.0,42.0,43.0,42.0
2025-12-25T10:16:48.682406,3938.822,1414,Pinky,motor_9_open,51.0,34.5625,2,31.0,29.0,28.0,30.0,30.0,28.0,30.0,30.0,29.0,31.0,32.0,51.0,47.0,42.0,43.0,42.0
2025-12-25T10:16:49.578342,3939.715,1415,Thumb,motor_13_flexed,51.0,34.5625,2,31.0,29.0,28.0,30.0,30.0,28.0,30.0,30.0,29.0,31.0,32.0,51.0,47.0,42.0,44.0,41.0
2025-12-25T10:16:51.466257,3941.605,1415,Thumb,motor_13_open,51.0,34.5625,2,30.0,29.0,28.0,30.0,30.0,28.0,30.0,30.0,29.0,31.0,32.0,51.0,47.0,42.0,44.0,42.0
2025-12-25T10:16:52.362210,3942.501,1416,Thumb,motor_14_flexed,51.0,34.625,2,31.0,29.0,28.0,30.0,30.0,28.0,30.0,30.0,29.0,31.0,32.0,51.0,47.0,42.0,44.0,42.0
2025-12-25T10:16:54.250123,3944.387,1416,Thumb,motor_14_open,51.0,34.5625,2,31.0,29.0,28.0,30.0,30.0,28.0,30.0,30.0,29.0,31.0,32.0,51.0,47.0,42.0,44.0,41.0
2025-12-25T10:16:55.146061,3945.286,1417,Thumb,motor_12_flexed,51.0,34.5625,2,30.0,29.0,28.0,30.0,30.0,28.0,30.0,30.0,29.0,31.0,32.0,51.0,47.0,42.0,44.0,42.0
2025-12-25T10:16:57.033975,3947.173,1417,Thumb,motor_12_open,51.0,34.625,2,31.0,29.0,28.0,30.0,30.0,28.0,30.0,30.0,29.0,31.0,32.0,51.0,47.0,42.0,44.0,42.0
2025-12-25T10:16:57.929940,3948.067,1418,Index,motor_2_flexed,51.0,34.625,2,31.0,29.0,28.0,30.0,30.0,28.0,30.0,30.0,29.0,31.0,32.0,51.0,47.0,42.0,44.0,42.0
2025-12-25T10:16:59.817836,3949.957,1418,Index,motor_2_open,51.0,34.625,2,31.0,29.0,28.0,30.0,30.0,28.0,30.0,30.0,29.0,31.0,32.0,51.0,47.0,42.0,44.0,42.0
2025-12-25T10:17:00.713790,3950.852,1419,Index,motor_1_flexed,51.0,34.5,2,31.0,29.0,28.0,30.0,30.0,28.0,30.0,30.0,29.0,31.0,32.0,51.0,47.0,42.0,43.0,41.0
2025-12-25T10:17:02.601693,3952.743,1419,Index,motor_1_open,51.0,34.5,2,30.0,29.0,28.0,30.0,30.0,28.0,30.0,30.0,29.0,31.0,32.0,51.0,47.0,42.0,44.0,41.0
2025-12-25T10:17:03.497649,3953.637,1420,Index,motor_3_flexed,51.0,34.625,2,31.0,29.0,28.0,30.0,30.0,28.0,30.0,30.0,29.0,31.0,32.0,51.0,47.0,42.0,44.0,42.0
2025-12-25T10:17:05.385555,3955.524,1420,Index,motor_3_open,51.0,34.625,2,31.0,29.0,28.0,30.0,30.0,28.0,30.0,30.0,29.0,31.0,32.0,51.0,47.0,42.0,44.0,42.0
2025-12-25T10:17:06.281509,3956.42,1421,Middle,motor_11_flexed,51.0,34.625,2,31.0,29.0,28.0,30.0,30.0,28.0,30.0,30.0,29.0,31.0,32.0,51.0,47.0,42.0,44.0,42.0
2025-12-25T10:17:08.169412,3958.309,1421,Middle,motor_11_open,51.0,34.5625,2,30.0,29.0,28.0,30.0,30.0,28.0,30.0,30.0,29.0,31.0,32.0,51.0,47.0,42.0,44.0,42.0
2025-12-25T10:17:09.065369,3959.204,1422,Middle,motor_10_flexed,51.0,34.5625,2,31.0,29.0,28.0,30.0,30.0,28.0,30.0,30.0,29.0,31.0,32.0,51.0,47.0,42.0,44.0,41.0
2025-12-25T10:17:10.153313,3960.292,1422,Middle,motor_10_flex_hold,51.0,34.625,2,31.0,29.0,28.0,30.0,30.0,28.0,30.0,30.0,29.0,31.0,32.0,51.0,47.0,42.0,44.0,42.0
2025-12-25T10:17:10.953273,3961.091,1422,Middle,motor_10_open,51.0,34.5625,2,31.0,29.0,28.0,30.0,30.0,28.0,30.0,30.0,29.0,31.0,32.0,51.0,47.0,42.0,43.0,42.0
2025-12-25T10:17:11.849234,3961.988,1423,Ring,motor_4_flexed,51.0,34.5625,2,30.0,29.0,28.0,30.0,30.0,28.0,30.0,30.0,29.0,31.0,32.0,51.0,47.0,42.0,44.0,42.0
2025-12-25T10:17:13.737134,3963.878,1423,Ring,motor_4_open,51.0,34.5625,2,31.0,29.0,28.0,30.0,30.0,28.0,30.0,30.0,29.0,31.0,32.0,51.0,47.0,42.0,44.0,41.0
2025-12-25T10:17:14.633100,3964.77,1424,Ring,motor_5_flexed,51.0,34.5625,2,30.0,29.0,28.0,30.0,30.0,28.0,30.0,30.0,29.0,31.0,32.0,51.0,47.0,42.0,44.0,42.0
2025-12-25T10:17:16.521009,3966.66,1424,Ring,motor_5_open,51.0,34.625,2,31.0,29.0,28.0,30.0,30.0,28.0,30.0,30.0,29.0,31.0,32.0,51.0,47.0,42.0,44.0,42.0
2025-12-25T10:17:17.416956,3967.554,1425,Ring,motor_6_flexed,51.0,34.625,2,31.0,29.0,28.0,30.0,30.0,28.0,30.0,30.0,29.0,31.0,32.0,51.0,47.0,42.0,44.0,42.0
2025-12-25T10:17:19.304860,3969.444,1425,Ring,motor_6_open,51.0,34.5,2,30.0,29.0,28.0,30.0,30.0,28.0,30.0,30.0,29.0,31.0,32.0,51.0,47.0,42.0,44.0,41.0
2025-12-25T10:17:20.200814,3970.342,1426,Pinky,motor_7_flexed,51.0,34.5625,2,30.0,29.0,28.0,30.0,30.0,28.0,30.0,30.0,29.0,31.0,32.0,51.0,47.0,42.0,44.0,42.0
2025-12-25T10:17:22.088719,3972.227,1426,Pinky,motor_7_open,51.0,34.4375,2,30.0,29.0,28.0,30.0,30.0,28.0,30.0,30.0,29.0,31.0,32.0,51.0,47.0,42.0,43.0,41.0
2025-12-25T10:17:22.984673,3973.122,1427,Pinky,motor_8_flexed,51.0,34.5,2,30.0,29.0,28.0,30.0,30.0,28.0,30.0,30.0,29.0,31.0,32.0,51.0,47.0,42.0,44.0,41.0
2025-12-25T10:17:24.872574,3975.014,1427,Pinky,motor_8_open,51.0,34.4375,2,30.0,29.0,28.0,30.0,30.0,28.0,30.0,30.0,29.0,31.0,32.0,51.0,47.0,42.0,43.0,41.0
2025-12-25T10:17:25.768540,3975.908,1428,Pinky,motor_9_flexed,51.0,34.5,2,30.0,29.0,28.0,30.0,30.0,28.0,30.0,30.0,29.0,31.0,32.0,51.0,47.0,42.0,44.0,41.0
2025-12-25T10:17:27.656434,3977.795,1428,Pinky,motor_9_open,51.0,34.5,2,30.0,29.0,28.0,30.0,30.0,28.0,30.0,30.0,29.0,31.0,32.0,51.0,47.0,42.0,44.0,41.0
2025-12-25T10:17:28.552388,3978.695,1429,Thumb,motor_13_flexed,51.0,34.5625,2,30.0,29.0,28.0,30.0,30.0,28.0,30.0,30.0,29.0,31.0,32.0,51.0,47.0,42.0,44.0,42.0
2025-12-25T10:17:30.440289,3980.577,1429,Thumb,motor_13_open,51.0,34.5,2,30.0,29.0,28.0,30.0,30.0,28.0,30.0,30.0,29.0,31.0,32.0,51.0,47.0,42.0,44.0,41.0
2025-12-25T10:17:31.336237,3981.474,1430,Thumb,motor_14_flexed,51.0,34.5,2,30.0,29.0,28.0,30.0,30.0,28.0,30.0,30.0,29.0,31.0,32.0,51.0,47.0,42.0,44.0,41.0
2025-12-25T10:17:33.224138,3983.365,1430,Thumb,motor_14_open,51.0,34.5625,2,30.0,29.0,28.0,30.0,30.0,28.0,30.0,30.0,29.0,31.0,32.0,51.0,47.0,42.0,44.0,42.0
2025-12-25T10:17:34.120093,3984.261,1431,Thumb,motor_12_flexed,51.0,34.5625,2,30.0,29.0,28.0,30.0,30.0,28.0,30.0,30.0,29.0,31.0,32.0,51.0,47.0,42.0,44.0,42.0
2025-12-25T10:17:36.007996,3986.146,1431,Thumb,motor_12_open,51.0,34.5625,2,30.0,29.0,28.0,30.0,30.0,28.0,30.0,30.0,29.0,31.0,32.0,51.0,47.0,42.0,44.0,42.0
2025-12-25T10:17:36.903950,3987.042,1432,Index,motor_2_flexed,51.0,34.5,2,30.0,29.0,28.0,30.0,30.0,28.0,30.0,30.0,29.0,31.0,32.0,51.0,47.0,42.0,43.0,42.0
2025-12-25T10:17:38.791855,3988.933,1432,Index,motor_2_open,51.0,34.5625,2,30.0,29.0,28.0,30.0,30.0,28.0,30.0,30.0,29.0,31.0,32.0,51.0,47.0,42.0,44.0,42.0
2025-12-25T10:17:39.687822,3989.825,1433,Index,motor_1_flexed,51.0,34.5625,2,30.0,29.0,28.0,30.0,30.0,28.0,30.0,30.0,29.0,31.0,32.0,51.0,47.0,42.0,44.0,42.0
2025-12-25T10:17:41.575717,3991.713,1433,Index,motor_1_open,51.0,34.5625,2,31.0,29.0,28.0,30.0,30.0,28.0,30.0,30.0,29.0,31.0,32.0,51.0,47.0,42.0,44.0,41.0
2025-12-25T10:17:42.471660,3992.611,1434,Index,motor_3_flexed,51.0,34.5,2,31.0,29.0,28.0,30.0,30.0,28.0,30.0,30.0,29.0,31.0,32.0,51.0,47.0,42.0,43.0,41.0
2025-12-25T10:17:44.375562,3994.513,1434,Index,motor_3_open,51.0,34.625,2,31.0,29.0,28.0,30.0,30.0,28.0,30.0,30.0,29.0,31.0,32.0,51.0,47.0,42.0,44.0,42.0
2025-12-25T10:17:45.271527,3995.409,1435,Middle,motor_11_flexed,51.0,34.625,2,31.0,29.0,28.0,30.0,30.0,28.0,30.0,30.0,29.0,31.0,32.0,51.0,47.0,42.0,44.0,42.0
2025-12-25T10:17:47.159432,3997.299,1435,Middle,motor_11_open,51.0,34.5625,2,31.0,29.0,28.0,30.0,30.0,28.0,30.0,30.0,29.0,31.0,32.0,51.0,47.0,42.0,44.0,41.0
2025-12-25T10:17:48.055385,3998.194,1436,Middle,motor_10_flexed,51.0,34.625,2,31.0,29.0,28.0,30.0,30.0,28.0,30.0,30.0,29.0,31.0,32.0,51.0,47.0,42.0,44.0,42.0
2025-12-25T10:17:49.943288,4000.084,1436,Middle,motor_10_open,51.0,34.5625,2,31.0,29.0,28.0,30.0,30.0,28.0,30.0,30.0,29.0,31.0,32.0,51.0,47.0,42.0,44.0,41.0
2025-12-25T10:17:50.839244,4000.976,1437,Ring,motor_4_flexed,51.0,34.5625,2,31.0,29.0,28.0,30.0,30.0,28.0,30.0,30.0,29.0,31.0,32.0,51.0,47.0,42.0,43.0,42.0
2025-12-25T10:17:52.727149,4002.867,1437,Ring,motor_4_open,51.0,34.5625,2,30.0,29.0,28.0,30.0,30.0,28.0,30.0,30.0,29.0,31.0,32.0,51.0,47.0,42.0,44.0,42.0
2025-12-25T10:17:53.623119,4003.76,1438,Ring,motor_5_flexed,51.0,34.5625,2,31.0,29.0,28.0,30.0,30.0,28.0,30.0,30.0,29.0,31.0,32.0,51.0,47.0,42.0,43.0,42.0
2025-12-25T10:17:55.511006,4005.652,1438,Ring,motor_5_open,51.0,34.4375,2,30.0,29.0,28.0,30.0,30.0,28.0,30.0,30.0,29.0,31.0,32.0,51.0,47.0,42.0,43.0,41.0
2025-12-25T10:17:56.406962,4006.548,1439,Ring,motor_6_flexed,51.0,34.5,2,30.0,29.0,28.0,30.0,30.0,28.0,30.0,30.0,29.0,31.0,32.0,51.0,47.0,42.0,43.0,42.0
2025-12-25T10:17:58.294862,4008.427,1439,Ring,motor_6_open,51.0,34.5,2,30.0,29.0,28.0,30.0,30.0,28.0,30.0,30.0,29.0,31.0,32.0,51.0,47.0,42.0,43.0,42.0
2025-12-25T10:17:59.190820,4009.327,1440,Pinky,motor_7_flexed,51.0,34.625,2,31.0,29.0,28.0,30.0,30.0,28.0,30.0,30.0,29.0,31.0,32.0,51.0,47.0,42.0,44.0,42.0
2025-12-25T10:18:01.078720,4011.217,1440,Pinky,motor_7_open,51.0,34.5625,2,31.0,29.0,28.0,30.0,30.0,28.0,30.0,30.0,29.0,31.0,32.0,51.0,47.0,42.0,44.0,41.0
2025-12-25T10:18:01.974673,4012.116,1441,Pinky,motor_8_flexed,51.0,34.5625,2,30.0,29.0,28.0,30.0,30.0,28.0,30.0,30.0,29.0,31.0,32.0,51.0,47.0,42.0,44.0,42.0
2025-12-25T10:18:03.862578,4014.002,1441,Pinky,motor_8_open,51.0,34.5,2,30.0,29.0,28.0,30.0,30.0,28.0,30.0,30.0,29.0,31.0,32.0,51.0,47.0,42.0,44.0,41.0
2025-12-25T10:18:04.758517,4014.894,1442,Pinky,motor_9_flexed,51.0,34.5,2,30.0,29.0,28.0,30.0,30.0,28.0,30.0,30.0,29.0,31.0,32.0,51.0,47.0,42.0,43.0,42.0
2025-12-25T10:18:06.646438,4016.786,1442,Pinky,motor_9_open,51.0,34.5625,2,30.0,29.0,28.0,30.0,30.0,28.0,30.0,30.0,29.0,31.0,32.0,51.0,47.0,42.0,44.0,42.0
2025-12-25T10:18:07.542376,4017.683,1443,Thumb,motor_13_flexed,51.0,34.5625,2,31.0,29.0,28.0,30.0,30.0,28.0,30.0,30.0,29.0,31.0,32.0,51.0,47.0,42.0,44.0,41.0
2025-12-25T10:18:09.430307,4019.57,1443,Thumb,motor_13_open,51.0,34.5,2,30.0,29.0,28.0,30.0,30.0,28.0,30.0,30.0,29.0,31.0,32.0,51.0,47.0,42.0,44.0,41.0
2025-12-25T10:18:10.022275,4020.156,1443,Thumb,motor_13_open_hold,51.0,34.4375,2,30.0,29.0,28.0,30.0,30.0,28.0,30.0,30.0,29.0,31.0,32.0,51.0,47.0,42.0,43.0,41.0
2025-12-25T10:18:10.422256,4020.564,1444,Thumb,motor_14_flexed,51.0,34.5,2,30.0,29.0,28.0,30.0,30.0,28.0,30.0,30.0,29.0,31.0,32.0,51.0,47.0,42.0,43.0,42.0
2025-12-25T10:18:12.310155,4022.446,1444,Thumb,motor_14_open,51.0,34.5,2,30.0,29.0,28.0,30.0,30.0,28.0,30.0,30.0,29.0,31.0,32.0,51.0,47.0,42.0,43.0,42.0
2025-12-25T10:18:13.206110,4023.342,1445,Thumb,motor_12_flexed,51.0,34.5,2,30.0,29.0,28.0,30.0,30.0,28.0,30.0,30.0,29.0,31.0,32.0,51.0,47.0,42.0,44.0,41.0
2025-12-25T10:18:15.093991,4025.231,1445,Thumb,motor_12_open,51.0,34.5,2,30.0,29.0,28.0,30.0,30.0,28.0,30.0,30.0,29.0,31.0,32.0,51.0,47.0,42.0,44.0,41.0
2025-12-25T10:18:15.989969,4026.126,1446,Index,motor_2_flexed,51.0,34.5,2,30.0,29.0,28.0,30.0,30.0,28.0,30.0,30.0,29.0,31.0,32.0,51.0,47.0,42.0,43.0,42.0
2025-12-25T10:18:17.877875,4028.015,1446,Index,motor_2_open,51.0,34.5625,2,30.0,29.0,28.0,30.0,30.0,28.0,30.0,30.0,29.0,31.0,32.0,51.0,47.0,42.0,44.0,42.0
2025-12-25T10:18:18.773835,4028.912,1447,Index,motor_1_flexed,51.0,34.5,2,30.0,29.0,28.0,30.0,30.0,28.0,30.0,30.0,29.0,31.0,32.0,51.0,47.0,42.0,43.0,42.0
2025-12-25T10:18:20.661707,4030.801,1447,Index,motor_1_open,51.0,34.5,2,30.0,29.0,28.0,30.0,30.0,28.0,30.0,30.0,29.0,31.0,32.0,51.0,47.0,42.0,44.0,41.0
2025-12-25T10:18:21.557657,4031.698,1448,Index,motor_3_flexed,51.0,34.5,2,30.0,29.0,28.0,30.0,30.0,28.0,30.0,30.0,29.0,31.0,32.0,51.0,47.0,42.0,44.0,41.0
2025-12-25T10:18:23.445567,4033.583,1448,Index,motor_3_open,51.0,34.5,2,30.0,29.0,28.0,30.0,30.0,28.0,30.0,30.0,29.0,31.0,32.0,51.0,47.0,42.0,43.0,42.0
2025-12-25T10:18:24.341505,4034.481,1449,Middle,motor_11_flexed,51.0,34.5625,2,31.0,29.0,28.0,30.0,30.0,28.0,30.0,30.0,29.0,31.0,32.0,51.0,47.0,42.0,44.0,41.0
2025-12-25T10:18:26.229410,4036.369,1449,Middle,motor_11_open,51.0,34.5,2,30.0,29.0,28.0,30.0,30.0,28.0,30.0,30.0,29.0,31.0,32.0,51.0,47.0,42.0,43.0,42.0
2025-12-25T10:18:27.125375,4037.263,1450,Middle,motor_10_flexed,51.0,34.625,2,31.0,29.0,28.0,30.0,30.0,28.0,30.0,30.0,29.0,31.0,32.0,51.0,47.0,42.0,44.0,42.0
2025-12-25T10:18:29.013279,4039.153,1450,Middle,motor_10_open,51.0,34.625,2,31.0,29.0,28.0,30.0,30.0,28.0,30.0,30.0,29.0,31.0,32.0,51.0,47.0,42.0,44.0,42.0
2025-12-25T10:18:29.909231,4040.047,1451,Ring,motor_4_flexed,51.0,34.5625,2,31.0,29.0,28.0,30.0,30.0,28.0,30.0,30.0,29.0,31.0,32.0,51.0,47.0,42.0,44.0,41.0
2025-12-25T10:18:31.797134,4041.936,1451,Ring,motor_4_open,51.0,34.6875,2,31.0,29.0,28.0,30.0,30.0,28.0,30.0,30.0,29.0,32.0,32.0,51.0,47.0,42.0,44.0,42.0
2025-12-25T10:18:32.693098,4042.834,1452,Ring,motor_5_flexed,51.0,34.5625,2,30.0,29.0,28.0,30.0,30.0,28.0,30.0,30.0,29.0,31.0,32.0,51.0,47.0,42.0,44.0,42.0
2025-12-25T10:18:34.580990,4044.72,1452,Ring,motor_5_open,51.0,34.5625,2,30.0,29.0,28.0,30.0,30.0,28.0,30.0,30.0,29.0,31.0,32.0,51.0,47.0,42.0,44.0,42.0
2025-12-25T10:18:35.476944,4045.614,1453,Ring,motor_6_flexed,51.0,34.375,2,30.0,29.0,28.0,30.0,30.0,28.0,30.0,30.0,29.0,31.0,32.0,51.0,47.0,42.0,43.0,40.0
2025-12-25T10:18:37.364864,4047.503,1453,Ring,motor_6_open,51.0,34.5625,2,30.0,29.0,28.0,30.0,30.0,28.0,30.0,30.0,29.0,32.0,32.0,51.0,47.0,42.0,44.0,41.0
2025-12-25T10:18:38.260803,4048.399,1454,Pinky,motor_7_flexed,51.0,34.4375,2,30.0,29.0,28.0,30.0,30.0,28.0,30.0,30.0,29.0,31.0,32.0,51.0,47.0,42.0,43.0,41.0
2025-12-25T10:18:40.148709,4050.287,1454,Pinky,motor_7_open,51.0,34.5,2,30.0,29.0,28.0,30.0,30.0,28.0,30.0,30.0,29.0,31.0,32.0,51.0,47.0,42.0,43.0,42.0
2025-12-25T10:18:41.044660,4051.18,1455,Pinky,motor_8_flexed,51.0,34.5,2,30.0,29.0,28.0,30.0,30.0,28.0,30.0,30.0,29.0,31.0,32.0,51.0,47.0,42.0,44.0,41.0
2025-12-25T10:18:42.932563,4053.072,1455,Pinky,motor_8_open,51.0,34.5625,2,30.0,29.0,28.0,30.0,30.0,28.0,30.0,30.0,29.0,31.0,32.0,51.0,47.0,42.0,44.0,42.0
2025-12-25T10:18:43.828521,4053.967,1456,Pinky,motor_9_flexed,51.0,34.5625,2,31.0,29.0,28.0,30.0,30.0,28.0,30.0,30.0,29.0,31.0,32.0,51.0,47.0,42.0,43.0,42.0
2025-12-25T10:18:45.716423,4055.857,1456,Pinky,motor_9_open,51.0,34.5625,2,30.0,29.0,28.0,30.0,30.0,28.0,30.0,30.0,29.0,31.0,32.0,51.0,47.0,42.0,44.0,42.0
2025-12-25T10:18:46.612388,4056.75,1457,Thumb,motor_13_flexed,51.0,34.4375,2,30.0,29.0,28.0,30.0,30.0,28.0,30.0,30.0,29.0,31.0,32.0,51.0,47.0,42.0,43.0,41.0
2025-12-25T10:18:48.500274,4058.636,1457,Thumb,motor_13_open,51.0,34.5625,2,30.0,29.0,28.0,30.0,30.0,28.0,30.0,30.0,29.0,31.0,32.0,51.0,47.0,42.0,44.0,42.0
2025-12-25T10:18:49.396227,4059.535,1458,Thumb,motor_14_flexed,51.0,34.4375,2,30.0,29.0,28.0,30.0,30.0,28.0,30.0,30.0,29.0,31.0,32.0,51.0,47.0,42.0,43.0,41.0
2025-12-25T10:18:51.284152,4061.423,1458,Thumb,motor_14_open,51.0,34.5625,2,30.0,29.0,28.0,30.0,30.0,28.0,30.0,30.0,29.0,31.0,32.0,51.0,47.0,42.0,44.0,42.0
2025-12-25T10:18:52.180092,4062.317,1459,Thumb,motor_12_flexed,51.0,34.625,2,31.0,29.0,28.0,30.0,30.0,28.0,30.0,30.0,29.0,31.0,32.0,51.0,47.0,42.0,44.0,42.0
2025-12-25T10:18:54.067995,4064.206,1459,Thumb,motor_12_open,51.0,34.4375,2,30.0,29.0,28.0,30.0,30.0,28.0,30.0,30.0,29.0,31.0,32.0,51.0,47.0,42.0,43.0,41.0
2025-12-25T10:18:54.963950,4065.102,1460,Index,motor_2_flexed,51.0,34.5625,2,30.0,29.0,28.0,30.0,30.0,28.0,30.0,30.0,29.0,31.0,32.0,51.0,47.0,42.0,44.0,42.0
2025-12-25T10:18:56.851853,4066.99,1460,Index,motor_2_open,51.0,34.5,2,30.0,29.0,28.0,30.0,30.0,28.0,30.0,30.0,29.0,31.0,32.0,51.0,47.0,42.0,43.0,42.0
2025-12-25T10:18:57.747807,4067.885,1461,Index,motor_1_flexed,51.0,34.5,2,30.0,29.0,28.0,30.0,30.0,28.0,30.0,30.0,29.0,31.0,32.0,51.0,47.0,42.0,44.0,41.0
2025-12-25T10:18:59.635710,4069.775,1461,Index,motor_1_open,51.0,34.5625,2,30.0,29.0,28.0,30.0,30.0,28.0,30.0,30.0,29.0,31.0,32.0,51.0,47.0,42.0,44.0,42.0
2025-12-25T10:19:00.531681,4070.669,1462,Index,motor_3_flexed,51.0,34.5,2,30.0,29.0,28.0,30.0,30.0,28.0,30.0,30.0,29.0,31.0,32.0,51.0,47.0,42.0,43.0,42.0
2025-12-25T10:19:02.419558,4072.557,1462,Index,motor_3_open,51.0,34.5,2,30.0,29.0,28.0,30.0,30.0,28.0,30.0,30.0,29.0,31.0,32.0,51.0,47.0,42.0,44.0,41.0
2025-12-25T10:19:03.315523,4073.453,1463,Middle,motor_11_flexed,51.0,34.5625,2,31.0,29.0,28.0,30.0,30.0,28.0,30.0,30.0,29.0,31.0,32.0,51.0,47.0,42.0,44.0,41.0
2025-12-25T10:19:05.203416,4075.34,1463,Middle,motor_11_open,51.0,34.5625,2,30.0,29.0,28.0,30.0,30.0,28.0,30.0,30.0,29.0,31.0,32.0,51.0,47.0,42.0,44.0,42.0
2025-12-25T10:19:06.099369,4076.235,1464,Middle,motor_10_flexed,51.0,34.5625,2,31.0,29.0,28.0,30.0,30.0,28.0,30.0,30.0,29.0,31.0,32.0,51.0,47.0,42.0,44.0,41.0
2025-12-25T10:19:07.987310,4078.125,1464,Middle,motor_10_open,51.0,34.5,2,30.0,29.0,28.0,30.0,30.0,28.0,30.0,30.0,29.0,31.0,32.0,51.0,47.0,42.0,44.0,41.0
2025-12-25T10:19:08.883267,4079.021,1465,Ring,motor_4_flexed,51.0,34.625,2,31.0,29.0,28.0,30.0,30.0,28.0,30.0,30.0,29.0,31.0,32.0,51.0,47.0,42.0,44.0,42.0
2025-12-25T10:19:09.971210,4080.11,1465,Ring,motor_4_flex_hold,51.0,34.5,2,31.0,29.0,28.0,30.0,30.0,28.0,30.0,30.0,29.0,31.0,32.0,51.0,47.0,42.0,43.0,41.0
2025-12-25T10:19:10.771168,4080.909,1465,Ring,motor_4_open,51.0,34.5625,2,30.0,29.0,28.0,30.0,30.0,28.0,30.0,30.0,29.0,31.0,32.0,51.0,47.0,42.0,44.0,42.0
2025-12-25T10:19:11.667126,4081.806,1466,Ring,motor_5_flexed,51.0,34.625,2,31.0,29.0,28.0,30.0,30.0,28.0,30.0,30.0,29.0,31.0,32.0,51.0,47.0,42.0,44.0,42.0
2025-12-25T10:19:13.555027,4083.692,1466,Ring,motor_5_open,51.0,34.5625,2,30.0,29.0,28.0,30.0,30.0,28.0,30.0,30.0,29.0,31.0,32.0,51.0,47.0,42.0,44.0,42.0
2025-12-25T10:19:14.450983,4084.589,1467,Ring,motor_6_flexed,51.0,34.5625,2,30.0,29.0,28.0,30.0,30.0,28.0,30.0,30.0,29.0,31.0,32.0,51.0,47.0,42.0,44.0,42.0
2025-12-25T10:19:16.338885,4086.479,1467,Ring,motor_6_open,51.0,34.5625,2,30.0,29.0,28.0,30.0,30.0,28.0,30.0,30.0,29.0,32.0,32.0,51.0,47.0,42.0,44.0,41.0
2025-12-25T10:19:17.234840,4087.372,1468,Pinky,motor_7_flexed,51.0,34.5625,2,30.0,29.0,28.0,30.0,30.0,28.0,30.0,30.0,29.0,31.0,32.0,51.0,47.0,42.0,44.0,42.0
2025-12-25T10:19:19.122745,4089.261,1468,Pinky,motor_7_open,51.0,34.5,2,30.0,29.0,28.0,30.0,30.0,28.0,30.0,30.0,29.0,31.0,32.0,51.0,47.0,42.0,43.0,42.0
2025-12-25T10:19:20.018698,4090.16,1469,Pinky,motor_8_flexed,51.0,34.4375,2,30.0,29.0,28.0,30.0,30.0,28.0,30.0,30.0,29.0,31.0,32.0,51.0,47.0,42.0,43.0,41.0
2025-12-25T10:19:21.906603,4092.044,1469,Pinky,motor_8_open,51.0,34.5625,2,30.0,29.0,28.0,30.0,30.0,28.0,30.0,30.0,29.0,32.0,32.0,51.0,47.0,42.0,44.0,41.0
2025-12-25T10:19:22.802555,4092.941,1470,Pinky,motor_9_flexed,51.0,34.5625,2,30.0,29.0,28.0,30.0,30.0,28.0,30.0,30.0,29.0,31.0,32.0,51.0,47.0,42.0,44.0,42.0
2025-12-25T10:19:24.690432,4094.828,1470,Pinky,motor_9_open,51.0,34.5,2,30.0,29.0,28.0,30.0,30.0,28.0,30.0,30.0,29.0,31.0,32.0,51.0,47.0,42.0,44.0,41.0
2025-12-25T10:19:25.586397,4095.729,1471,Thumb,motor_13_flexed,51.0,34.5625,2,30.0,29.0,28.0,30.0,30.0,28.0,30.0,30.0,29.0,31.0,32.0,51.0,47.0,42.0,44.0,42.0
2025-12-25T10:19:27.474312,4097.612,1471,Thumb,motor_13_open,51.0,34.5625,2,30.0,29.0,28.0,30.0,30.0,28.0,30.0,30.0,29.0,31.0,32.0,51.0,47.0,42.0,44.0,42.0
2025-12-25T10:19:28.370267,4098.509,1472,Thumb,motor_14_flexed,51.0,34.5,2,30.0,29.0,28.0,30.0,30.0,28.0,30.0,30.0,29.0,31.0,32.0,51.0,47.0,42.0,44.0,41.0
2025-12-25T10:19:30.258174,4100.394,1472,Thumb,motor_14_open,51.0,34.5625,2,30.0,29.0,28.0,30.0,30.0,28.0,30.0,30.0,29.0,31.0,32.0,51.0,47.0,42.0,44.0,42.0
2025-12-25T10:19:31.154122,4101.293,1473,Thumb,motor_12_flexed,51.0,34.5,2,30.0,29.0,28.0,30.0,30.0,28.0,30.0,30.0,29.0,31.0,32.0,51.0,47.0,42.0,43.0,42.0
2025-12-25T10:19:33.042026,4103.182,1473,Thumb,motor_12_open,51.0,34.5,2,30.0,29.0,28.0,30.0,30.0,28.0,30.0,30.0,29.0,31.0,32.0,51.0,47.0,42.0,44.0,41.0
2025-12-25T10:19:33.937981,4104.075,1474,Index,motor_2_flexed,51.0,34.5,2,30.0,29.0,28.0,30.0,30.0,28.0,30.0,30.0,29.0,31.0,32.0,51.0,47.0,42.0,44.0,41.0
2025-12-25T10:19:35.825863,4105.961,1474,Index,motor_2_open,51.0,34.5,2,30.0,29.0,28.0,30.0,30.0,28.0,30.0,30.0,29.0,31.0,32.0,51.0,47.0,42.0,44.0,41.0
2025-12-25T10:19:36.721812,4106.862,1475,Index,motor_1_flexed,51.0,34.5625,2,30.0,29.0,28.0,30.0,30.0,28.0,30.0,30.0,29.0,31.0,32.0,51.0,47.0,42.0,44.0,42.0
2025-12-25T10:19:38.609741,4108.75,1475,Index,motor_1_open,51.0,34.5625,2,30.0,29.0,28.0,30.0,30.0,28.0,30.0,30.0,29.0,31.0,32.0,51.0,47.0,42.0,44.0,42.0
2025-12-25T10:19:39.505658,4109.644,1476,Index,motor_3_flexed,51.0,34.5,2,30.0,29.0,28.0,30.0,30.0,28.0,30.0,30.0,29.0,31.0,32.0,51.0,47.0,42.0,43.0,42.0
2025-12-25T10:19:41.393556,4111.53,1476,Index,motor_3_open,51.0,34.5625,2,30.0,29.0,28.0,30.0,30.0,28.0,30.0,30.0,29.0,31.0,32.0,51.0,47.0,42.0,44.0,42.0
2025-12-25T10:19:42.289510,4112.426,1477,Middle,motor_11_flexed,51.0,34.5625,2,30.0,29.0,28.0,30.0,30.0,28.0,30.0,30.0,29.0,31.0,32.0,51.0,47.0,42.0,44.0,42.0
2025-12-25T10:19:44.193424,4114.331,1477,Middle,motor_11_open,51.0,34.5625,2,30.0,29.0,28.0,30.0,30.0,28.0,30.0,30.0,29.0,31.0,32.0,51.0,47.0,42.0,44.0,42.0
2025-12-25T10:19:45.089382,4115.227,1478,Middle,motor_10_flexed,51.0,34.5,2,30.0,29.0,28.0,30.0,30.0,28.0,30.0,30.0,29.0,31.0,32.0,51.0,47.0,42.0,44.0,41.0
2025-12-25T10:19:46.977298,4117.114,1478,Middle,motor_10_open,51.0,34.5625,2,30.0,29.0,28.0,30.0,30.0,28.0,30.0,30.0,29.0,32.0,32.0,51.0,47.0,42.0,44.0,41.0
2025-12-25T10:19:47.873251,4118.009,1479,Ring,motor_4_flexed,51.0,34.5625,2,30.0,29.0,28.0,30.0,30.0,28.0,30.0,30.0,29.0,31.0,32.0,51.0,47.0,42.0,44.0,42.0
2025-12-25T10:19:49.761155,4119.901,1479,Ring,motor_4_open,51.0,34.5,2,30.0,29.0,28.0,30.0,30.0,28.0,30.0,30.0,29.0,31.0,32.0,51.0,47.0,42.0,44.0,41.0
2025-12-25T10:19:50.657095,4120.797,1480,Ring,motor_5_flexed,51.0,34.5625,2,30.0,29.0,28.0,30.0,30.0,28.0,30.0,30.0,29.0,31.0,32.0,51.0,47.0,42.0,44.0,42.0
2025-12-25T10:19:52.545012,4122.682,1480,Ring,motor_5_open,51.0,34.5,2,30.0,29.0,28.0,30.0,30.0,28.0,30.0,30.0,29.0,31.0,32.0,51.0,47.0,42.0,43.0,42.0
2025-12-25T10:19:53.440975,4123.58,1481,Ring,motor_6_flexed,51.0,34.5625,2,30.0,29.0,28.0,30.0,30.0,28.0,30.0,30.0,29.0,31.0,32.0,51.0,47.0,42.0,44.0,42.0
2025-12-25T10:19:55.328866,4125.466,1481,Ring,motor_6_open,51.0,34.5,2,30.0,29.0,28.0,30.0,30.0,28.0,30.0,30.0,29.0,31.0,32.0,51.0,47.0,42.0,43.0,42.0
2025-12-25T10:19:56.224805,4126.356,1482,Pinky,motor_7_flexed,51.0,34.5,2,30.0,29.0,28.0,30.0,30.0,28.0,30.0,30.0,29.0,31.0,32.0,51.0,47.0,42.0,44.0,41.0
2025-12-25T10:19:58.112738,4128.251,1482,Pinky,motor_7_open,51.0,34.5,2,30.0,29.0,28.0,30.0,30.0,28.0,30.0,30.0,29.0,31.0,32.0,51.0,47.0,42.0,44.0,41.0
2025-12-25T10:19:59.008678,4129.147,1483,Pinky,motor_8_flexed,51.0,34.5625,2,30.0,29.0,28.0,30.0,30.0,28.0,30.0,30.0,29.0,31.0,32.0,51.0,47.0,42.0,44.0,42.0
2025-12-25T10:20:00.896557,4131.035,1483,Pinky,motor_8_open,51.0,34.5625,2,30.0,29.0,28.0,30.0,30.0,28.0,30.0,30.0,29.0,31.0,32.0,51.0,47.0,42.0,44.0,42.0
2025-12-25T10:20:01.792507,4131.933,1484,Pinky,motor_9_flexed,51.0,34.5625,2,30.0,29.0,28.0,30.0,30.0,28.0,30.0,30.0,29.0,31.0,32.0,51.0,47.0,42.0,44.0,42.0
2025-12-25T10:20:03.680401,4133.818,1484,Pinky,motor_9_open,51.0,34.5625,2,30.0,29.0,28.0,30.0,30.0,28.0,30.0,30.0,29.0,31.0,32.0,51.0,47.0,42.0,44.0,42.0
2025-12-25T10:20:04.576358,4134.712,1485,Thumb,motor_13_flexed,51.0,34.5,2,30.0,29.0,28.0,30.0,30.0,28.0,30.0,30.0,29.0,31.0,32.0,51.0,47.0,42.0,44.0,41.0
2025-12-25T10:20:06.464278,4136.602,1485,Thumb,motor_13_open,51.0,34.5,2,30.0,29.0,28.0,30.0,30.0,28.0,30.0,30.0,29.0,31.0,32.0,51.0,47.0,42.0,43.0,42.0
2025-12-25T10:20:07.360237,4137.502,1486,Thumb,motor_14_flexed,51.0,34.5625,2,30.0,29.0,28.0,30.0,30.0,28.0,30.0,30.0,29.0,31.0,32.0,51.0,47.0,42.0,44.0,42.0
2025-12-25T10:20:09.248135,4139.388,1486,Thumb,motor_14_open,51.0,34.5625,2,30.0,29.0,28.0,30.0,30.0,28.0,30.0,30.0,29.0,31.0,32.0,51.0,47.0,42.0,44.0,42.0
2025-12-25T10:20:10.144078,4140.282,1487,Thumb,motor_12_flexed,51.0,34.4375,2,30.0,29.0,28.0,30.0,30.0,28.0,30.0,30.0,29.0,31.0,32.0,51.0,47.0,42.0,43.0,41.0
2025-12-25T10:20:12.031999,4142.168,1487,Thumb,motor_12_open,51.0,34.5625,2,30.0,29.0,28.0,30.0,30.0,28.0,30.0,30.0,29.0,31.0,32.0,51.0,47.0,42.0,44.0,42.0
2025-12-25T10:20:12.927933,4143.064,1488,Index,motor_2_flexed,51.0,34.625,2,30.0,29.0,28.0,30.0,30.0,28.0,30.0,30.0,29.0,32.0,32.0,51.0,47.0,42.0,44.0,42.0
2025-12-25T10:20:14.815838,4144.952,1488,Index,motor_2_open,51.0,34.5,2,30.0,29.0,28.0,30.0,30.0,28.0,30.0,30.0,29.0,31.0,32.0,51.0,47.0,42.0,44.0,41.0
2025-12-25T10:20:15.711791,4145.85,1489,Index,motor_1_flexed,51.0,34.5,2,30.0,29.0,28.0,30.0,30.0,28.0,30.0,30.0,29.0,31.0,32.0,51.0,47.0,42.0,43.0,42.0
2025-12-25T10:20:17.599715,4147.734,1489,Index,motor_1_open,51.0,34.5,2,30.0,29.0,28.0,30.0,30.0,28.0,30.0,30.0,29.0,31.0,32.0,51.0,47.0,42.0,43.0,42.0
2025-12-25T10:20:18.495666,4148.634,1490,Index,motor_3_flexed,51.0,34.5625,2,30.0,29.0,28.0,30.0,30.0,28.0,30.0,30.0,29.0,32.0,32.0,51.0,47.0,42.0,43.0,42.0
2025-12-25T10:20:20.383571,4150.521,1490,Index,motor_3_open,51.0,34.5,2,30.0,29.0,28.0,30.0,30.0,28.0,30.0,30.0,29.0,31.0,32.0,51.0,47.0,42.0,44.0,41.0
2025-12-25T10:20:21.279524,4151.416,1491,Middle,motor_11_flexed,51.0,34.4375,2,30.0,29.0,28.0,30.0,30.0,28.0,30.0,30.0,29.0,31.0,32.0,51.0,47.0,42.0,43.0,41.0
2025-12-25T10:20:23.167438,4153.306,1491,Middle,motor_11_open,51.0,34.5,2,30.0,29.0,28.0,30.0,30.0,28.0,30.0,30.0,29.0,31.0,32.0,51.0,47.0,42.0,43.0,42.0
2025-12-25T10:20:24.063393,4154.201,1492,Middle,motor_10_flexed,51.0,34.5,2,30.0,29.0,28.0,30.0,30.0,28.0,30.0,30.0,29.0,31.0,32.0,51.0,47.0,42.0,44.0,41.0
2025-12-25T10:20:25.951292,4156.09,1492,Middle,motor_10_open,51.0,34.5625,2,30.0,29.0,28.0,30.0,30.0,28.0,30.0,30.0,29.0,31.0,32.0,51.0,47.0,42.0,44.0,42.0
2025-12-25T10:20:26.847248,4156.986,1493,Ring,motor_4_flexed,51.0,34.5625,2,30.0,29.0,28.0,30.0,30.0,28.0,30.0,30.0,29.0,31.0,32.0,51.0,47.0,42.0,44.0,42.0
2025-12-25T10:20:28.735151,4158.873,1493,Ring,motor_4_open,51.0,34.5625,2,30.0,29.0,28.0,30.0,30.0,28.0,30.0,30.0,29.0,31.0,32.0,51.0,47.0,42.0,44.0,42.0
2025-12-25T10:20:29.631103,4159.767,1494,Ring,motor_5_flexed,51.0,34.5,2,30.0,29.0,28.0,30.0,30.0,28.0,30.0,30.0,29.0,31.0,32.0,51.0,47.0,42.0,44.0,41.0
2025-12-25T10:20:31.518991,4161.658,1494,Ring,motor_5_open,51.0,34.5625,2,30.0,29.0,28.0,30.0,30.0,28.0,30.0,30.0,29.0,31.0,32.0,51.0,47.0,42.0,44.0,42.0
2025-12-25T10:20:32.414961,4162.554,1495,Ring,motor_6_flexed,51.0,34.5625,2,30.0,29.0,28.0,30.0,30.0,28.0,30.0,30.0,29.0,31.0,32.0,51.0,47.0,42.0,44.0,42.0
2025-12-25T10:20:34.302845,4164.44,1495,Ring,motor_6_open,51.0,34.4375,2,30.0,29.0,28.0,30.0,30.0,28.0,30.0,30.0,29.0,31.0,32.0,51.0,47.0,42.0,43.0,41.0
2025-12-25T10:20:35.198800,4165.335,1496,Pinky,motor_7_flexed,51.0,34.5,2,30.0,29.0,28.0,30.0,30.0,28.0,30.0,30.0,29.0,31.0,32.0,51.0,47.0,42.0,43.0,42.0
2025-12-25T10:20:37.086700,4167.224,1496,Pinky,motor_7_open,51.0,34.5625,2,30.0,29.0,28.0,30.0,30.0,28.0,30.0,30.0,29.0,31.0,32.0,51.0,47.0,42.0,44.0,42.0
2025-12-25T10:20:37.982653,4168.119,1497,Pinky,motor_8_flexed,51.0,34.4375,2,30.0,29.0,28.0,30.0,30.0,28.0,30.0,30.0,29.0,31.0,32.0,51.0,47.0,42.0,43.0,41.0
2025-12-25T10:20:39.870556,4170.008,1497,Pinky,motor_8_open,51.0,34.5625,2,30.0,29.0,28.0,30.0,30.0,28.0,30.0,30.0,29.0,31.0,32.0,51.0,47.0,42.0,44.0,42.0
2025-12-25T10:20:40.766510,4170.905,1498,Pinky,motor_9_flexed,51.0,34.5,2,30.0,29.0,28.0,30.0,30.0,28.0,30.0,30.0,29.0,31.0,32.0,51.0,47.0,42.0,44.0,41.0
2025-12-25T10:20:42.654412,4172.79,1498,Pinky,motor_9_open,51.0,34.5,2,30.0,29.0,28.0,30.0,30.0,28.0,30.0,30.0,29.0,31.0,32.0,51.0,47.0,42.0,43.0,42.0
2025-12-25T10:20:43.550366,4173.689,1499,Thumb,motor_13_flexed,51.0,34.5625,2,30.0,29.0,28.0,30.0,30.0,28.0,30.0,30.0,29.0,31.0,32.0,51.0,47.0,42.0,44.0,42.0
2025-12-25T10:20:45.438271,4175.575,1499,Thumb,motor_13_open,51.0,34.5625,2,30.0,29.0,28.0,30.0,30.0,28.0,30.0,30.0,29.0,31.0,32.0,51.0,47.0,42.0,44.0,42.0
2025-12-25T10:20:46.334225,4176.472,1500,Thumb,motor_14_flexed,51.0,34.5625,2,30.0,29.0,28.0,30.0,30.0,28.0,30.0,30.0,29.0,31.0,32.0,51.0,47.0,42.0,44.0,42.0
2025-12-25T10:20:48.222125,4178.36,1500,Thumb,motor_14_open,51.0,34.3125,2,30.0,29.0,28.0,30.0,30.0,28.0,30.0,30.0,29.0,31.0,32.0,51.0,47.0,42.0,43.0,39.0
2025-12-25T10:20:49.118080,4179.257,1501,Thumb,motor_12_flexed,51.0,34.5,2,30.0,29.0,28.0,30.0,30.0,28.0,30.0,30.0,29.0,31.0,32.0,51.0,47.0,42.0,43.0,42.0
2025-12-25T10:20:51.005987,4181.144,1501,Thumb,motor_12_open,51.0,34.4375,2,30.0,29.0,28.0,30.0,30.0,28.0,30.0,30.0,29.0,31.0,32.0,51.0,47.0,42.0,43.0,41.0
2025-12-25T10:20:51.901936,4182.038,1502,Index,motor_2_flexed,51.0,34.5,2,30.0,29.0,28.0,30.0,30.0,28.0,30.0,30.0,29.0,31.0,32.0,51.0,47.0,42.0,43.0,42.0
2025-12-25T10:20:53.789830,4183.928,1502,Index,motor_2_open,51.0,34.5625,2,30.0,29.0,28.0,30.0,30.0,28.0,30.0,30.0,29.0,31.0,32.0,51.0,47.0,42.0,44.0,42.0
2025-12-25T10:20:54.685792,4184.823,1503,Index,motor_1_flexed,51.0,34.5,2,30.0,29.0,28.0,30.0,30.0,28.0,30.0,30.0,29.0,31.0,32.0,51.0,47.0,42.0,43.0,42.0
2025-12-25T10:20:56.573695,4186.711,1503,Index,motor_1_open,51.0,34.5625,2,30.0,29.0,28.0,30.0,30.0,28.0,30.0,30.0,29.0,31.0,32.0,51.0,47.0,42.0,44.0,42.0
2025-12-25T10:20:57.469649,4187.606,1504,Index,motor_3_flexed,51.0,34.5,2,30.0,29.0,28.0,30.0,30.0,28.0,30.0,30.0,29.0,31.0,32.0,51.0,47.0,42.0,44.0,41.0
2025-12-25T10:20:59.357549,4189.494,1504,Index,motor_3_open,51.0,34.5625,2,30.0,29.0,28.0,30.0,30.0,28.0,30.0,30.0,29.0,31.0,32.0,51.0,47.0,42.0,44.0,42.0
2025-12-25T10:21:00.253508,4190.392,1505,Middle,motor_11_flexed,51.0,34.4375,2,30.0,29.0,28.0,30.0,30.0,28.0,30.0,30.0,29.0,31.0,32.0,51.0,47.0,42.0,43.0,41.0
2025-12-25T10:21:02.141408,4192.279,1505,Middle,motor_11_open,51.0,34.5625,2,31.0,29.0,28.0,30.0,30.0,28.0,30.0,30.0,29.0,31.0,32.0,51.0,47.0,42.0,43.0,42.0
2025-12-25T10:21:03.037361,4193.175,1506,Middle,motor_10_flexed,51.0,34.5625,2,30.0,29.0,28.0,30.0,30.0,28.0,30.0,30.0,29.0,31.0,32.0,51.0,47.0,42.0,44.0,42.0
2025-12-25T10:21:04.925272,4195.061,1506,Middle,motor_10_open,51.0,34.625,2,30.0,29.0,28.0,30.0,30.0,28.0,30.0,30.0,29.0,31.0,32.0,51.0,47.0,42.0,44.0,43.0
2025-12-25T10:21:05.821217,4195.957,1507,Ring,motor_4_flexed,51.0,34.5625,2,31.0,29.0,28.0,30.0,30.0,28.0,30.0,30.0,29.0,31.0,32.0,51.0,47.0,42.0,43.0,42.0
2025-12-25T10:21:07.709120,4197.85,1507,Ring,motor_4_open,51.0,34.5,2,30.0,29.0,28.0,30.0,30.0,28.0,30.0,30.0,29.0,31.0,32.0,51.0,47.0,42.0,44.0,41.0
2025-12-25T10:21:08.605074,4198.744,1508,Ring,motor_5_flexed,51.0,34.5625,2,30.0,29.0,28.0,30.0,30.0,28.0,30.0,30.0,29.0,31.0,32.0,51.0,47.0,42.0,44.0,42.0
2025-12-25T10:21:10.188993,4200.331,1508,Ring,motor_5_flex_hold,51.0,34.5,2,30.0,29.0,28.0,30.0,30.0,28.0,30.0,30.0,29.0,31.0,32.0,51.0,47.0,42.0,44.0,41.0
2025-12-25T10:21:10.588970,4200.726,1508,Ring,motor_5_open,51.0,34.5625,2,30.0,29.0,28.0,30.0,30.0,28.0,30.0,30.0,29.0,31.0,32.0,51.0,47.0,42.0,44.0,42.0
2025-12-25T10:21:11.484924,4201.623,1509,Ring,motor_6_flexed,51.0,34.4375,2,30.0,29.0,28.0,30.0,30.0,28.0,30.0,30.0,29.0,31.0,32.0,51.0,47.0,42.0,43.0,41.0
2025-12-25T10:21:13.372820,4203.511,1509,Ring,motor_6_open,51.0,34.5,2,30.0,29.0,28.0,30.0,30.0,28.0,30.0,30.0,29.0,31.0,32.0,51.0,47.0,42.0,43.0,42.0
2025-12-25T10:21:14.268796,4204.409,1510,Pinky,motor_7_flexed,51.0,34.5,2,30.0,29.0,28.0,30.0,30.0,28.0,30.0,30.0,29.0,31.0,32.0,51.0,47.0,42.0,43.0,42.0
2025-12-25T10:21:16.156677,4206.293,1510,Pinky,motor_7_open,51.0,34.5,2,30.0,29.0,28.0,30.0,30.0,28.0,30.0,30.0,29.0,31.0,32.0,51.0,47.0,42.0,43.0,42.0
2025-12-25T10:21:17.052630,4207.184,1511,Pinky,motor_8_flexed,51.0,34.5625,2,30.0,29.0,28.0,30.0,30.0,28.0,30.0,30.0,29.0,31.0,32.0,51.0,47.0,42.0,44.0,42.0
2025-12-25T10:21:18.940527,4209.08,1511,Pinky,motor_8_open,51.0,34.5625,2,30.0,29.0,28.0,30.0,30.0,28.0,30.0,30.0,29.0,31.0,32.0,51.0,47.0,42.0,44.0,42.0
2025-12-25T10:21:19.836489,4209.974,1512,Pinky,motor_9_flexed,51.0,34.5,2,30.0,29.0,28.0,30.0,30.0,28.0,30.0,30.0,29.0,31.0,32.0,51.0,47.0,42.0,44.0,41.0
2025-12-25T10:21:21.724393,4211.863,1512,Pinky,motor_9_open,51.0,34.5,2,30.0,29.0,28.0,30.0,30.0,28.0,30.0,30.0,29.0,31.0,32.0,51.0,47.0,42.0,43.0,42.0
2025-12-25T10:21:22.620349,4212.759,1513,Thumb,motor_13_flexed,51.0,34.5625,2,30.0,29.0,28.0,30.0,30.0,28.0,30.0,30.0,29.0,31.0,32.0,51.0,47.0,42.0,44.0,42.0
2025-12-25T10:21:24.508251,4214.648,1513,Thumb,motor_13_open,51.0,34.5625,2,30.0,29.0,28.0,30.0,30.0,28.0,30.0,30.0,29.0,31.0,32.0,51.0,47.0,42.0,44.0,42.0
2025-12-25T10:21:25.404223,4215.542,1514,Thumb,motor_14_flexed,51.0,34.5,2,30.0,29.0,28.0,30.0,30.0,28.0,30.0,30.0,29.0,31.0,32.0,51.0,47.0,42.0,43.0,42.0
2025-12-25T10:21:27.292124,4217.43,1514,Thumb,motor_14_open,51.0,34.5625,2,31.0,29.0,28.0,30.0,30.0,28.0,30.0,30.0,29.0,31.0,32.0,51.0,47.0,42.0,43.0,42.0
2025-12-25T10:21:28.188077,4218.328,1515,Thumb,motor_12_flexed,51.0,34.5,2,30.0,29.0,28.0,30.0,30.0,28.0,30.0,30.0,29.0,31.0,32.0,51.0,47.0,42.0,43.0,42.0
2025-12-25T10:21:30.075982,4220.215,1515,Thumb,motor_12_open,51.0,34.4375,2,30.0,29.0,28.0,30.0,30.0,28.0,30.0,30.0,29.0,31.0,32.0,51.0,47.0,42.0,43.0,41.0
2025-12-25T10:21:30.971935,4221.112,1516,Index,motor_2_flexed,51.0,34.4375,2,30.0,29.0,28.0,30.0,30.0,28.0,30.0,30.0,29.0,31.0,32.0,51.0,47.0,42.0,43.0,41.0
2025-12-25T10:21:32.859837,4222.998,1516,Index,motor_2_open,51.0,34.5625,2,30.0,29.0,28.0,30.0,30.0,28.0,30.0,30.0,29.0,31.0,32.0,51.0,47.0,42.0,44.0,42.0
2025-12-25T10:21:33.755791,4223.893,1517,Index,motor_1_flexed,51.0,34.5625,2,30.0,29.0,28.0,30.0,30.0,28.0,30.0,30.0,29.0,31.0,32.0,51.0,47.0,42.0,44.0,42.0
2025-12-25T10:21:35.643684,4225.782,1517,Index,motor_1_open,51.0,34.5625,2,30.0,29.0,28.0,30.0,30.0,28.0,30.0,30.0,29.0,31.0,32.0,51.0,47.0,42.0,44.0,42.0
2025-12-25T10:21:36.539634,4226.679,1518,Index,motor_3_flexed,51.0,34.5625,2,30.0,29.0,28.0,30.0,30.0,28.0,30.0,30.0,29.0,31.0,32.0,51.0,47.0,42.0,44.0,42.0
2025-12-25T10:21:38.427529,4228.566,1518,Index,motor_3_open,51.0,34.5625,2,30.0,29.0,28.0,30.0,30.0,28.0,30.0,30.0,29.0,31.0,32.0,51.0,47.0,42.0,44.0,42.0
2025-12-25T10:21:39.323484,4229.462,1519,Middle,motor_11_flexed,51.0,34.6875,2,31.0,29.0,28.0,30.0,30.0,28.0,30.0,30.0,29.0,31.0,32.0,51.0,47.0,42.0,44.0,43.0
2025-12-25T10:21:41.211387,4231.348,1519,Middle,motor_11_open,51.0,34.5625,2,30.0,29.0,28.0,30.0,30.0,28.0,30.0,30.0,29.0,31.0,32.0,51.0,47.0,42.0,44.0,42.0
2025-12-25T10:21:42.107340,4232.246,1520,Middle,motor_10_flexed,51.0,34.5625,2,30.0,29.0,28.0,30.0,30.0,28.0,30.0,30.0,29.0,31.0,32.0,51.0,47.0,42.0,44.0,42.0
2025-12-25T10:21:43.995243,4234.135,1520,Middle,motor_10_open,51.0,34.625,2,31.0,29.0,28.0,30.0,30.0,28.0,30.0,30.0,29.0,31.0,32.0,51.0,47.0,42.0,44.0,42.0
2025-12-25T10:21:44.891185,4235.03,1521,Ring,motor_4_flexed,51.0,34.5625,2,31.0,29.0,28.0,30.0,30.0,28.0,30.0,30.0,29.0,31.0,32.0,51.0,47.0,42.0,44.0,41.0
2025-12-25T10:21:46.779089,4236.91,1521,Ring,motor_4_open,51.0,34.625,2,31.0,29.0,28.0,30.0,30.0,28.0,30.0,30.0,29.0,31.0,32.0,51.0,47.0,42.0,44.0,42.0
2025-12-25T10:21:47.675042,4237.811,1522,Ring,motor_5_flexed,51.0,34.5,2,30.0,29.0,28.0,30.0,30.0,28.0,30.0,30.0,29.0,32.0,32.0,51.0,47.0,42.0,43.0,41.0
2025-12-25T10:21:49.562944,4239.703,1522,Ring,motor_5_open,51.0,34.625,2,30.0,29.0,28.0,30.0,30.0,28.0,30.0,30.0,29.0,32.0,32.0,51.0,47.0,42.0,44.0,42.0
2025-12-25T10:21:50.458895,4240.592,1523,Ring,motor_6_flexed,51.0,34.5625,2,30.0,29.0,28.0,30.0,30.0,28.0,30.0,30.0,29.0,31.0,32.0,51.0,47.0,42.0,44.0,42.0
2025-12-25T10:21:52.346796,4242.481,1523,Ring,motor_6_open,51.0,34.5625,2,30.0,29.0,28.0,30.0,30.0,28.0,30.0,30.0,29.0,31.0,32.0,51.0,47.0,42.0,44.0,42.0
2025-12-25T10:21:53.242753,4243.375,1524,Pinky,motor_7_flexed,51.0,34.5,2,31.0,29.0,28.0,30.0,30.0,28.0,30.0,30.0,29.0,31.0,32.0,51.0,47.0,42.0,43.0,41.0
2025-12-25T10:21:55.130653,4245.262,1524,Pinky,motor_7_open,51.0,34.5,2,30.0,29.0,28.0,30.0,30.0,28.0,30.0,30.0,29.0,31.0,32.0,51.0,47.0,42.0,43.0,42.0
2025-12-25T10:21:56.026607,4246.16,1525,Pinky,motor_8_flexed,51.0,34.5,2,30.0,29.0,28.0,30.0,30.0,28.0,30.0,30.0,29.0,31.0,32.0,51.0,47.0,42.0,43.0,42.0
2025-12-25T10:21:57.914514,4248.045,1525,Pinky,motor_8_open,51.0,34.4375,2,30.0,29.0,28.0,30.0,30.0,28.0,30.0,30.0,29.0,31.0,32.0,51.0,47.0,42.0,44.0,40.0
2025-12-25T10:21:58.810461,4248.942,1526,Pinky,motor_9_flexed,51.0,34.5,2,30.0,29.0,28.0,30.0,30.0,28.0,30.0,30.0,29.0,31.0,32.0,51.0,47.0,42.0,44.0,41.0
2025-12-25T10:22:00.698364,4250.829,1526,Pinky,motor_9_open,51.0,34.4375,2,30.0,29.0,28.0,30.0,30.0,28.0,30.0,30.0,29.0,31.0,32.0,51.0,47.0,42.0,43.0,41.0
2025-12-25T10:22:01.594317,4251.726,1527,Thumb,motor_13_flexed,51.0,34.5625,2,30.0,29.0,28.0,30.0,30.0,28.0,30.0,30.0,29.0,31.0,32.0,51.0,47.0,42.0,44.0,42.0
2025-12-25T10:22:03.482235,4253.617,1527,Thumb,motor_13_open,51.0,34.5,2,30.0,29.0,28.0,30.0,30.0,28.0,30.0,30.0,29.0,31.0,32.0,51.0,47.0,42.0,44.0,41.0
2025-12-25T10:22:04.378189,4254.517,1528,Thumb,motor_14_flexed,51.0,34.5625,2,30.0,29.0,28.0,30.0,30.0,28.0,30.0,30.0,29.0,31.0,32.0,51.0,47.0,42.0,44.0,42.0
2025-12-25T10:22:06.266089,4256.402,1528,Thumb,motor_14_open,51.0,34.5625,2,30.0,29.0,28.0,30.0,30.0,28.0,30.0,30.0,29.0,31.0,32.0,51.0,47.0,42.0,44.0,42.0
2025-12-25T10:22:07.162040,4257.301,1529,Thumb,motor_12_flexed,51.0,34.5625,2,30.0,29.0,28.0,30.0,30.0,28.0,30.0,30.0,29.0,31.0,32.0,51.0,47.0,42.0,44.0,42.0
2025-12-25T10:22:09.049945,4259.189,1529,Thumb,motor_12_open,51.0,34.5625,2,30.0,29.0,28.0,30.0,30.0,28.0,30.0,30.0,29.0,31.0,32.0,51.0,47.0,42.0,44.0,42.0
2025-12-25T10:22:09.945898,4260.083,1530,Index,motor_2_flexed,51.0,34.5625,2,30.0,29.0,28.0,30.0,30.0,28.0,30.0,30.0,29.0,31.0,32.0,51.0,47.0,42.0,44.0,42.0
2025-12-25T10:22:11.833810,4261.971,1530,Index,motor_2_open,51.0,34.5,2,30.0,29.0,28.0,30.0,30.0,28.0,30.0,30.0,29.0,31.0,32.0,51.0,47.0,42.0,43.0,42.0
2025-12-25T10:22:12.729754,4262.87,1531,Index,motor_1_flexed,51.0,34.5,2,30.0,29.0,28.0,30.0,30.0,28.0,30.0,30.0,29.0,31.0,32.0,51.0,47.0,42.0,43.0,42.0
2025-12-25T10:22:14.617656,4264.758,1531,Index,motor_1_open,51.0,34.5625,2,30.0,29.0,28.0,30.0,30.0,28.0,30.0,30.0,29.0,31.0,32.0,51.0,47.0,42.0,44.0,42.0
2025-12-25T10:22:15.513609,4265.651,1532,Index,motor_3_flexed,51.0,34.5625,2,30.0,29.0,28.0,30.0,30.0,28.0,30.0,30.0,29.0,31.0,32.0,51.0,47.0,42.0,44.0,42.0
2025-12-25T10:22:17.401513,4267.541,1532,Index,motor_3_open,51.0,34.5625,2,30.0,29.0,28.0,30.0,30.0,28.0,30.0,30.0,29.0,31.0,32.0,51.0,47.0,42.0,44.0,42.0
2025-12-25T10:22:18.297467,4268.436,1533,Middle,motor_11_flexed,51.0,34.5625,2,30.0,29.0,28.0,30.0,30.0,28.0,30.0,30.0,29.0,31.0,32.0,51.0,47.0,42.0,44.0,42.0
2025-12-25T10:22:20.185368,4270.325,1533,Middle,motor_11_open,51.0,34.4375,2,30.0,29.0,28.0,30.0,30.0,28.0,30.0,30.0,29.0,31.0,32.0,51.0,47.0,42.0,43.0,41.0
2025-12-25T10:22:21.081334,4271.219,1534,Middle,motor_10_flexed,51.0,34.5,2,30.0,29.0,28.0,30.0,30.0,28.0,30.0,30.0,29.0,31.0,32.0,51.0,47.0,42.0,43.0,42.0
2025-12-25T10:22:22.969224,4273.106,1534,Middle,motor_10_open,51.0,34.5625,2,30.0,29.0,28.0,30.0,30.0,28.0,30.0,30.0,29.0,31.0,32.0,51.0,47.0,42.0,44.0,42.0
2025-12-25T10:22:23.865164,4274.003,1535,Ring,motor_4_flexed,51.0,34.625,2,31.0,29.0,28.0,30.0,30.0,28.0,30.0,30.0,29.0,31.0,32.0,51.0,47.0,42.0,44.0,42.0
2025-12-25T10:22:25.753082,4275.892,1535,Ring,motor_4_open,51.0,34.5625,2,30.0,29.0,28.0,30.0,30.0,28.0,30.0,30.0,29.0,31.0,32.0,51.0,47.0,42.0,44.0,42.0
2025-12-25T10:22:26.649021,4276.787,1536,Ring,motor_5_flexed,51.0,34.5,2,30.0,29.0,28.0,30.0,30.0,28.0,30.0,30.0,29.0,31.0,32.0,51.0,47.0,42.0,43.0,42.0
2025-12-25T10:22:28.536920,4278.674,1536,Ring,motor_5_open,51.0,34.5,2,30.0,29.0,28.0,30.0,30.0,28.0,30.0,30.0,29.0,31.0,32.0,51.0,47.0,42.0,44.0,41.0
2025-12-25T10:22:29.432876,4279.569,1537,Ring,motor_6_flexed,51.0,34.5625,2,30.0,29.0,28.0,30.0,30.0,28.0,30.0,30.0,29.0,31.0,32.0,51.0,47.0,42.0,44.0,42.0
2025-12-25T10:22:31.320777,4281.458,1537,Ring,motor_6_open,51.0,34.5625,2,30.0,29.0,28.0,30.0,30.0,28.0,30.0,30.0,29.0,31.0,32.0,51.0,47.0,42.0,44.0,42.0
2025-12-25T10:22:32.216732,4282.355,1538,Pinky,motor_7_flexed,51.0,34.5625,2,30.0,29.0,28.0,30.0,30.0,28.0,30.0,30.0,29.0,31.0,32.0,51.0,47.0,42.0,44.0,42.0
2025-12-25T10:22:34.104631,4284.236,1538,Pinky,motor_7_open,51.0,34.5625,2,30.0,29.0,28.0,30.0,30.0,28.0,30.0,30.0,29.0,31.0,32.0,51.0,47.0,42.0,44.0,42.0
2025-12-25T10:22:35.000602,4285.131,1539,Pinky,motor_8_flexed,51.0,34.5625,2,30.0,29.0,28.0,30.0,30.0,28.0,30.0,30.0,29.0,32.0,32.0,51.0,47.0,42.0,44.0,41.0
2025-12-25T10:22:36.888499,4287.026,1539,Pinky,motor_8_open,51.0,34.5625,2,30.0,29.0,28.0,30.0,30.0,28.0,30.0,30.0,29.0,31.0,32.0,51.0,47.0,42.0,44.0,42.0
2025-12-25T10:22:37.784454,4287.924,1540,Pinky,motor_9_flexed,51.0,34.4375,2,30.0,29.0,28.0,30.0,30.0,28.0,30.0,30.0,29.0,31.0,32.0,51.0,47.0,42.0,43.0,41.0
2025-12-25T10:22:39.672354,4289.811,1540,Pinky,motor_9_open,51.0,34.5,2,30.0,29.0,28.0,30.0,30.0,28.0,30.0,30.0,29.0,31.0,32.0,51.0,47.0,42.0,43.0,42.0
2025-12-25T10:22:40.568299,4290.706,1541,Thumb,motor_13_flexed,51.0,34.5,2,30.0,29.0,28.0,30.0,30.0,28.0,30.0,30.0,29.0,31.0,32.0,51.0,47.0,42.0,44.0,41.0
2025-12-25T10:22:42.456214,4292.596,1541,Thumb,motor_13_open,51.0,34.5,2,30.0,29.0,28.0,30.0,30.0,28.0,30.0,30.0,29.0,31.0,32.0,51.0,47.0,42.0,44.0,41.0
2025-12-25T10:22:43.352165,4293.492,1542,Thumb,motor_14_flexed,51.0,34.5625,2,30.0,29.0,28.0,30.0,30.0,28.0,30.0,30.0,29.0,31.0,32.0,51.0,47.0,42.0,44.0,42.0
2025-12-25T10:22:45.240066,4295.376,1542,Thumb,motor_14_open,51.0,34.5,2,30.0,29.0,28.0,30.0,30.0,28.0,30.0,30.0,29.0,31.0,32.0,51.0,47.0,42.0,43.0,42.0
2025-12-25T10:22:46.136023,4296.272,1543,Thumb,motor_12_flexed,51.0,34.5,2,30.0,29.0,28.0,30.0,30.0,28.0,30.0,30.0,29.0,31.0,32.0,51.0,47.0,42.0,44.0,41.0
2025-12-25T10:22:48.023923,4298.162,1543,Thumb,motor_12_open,51.0,34.5625,2,30.0,29.0,28.0,30.0,30.0,28.0,30.0,30.0,29.0,31.0,32.0,51.0,47.0,42.0,43.0,43.0
2025-12-25T10:22:48.919876,4299.06,1544,Index,motor_2_flexed,51.0,34.5625,2,30.0,29.0,28.0,30.0,30.0,28.0,30.0,30.0,29.0,31.0,32.0,51.0,47.0,42.0,44.0,42.0
2025-12-25T10:22:50.807777,4300.943,1544,Index,motor_2_open,51.0,34.5,2,30.0,29.0,28.0,30.0,30.0,28.0,30.0,30.0,29.0,31.0,32.0,51.0,47.0,42.0,44.0,41.0
2025-12-25T10:22:51.703731,4301.841,1545,Index,motor_1_flexed,51.0,34.5625,2,30.0,29.0,28.0,30.0,30.0,28.0,30.0,30.0,29.0,31.0,32.0,51.0,47.0,42.0,44.0,42.0
2025-12-25T10:22:53.591623,4303.726,1545,Index,motor_1_open,51.0,34.5625,2,30.0,29.0,28.0,30.0,30.0,28.0,30.0,30.0,29.0,31.0,32.0,51.0,47.0,42.0,44.0,42.0
2025-12-25T10:22:54.487575,4304.625,1546,Index,motor_3_flexed,51.0,34.4375,2,30.0,29.0,28.0,30.0,30.0,28.0,30.0,30.0,29.0,31.0,32.0,51.0,47.0,42.0,43.0,41.0
2025-12-25T10:22:56.375479,4306.513,1546,Index,motor_3_open,51.0,34.5625,2,31.0,29.0,28.0,30.0,30.0,28.0,30.0,30.0,29.0,31.0,32.0,51.0,47.0,42.0,43.0,42.0
2025-12-25T10:22:57.271430,4307.408,1547,Middle,motor_11_flexed,51.0,34.5625,2,30.0,29.0,28.0,30.0,30.0,28.0,30.0,30.0,29.0,31.0,32.0,51.0,47.0,42.0,44.0,42.0
2025-12-25T10:22:59.159332,4309.296,1547,Middle,motor_11_open,51.0,34.4375,2,30.0,29.0,28.0,30.0,30.0,28.0,30.0,30.0,29.0,31.0,32.0,51.0,47.0,42.0,43.0,41.0
2025-12-25T10:23:00.055297,4310.193,1548,Middle,motor_10_flexed,51.0,34.5625,2,30.0,29.0,28.0,30.0,30.0,28.0,30.0,30.0,29.0,31.0,32.0,51.0,47.0,42.0,44.0,42.0
2025-12-25T10:23:01.943198,4312.081,1548,Middle,motor_10_open,51.0,34.5,2,30.0,29.0,28.0,30.0,30.0,28.0,30.0,30.0,29.0,31.0,32.0,51.0,47.0,42.0,43.0,42.0
2025-12-25T10:23:02.839139,4312.97,1549,Ring,motor_4_flexed,51.0,34.5625,2,30.0,29.0,28.0,30.0,30.0,28.0,30.0,30.0,29.0,32.0,32.0,51.0,47.0,42.0,44.0,41.0
2025-12-25T10:23:04.727057,4314.863,1549,Ring,motor_4_open,51.0,34.5625,2,31.0,29.0,28.0,30.0,30.0,28.0,30.0,30.0,29.0,31.0,32.0,51.0,47.0,42.0,43.0,42.0
2025-12-25T10:23:05.623009,4315.761,1550,Ring,motor_5_flexed,51.0,34.5,2,30.0,29.0,28.0,30.0,30.0,28.0,30.0,30.0,29.0,31.0,32.0,51.0,47.0,42.0,43.0,42.0
2025-12-25T10:23:07.510909,4317.648,1550,Ring,motor_5_open,51.0,34.5,2,30.0,29.0,28.0,30.0,30.0,28.0,30.0,30.0,29.0,31.0,32.0,51.0,47.0,42.0,43.0,42.0
2025-12-25T10:23:08.406865,4318.545,1551,Ring,motor_6_flexed,51.0,34.5625,2,30.0,29.0,28.0,30.0,30.0,28.0,30.0,30.0,29.0,31.0,32.0,51.0,47.0,42.0,44.0,42.0
2025-12-25T10:23:09.990780,4320.133,1551,Ring,motor_6_flex_hold,51.0,34.5,2,30.0,29.0,28.0,30.0,30.0,28.0,30.0,30.0,29.0,31.0,32.0,51.0,47.0,42.0,43.0,42.0
2025-12-25T10:23:10.390760,4320.527,1551,Ring,motor_6_open,51.0,34.5625,2,30.0,29.0,28.0,30.0,30.0,28.0,30.0,30.0,29.0,31.0,32.0,51.0,47.0,42.0,44.0,42.0
2025-12-25T10:23:11.286713,4321.424,1552,Pinky,motor_7_flexed,51.0,34.5625,2,30.0,29.0,28.0,30.0,30.0,28.0,30.0,30.0,29.0,31.0,32.0,51.0,47.0,42.0,44.0,42.0
2025-12-25T10:23:13.174615,4323.312,1552,Pinky,motor_7_open,51.0,34.5,2,30.0,29.0,28.0,30.0,30.0,28.0,30.0,30.0,29.0,31.0,32.0,51.0,47.0,42.0,44.0,41.0
2025-12-25T10:23:14.070577,4324.208,1553,Pinky,motor_8_flexed,51.0,34.5625,2,30.0,29.0,28.0,30.0,30.0,28.0,30.0,30.0,29.0,31.0,32.0,51.0,47.0,42.0,44.0,42.0
2025-12-25T10:23:15.958470,4326.099,1553,Pinky,motor_8_open,51.0,34.5625,2,30.0,29.0,28.0,30.0,30.0,28.0,30.0,30.0,29.0,31.0,32.0,51.0,47.0,42.0,44.0,42.0
2025-12-25T10:23:16.854421,4326.992,1554,Pinky,motor_9_flexed,51.0,34.4375,2,30.0,29.0,28.0,30.0,30.0,28.0,30.0,30.0,29.0,31.0,32.0,51.0,47.0,42.0,43.0,41.0
2025-12-25T10:23:18.742340,4328.879,1554,Pinky,motor_9_open,51.0,34.5625,2,30.0,29.0,28.0,30.0,30.0,28.0,30.0,30.0,29.0,31.0,32.0,51.0,47.0,42.0,44.0,42.0
2025-12-25T10:23:19.638280,4329.775,1555,Thumb,motor_13_flexed,51.0,34.5625,2,30.0,29.0,28.0,30.0,30.0,28.0,30.0,30.0,29.0,31.0,32.0,51.0,47.0,42.0,44.0,42.0
2025-12-25T10:23:21.526179,4331.665,1555,Thumb,motor_13_open,51.0,34.5625,2,30.0,29.0,28.0,30.0,30.0,28.0,30.0,30.0,29.0,31.0,32.0,51.0,47.0,42.0,44.0,42.0
2025-12-25T10:23:22.422133,4332.56,1556,Thumb,motor_14_flexed,51.0,34.5,2,30.0,29.0,28.0,30.0,30.0,28.0,30.0,30.0,29.0,32.0,32.0,51.0,47.0,42.0,43.0,41.0
2025-12-25T10:23:24.310037,4334.447,1556,Thumb,motor_14_open,51.0,34.5,2,30.0,29.0,28.0,30.0,30.0,28.0,30.0,30.0,29.0,31.0,32.0,51.0,47.0,42.0,44.0,41.0
2025-12-25T10:23:25.205979,4335.344,1557,Thumb,motor_12_flexed,51.0,34.5,2,30.0,29.0,28.0,30.0,30.0,28.0,30.0,30.0,29.0,31.0,32.0,51.0,47.0,42.0,44.0,41.0
2025-12-25T10:23:27.093880,4337.232,1557,Thumb,motor_12_open,51.0,34.5625,2,30.0,29.0,28.0,30.0,30.0,28.0,30.0,30.0,29.0,31.0,32.0,51.0,47.0,42.0,44.0,42.0
2025-12-25T10:23:27.989850,4338.128,1558,Index,motor_2_flexed,51.0,34.5625,2,30.0,29.0,28.0,30.0,30.0,28.0,30.0,30.0,29.0,31.0,32.0,51.0,47.0,42.0,44.0,42.0
2025-12-25T10:23:29.877747,4340.017,1558,Index,motor_2_open,51.0,34.6875,2,30.0,29.0,28.0,30.0,30.0,28.0,30.0,30.0,29.0,31.0,32.0,51.0,47.0,42.0,44.0,44.0
2025-12-25T10:23:30.773699,4340.91,1559,Index,motor_1_flexed,51.0,34.5625,2,30.0,29.0,28.0,30.0,30.0,28.0,30.0,30.0,29.0,31.0,32.0,51.0,47.0,42.0,44.0,42.0
2025-12-25T10:23:32.661616,4342.801,1559,Index,motor_1_open,51.0,34.5625,2,30.0,29.0,28.0,30.0,30.0,28.0,30.0,30.0,29.0,31.0,32.0,51.0,47.0,42.0,44.0,42.0
2025-12-25T10:23:33.557556,4343.696,1560,Index,motor_3_flexed,51.0,34.5625,2,30.0,29.0,28.0,30.0,30.0,28.0,30.0,30.0,29.0,31.0,32.0,51.0,47.0,42.0,44.0,42.0
2025-12-25T10:23:35.445456,4345.581,1560,Index,motor_3_open,51.0,34.5625,2,31.0,29.0,28.0,30.0,30.0,28.0,30.0,30.0,29.0,31.0,32.0,51.0,47.0,42.0,44.0,41.0
2025-12-25T10:23:36.341412,4346.476,1561,Middle,motor_11_flexed,51.0,34.5625,2,30.0,29.0,28.0,30.0,30.0,28.0,30.0,30.0,29.0,31.0,32.0,51.0,47.0,42.0,44.0,42.0
2025-12-25T10:23:38.229310,4348.37,1561,Middle,motor_11_open,51.0,34.5,2,30.0,29.0,28.0,30.0,30.0,28.0,30.0,30.0,29.0,31.0,32.0,51.0,47.0,42.0,44.0,41.0
2025-12-25T10:23:39.125265,4349.263,1562,Middle,motor_10_flexed,51.0,34.625,2,31.0,29.0,28.0,30.0,30.0,28.0,30.0,30.0,29.0,31.0,32.0,51.0,47.0,42.0,44.0,42.0
2025-12-25T10:23:41.013166,4351.149,1562,Middle,motor_10_open,51.0,34.5625,2,30.0,29.0,28.0,30.0,30.0,28.0,30.0,30.0,29.0,31.0,32.0,51.0,47.0,42.0,44.0,42.0
2025-12-25T10:23:41.909138,4352.047,1563,Ring,motor_4_flexed,51.0,34.5625,2,30.0,29.0,28.0,30.0,30.0,28.0,30.0,30.0,29.0,31.0,32.0,51.0,47.0,42.0,44.0,42.0
2025-12-25T10:23:43.797013,4353.935,1563,Ring,motor_4_open,51.0,34.5625,2,30.0,29.0,28.0,30.0,30.0,28.0,30.0,30.0,29.0,31.0,32.0,51.0,47.0,42.0,44.0,42.0
2025-12-25T10:23:44.692967,4354.83,1564,Ring,motor_5_flexed,51.0,34.625,2,30.0,29.0,28.0,30.0,30.0,28.0,30.0,30.0,29.0,31.0,32.0,51.0,47.0,42.0,44.0,43.0
2025-12-25T10:23:46.580869,4356.718,1564,Ring,motor_5_open,51.0,34.5,2,30.0,29.0,28.0,30.0,30.0,28.0,30.0,30.0,29.0,31.0,32.0,51.0,47.0,42.0,44.0,41.0
2025-12-25T10:23:47.476821,4357.616,1565,Ring,motor_6_flexed,51.0,34.5,2,30.0,29.0,28.0,30.0,30.0,28.0,30.0,30.0,29.0,31.0,32.0,51.0,47.0,42.0,44.0,41.0
2025-12-25T10:23:49.364719,4359.498,1565,Ring,motor_6_open,51.0,34.5,2,30.0,29.0,28.0,30.0,30.0,28.0,30.0,30.0,29.0,31.0,32.0,51.0,47.0,42.0,44.0,41.0
2025-12-25T10:23:50.260670,4360.391,1566,Pinky,motor_7_flexed,51.0,34.625,2,30.0,29.0,28.0,30.0,30.0,28.0,30.0,30.0,29.0,32.0,32.0,51.0,47.0,42.0,44.0,42.0
2025-12-25T10:23:52.148575,4362.286,1566,Pinky,motor_7_open,51.0,34.5625,2,30.0,29.0,28.0,30.0,30.0,28.0,30.0,30.0,29.0,31.0,32.0,51.0,47.0,42.0,44.0,42.0
2025-12-25T10:23:53.044532,4363.182,1567,Pinky,motor_8_flexed,51.0,34.5,2,30.0,29.0,28.0,30.0,30.0,28.0,30.0,30.0,29.0,31.0,32.0,51.0,47.0,42.0,44.0,41.0
2025-12-25T10:23:54.932435,4365.071,1567,Pinky,motor_8_open,51.0,34.4375,2,30.0,29.0,28.0,30.0,30.0,28.0,30.0,30.0,29.0,31.0,32.0,51.0,47.0,42.0,43.0,41.0
2025-12-25T10:23:55.828388,4365.969,1568,Pinky,motor_9_flexed,51.0,34.5625,2,30.0,29.0,28.0,30.0,30.0,28.0,30.0,30.0,29.0,31.0,32.0,51.0,47.0,42.0,44.0,42.0
2025-12-25T10:23:57.716285,4367.855,1568,Pinky,motor_9_open,51.0,34.5,2,30.0,29.0,28.0,30.0,30.0,28.0,30.0,30.0,29.0,31.0,32.0,51.0,47.0,42.0,44.0,41.0
2025-12-25T10:23:58.612237,4368.743,1569,Thumb,motor_13_flexed,51.0,34.5625,2,30.0,29.0,28.0,30.0,30.0,28.0,30.0,30.0,29.0,31.0,32.0,51.0,47.0,42.0,44.0,42.0
2025-12-25T10:24:00.500137,4370.632,1569,Thumb,motor_13_open,51.0,34.5,2,30.0,29.0,28.0,30.0,30.0,28.0,30.0,30.0,29.0,31.0,32.0,51.0,47.0,42.0,44.0,41.0
2025-12-25T10:24:01.396095,4371.532,1570,Thumb,motor_14_flexed,51.0,34.5625,2,30.0,29.0,28.0,30.0,30.0,28.0,30.0,30.0,29.0,31.0,32.0,51.0,47.0,42.0,44.0,42.0
2025-12-25T10:24:03.284036,4373.422,1570,Thumb,motor_14_open,51.0,34.5625,2,30.0,29.0,28.0,30.0,30.0,28.0,30.0,30.0,29.0,31.0,32.0,51.0,47.0,42.0,44.0,42.0
2025-12-25T10:24:04.179990,4374.318,1571,Thumb,motor_12_flexed,51.0,34.5,2,30.0,29.0,28.0,30.0,30.0,28.0,30.0,30.0,29.0,31.0,32.0,51.0,47.0,42.0,44.0,41.0
2025-12-25T10:24:06.067890,4376.207,1571,Thumb,motor_12_open,51.0,34.5625,2,30.0,29.0,28.0,30.0,30.0,28.0,30.0,30.0,29.0,31.0,32.0,51.0,47.0,42.0,44.0,42.0
2025-12-25T10:24:06.963848,4377.101,1572,Index,motor_2_flexed,51.0,34.5625,2,30.0,29.0,28.0,30.0,30.0,28.0,30.0,30.0,29.0,31.0,32.0,51.0,47.0,42.0,44.0,42.0
2025-12-25T10:24:08.851750,4378.993,1572,Index,motor_2_open,51.0,34.5,2,30.0,29.0,28.0,30.0,30.0,28.0,30.0,30.0,29.0,31.0,32.0,51.0,47.0,42.0,43.0,42.0
2025-12-25T10:24:09.747701,4379.885,1573,Index,motor_1_flexed,51.0,34.5625,2,30.0,29.0,28.0,30.0,30.0,28.0,30.0,30.0,29.0,31.0,32.0,51.0,47.0,42.0,44.0,42.0
2025-12-25T10:24:10.835645,4380.974,1573,Index,motor_1_flex_hold,51.0,34.5625,2,30.0,29.0,28.0,30.0,30.0,28.0,30.0,30.0,29.0,31.0,32.0,51.0,47.0,42.0,44.0,42.0
2025-12-25T10:24:11.635606,4381.773,1573,Index,motor_1_open,51.0,34.5625,2,30.0,29.0,28.0,30.0,30.0,28.0,30.0,30.0,29.0,31.0,32.0,51.0,47.0,42.0,44.0,42.0
2025-12-25T10:24:12.531556,4382.672,1574,Index,motor_3_flexed,51.0,34.5625,2,30.0,29.0,28.0,30.0,29.0,28.0,30.0,30.0,29.0,32.0,32.0,51.0,47.0,42.0,44.0,42.0
2025-12-25T10:24:14.419455,4384.558,1574,Index,motor_3_open,51.0,34.5625,2,31.0,29.0,28.0,30.0,30.0,28.0,30.0,30.0,29.0,31.0,32.0,51.0,47.0,42.0,43.0,42.0
2025-12-25T10:24:15.315409,4385.452,1575,Middle,motor_11_flexed,51.0,34.5,2,30.0,29.0,28.0,30.0,30.0,28.0,30.0,30.0,29.0,31.0,32.0,51.0,47.0,42.0,43.0,42.0
2025-12-25T10:24:17.203312,4387.342,1575,Middle,motor_11_open,51.0,34.5625,2,30.0,29.0,28.0,30.0,30.0,28.0,30.0,30.0,29.0,31.0,32.0,51.0,47.0,42.0,44.0,42.0
2025-12-25T10:24:18.099260,4388.237,1576,Middle,motor_10_flexed,51.0,34.5625,2,31.0,29.0,28.0,30.0,30.0,28.0,30.0,30.0,29.0,31.0,32.0,51.0,47.0,42.0,43.0,42.0
2025-12-25T10:24:19.987140,4390.126,1576,Middle,motor_10_open,51.0,34.6875,2,31.0,29.0,28.0,30.0,30.0,28.0,30.0,30.0,29.0,31.0,32.0,51.0,47.0,42.0,43.0,44.0
2025-12-25T10:24:20.883128,4391.022,1577,Ring,motor_4_flexed,51.0,34.5625,2,30.0,29.0,28.0,30.0,30.0,28.0,30.0,30.0,29.0,31.0,32.0,51.0,47.0,42.0,44.0,42.0
2025-12-25T10:24:22.771025,4392.908,1577,Ring,motor_4_open,51.0,34.625,2,31.0,29.0,28.0,30.0,30.0,28.0,30.0,30.0,29.0,31.0,32.0,51.0,47.0,42.0,44.0,42.0
2025-12-25T10:24:23.666980,4393.806,1578,Ring,motor_5_flexed,51.0,34.5625,2,30.0,29.0,28.0,30.0,30.0,28.0,30.0,30.0,29.0,32.0,32.0,51.0,47.0,42.0,43.0,42.0
2025-12-25T10:24:25.554859,4395.695,1578,Ring,motor_5_open,51.0,34.625,2,30.0,29.0,28.0,30.0,30.0,28.0,30.0,30.0,29.0,32.0,32.0,51.0,47.0,42.0,44.0,42.0
2025-12-25T10:24:26.450830,4396.589,1579,Ring,motor_6_flexed,51.0,34.5625,2,30.0,29.0,28.0,30.0,30.0,28.0,30.0,30.0,29.0,31.0,32.0,51.0,47.0,42.0,44.0,42.0
2025-12-25T10:24:28.338729,4398.477,1579,Ring,motor_6_open,51.0,34.5625,2,30.0,29.0,28.0,30.0,30.0,28.0,30.0,30.0,29.0,31.0,32.0,51.0,47.0,42.0,44.0,42.0
2025-12-25T10:24:29.234682,4399.373,1580,Pinky,motor_7_flexed,51.0,34.5625,2,30.0,29.0,28.0,30.0,30.0,28.0,30.0,30.0,29.0,31.0,32.0,51.0,47.0,42.0,44.0,42.0
2025-12-25T10:24:31.122559,4401.262,1580,Pinky,motor_7_open,51.0,34.4375,2,30.0,29.0,28.0,30.0,30.0,28.0,30.0,30.0,29.0,32.0,32.0,51.0,47.0,42.0,43.0,40.0
2025-12-25T10:24:32.018528,4402.157,1581,Pinky,motor_8_flexed,51.0,34.5,2,30.0,29.0,28.0,30.0,30.0,28.0,30.0,30.0,29.0,31.0,32.0,51.0,47.0,42.0,43.0,42.0
2025-12-25T10:24:33.906426,4404.043,1581,Pinky,motor_8_open,51.0,34.5625,2,30.0,29.0,28.0,30.0,30.0,28.0,30.0,30.0,29.0,31.0,32.0,51.0,47.0,42.0,44.0,42.0
2025-12-25T10:24:34.802390,4404.94,1582,Pinky,motor_9_flexed,51.0,34.4375,2,30.0,29.0,28.0,30.0,30.0,28.0,30.0,30.0,29.0,31.0,32.0,51.0,47.0,42.0,43.0,41.0
2025-12-25T10:24:36.690286,4406.829,1582,Pinky,motor_9_open,51.0,34.5625,2,30.0,29.0,28.0,30.0,30.0,28.0,30.0,30.0,29.0,31.0,32.0,51.0,47.0,42.0,44.0,42.0
2025-12-25T10:24:37.586225,4407.726,1583,Thumb,motor_13_flexed,51.0,34.5625,2,30.0,29.0,28.0,30.0,30.0,28.0,30.0,30.0,29.0,31.0,32.0,51.0,47.0,42.0,44.0,42.0
2025-12-25T10:24:39.474160,4409.612,1583,Thumb,motor_13_open,51.0,34.5625,2,30.0,29.0,28.0,30.0,30.0,28.0,30.0,30.0,29.0,31.0,32.0,51.0,47.0,42.0,44.0,42.0
2025-12-25T10:24:40.370100,4410.509,1584,Thumb,motor_14_flexed,51.0,34.5,2,30.0,29.0,28.0,30.0,30.0,28.0,30.0,30.0,29.0,31.0,32.0,51.0,47.0,42.0,43.0,42.0
2025-12-25T10:24:42.258010,4412.397,1584,Thumb,motor_14_open,51.0,34.5625,2,30.0,29.0,28.0,30.0,30.0,28.0,30.0,30.0,29.0,31.0,32.0,51.0,47.0,42.0,44.0,42.0
2025-12-25T10:24:43.153932,4413.294,1585,Thumb,motor_12_flexed,51.0,34.5625,2,30.0,29.0,28.0,30.0,30.0,28.0,30.0,30.0,29.0,31.0,32.0,51.0,47.0,42.0,44.0,42.0
2025-12-25T10:24:45.041857,4415.182,1585,Thumb,motor_12_open,51.0,34.5,2,30.0,29.0,28.0,30.0,30.0,28.0,30.0,30.0,29.0,31.0,32.0,51.0,47.0,42.0,44.0,41.0
2025-12-25T10:24:45.937810,4416.075,1586,Index,motor_2_flexed,51.0,34.5,2,30.0,29.0,28.0,30.0,30.0,28.0,30.0,30.0,29.0,31.0,32.0,51.0,47.0,42.0,44.0,41.0
2025-12-25T10:24:47.825712,4417.965,1586,Index,motor_2_open,51.0,34.5625,2,30.0,29.0,28.0,30.0,30.0,28.0,30.0,30.0,29.0,31.0,32.0,51.0,47.0,42.0,44.0,42.0
2025-12-25T10:24:48.721685,4418.86,1587,Index,motor_1_flexed,51.0,34.5625,2,30.0,29.0,28.0,30.0,30.0,28.0,30.0,30.0,29.0,31.0,32.0,51.0,47.0,42.0,44.0,42.0
2025-12-25T10:24:50.609559,4420.747,1587,Index,motor_1_open,51.0,34.5,2,30.0,29.0,28.0,30.0,30.0,28.0,30.0,30.0,29.0,31.0,32.0,51.0,47.0,42.0,43.0,42.0
2025-12-25T10:24:51.505513,4421.644,1588,Index,motor_3_flexed,51.0,34.5625,2,30.0,29.0,28.0,30.0,30.0,28.0,30.0,30.0,29.0,31.0,32.0,51.0,47.0,42.0,44.0,42.0
2025-12-25T10:24:53.393431,4423.533,1588,Index,motor_3_open,51.0,34.5,2,30.0,29.0,28.0,30.0,30.0,28.0,30.0,30.0,29.0,31.0,32.0,51.0,47.0,42.0,43.0,42.0
2025-12-25T10:24:54.289368,4424.431,1589,Middle,motor_11_flexed,51.0,34.5625,2,31.0,29.0,28.0,30.0,29.0,28.0,30.0,30.0,29.0,32.0,32.0,51.0,47.0,42.0,44.0,41.0
2025-12-25T10:24:56.193280,4426.335,1589,Middle,motor_11_open,51.0,34.5,2,30.0,29.0,28.0,30.0,30.0,28.0,30.0,30.0,29.0,31.0,32.0,51.0,47.0,42.0,43.0,42.0
2025-12-25T10:24:57.089232,4427.223,1590,Middle,motor_10_flexed,51.0,34.625,2,31.0,29.0,28.0,30.0,30.0,28.0,30.0,30.0,29.0,31.0,32.0,51.0,47.0,42.0,43.0,43.0
2025-12-25T10:24:58.977137,4429.117,1590,Middle,motor_10_open,51.0,34.5625,2,30.0,29.0,28.0,30.0,30.0,28.0,30.0,30.0,29.0,31.0,32.0,51.0,47.0,42.0,44.0,42.0
2025-12-25T10:24:59.873079,4430.013,1591,Ring,motor_4_flexed,51.0,34.5625,2,30.0,29.0,28.0,30.0,30.0,28.0,30.0,30.0,29.0,31.0,32.0,51.0,47.0,42.0,44.0,42.0
2025-12-25T10:25:01.760986,4431.9,1591,Ring,motor_4_open,51.0,34.5625,2,30.0,29.0,28.0,30.0,30.0,28.0,30.0,30.0,29.0,32.0,32.0,51.0,47.0,42.0,44.0,41.0
2025-12-25T10:25:02.656960,4432.795,1592,Ring,motor_5_flexed,51.0,34.5,2,30.0,29.0,28.0,30.0,30.0,28.0,30.0,30.0,29.0,31.0,32.0,51.0,47.0,42.0,43.0,42.0
2025-12-25T10:25:04.544844,4434.684,1592,Ring,motor_5_open,51.0,34.5625,2,31.0,29.0,28.0,30.0,30.0,28.0,30.0,30.0,29.0,31.0,32.0,51.0,47.0,42.0,43.0,42.0
2025-12-25T10:25:05.440798,4435.579,1593,Ring,motor_6_flexed,51.0,34.5,2,30.0,29.0,28.0,30.0,30.0,28.0,30.0,30.0,29.0,31.0,32.0,51.0,47.0,42.0,44.0,41.0
2025-12-25T10:25:07.328698,4437.47,1593,Ring,motor_6_open,51.0,34.625,2,30.0,29.0,28.0,30.0,30.0,28.0,30.0,30.0,29.0,32.0,32.0,51.0,47.0,42.0,44.0,42.0
2025-12-25T10:25:08.224653,4438.365,1594,Pinky,motor_7_flexed,51.0,34.625,2,30.0,29.0,28.0,30.0,30.0,28.0,30.0,30.0,29.0,32.0,32.0,51.0,47.0,42.0,44.0,42.0
2025-12-25T10:25:10.112553,4440.25,1594,Pinky,motor_7_open,51.0,34.625,2,30.0,29.0,28.0,30.0,30.0,28.0,30.0,30.0,29.0,32.0,32.0,51.0,47.0,42.0,44.0,42.0
2025-12-25T10:25:11.008505,4441.148,1595,Pinky,motor_8_flexed,51.0,34.5625,2,30.0,29.0,28.0,30.0,30.0,28.0,30.0,30.0,29.0,31.0,32.0,51.0,47.0,42.0,44.0,42.0
2025-12-25T10:25:12.896404,4443.035,1595,Pinky,motor_8_open,51.0,34.625,2,30.0,29.0,28.0,30.0,30.0,28.0,30.0,30.0,29.0,32.0,32.0,51.0,47.0,42.0,44.0,42.0
2025-12-25T10:25:13.792359,4443.932,1596,Pinky,motor_9_flexed,51.0,34.5625,2,30.0,29.0,28.0,30.0,30.0,28.0,30.0,30.0,29.0,32.0,32.0,51.0,47.0,42.0,44.0,41.0
2025-12-25T10:25:15.680261,4445.817,1596,Pinky,motor_9_open,51.0,34.5625,2,30.0,29.0,28.0,30.0,30.0,28.0,30.0,30.0,29.0,31.0,32.0,51.0,47.0,42.0,44.0,42.0
2025-12-25T10:25:16.576206,4446.711,1597,Thumb,motor_13_flexed,51.0,34.5625,2,30.0,29.0,28.0,30.0,30.0,28.0,30.0,30.0,29.0,31.0,32.0,51.0,47.0,42.0,44.0,42.0
2025-12-25T10:25:18.464114,4448.604,1597,Thumb,motor_13_open,51.0,34.5,2,30.0,29.0,28.0,30.0,30.0,28.0,30.0,30.0,29.0,32.0,32.0,51.0,47.0,42.0,43.0,41.0
2025-12-25T10:25:19.360070,4449.499,1598,Thumb,motor_14_flexed,51.0,34.625,2,30.0,29.0,28.0,30.0,30.0,28.0,30.0,30.0,29.0,32.0,32.0,51.0,47.0,42.0,44.0,42.0
2025-12-25T10:25:21.247970,4451.384,1598,Thumb,motor_14_open,51.0,34.5625,2,30.0,29.0,28.0,30.0,30.0,28.0,30.0,30.0,29.0,32.0,32.0,51.0,47.0,42.0,44.0,41.0
2025-12-25T10:25:22.143923,4452.283,1599,Thumb,motor_12_flexed,51.0,34.5,2,30.0,29.0,28.0,30.0,30.0,28.0,30.0,30.0,29.0,31.0,32.0,51.0,47.0,42.0,44.0,41.0
2025-12-25T10:25:24.031827,4454.17,1599,Thumb,motor_12_open,51.0,34.5625,2,30.0,29.0,28.0,30.0,30.0,28.0,30.0,30.0,29.0,31.0,32.0,51.0,47.0,42.0,44.0,42.0
2025-12-25T10:25:24.927778,4455.067,1600,Index,motor_2_flexed,51.0,34.6875,2,30.0,29.0,28.0,30.0,30.0,28.0,30.0,30.0,29.0,32.0,32.0,51.0,47.0,42.0,44.0,43.0
2025-12-25T10:25:26.815680,4456.954,1600,Index,motor_2_open,51.0,34.5,2,30.0,29.0,28.0,30.0,30.0,28.0,30.0,30.0,29.0,31.0,32.0,51.0,47.0,42.0,43.0,42.0
2025-12-25T10:25:27.711626,4457.851,1601,Index,motor_1_flexed,51.0,34.5,2,30.0,29.0,28.0,30.0,30.0,28.0,30.0,30.0,29.0,31.0,32.0,51.0,47.0,42.0,43.0,42.0
2025-12-25T10:25:29.599534,4459.738,1601,Index,motor_1_open,51.0,34.5625,2,30.0,29.0,28.0,30.0,30.0,28.0,30.0,30.0,29.0,31.0,32.0,51.0,47.0,42.0,44.0,42.0
2025-12-25T10:25:30.495442,4460.626,1602,Index,motor_3_flexed,51.0,34.4375,2,30.0,29.0,28.0,30.0,30.0,28.0,30.0,30.0,29.0,31.0,32.0,51.0,47.0,42.0,43.0,41.0
2025-12-25T10:25:32.383352,4462.523,1602,Index,motor_3_open,51.0,34.5625,2,30.0,29.0,28.0,30.0,30.0,28.0,30.0,30.0,29.0,32.0,32.0,51.0,47.0,42.0,44.0,41.0
2025-12-25T10:25:33.279291,4463.417,1603,Middle,motor_11_flexed,51.0,34.5,2,30.0,29.0,28.0,30.0,30.0,28.0,30.0,30.0,29.0,31.0,32.0,51.0,47.0,42.0,43.0,42.0
2025-12-25T10:25:35.167191,4465.303,1603,Middle,motor_11_open,51.0,34.5,2,30.0,29.0,28.0,30.0,30.0,28.0,30.0,30.0,29.0,31.0,32.0,51.0,47.0,42.0,44.0,41.0
2025-12-25T10:25:36.063159,4466.203,1604,Middle,motor_10_flexed,51.0,34.5,2,30.0,29.0,28.0,30.0,30.0,28.0,30.0,30.0,29.0,31.0,32.0,51.0,47.0,42.0,43.0,42.0
2025-12-25T10:25:37.951048,4468.088,1604,Middle,motor_10_open,51.0,34.5625,2,30.0,29.0,28.0,30.0,30.0,28.0,30.0,30.0,29.0,32.0,32.0,51.0,47.0,42.0,44.0,41.0
2025-12-25T10:25:38.847008,4468.984,1605,Ring,motor_4_flexed,51.0,34.5625,2,30.0,29.0,28.0,30.0,30.0,28.0,30.0,30.0,29.0,31.0,32.0,51.0,47.0,42.0,44.0,42.0
2025-12-25T10:25:40.734950,4470.873,1605,Ring,motor_4_open,51.0,34.625,2,30.0,29.0,28.0,30.0,30.0,28.0,30.0,30.0,29.0,32.0,32.0,51.0,47.0,42.0,44.0,42.0
2025-12-25T10:25:41.630909,4471.77,1606,Ring,motor_5_flexed,51.0,34.5,2,30.0,29.0,28.0,30.0,30.0,28.0,30.0,30.0,29.0,32.0,32.0,51.0,47.0,42.0,43.0,41.0
2025-12-25T10:25:43.518805,4473.659,1606,Ring,motor_5_open,51.0,34.625,2,30.0,29.0,28.0,30.0,30.0,28.0,30.0,30.0,29.0,32.0,32.0,51.0,47.0,42.0,44.0,42.0
2025-12-25T10:25:44.414758,4474.553,1607,Ring,motor_6_flexed,51.0,34.5625,2,30.0,29.0,28.0,30.0,30.0,28.0,30.0,30.0,29.0,32.0,32.0,51.0,47.0,42.0,44.0,41.0
2025-12-25T10:25:46.318668,4476.459,1607,Ring,motor_6_open,51.0,34.5,2,30.0,29.0,28.0,30.0,30.0,28.0,30.0,30.0,29.0,31.0,32.0,51.0,47.0,42.0,43.0,42.0
2025-12-25T10:25:47.214609,4477.355,1608,Pinky,motor_7_flexed,51.0,34.5,2,30.0,29.0,28.0,30.0,30.0,28.0,30.0,30.0,29.0,32.0,32.0,51.0,47.0,42.0,43.0,41.0
2025-12-25T10:25:49.102514,4479.244,1608,Pinky,motor_7_open,51.0,34.5625,2,30.0,29.0,28.0,30.0,30.0,28.0,30.0,30.0,29.0,31.0,32.0,51.0,47.0,42.0,44.0,42.0
2025-12-25T10:25:49.998425,4480.135,1609,Pinky,motor_8_flexed,51.0,34.5,2,30.0,29.0,28.0,30.0,30.0,28.0,30.0,30.0,29.0,31.0,32.0,51.0,47.0,42.0,44.0,41.0
2025-12-25T10:25:51.886328,4482.024,1609,Pinky,motor_8_open,51.0,34.4375,2,30.0,29.0,28.0,30.0,30.0,28.0,30.0,30.0,29.0,31.0,32.0,51.0,47.0,42.0,44.0,40.0
2025-12-25T10:25:52.782292,4482.919,1610,Pinky,motor_9_flexed,51.0,34.5625,2,30.0,29.0,28.0,30.0,30.0,28.0,30.0,30.0,29.0,31.0,32.0,51.0,47.0,42.0,44.0,42.0
2025-12-25T10:25:54.670210,4484.809,1610,Pinky,motor_9_open,51.0,34.5625,2,30.0,29.0,28.0,30.0,30.0,28.0,30.0,30.0,29.0,32.0,32.0,51.0,47.0,42.0,43.0,42.0
2025-12-25T10:25:55.566176,4485.705,1611,Thumb,motor_13_flexed,51.0,34.5625,2,30.0,29.0,28.0,30.0,30.0,28.0,30.0,30.0,29.0,31.0,32.0,51.0,47.0,42.0,44.0,42.0
2025-12-25T10:25:57.454066,4487.592,1611,Thumb,motor_13_open,51.0,34.5625,2,30.0,29.0,28.0,30.0,30.0,28.0,30.0,30.0,29.0,31.0,32.0,51.0,47.0,42.0,44.0,42.0
2025-12-25T10:25:58.350019,4488.487,1612,Thumb,motor_14_flexed,51.0,34.5,2,30.0,29.0,28.0,30.0,30.0,28.0,30.0,30.0,29.0,31.0,32.0,51.0,47.0,42.0,43.0,42.0
2025-12-25T10:26:00.237929,4490.377,1612,Thumb,motor_14_open,51.0,34.5625,2,30.0,29.0,28.0,30.0,30.0,28.0,30.0,30.0,29.0,31.0,32.0,51.0,47.0,42.0,44.0,42.0
2025-12-25T10:26:01.133870,4491.275,1613,Thumb,motor_12_flexed,51.0,34.5,2,30.0,29.0,28.0,30.0,30.0,28.0,30.0,30.0,29.0,31.0,32.0,51.0,47.0,42.0,44.0,41.0
2025-12-25T10:26:03.021774,4493.161,1613,Thumb,motor_12_open,51.0,34.5,2,30.0,29.0,28.0,30.0,30.0,28.0,30.0,30.0,29.0,31.0,32.0,51.0,47.0,42.0,44.0,41.0
2025-12-25T10:26:03.917725,4494.056,1614,Index,motor_2_flexed,51.0,34.5,2,30.0,29.0,28.0,30.0,30.0,28.0,30.0,30.0,29.0,31.0,32.0,51.0,47.0,42.0,44.0,41.0
2025-12-25T10:26:05.821635,4495.96,1614,Index,motor_2_open,51.0,34.5625,2,30.0,29.0,28.0,30.0,30.0,28.0,30.0,30.0,29.0,32.0,32.0,51.0,47.0,42.0,43.0,42.0
2025-12-25T10:26:06.717566,4496.858,1615,Index,motor_1_flexed,51.0,34.4375,2,30.0,29.0,28.0,30.0,30.0,28.0,30.0,30.0,29.0,31.0,32.0,51.0,47.0,42.0,43.0,41.0
2025-12-25T10:26:08.605491,4498.744,1615,Index,motor_1_open,51.0,34.625,2,30.0,29.0,28.0,30.0,30.0,28.0,30.0,30.0,29.0,31.0,32.0,51.0,47.0,42.0,44.0,43.0
2025-12-25T10:26:09.501457,4499.64,1616,Index,motor_3_flexed,51.0,34.5625,2,30.0,29.0,28.0,30.0,30.0,28.0,30.0,30.0,29.0,31.0,32.0,51.0,47.0,42.0,44.0,42.0
2025-12-25T10:26:10.589386,4500.728,1616,Index,motor_3_flex_hold,51.0,34.5,2,30.0,29.0,28.0,30.0,30.0,28.0,30.0,30.0,29.0,31.0,32.0,51.0,47.0,42.0,44.0,41.0
2025-12-25T10:26:11.389329,4501.528,1616,Index,motor_3_open,51.0,34.625,2,31.0,29.0,28.0,30.0,30.0,28.0,30.0,30.0,29.0,31.0,32.0,51.0,47.0,42.0,44.0,42.0
2025-12-25T10:26:12.285271,4502.418,1617,Middle,motor_11_flexed,51.0,34.5,2,30.0,29.0,28.0,30.0,30.0,28.0,30.0,30.0,29.0,31.0,32.0,51.0,47.0,42.0,44.0,41.0
2025-12-25T10:26:14.173195,4504.312,1617,Middle,motor_11_open,51.0,34.5,2,30.0,29.0,28.0,30.0,30.0,28.0,30.0,30.0,29.0,31.0,32.0,51.0,47.0,42.0,43.0,42.0
2025-12-25T10:26:15.069111,4505.202,1618,Middle,motor_10_flexed,51.0,34.5625,2,30.0,29.0,28.0,30.0,30.0,28.0,30.0,30.0,29.0,31.0,32.0,51.0,47.0,42.0,44.0,42.0
2025-12-25T10:26:16.957014,4507.089,1618,Middle,motor_10_open,51.0,34.5,2,30.0,29.0,28.0,30.0,30.0,28.0,30.0,30.0,29.0,31.0,32.0,51.0,47.0,42.0,44.0,41.0
2025-12-25T10:26:17.852996,4507.99,1619,Ring,motor_4_flexed,51.0,34.5625,2,30.0,29.0,28.0,30.0,30.0,28.0,30.0,30.0,29.0,31.0,32.0,51.0,47.0,42.0,44.0,42.0
2025-12-25T10:26:19.740892,4509.877,1619,Ring,motor_4_open,51.0,34.5,2,30.0,29.0,28.0,30.0,30.0,28.0,30.0,30.0,29.0,31.0,32.0,51.0,47.0,42.0,44.0,41.0
2025-12-25T10:26:20.636854,4510.774,1620,Ring,motor_5_flexed,51.0,34.5625,2,30.0,29.0,28.0,30.0,30.0,28.0,30.0,30.0,29.0,32.0,32.0,51.0,47.0,42.0,44.0,41.0
2025-12-25T10:26:22.524748,4512.665,1620,Ring,motor_5_open,51.0,34.625,2,30.0,29.0,28.0,30.0,30.0,28.0,30.0,30.0,29.0,32.0,32.0,51.0,47.0,42.0,44.0,42.0
2025-12-25T10:26:23.420708,4513.558,1621,Ring,motor_6_flexed,51.0,34.625,2,30.0,29.0,28.0,30.0,30.0,28.0,30.0,30.0,29.0,32.0,32.0,51.0,47.0,42.0,44.0,42.0
2025-12-25T10:26:25.308597,4515.446,1621,Ring,motor_6_open,51.0,34.625,2,30.0,29.0,28.0,30.0,30.0,28.0,30.0,30.0,29.0,32.0,32.0,51.0,47.0,42.0,44.0,42.0
2025-12-25T10:26:26.204553,4516.338,1622,Pinky,motor_7_flexed,51.0,34.5,2,30.0,29.0,28.0,30.0,30.0,28.0,30.0,30.0,29.0,31.0,32.0,51.0,47.0,42.0,43.0,42.0
2025-12-25T10:26:28.092422,4518.223,1622,Pinky,motor_7_open,51.0,34.5,2,30.0,29.0,28.0,30.0,30.0,28.0,30.0,30.0,29.0,31.0,32.0,51.0,47.0,42.0,44.0,41.0
2025-12-25T10:26:28.988423,4519.125,1623,Pinky,motor_8_flexed,51.0,34.625,2,30.0,29.0,28.0,30.0,30.0,28.0,30.0,30.0,29.0,32.0,32.0,51.0,47.0,42.0,44.0,42.0
2025-12-25T10:26:30.876327,4521.018,1623,Pinky,motor_8_open,51.0,34.5625,2,30.0,29.0,28.0,30.0,30.0,28.0,30.0,30.0,29.0,31.0,32.0,51.0,47.0,42.0,44.0,42.0
2025-12-25T10:26:31.772280,4521.911,1624,Pinky,motor_9_flexed,51.0,34.5,2,30.0,29.0,28.0,30.0,30.0,28.0,30.0,30.0,29.0,31.0,32.0,51.0,47.0,42.0,43.0,42.0
2025-12-25T10:26:33.660171,4523.8,1624,Pinky,motor_9_open,51.0,34.5,2,30.0,29.0,28.0,30.0,30.0,28.0,30.0,30.0,29.0,31.0,32.0,51.0,47.0,42.0,44.0,41.0
2025-12-25T10:26:34.556126,4524.696,1625,Thumb,motor_13_flexed,51.0,34.5,2,30.0,29.0,28.0,30.0,30.0,28.0,30.0,30.0,29.0,31.0,32.0,51.0,47.0,42.0,44.0,41.0
2025-12-25T10:26:36.444029,4526.584,1625,Thumb,motor_13_open,51.0,34.5,2,30.0,29.0,28.0,30.0,30.0,28.0,30.0,30.0,29.0,31.0,32.0,51.0,47.0,42.0,44.0,41.0
2025-12-25T10:26:37.339979,4527.481,1626,Thumb,motor_14_flexed,51.0,34.625,2,30.0,29.0,28.0,30.0,30.0,28.0,30.0,30.0,29.0,32.0,32.0,51.0,47.0,42.0,44.0,42.0
2025-12-25T10:26:39.227881,4529.367,1626,Thumb,motor_14_open,51.0,34.625,2,30.0,29.0,28.0,30.0,30.0,28.0,30.0,30.0,29.0,32.0,32.0,51.0,47.0,42.0,44.0,42.0
2025-12-25T10:26:40.123831,4530.261,1627,Thumb,motor_12_flexed,51.0,34.5625,2,30.0,29.0,28.0,30.0,30.0,28.0,30.0,30.0,29.0,31.0,32.0,51.0,47.0,42.0,44.0,42.0
2025-12-25T10:26:42.011730,4532.149,1627,Thumb,motor_12_open,51.0,34.5625,2,30.0,29.0,28.0,30.0,30.0,28.0,30.0,30.0,29.0,32.0,32.0,51.0,47.0,42.0,44.0,41.0
2025-12-25T10:26:42.907687,4533.047,1628,Index,motor_2_flexed,51.0,34.5625,2,30.0,29.0,28.0,30.0,30.0,28.0,30.0,30.0,29.0,31.0,32.0,51.0,47.0,42.0,44.0,42.0
2025-12-25T10:26:44.795585,4534.935,1628,Index,motor_2_open,51.0,34.5625,2,30.0,29.0,28.0,30.0,30.0,28.0,30.0,30.0,29.0,31.0,32.0,51.0,47.0,42.0,44.0,42.0
2025-12-25T10:26:45.691537,4535.829,1629,Index,motor_1_flexed,51.0,34.5625,2,30.0,29.0,28.0,30.0,30.0,28.0,30.0,30.0,29.0,31.0,32.0,51.0,47.0,42.0,44.0,42.0
2025-12-25T10:26:47.579440,4537.715,1629,Index,motor_1_open,51.0,34.5,2,30.0,29.0,28.0,30.0,30.0,28.0,30.0,30.0,29.0,31.0,32.0,51.0,47.0,42.0,43.0,42.0
2025-12-25T10:26:48.475396,4538.616,1630,Index,motor_3_flexed,51.0,34.5,2,30.0,29.0,28.0,30.0,30.0,28.0,30.0,30.0,29.0,31.0,32.0,51.0,47.0,42.0,44.0,41.0
2025-12-25T10:26:50.363306,4540.5,1630,Index,motor_3_open,51.0,34.5625,2,30.0,29.0,28.0,30.0,30.0,28.0,30.0,30.0,29.0,31.0,32.0,51.0,47.0,42.0,44.0,42.0
2025-12-25T10:26:51.259261,4541.396,1631,Middle,motor_11_flexed,51.0,34.5625,2,30.0,29.0,28.0,30.0,30.0,28.0,30.0,30.0,29.0,31.0,32.0,51.0,47.0,42.0,44.0,42.0
2025-12-25T10:26:53.147164,4543.285,1631,Middle,motor_11_open,51.0,34.5,2,30.0,29.0,28.0,30.0,30.0,28.0,30.0,30.0,29.0,31.0,32.0,51.0,47.0,42.0,44.0,41.0
2025-12-25T10:26:54.043088,4544.182,1632,Middle,motor_10_flexed,51.0,34.5625,2,30.0,29.0,28.0,30.0,30.0,28.0,30.0,30.0,29.0,31.0,32.0,51.0,47.0,42.0,44.0,42.0
2025-12-25T10:26:55.931015,4546.072,1632,Middle,motor_10_open,51.0,34.5625,2,30.0,29.0,28.0,30.0,30.0,28.0,30.0,30.0,29.0,32.0,32.0,51.0,47.0,42.0,44.0,41.0
2025-12-25T10:26:56.826968,4546.967,1633,Ring,motor_4_flexed,51.0,34.75,2,30.0,29.0,28.0,30.0,30.0,28.0,30.0,30.0,29.0,31.0,32.0,51.0,47.0,42.0,44.0,45.0
2025-12-25T10:26:58.714871,4548.854,1633,Ring,motor_4_open,51.0,34.625,2,30.0,29.0,28.0,30.0,30.0,28.0,30.0,30.0,29.0,32.0,32.0,51.0,47.0,42.0,44.0,42.0
2025-12-25T10:26:59.610797,4549.749,1634,Ring,motor_5_flexed,51.0,34.625,2,30.0,29.0,28.0,30.0,30.0,28.0,30.0,30.0,29.0,32.0,32.0,51.0,47.0,42.0,44.0,42.0
2025-12-25T10:27:01.498720,4551.637,1634,Ring,motor_5_open,51.0,34.5625,2,30.0,29.0,28.0,30.0,30.0,28.0,30.0,30.0,29.0,32.0,32.0,51.0,47.0,42.0,44.0,41.0
2025-12-25T10:27:02.394679,4552.534,1635,Ring,motor_6_flexed,51.0,34.5625,2,30.0,29.0,28.0,30.0,30.0,28.0,30.0,30.0,29.0,31.0,32.0,51.0,47.0,42.0,44.0,42.0
2025-12-25T10:27:04.282570,4554.42,1635,Ring,motor_6_open,51.0,34.5,2,30.0,29.0,28.0,30.0,30.0,28.0,30.0,30.0,29.0,31.0,32.0,51.0,47.0,42.0,44.0,41.0
2025-12-25T10:27:05.178501,4555.315,1636,Pinky,motor_7_flexed,51.0,34.5,2,30.0,29.0,28.0,30.0,30.0,28.0,30.0,30.0,29.0,31.0,32.0,51.0,47.0,42.0,44.0,41.0
2025-12-25T10:27:07.066427,4557.204,1636,Pinky,motor_7_open,51.0,34.5,2,30.0,29.0,28.0,30.0,30.0,28.0,30.0,30.0,29.0,31.0,32.0,51.0,47.0,42.0,44.0,41.0
2025-12-25T10:27:07.962372,4558.098,1637,Pinky,motor_8_flexed,51.0,34.5,2,30.0,29.0,28.0,30.0,30.0,28.0,30.0,30.0,29.0,31.0,32.0,51.0,47.0,42.0,44.0,41.0
2025-12-25T10:27:09.850272,4559.988,1637,Pinky,motor_8_open,51.0,34.5625,2,30.0,29.0,28.0,30.0,30.0,28.0,30.0,30.0,29.0,31.0,32.0,51.0,47.0,42.0,44.0,42.0
2025-12-25T10:27:10.442227,4560.576,1637,Pinky,motor_8_open_hold,51.0,34.5625,2,30.0,29.0,28.0,30.0,30.0,28.0,30.0,30.0,29.0,31.0,32.0,51.0,47.0,42.0,44.0,42.0
2025-12-25T10:27:10.842219,4560.982,1638,Pinky,motor_9_flexed,51.0,34.5,2,30.0,29.0,28.0,30.0,30.0,28.0,30.0,30.0,29.0,31.0,32.0,51.0,47.0,42.0,44.0,41.0
2025-12-25T10:27:12.730123,4562.868,1638,Pinky,motor_9_open,51.0,34.625,2,30.0,29.0,28.0,30.0,30.0,28.0,30.0,30.0,29.0,32.0,32.0,51.0,47.0,42.0,44.0,42.0
2025-12-25T10:27:13.626076,4563.766,1639,Thumb,motor_13_flexed,51.0,34.625,2,30.0,29.0,28.0,30.0,30.0,28.0,30.0,30.0,29.0,32.0,32.0,51.0,47.0,42.0,44.0,42.0
2025-12-25T10:27:15.513975,4565.65,1639,Thumb,motor_13_open,51.0,34.5625,2,30.0,29.0,28.0,30.0,30.0,28.0,30.0,30.0,29.0,32.0,32.0,51.0,47.0,42.0,44.0,41.0
2025-12-25T10:27:16.409943,4566.548,1640,Thumb,motor_14_flexed,51.0,34.5625,2,30.0,29.0,28.0,30.0,30.0,28.0,30.0,30.0,29.0,32.0,32.0,51.0,47.0,42.0,43.0,42.0
2025-12-25T10:27:18.297829,4568.437,1640,Thumb,motor_14_open,51.0,34.5625,2,30.0,29.0,28.0,30.0,30.0,28.0,30.0,30.0,29.0,31.0,32.0,51.0,47.0,42.0,44.0,42.0
2025-12-25T10:27:19.193780,4569.327,1641,Thumb,motor_12_flexed,51.0,34.5625,2,30.0,29.0,28.0,30.0,30.0,28.0,30.0,30.0,29.0,31.0,32.0,51.0,47.0,42.0,44.0,42.0
2025-12-25T10:27:21.081674,4571.218,1641,Thumb,motor_12_open,51.0,34.625,2,30.0,29.0,28.0,30.0,30.0,28.0,30.0,30.0,29.0,31.0,32.0,51.0,47.0,42.0,44.0,43.0
2025-12-25T10:27:21.977608,4572.113,1642,Index,motor_2_flexed,51.0,34.5625,2,30.0,29.0,28.0,30.0,30.0,28.0,30.0,30.0,29.0,31.0,32.0,51.0,47.0,42.0,44.0,42.0
2025-12-25T10:27:23.865508,4573.997,1642,Index,motor_2_open,51.0,34.5625,2,30.0,29.0,28.0,30.0,30.0,28.0,30.0,30.0,29.0,31.0,32.0,51.0,47.0,42.0,44.0,42.0
2025-12-25T10:27:24.761464,4574.898,1643,Index,motor_1_flexed,51.0,34.5625,2,30.0,29.0,28.0,30.0,30.0,28.0,30.0,30.0,29.0,31.0,32.0,51.0,47.0,42.0,44.0,42.0
2025-12-25T10:27:26.649374,4576.789,1643,Index,motor_1_open,51.0,34.5,2,30.0,29.0,28.0,30.0,30.0,28.0,30.0,30.0,29.0,31.0,32.0,51.0,47.0,42.0,43.0,42.0
2025-12-25T10:27:27.545328,4577.682,1644,Index,motor_3_flexed,51.0,34.5625,2,30.0,29.0,28.0,30.0,30.0,28.0,30.0,30.0,29.0,31.0,32.0,51.0,47.0,42.0,44.0,42.0
2025-12-25T10:27:29.433231,4579.569,1644,Index,motor_3_open,51.0,34.5625,2,30.0,29.0,28.0,30.0,30.0,28.0,30.0,30.0,29.0,31.0,32.0,51.0,47.0,42.0,44.0,42.0
2025-12-25T10:27:30.329183,4580.467,1645,Middle,motor_11_flexed,51.0,34.6875,2,31.0,29.0,28.0,30.0,30.0,28.0,30.0,30.0,29.0,32.0,32.0,51.0,47.0,42.0,44.0,42.0
2025-12-25T10:27:32.217083,4582.359,1645,Middle,motor_11_open,51.0,34.625,2,30.0,29.0,28.0,30.0,30.0,28.0,30.0,30.0,29.0,32.0,32.0,51.0,47.0,42.0,44.0,42.0
2025-12-25T10:27:33.113034,4583.249,1646,Middle,motor_10_flexed,51.0,34.5,2,30.0,29.0,28.0,30.0,30.0,28.0,30.0,30.0,29.0,31.0,32.0,51.0,47.0,42.0,44.0,41.0
2025-12-25T10:27:35.000936,4585.137,1646,Middle,motor_10_open,51.0,34.5,2,30.0,29.0,28.0,30.0,30.0,28.0,30.0,30.0,29.0,31.0,32.0,51.0,47.0,42.0,44.0,41.0
2025-12-25T10:27:35.896903,4586.034,1647,Ring,motor_4_flexed,51.0,34.5625,2,30.0,29.0,28.0,30.0,30.0,28.0,30.0,30.0,29.0,32.0,32.0,51.0,47.0,42.0,43.0,42.0
2025-12-25T10:27:37.784794,4587.925,1647,Ring,motor_4_open,51.0,34.625,2,30.0,29.0,28.0,30.0,30.0,28.0,30.0,30.0,29.0,32.0,32.0,51.0,47.0,42.0,44.0,42.0
2025-12-25T10:27:38.680761,4588.822,1648,Ring,motor_5_flexed,51.0,34.625,2,30.0,29.0,28.0,30.0,30.0,28.0,30.0,30.0,29.0,32.0,32.0,51.0,47.0,42.0,44.0,42.0
2025-12-25T10:27:40.568642,4590.707,1648,Ring,motor_5_open,51.0,34.6875,2,30.0,29.0,28.0,30.0,30.0,28.0,30.0,30.0,29.0,32.0,32.0,51.0,47.0,42.0,44.0,43.0
2025-12-25T10:27:41.464598,4591.603,1649,Ring,motor_6_flexed,51.0,34.5625,2,30.0,29.0,28.0,30.0,30.0,28.0,30.0,30.0,29.0,31.0,32.0,51.0,47.0,42.0,44.0,42.0
2025-12-25T10:27:43.352494,4593.491,1649,Ring,motor_6_open,51.0,34.5625,2,30.0,29.0,28.0,30.0,30.0,28.0,30.0,30.0,29.0,32.0,32.0,51.0,47.0,42.0,44.0,41.0
2025-12-25T10:27:44.248449,4594.386,1650,Pinky,motor_7_flexed,51.0,34.5,2,30.0,29.0,28.0,30.0,30.0,28.0,30.0,30.0,29.0,31.0,32.0,51.0,47.0,42.0,43.0,42.0
2025-12-25T10:27:46.136352,4596.272,1650,Pinky,motor_7_open,51.0,34.5625,2,30.0,29.0,28.0,30.0,30.0,28.0,30.0,30.0,29.0,31.0,32.0,51.0,47.0,42.0,44.0,42.0
2025-12-25T10:27:47.032306,4597.169,1651,Pinky,motor_8_flexed,51.0,34.5625,2,30.0,29.0,28.0,30.0,30.0,28.0,30.0,30.0,29.0,32.0,32.0,51.0,47.0,42.0,44.0,41.0
2025-12-25T10:27:48.920208,4599.058,1651,Pinky,motor_8_open,51.0,34.5625,2,30.0,29.0,28.0,30.0,30.0,28.0,30.0,30.0,29.0,31.0,32.0,51.0,47.0,42.0,44.0,42.0
2025-12-25T10:27:49.816162,4599.956,1652,Pinky,motor_9_flexed,51.0,34.5,2,30.0,29.0,28.0,30.0,30.0,28.0,30.0,30.0,29.0,31.0,32.0,51.0,47.0,42.0,43.0,42.0
2025-12-25T10:27:51.704061,4601.843,1652,Pinky,motor_9_open,51.0,34.5,2,30.0,29.0,28.0,30.0,30.0,28.0,30.0,30.0,29.0,31.0,32.0,51.0,47.0,42.0,44.0,41.0
2025-12-25T10:27:52.600012,4602.738,1653,Thumb,motor_13_flexed,51.0,34.5625,2,30.0,29.0,28.0,30.0,30.0,28.0,30.0,30.0,29.0,32.0,32.0,51.0,47.0,42.0,43.0,42.0
2025-12-25T10:27:54.487905,4604.625,1653,Thumb,motor_13_open,51.0,34.4375,2,30.0,29.0,28.0,30.0,30.0,28.0,30.0,30.0,29.0,31.0,32.0,51.0,47.0,42.0,43.0,41.0
2025-12-25T10:27:55.383869,4605.521,1654,Thumb,motor_14_flexed,51.0,34.5,2,30.0,29.0,28.0,30.0,30.0,28.0,30.0,30.0,29.0,31.0,32.0,51.0,47.0,42.0,44.0,41.0
2025-12-25T10:27:57.271767,4607.409,1654,Thumb,motor_14_open,51.0,34.5625,2,30.0,29.0,28.0,30.0,30.0,28.0,30.0,30.0,29.0,31.0,32.0,51.0,47.0,42.0,44.0,42.0
2025-12-25T10:27:58.167721,4608.306,1655,Thumb,motor_12_flexed,51.0,34.5,2,30.0,29.0,28.0,30.0,30.0,28.0,30.0,30.0,29.0,31.0,32.0,51.0,47.0,42.0,43.0,42.0
2025-12-25T10:28:00.055626,4610.194,1655,Thumb,motor_12_open,51.0,34.5625,2,30.0,29.0,28.0,30.0,30.0,28.0,30.0,30.0,29.0,31.0,32.0,51.0,47.0,42.0,44.0,42.0
2025-12-25T10:28:00.951573,4611.092,1656,Index,motor_2_flexed,51.0,34.5625,2,30.0,29.0,28.0,30.0,30.0,28.0,30.0,30.0,29.0,31.0,32.0,51.0,47.0,42.0,44.0,42.0
2025-12-25T10:28:02.839476,4612.978,1656,Index,motor_2_open,51.0,34.5,2,30.0,29.0,28.0,30.0,30.0,28.0,30.0,30.0,29.0,31.0,32.0,51.0,47.0,42.0,43.0,42.0
2025-12-25T10:28:03.735429,4613.871,1657,Index,motor_1_flexed,51.0,34.5,2,30.0,29.0,28.0,30.0,30.0,28.0,30.0,30.0,29.0,31.0,32.0,51.0,47.0,42.0,44.0,41.0
2025-12-25T10:28:05.623330,4615.76,1657,Index,motor_1_open,51.0,34.5625,2,30.0,29.0,28.0,30.0,30.0,28.0,30.0,30.0,29.0,31.0,32.0,51.0,47.0,42.0,44.0,42.0
2025-12-25T10:28:06.519283,4616.658,1658,Index,motor_3_flexed,51.0,34.5,2,30.0,29.0,28.0,30.0,30.0,28.0,30.0,30.0,29.0,32.0,32.0,51.0,47.0,42.0,44.0,40.0
2025-12-25T10:28:08.407184,4618.546,1658,Index,motor_3_open,51.0,34.5625,2,30.0,29.0,28.0,30.0,30.0,28.0,30.0,30.0,29.0,31.0,32.0,51.0,47.0,42.0,44.0,42.0
2025-12-25T10:28:09.303137,4619.441,1659,Middle,motor_11_flexed,51.0,34.5625,2,31.0,29.0,28.0,30.0,30.0,28.0,30.0,30.0,29.0,31.0,32.0,51.0,47.0,42.0,44.0,41.0
2025-12-25T10:28:10.391081,4620.53,1659,Middle,motor_11_flex_hold,51.0,34.5625,2,30.0,29.0,28.0,30.0,30.0,28.0,30.0,30.0,29.0,32.0,32.0,51.0,47.0,42.0,43.0,42.0
2025-12-25T10:28:11.191039,4621.328,1659,Middle,motor_11_open,51.0,34.5,2,30.0,29.0,28.0,30.0,30.0,28.0,30.0,30.0,29.0,31.0,32.0,51.0,47.0,42.0,44.0,41.0
2025-12-25T10:28:12.086992,4622.225,1660,Middle,motor_10_flexed,51.0,34.5625,2,30.0,29.0,28.0,30.0,30.0,28.0,30.0,30.0,29.0,31.0,32.0,51.0,47.0,42.0,44.0,42.0
2025-12-25T10:28:13.990901,4624.129,1660,Middle,motor_10_open,51.0,34.5625,2,30.0,29.0,28.0,30.0,30.0,28.0,30.0,30.0,29.0,31.0,32.0,51.0,47.0,42.0,44.0,42.0
2025-12-25T10:28:14.886843,4625.026,1661,Ring,motor_4_flexed,51.0,34.5625,2,30.0,29.0,28.0,30.0,30.0,28.0,30.0,30.0,29.0,32.0,32.0,51.0,47.0,42.0,43.0,42.0
2025-12-25T10:28:16.774743,4626.91,1661,Ring,motor_4_open,51.0,34.625,2,30.0,29.0,28.0,30.0,30.0,28.0,30.0,30.0,29.0,32.0,32.0,51.0,47.0,42.0,44.0,42.0
2025-12-25T10:28:17.670698,4627.808,1662,Ring,motor_5_flexed,51.0,34.5625,2,30.0,29.0,28.0,30.0,30.0,28.0,30.0,30.0,29.0,32.0,32.0,51.0,47.0,42.0,44.0,41.0
2025-12-25T10:28:19.558596,4629.697,1662,Ring,motor_5_open,51.0,34.75,2,30.0,29.0,28.0,30.0,30.0,28.0,30.0,30.0,29.0,31.0,32.0,51.0,47.0,42.0,44.0,45.0
2025-12-25T10:28:20.454550,4630.592,1663,Ring,motor_6_flexed,51.0,34.5625,2,30.0,29.0,28.0,30.0,30.0,28.0,30.0,30.0,29.0,32.0,32.0,51.0,47.0,42.0,43.0,42.0
2025-12-25T10:28:22.342453,4632.479,1663,Ring,motor_6_open,51.0,34.6875,2,30.0,29.0,28.0,30.0,30.0,28.0,30.0,30.0,29.0,32.0,32.0,51.0,47.0,42.0,45.0,42.0
2025-12-25T10:28:23.238408,4633.374,1664,Pinky,motor_7_flexed,51.0,34.5,2,30.0,29.0,28.0,30.0,30.0,28.0,30.0,30.0,29.0,32.0,32.0,51.0,47.0,42.0,43.0,41.0
2025-12-25T10:28:25.126296,4635.263,1664,Pinky,motor_7_open,51.0,34.5,2,30.0,29.0,28.0,30.0,30.0,28.0,30.0,30.0,29.0,31.0,32.0,51.0,47.0,42.0,43.0,42.0
2025-12-25T10:28:26.022260,4636.161,1665,Pinky,motor_8_flexed,51.0,34.5625,2,30.0,29.0,28.0,30.0,30.0,28.0,30.0,30.0,29.0,32.0,32.0,51.0,47.0,42.0,43.0,42.0
2025-12-25T10:28:27.910164,4638.047,1665,Pinky,motor_8_open,51.0,34.5625,2,30.0,29.0,28.0,30.0,30.0,28.0,30.0,30.0,29.0,31.0,32.0,51.0,47.0,42.0,44.0,42.0
2025-12-25T10:28:28.806114,4638.942,1666,Pinky,motor_9_flexed,51.0,34.5625,2,30.0,29.0,28.0,30.0,30.0,28.0,30.0,30.0,29.0,31.0,32.0,51.0,47.0,42.0,44.0,42.0
2025-12-25T10:28:30.694012,4640.831,1666,Pinky,motor_9_open,51.0,34.625,2,30.0,29.0,28.0,30.0,30.0,28.0,30.0,30.0,29.0,32.0,32.0,51.0,47.0,42.0,44.0,42.0
2025-12-25T10:28:31.589965,4641.727,1667,Thumb,motor_13_flexed,51.0,34.5625,2,30.0,29.0,28.0,30.0,30.0,28.0,30.0,30.0,29.0,31.0,32.0,51.0,47.0,42.0,44.0,42.0
2025-12-25T10:28:33.477864,4643.615,1667,Thumb,motor_13_open,51.0,34.5625,2,30.0,29.0,28.0,30.0,30.0,28.0,30.0,30.0,29.0,32.0,32.0,51.0,47.0,42.0,43.0,42.0
2025-12-25T10:28:34.373819,4644.51,1668,Thumb,motor_14_flexed,51.0,34.5,2,30.0,29.0,28.0,30.0,30.0,28.0,30.0,30.0,29.0,31.0,32.0,51.0,47.0,42.0,44.0,41.0
2025-12-25T10:28:36.261718,4646.4,1668,Thumb,motor_14_open,51.0,34.625,2,30.0,29.0,28.0,30.0,30.0,28.0,30.0,30.0,29.0,32.0,32.0,51.0,47.0,42.0,44.0,42.0
2025-12-25T10:28:37.157679,4647.296,1669,Thumb,motor_12_flexed,51.0,34.5625,2,30.0,29.0,28.0,30.0,30.0,28.0,30.0,30.0,29.0,32.0,32.0,51.0,47.0,42.0,44.0,41.0
2025-12-25T10:28:39.045576,4649.183,1669,Thumb,motor_12_open,51.0,34.5,2,30.0,29.0,28.0,30.0,30.0,28.0,30.0,30.0,29.0,31.0,32.0,51.0,47.0,42.0,44.0,41.0
2025-12-25T10:28:39.941517,4650.077,1670,Index,motor_2_flexed,51.0,34.625,2,30.0,29.0,28.0,30.0,30.0,28.0,30.0,30.0,29.0,32.0,32.0,51.0,47.0,42.0,44.0,42.0
2025-12-25T10:28:41.829428,4651.968,1670,Index,motor_2_open,51.0,34.5625,2,30.0,29.0,28.0,30.0,30.0,28.0,30.0,30.0,29.0,32.0,32.0,51.0,47.0,42.0,44.0,41.0
2025-12-25T10:28:42.725378,4652.864,1671,Index,motor_1_flexed,51.0,34.625,2,30.0,29.0,28.0,30.0,30.0,28.0,30.0,30.0,29.0,32.0,32.0,51.0,47.0,42.0,44.0,42.0
2025-12-25T10:28:44.613267,4654.748,1671,Index,motor_1_open,51.0,34.5625,2,30.0,29.0,28.0,30.0,30.0,28.0,30.0,30.0,29.0,32.0,32.0,51.0,47.0,42.0,44.0,41.0
2025-12-25T10:28:45.509220,4655.64,1672,Index,motor_3_flexed,51.0,34.5625,2,30.0,29.0,28.0,30.0,30.0,28.0,30.0,30.0,29.0,31.0,32.0,51.0,47.0,42.0,44.0,42.0
2025-12-25T10:28:47.397126,4657.533,1672,Index,motor_3_open,51.0,34.5,2,30.0,29.0,28.0,30.0,30.0,28.0,30.0,30.0,29.0,32.0,32.0,51.0,47.0,42.0,43.0,41.0
2025-12-25T10:28:48.293078,4658.431,1673,Middle,motor_11_flexed,51.0,34.625,2,30.0,29.0,28.0,30.0,30.0,28.0,30.0,30.0,29.0,32.0,32.0,51.0,47.0,42.0,44.0,42.0
2025-12-25T10:28:50.180975,4660.317,1673,Middle,motor_11_open,51.0,34.625,2,31.0,29.0,28.0,30.0,30.0,28.0,30.0,30.0,29.0,31.0,32.0,51.0,47.0,42.0,44.0,42.0
2025-12-25T10:28:51.076942,4661.213,1674,Middle,motor_10_flexed,51.0,34.6875,2,31.0,29.0,28.0,30.0,30.0,28.0,30.0,30.0,29.0,32.0,32.0,51.0,47.0,42.0,44.0,42.0
2025-12-25T10:28:52.964844,4663.103,1674,Middle,motor_10_open,51.0,34.5625,2,30.0,29.0,28.0,30.0,30.0,28.0,30.0,30.0,29.0,31.0,32.0,51.0,47.0,42.0,44.0,42.0
2025-12-25T10:28:53.860794,4663.999,1675,Ring,motor_4_flexed,51.0,34.625,2,30.0,29.0,28.0,30.0,30.0,28.0,30.0,30.0,29.0,32.0,32.0,51.0,47.0,42.0,44.0,42.0
2025-12-25T10:28:55.748699,4665.886,1675,Ring,motor_4_open,51.0,34.625,2,31.0,29.0,28.0,30.0,30.0,28.0,30.0,30.0,29.0,32.0,32.0,51.0,47.0,42.0,44.0,41.0
2025-12-25T10:28:56.644651,4666.783,1676,Ring,motor_5_flexed,51.0,34.625,2,30.0,29.0,28.0,30.0,30.0,28.0,30.0,30.0,29.0,32.0,32.0,51.0,47.0,42.0,44.0,42.0
2025-12-25T10:28:58.532544,4668.671,1676,Ring,motor_5_open,51.0,34.625,2,30.0,29.0,28.0,30.0,30.0,28.0,30.0,30.0,29.0,32.0,32.0,51.0,47.0,42.0,44.0,42.0
2025-12-25T10:28:59.428509,4669.567,1677,Ring,motor_6_flexed,51.0,34.5625,2,30.0,29.0,28.0,30.0,30.0,28.0,30.0,30.0,29.0,32.0,32.0,51.0,47.0,42.0,44.0,41.0
2025-12-25T10:29:01.316404,4671.456,1677,Ring,motor_6_open,51.0,34.625,2,30.0,29.0,28.0,30.0,30.0,28.0,30.0,30.0,29.0,32.0,32.0,51.0,47.0,42.0,44.0,42.0
2025-12-25T10:29:02.212355,4672.35,1678,Pinky,motor_7_flexed,51.0,34.625,2,30.0,29.0,28.0,30.0,30.0,28.0,30.0,30.0,29.0,32.0,32.0,51.0,47.0,42.0,44.0,42.0
2025-12-25T10:29:04.100260,4674.238,1678,Pinky,motor_7_open,51.0,34.6875,2,30.0,29.0,28.0,30.0,30.0,28.0,30.0,30.0,29.0,32.0,32.0,51.0,47.0,42.0,44.0,43.0
2025-12-25T10:29:04.996211,4675.134,1679,Pinky,motor_8_flexed,51.0,34.625,2,30.0,29.0,28.0,30.0,30.0,28.0,30.0,30.0,29.0,32.0,32.0,51.0,47.0,42.0,44.0,42.0
2025-12-25T10:29:06.884113,4677.026,1679,Pinky,motor_8_open,51.0,34.625,2,30.0,29.0,28.0,30.0,30.0,28.0,30.0,30.0,29.0,32.0,32.0,51.0,47.0,42.0,44.0,42.0
2025-12-25T10:29:07.780064,4677.919,1680,Pinky,motor_9_flexed,51.0,34.625,2,30.0,29.0,28.0,30.0,30.0,28.0,30.0,30.0,29.0,32.0,32.0,51.0,47.0,42.0,44.0,42.0
2025-12-25T10:29:09.667965,4679.805,1680,Pinky,motor_9_open,51.0,34.625,2,30.0,29.0,28.0,30.0,30.0,28.0,30.0,30.0,29.0,32.0,32.0,51.0,47.0,42.0,44.0,42.0
2025-12-25T10:29:10.259932,4680.394,1680,Pinky,motor_9_open_hold,51.0,34.625,2,30.0,29.0,28.0,30.0,30.0,28.0,30.0,30.0,29.0,32.0,32.0,51.0,47.0,42.0,44.0,42.0
2025-12-25T10:29:10.659911,4680.799,1681,Thumb,motor_13_flexed,51.0,34.625,2,30.0,29.0,28.0,30.0,30.0,28.0,30.0,30.0,29.0,32.0,32.0,51.0,47.0,42.0,44.0,42.0
2025-12-25T10:29:12.547808,4682.686,1681,Thumb,motor_13_open,51.0,34.625,2,30.0,29.0,28.0,30.0,30.0,28.0,30.0,30.0,29.0,32.0,32.0,51.0,47.0,42.0,44.0,42.0
2025-12-25T10:29:13.443769,4683.58,1682,Thumb,motor_14_flexed,51.0,34.5625,2,30.0,29.0,28.0,30.0,30.0,28.0,30.0,30.0,29.0,32.0,32.0,51.0,47.0,42.0,44.0,41.0
2025-12-25T10:29:15.331666,4685.47,1682,Thumb,motor_14_open,51.0,34.5625,2,30.0,29.0,28.0,30.0,30.0,28.0,30.0,30.0,29.0,32.0,32.0,51.0,47.0,42.0,44.0,41.0
2025-12-25T10:29:16.227628,4686.365,1683,Thumb,motor_12_flexed,51.0,34.625,2,30.0,29.0,28.0,30.0,30.0,28.0,30.0,30.0,29.0,32.0,32.0,51.0,47.0,42.0,44.0,42.0
2025-12-25T10:29:18.115521,4688.251,1683,Thumb,motor_12_open,51.0,34.5625,2,30.0,29.0,28.0,30.0,30.0,28.0,30.0,30.0,29.0,31.0,32.0,51.0,47.0,42.0,44.0,42.0
2025-12-25T10:29:19.011473,4689.15,1684,Index,motor_2_flexed,51.0,34.5625,2,30.0,29.0,28.0,30.0,30.0,28.0,30.0,30.0,29.0,32.0,32.0,51.0,47.0,42.0,44.0,41.0
2025-12-25T10:29:20.899385,4691.036,1684,Index,motor_2_open,51.0,34.625,2,30.0,29.0,28.0,30.0,30.0,28.0,30.0,30.0,29.0,32.0,32.0,51.0,47.0,42.0,44.0,42.0
2025-12-25T10:29:21.795328,4691.933,1685,Index,motor_1_flexed,51.0,34.625,2,30.0,29.0,28.0,30.0,30.0,28.0,30.0,30.0,29.0,32.0,32.0,51.0,47.0,42.0,44.0,42.0
2025-12-25T10:29:23.683229,4693.821,1685,Index,motor_1_open,51.0,34.5625,2,30.0,29.0,28.0,30.0,30.0,28.0,30.0,30.0,29.0,32.0,32.0,51.0,47.0,42.0,43.0,42.0
2025-12-25T10:29:24.579180,4694.716,1686,Index,motor_3_flexed,51.0,34.625,2,30.0,29.0,28.0,30.0,30.0,28.0,30.0,30.0,29.0,32.0,32.0,51.0,47.0,42.0,44.0,42.0
2025-12-25T10:29:26.467080,4696.608,1686,Index,motor_3_open,51.0,34.5625,2,30.0,29.0,28.0,30.0,30.0,28.0,30.0,30.0,29.0,31.0,32.0,51.0,47.0,42.0,44.0,42.0
2025-12-25T10:29:27.363033,4697.501,1687,Middle,motor_11_flexed,51.0,34.5,2,31.0,29.0,28.0,30.0,30.0,28.0,30.0,30.0,29.0,31.0,32.0,51.0,47.0,42.0,44.0,40.0
2025-12-25T10:29:29.250933,4699.389,1687,Middle,motor_11_open,51.0,34.4375,2,30.0,29.0,28.0,30.0,30.0,28.0,30.0,30.0,29.0,31.0,32.0,51.0,47.0,42.0,44.0,40.0
2025-12-25T10:29:30.146900,4700.285,1688,Middle,motor_10_flexed,51.0,34.5,2,30.0,29.0,28.0,30.0,30.0,28.0,30.0,30.0,29.0,31.0,32.0,51.0,47.0,42.0,44.0,41.0
2025-12-25T10:29:32.050785,4702.188,1688,Middle,motor_10_open,51.0,34.625,2,30.0,29.0,28.0,30.0,30.0,28.0,30.0,30.0,29.0,32.0,32.0,51.0,47.0,42.0,44.0,42.0
2025-12-25T10:29:32.946739,4703.086,1689,Ring,motor_4_flexed,51.0,34.5625,2,30.0,29.0,28.0,30.0,30.0,28.0,30.0,30.0,29.0,32.0,32.0,51.0,47.0,42.0,43.0,42.0
2025-12-25T10:29:34.834657,4704.97,1689,Ring,motor_4_open,51.0,34.5625,2,30.0,29.0,28.0,30.0,30.0,28.0,30.0,30.0,29.0,32.0,32.0,51.0,47.0,42.0,43.0,42.0
2025-12-25T10:29:35.730593,4705.868,1690,Ring,motor_5_flexed,51.0,34.625,2,30.0,29.0,28.0,30.0,30.0,28.0,30.0,30.0,29.0,32.0,32.0,51.0,47.0,42.0,44.0,42.0
2025-12-25T10:29:37.618494,4707.756,1690,Ring,motor_5_open,51.0,34.5625,2,30.0,29.0,28.0,30.0,30.0,28.0,30.0,30.0,29.0,32.0,32.0,51.0,47.0,42.0,43.0,42.0
2025-12-25T10:29:38.514445,4708.651,1691,Ring,motor_6_flexed,51.0,34.5625,2,30.0,29.0,28.0,30.0,30.0,28.0,30.0,30.0,29.0,32.0,32.0,51.0,47.0,42.0,43.0,42.0
2025-12-25T10:29:40.402347,4710.541,1691,Ring,motor_6_open,51.0,34.5,2,30.0,29.0,28.0,30.0,30.0,28.0,30.0,30.0,29.0,32.0,32.0,51.0,47.0,42.0,43.0,41.0
2025-12-25T10:29:41.298301,4711.437,1692,Pinky,motor_7_flexed,51.0,34.625,2,30.0,29.0,28.0,30.0,30.0,28.0,30.0,30.0,29.0,32.0,32.0,51.0,47.0,42.0,44.0,42.0
2025-12-25T10:29:43.186200,4713.323,1692,Pinky,motor_7_open,51.0,34.625,2,30.0,29.0,28.0,30.0,30.0,28.0,30.0,30.0,29.0,32.0,32.0,51.0,47.0,42.0,44.0,42.0
2025-12-25T10:29:44.082167,4714.22,1693,Pinky,motor_8_flexed,51.0,34.5625,2,30.0,29.0,28.0,30.0,30.0,28.0,30.0,30.0,29.0,32.0,32.0,51.0,47.0,42.0,44.0,41.0
2025-12-25T10:29:45.970054,4716.109,1693,Pinky,motor_8_open,51.0,34.5625,2,30.0,29.0,28.0,30.0,30.0,28.0,30.0,30.0,29.0,32.0,32.0,51.0,47.0,42.0,43.0,42.0
2025-12-25T10:29:46.865999,4717.004,1694,Pinky,motor_9_flexed,51.0,34.625,2,30.0,29.0,28.0,30.0,30.0,28.0,30.0,30.0,29.0,32.0,32.0,51.0,47.0,42.0,44.0,42.0
2025-12-25T10:29:48.753907,4718.889,1694,Pinky,motor_9_open,51.0,34.625,2,30.0,29.0,28.0,30.0,30.0,28.0,30.0,30.0,29.0,32.0,32.0,51.0,47.0,42.0,44.0,42.0
2025-12-25T10:29:49.649849,4719.788,1695,Thumb,motor_13_flexed,51.0,34.625,2,30.0,29.0,28.0,30.0,30.0,28.0,30.0,30.0,29.0,32.0,32.0,51.0,47.0,42.0,44.0,42.0
2025-12-25T10:29:51.537750,4721.675,1695,Thumb,motor_13_open,51.0,34.5,2,30.0,29.0,28.0,30.0,30.0,28.0,30.0,30.0,29.0,31.0,32.0,51.0,47.0,42.0,44.0,41.0
2025-12-25T10:29:52.433701,4722.57,1696,Thumb,motor_14_flexed,51.0,34.625,2,30.0,29.0,28.0,30.0,30.0,28.0,30.0,30.0,29.0,32.0,32.0,51.0,47.0,42.0,44.0,42.0
2025-12-25T10:29:54.321604,4724.457,1696,Thumb,motor_14_open,51.0,34.5625,2,30.0,29.0,28.0,30.0,30.0,28.0,30.0,30.0,29.0,31.0,32.0,51.0,47.0,42.0,44.0,42.0
2025-12-25T10:29:55.217567,4725.352,1697,Thumb,motor_12_flexed,51.0,34.625,2,30.0,29.0,28.0,30.0,30.0,28.0,30.0,30.0,29.0,32.0,32.0,51.0,47.0,42.0,44.0,42.0
2025-12-25T10:29:57.105469,4727.246,1697,Thumb,motor_12_open,51.0,34.5625,2,30.0,29.0,28.0,30.0,30.0,28.0,30.0,30.0,29.0,31.0,32.0,51.0,47.0,42.0,44.0,42.0
2025-12-25T10:29:58.001424,4728.137,1698,Index,motor_2_flexed,51.0,34.5625,2,30.0,29.0,28.0,30.0,30.0,28.0,30.0,30.0,29.0,32.0,32.0,51.0,47.0,42.0,44.0,41.0
2025-12-25T10:29:59.889313,4730.025,1698,Index,motor_2_open,51.0,34.625,2,30.0,29.0,28.0,30.0,30.0,28.0,30.0,30.0,29.0,32.0,32.0,51.0,47.0,42.0,44.0,42.0
2025-12-25T10:30:00.785274,4730.924,1699,Index,motor_1_flexed,51.0,34.4375,2,30.0,29.0,28.0,30.0,30.0,28.0,30.0,30.0,29.0,31.0,32.0,51.0,47.0,42.0,43.0,41.0
2025-12-25T10:30:02.673177,4732.811,1699,Index,motor_1_open,51.0,34.5625,2,30.0,29.0,28.0,30.0,30.0,28.0,30.0,30.0,29.0,31.0,32.0,51.0,47.0,42.0,44.0,42.0
2025-12-25T10:30:03.569128,4733.707,1700,Index,motor_3_flexed,51.0,34.5625,2,30.0,29.0,28.0,30.0,30.0,28.0,30.0,30.0,29.0,31.0,32.0,51.0,47.0,42.0,44.0,42.0
2025-12-25T10:30:05.457027,4735.594,1700,Index,motor_3_open,51.0,34.5625,2,30.0,29.0,28.0,30.0,30.0,28.0,30.0,30.0,29.0,31.0,32.0,51.0,47.0,42.0,44.0,42.0
2025-12-25T10:30:06.352982,4736.491,1701,Middle,motor_11_flexed,51.0,34.5625,2,30.0,29.0,28.0,30.0,30.0,28.0,30.0,30.0,29.0,31.0,32.0,51.0,47.0,42.0,44.0,42.0
2025-12-25T10:30:08.240881,4738.377,1701,Middle,motor_11_open,51.0,34.5,2,30.0,29.0,28.0,30.0,30.0,28.0,30.0,30.0,29.0,31.0,32.0,51.0,47.0,42.0,44.0,41.0
2025-12-25T10:30:09.136837,4739.272,1702,Middle,motor_10_flexed,51.0,34.625,2,30.0,29.0,28.0,30.0,30.0,28.0,30.0,30.0,29.0,32.0,32.0,51.0,47.0,42.0,44.0,42.0
2025-12-25T10:30:10.224779,4740.363,1702,Middle,motor_10_flex_hold,51.0,34.5625,2,30.0,29.0,28.0,30.0,30.0,28.0,30.0,30.0,29.0,31.0,32.0,51.0,47.0,42.0,44.0,42.0
2025-12-25T10:30:11.024735,4741.165,1702,Middle,motor_10_open,51.0,34.5625,2,30.0,29.0,28.0,30.0,30.0,28.0,30.0,30.0,29.0,31.0,32.0,51.0,47.0,42.0,44.0,42.0
2025-12-25T10:30:11.920680,4742.06,1703,Ring,motor_4_flexed,51.0,34.5625,2,30.0,29.0,28.0,30.0,30.0,28.0,30.0,30.0,29.0,32.0,32.0,51.0,47.0,42.0,43.0,42.0
2025-12-25T10:30:13.808578,4743.943,1703,Ring,motor_4_open,51.0,34.625,2,30.0,29.0,28.0,30.0,30.0,28.0,30.0,30.0,29.0,32.0,32.0,51.0,47.0,42.0,44.0,42.0
2025-12-25T10:30:14.704536,4744.841,1704,Ring,motor_5_flexed,51.0,34.5625,2,30.0,29.0,28.0,30.0,30.0,28.0,30.0,30.0,29.0,31.0,32.0,51.0,47.0,42.0,44.0,42.0
2025-12-25T10:30:16.592425,4746.73,1704,Ring,motor_5_open,51.0,34.5625,2,30.0,29.0,28.0,30.0,30.0,28.0,30.0,30.0,29.0,31.0,32.0,51.0,47.0,42.0,44.0,42.0
2025-12-25T10:30:17.488393,4747.626,1705,Ring,motor_6_flexed,51.0,34.5625,2,30.0,29.0,28.0,30.0,30.0,28.0,30.0,30.0,29.0,31.0,32.0,51.0,47.0,42.0,44.0,42.0
2025-12-25T10:30:19.376294,4749.515,1705,Ring,motor_6_open,51.0,34.5625,2,30.0,29.0,28.0,30.0,30.0,28.0,30.0,30.0,29.0,31.0,32.0,51.0,47.0,42.0,44.0,42.0
2025-12-25T10:30:20.272249,4750.413,1706,Pinky,motor_7_flexed,51.0,34.5625,2,30.0,29.0,28.0,30.0,30.0,28.0,30.0,30.0,29.0,31.0,32.0,51.0,47.0,42.0,45.0,41.0
2025-12-25T10:30:22.160148,4752.299,1706,Pinky,motor_7_open,51.0,34.5625,2,30.0,29.0,28.0,30.0,30.0,28.0,30.0,30.0,29.0,32.0,32.0,51.0,47.0,42.0,44.0,41.0
2025-12-25T10:30:23.056106,4753.196,1707,Pinky,motor_8_flexed,51.0,34.5625,2,30.0,29.0,28.0,30.0,30.0,28.0,30.0,30.0,29.0,31.0,32.0,51.0,47.0,42.0,44.0,42.0
2025-12-25T10:30:24.944003,4755.084,1707,Pinky,motor_8_open,51.0,34.625,2,30.0,29.0,28.0,30.0,30.0,28.0,30.0,30.0,29.0,32.0,32.0,51.0,47.0,42.0,44.0,42.0
2025-12-25T10:30:25.839957,4755.98,1708,Pinky,motor_9_flexed,51.0,34.625,2,30.0,29.0,28.0,30.0,30.0,28.0,30.0,30.0,29.0,32.0,32.0,51.0,47.0,42.0,44.0,42.0
2025-12-25T10:30:27.727862,4757.868,1708,Pinky,motor_9_open,51.0,34.5625,2,30.0,29.0,28.0,30.0,30.0,28.0,30.0,30.0,29.0,31.0,32.0,51.0,47.0,42.0,43.0,43.0
2025-12-25T10:30:28.623810,4758.761,1709,Thumb,motor_13_flexed,51.0,34.5625,2,30.0,29.0,28.0,30.0,30.0,28.0,30.0,30.0,29.0,31.0,32.0,51.0,47.0,42.0,44.0,42.0
2025-12-25T10:30:30.511698,4760.645,1709,Thumb,motor_13_open,51.0,34.5625,2,30.0,29.0,28.0,30.0,30.0,28.0,30.0,30.0,29.0,31.0,32.0,51.0,47.0,42.0,44.0,42.0
2025-12-25T10:30:31.407653,4761.544,1710,Thumb,motor_14_flexed,51.0,34.625,2,30.0,29.0,28.0,30.0,30.0,28.0,30.0,30.0,29.0,31.0,32.0,51.0,47.0,42.0,45.0,42.0
2025-12-25T10:30:33.295542,4763.427,1710,Thumb,motor_14_open,51.0,34.5,2,30.0,29.0,28.0,30.0,30.0,28.0,30.0,30.0,29.0,31.0,32.0,51.0,47.0,42.0,44.0,41.0
2025-12-25T10:30:34.191506,4764.323,1711,Thumb,motor_12_flexed,51.0,34.625,2,31.0,29.0,28.0,30.0,30.0,28.0,30.0,30.0,29.0,31.0,32.0,51.0,47.0,42.0,44.0,42.0
2025-12-25T10:30:36.079407,4766.215,1711,Thumb,motor_12_open,51.0,34.4375,2,30.0,29.0,28.0,30.0,30.0,28.0,30.0,30.0,29.0,31.0,32.0,51.0,47.0,42.0,43.0,41.0
2025-12-25T10:30:36.975380,4767.112,1712,Index,motor_2_flexed,51.0,34.5625,2,30.0,29.0,28.0,30.0,30.0,28.0,30.0,30.0,29.0,31.0,32.0,51.0,47.0,42.0,44.0,42.0
2025-12-25T10:30:38.863264,4769.002,1712,Index,motor_2_open,51.0,34.5,2,30.0,29.0,28.0,30.0,30.0,28.0,30.0,30.0,29.0,31.0,32.0,51.0,47.0,42.0,44.0,41.0
2025-12-25T10:30:39.759215,4769.896,1713,Index,motor_1_flexed,51.0,34.5625,2,30.0,29.0,28.0,30.0,30.0,28.0,30.0,30.0,29.0,32.0,32.0,51.0,47.0,42.0,44.0,41.0
2025-12-25T10:30:41.647127,4771.785,1713,Index,motor_1_open,51.0,34.5,2,30.0,29.0,28.0,30.0,30.0,28.0,30.0,30.0,29.0,31.0,32.0,51.0,47.0,42.0,44.0,41.0
2025-12-25T10:30:42.543079,4772.682,1714,Index,motor_3_flexed,51.0,34.5625,2,30.0,29.0,28.0,30.0,30.0,28.0,30.0,30.0,29.0,31.0,32.0,51.0,47.0,42.0,44.0,42.0
2025-12-25T10:30:44.430977,4774.568,1714,Index,motor_3_open,51.0,34.5,2,30.0,29.0,28.0,30.0,30.0,28.0,30.0,30.0,29.0,31.0,32.0,51.0,47.0,42.0,44.0,41.0
2025-12-25T10:30:45.326917,4775.466,1715,Middle,motor_11_flexed,51.0,34.5,2,30.0,29.0,28.0,30.0,30.0,28.0,30.0,30.0,29.0,31.0,32.0,51.0,47.0,42.0,44.0,41.0
2025-12-25T10:30:47.214831,4777.348,1715,Middle,motor_11_open,51.0,34.5625,2,31.0,29.0,28.0,30.0,30.0,28.0,30.0,30.0,29.0,31.0,32.0,51.0,47.0,42.0,44.0,41.0
2025-12-25T10:30:48.110814,4778.248,1716,Middle,motor_10_flexed,51.0,34.5,2,30.0,29.0,28.0,30.0,30.0,28.0,30.0,30.0,29.0,31.0,32.0,51.0,47.0,42.0,44.0,41.0
2025-12-25T10:30:49.998688,4780.14,1716,Middle,motor_10_open,51.0,34.5,2,30.0,29.0,28.0,30.0,30.0,28.0,30.0,30.0,29.0,31.0,32.0,51.0,47.0,42.0,44.0,41.0
2025-12-25T10:30:50.894668,4781.034,1717,Ring,motor_4_flexed,51.0,34.5625,2,30.0,29.0,28.0,30.0,30.0,28.0,30.0,30.0,29.0,31.0,32.0,51.0,47.0,42.0,44.0,42.0
2025-12-25T10:30:52.782565,4782.921,1717,Ring,motor_4_open,51.0,34.625,2,31.0,29.0,28.0,30.0,30.0,28.0,30.0,30.0,29.0,31.0,32.0,51.0,47.0,42.0,44.0,42.0
2025-12-25T10:30:53.678508,4783.817,1718,Ring,motor_5_flexed,51.0,34.5625,2,30.0,29.0,28.0,30.0,30.0,28.0,30.0,30.0,29.0,32.0,32.0,51.0,47.0,42.0,43.0,42.0
2025-12-25T10:30:55.566409,4785.705,1718,Ring,motor_5_open,51.0,34.5625,2,30.0,29.0,28.0,30.0,30.0,28.0,30.0,30.0,29.0,32.0,32.0,51.0,47.0,42.0,43.0,42.0
2025-12-25T10:30:56.462373,4786.605,1719,Ring,motor_6_flexed,51.0,34.625,2,30.0,29.0,28.0,30.0,30.0,28.0,30.0,30.0,29.0,32.0,32.0,51.0,47.0,42.0,44.0,42.0
2025-12-25T10:30:58.350272,4788.49,1719,Ring,motor_6_open,51.0,34.5625,2,30.0,29.0,28.0,30.0,30.0,28.0,30.0,30.0,29.0,32.0,32.0,51.0,47.0,42.0,44.0,41.0
2025-12-25T10:30:59.246231,4789.383,1720,Pinky,motor_7_flexed,51.0,34.625,2,30.0,29.0,28.0,30.0,30.0,28.0,30.0,30.0,29.0,31.0,32.0,51.0,47.0,42.0,44.0,43.0
2025-12-25T10:31:01.134130,4791.274,1720,Pinky,motor_7_open,51.0,34.625,2,30.0,29.0,28.0,30.0,30.0,28.0,30.0,30.0,29.0,32.0,32.0,51.0,47.0,42.0,44.0,42.0
2025-12-25T10:31:02.030057,4792.17,1721,Pinky,motor_8_flexed,51.0,34.625,2,30.0,29.0,28.0,30.0,30.0,28.0,30.0,30.0,29.0,32.0,32.0,51.0,47.0,42.0,44.0,42.0
2025-12-25T10:31:03.917986,4794.059,1721,Pinky,motor_8_open,51.0,34.5,2,30.0,29.0,28.0,30.0,30.0,28.0,30.0,30.0,29.0,31.0,32.0,51.0,47.0,42.0,44.0,41.0
2025-12-25T10:31:04.813920,4794.953,1722,Pinky,motor_9_flexed,51.0,34.5625,2,30.0,29.0,28.0,30.0,30.0,28.0,30.0,30.0,29.0,31.0,32.0,51.0,47.0,42.0,44.0,42.0
2025-12-25T10:31:06.701803,4796.838,1722,Pinky,motor_9_open,51.0,34.5625,2,30.0,29.0,28.0,30.0,30.0,28.0,30.0,30.0,29.0,31.0,32.0,51.0,47.0,42.0,44.0,42.0
2025-12-25T10:31:07.597776,4797.735,1723,Thumb,motor_13_flexed,51.0,34.5,2,30.0,29.0,28.0,30.0,30.0,28.0,30.0,30.0,29.0,31.0,32.0,51.0,47.0,42.0,44.0,41.0
2025-12-25T10:31:09.485676,4799.623,1723,Thumb,motor_13_open,51.0,34.625,2,30.0,29.0,28.0,30.0,30.0,28.0,30.0,30.0,29.0,32.0,32.0,51.0,47.0,42.0,44.0,42.0
2025-12-25T10:31:10.077645,4800.211,1723,Thumb,motor_13_open_hold,51.0,34.5,2,30.0,29.0,28.0,30.0,30.0,28.0,30.0,30.0,29.0,31.0,32.0,51.0,47.0,42.0,43.0,42.0
2025-12-25T10:31:10.477623,4800.612,1724,Thumb,motor_14_flexed,51.0,34.5625,2,30.0,29.0,28.0,30.0,30.0,28.0,30.0,30.0,29.0,31.0,32.0,51.0,47.0,42.0,44.0,42.0
2025-12-25T10:31:12.365525,4802.501,1724,Thumb,motor_14_open,51.0,34.5625,2,30.0,29.0,28.0,30.0,30.0,28.0,30.0,30.0,29.0,31.0,32.0,51.0,47.0,42.0,44.0,42.0
2025-12-25T10:31:13.261479,4803.398,1725,Thumb,motor_12_flexed,51.0,34.5,2,30.0,29.0,28.0,30.0,30.0,28.0,30.0,30.0,29.0,31.0,32.0,51.0,47.0,42.0,44.0,41.0
2025-12-25T10:31:15.149379,4805.29,1725,Thumb,motor_12_open,51.0,34.4375,2,30.0,29.0,28.0,30.0,30.0,28.0,30.0,30.0,29.0,31.0,32.0,51.0,47.0,42.0,44.0,40.0
2025-12-25T10:31:16.045332,4806.183,1726,Index,motor_2_flexed,51.0,34.5,2,30.0,29.0,28.0,30.0,30.0,28.0,30.0,30.0,29.0,31.0,32.0,51.0,47.0,42.0,43.0,42.0
2025-12-25T10:31:17.933234,4808.071,1726,Index,motor_2_open,51.0,34.5625,2,30.0,29.0,28.0,30.0,30.0,28.0,30.0,30.0,29.0,31.0,32.0,51.0,47.0,42.0,44.0,42.0
2025-12-25T10:31:18.829186,4808.967,1727,Index,motor_1_flexed,51.0,34.5625,2,30.0,29.0,28.0,30.0,30.0,28.0,30.0,30.0,29.0,31.0,32.0,51.0,47.0,42.0,44.0,42.0
2025-12-25T10:31:20.717076,4810.856,1727,Index,motor_1_open,51.0,34.5625,2,30.0,29.0,28.0,30.0,30.0,28.0,30.0,30.0,29.0,31.0,32.0,51.0,47.0,42.0,44.0,42.0
2025-12-25T10:31:21.613033,4811.753,1728,Index,motor_3_flexed,51.0,34.375,2,30.0,29.0,28.0,30.0,30.0,28.0,30.0,30.0,29.0,31.0,32.0,51.0,47.0,42.0,44.0,39.0
2025-12-25T10:31:23.500939,4813.638,1728,Index,motor_3_open,51.0,34.5625,2,30.0,29.0,28.0,30.0,30.0,28.0,30.0,30.0,29.0,31.0,32.0,51.0,47.0,42.0,44.0,42.0
2025-12-25T10:31:24.396886,4814.534,1729,Middle,motor_11_flexed,51.0,34.5625,2,31.0,29.0,28.0,30.0,30.0,28.0,30.0,30.0,29.0,31.0,32.0,51.0,47.0,42.0,44.0,41.0
2025-12-25T10:31:26.284788,4816.422,1729,Middle,motor_11_open,51.0,34.5,2,30.0,29.0,28.0,30.0,30.0,28.0,30.0,30.0,29.0,31.0,32.0,51.0,47.0,42.0,43.0,42.0
2025-12-25T10:31:27.180742,4817.319,1730,Middle,motor_10_flexed,51.0,34.5625,2,30.0,29.0,28.0,30.0,30.0,28.0,30.0,30.0,29.0,31.0,32.0,51.0,47.0,42.0,44.0,42.0
2025-12-25T10:31:29.068643,4819.206,1730,Middle,motor_10_open,51.0,34.5,2,30.0,29.0,28.0,30.0,30.0,28.0,30.0,30.0,29.0,31.0,32.0,51.0,47.0,42.0,43.0,42.0
2025-12-25T10:31:29.964596,4820.101,1731,Ring,motor_4_flexed,51.0,34.5625,2,30.0,29.0,28.0,30.0,30.0,28.0,30.0,30.0,29.0,32.0,32.0,51.0,47.0,42.0,44.0,41.0
2025-12-25T10:31:31.852498,4821.989,1731,Ring,motor_4_open,51.0,34.625,2,30.0,29.0,28.0,30.0,30.0,28.0,30.0,30.0,29.0,32.0,32.0,51.0,47.0,42.0,44.0,42.0
2025-12-25T10:31:32.748451,4822.888,1732,Ring,motor_5_flexed,51.0,34.5625,2,30.0,29.0,28.0,30.0,30.0,28.0,30.0,30.0,29.0,32.0,32.0,51.0,47.0,42.0,44.0,41.0
2025-12-25T10:31:34.636357,4824.775,1732,Ring,motor_5_open,51.0,34.625,2,30.0,29.0,28.0,30.0,30.0,28.0,30.0,30.0,29.0,32.0,32.0,51.0,47.0,42.0,44.0,42.0
2025-12-25T10:31:35.532306,4825.669,1733,Ring,motor_6_flexed,51.0,34.5,2,30.0,29.0,28.0,30.0,30.0,28.0,30.0,30.0,29.0,32.0,32.0,51.0,47.0,42.0,43.0,41.0
2025-12-25T10:31:37.420206,4827.559,1733,Ring,motor_6_open,51.0,34.625,2,30.0,29.0,28.0,30.0,30.0,28.0,30.0,30.0,29.0,32.0,32.0,51.0,47.0,42.0,44.0,42.0
2025-12-25T10:31:38.316158,4828.455,1734,Pinky,motor_7_flexed,51.0,34.5,2,30.0,29.0,28.0,30.0,30.0,28.0,30.0,30.0,29.0,31.0,32.0,51.0,47.0,42.0,43.0,42.0
2025-12-25T10:31:40.204059,4830.341,1734,Pinky,motor_7_open,51.0,34.625,2,30.0,29.0,28.0,30.0,30.0,28.0,30.0,30.0,29.0,32.0,32.0,51.0,47.0,42.0,44.0,42.0
2025-12-25T10:31:41.100013,4831.237,1735,Pinky,motor_8_flexed,51.0,34.625,2,30.0,29.0,28.0,30.0,30.0,28.0,30.0,30.0,29.0,32.0,32.0,51.0,47.0,42.0,44.0,42.0
2025-12-25T10:31:42.987911,4833.126,1735,Pinky,motor_8_open,51.0,34.625,2,30.0,29.0,28.0,30.0,30.0,28.0,30.0,30.0,29.0,32.0,32.0,51.0,47.0,42.0,44.0,42.0
2025-12-25T10:31:43.883870,4834.022,1736,Pinky,motor_9_flexed,51.0,34.4375,2,30.0,29.0,28.0,30.0,30.0,28.0,30.0,30.0,29.0,31.0,32.0,51.0,47.0,42.0,43.0,41.0
2025-12-25T10:31:45.771767,4835.91,1736,Pinky,motor_9_open,51.0,34.625,2,30.0,29.0,28.0,30.0,30.0,28.0,30.0,30.0,29.0,32.0,32.0,51.0,47.0,42.0,44.0,42.0
2025-12-25T10:31:46.667717,4836.804,1737,Thumb,motor_13_flexed,51.0,34.5625,2,30.0,29.0,28.0,30.0,30.0,28.0,30.0,30.0,29.0,31.0,32.0,51.0,47.0,42.0,44.0,42.0
2025-12-25T10:31:48.555630,4838.694,1737,Thumb,motor_13_open,51.0,34.5,2,30.0,29.0,28.0,30.0,30.0,28.0,30.0,30.0,29.0,31.0,32.0,51.0,47.0,42.0,44.0,41.0
2025-12-25T10:31:49.451561,4839.588,1738,Thumb,motor_14_flexed,51.0,34.4375,2,30.0,29.0,28.0,30.0,30.0,28.0,30.0,30.0,29.0,31.0,32.0,51.0,47.0,42.0,43.0,41.0
2025-12-25T10:31:51.339473,4841.477,1738,Thumb,motor_14_open,51.0,34.5,2,30.0,29.0,28.0,30.0,30.0,28.0,30.0,30.0,29.0,31.0,32.0,51.0,47.0,42.0,44.0,41.0
2025-12-25T10:31:52.235425,4842.373,1739,Thumb,motor_12_flexed,51.0,34.5,2,30.0,29.0,28.0,30.0,30.0,28.0,30.0,30.0,29.0,31.0,32.0,51.0,47.0,42.0,44.0,41.0
2025-12-25T10:31:54.123324,4844.26,1739,Thumb,motor_12_open,51.0,34.5625,2,30.0,29.0,28.0,30.0,30.0,28.0,30.0,30.0,29.0,31.0,32.0,51.0,47.0,42.0,44.0,42.0
2025-12-25T10:31:55.019278,4845.157,1740,Index,motor_2_flexed,51.0,34.625,2,30.0,29.0,28.0,30.0,30.0,28.0,30.0,30.0,29.0,32.0,32.0,51.0,47.0,42.0,44.0,42.0
2025-12-25T10:31:56.907177,4847.047,1740,Index,motor_2_open,51.0,34.5625,2,30.0,29.0,28.0,30.0,30.0,28.0,30.0,30.0,29.0,31.0,32.0,51.0,47.0,42.0,44.0,42.0
2025-12-25T10:31:57.803122,4847.941,1741,Index,motor_1_flexed,51.0,34.5,2,30.0,29.0,28.0,30.0,30.0,28.0,30.0,30.0,29.0,31.0,32.0,51.0,47.0,42.0,44.0,41.0
2025-12-25T10:31:59.691029,4849.829,1741,Index,motor_1_open,51.0,34.5625,2,30.0,29.0,28.0,30.0,30.0,28.0,30.0,30.0,29.0,31.0,32.0,51.0,47.0,42.0,44.0,42.0
2025-12-25T10:32:00.586982,4850.724,1742,Index,motor_3_flexed,51.0,34.5,2,30.0,29.0,28.0,30.0,30.0,28.0,30.0,30.0,29.0,31.0,32.0,51.0,47.0,42.0,44.0,41.0
2025-12-25T10:32:02.474896,4852.613,1742,Index,motor_3_open,51.0,34.5625,2,30.0,29.0,28.0,30.0,30.0,28.0,30.0,30.0,29.0,31.0,32.0,51.0,47.0,42.0,44.0,42.0
2025-12-25T10:32:03.370835,4853.507,1743,Middle,motor_11_flexed,51.0,34.625,2,30.0,29.0,28.0,30.0,30.0,28.0,30.0,30.0,29.0,32.0,32.0,51.0,47.0,42.0,44.0,42.0
2025-12-25T10:32:05.258734,4855.395,1743,Middle,motor_11_open,51.0,34.5,2,30.0,29.0,28.0,30.0,30.0,28.0,30.0,30.0,29.0,31.0,32.0,51.0,47.0,42.0,44.0,41.0
2025-12-25T10:32:06.154687,4856.291,1744,Middle,motor_10_flexed,51.0,34.5625,2,30.0,29.0,28.0,30.0,30.0,28.0,30.0,30.0,29.0,31.0,32.0,51.0,47.0,42.0,44.0,42.0
2025-12-25T10:32:08.042589,4858.183,1744,Middle,motor_10_open,51.0,34.5625,2,30.0,29.0,28.0,30.0,30.0,28.0,30.0,30.0,29.0,31.0,32.0,51.0,47.0,42.0,44.0,42.0
2025-12-25T10:32:08.938529,4859.075,1745,Ring,motor_4_flexed,51.0,34.5625,2,30.0,29.0,28.0,30.0,30.0,28.0,30.0,30.0,29.0,32.0,32.0,51.0,47.0,42.0,43.0,42.0
2025-12-25T10:32:10.026475,4860.165,1745,Ring,motor_4_flex_hold,51.0,34.625,2,30.0,29.0,28.0,30.0,30.0,28.0,30.0,30.0,29.0,32.0,32.0,51.0,47.0,42.0,44.0,42.0
2025-12-25T10:32:10.826432,4860.963,1745,Ring,motor_4_open,51.0,34.5625,2,30.0,29.0,28.0,30.0,30.0,28.0,30.0,30.0,29.0,32.0,32.0,51.0,47.0,42.0,44.0,41.0
2025-12-25T10:32:11.722402,4861.858,1746,Ring,motor_5_flexed,51.0,34.625,2,30.0,29.0,28.0,30.0,30.0,28.0,30.0,30.0,29.0,32.0,32.0,51.0,47.0,42.0,44.0,42.0
2025-12-25T10:32:13.610290,4863.747,1746,Ring,motor_5_open,51.0,34.5625,2,30.0,29.0,28.0,30.0,30.0,28.0,30.0,30.0,29.0,32.0,32.0,51.0,47.0,42.0,44.0,41.0
2025-12-25T10:32:14.506251,4864.644,1747,Ring,motor_6_flexed,51.0,34.5625,2,30.0,29.0,28.0,30.0,30.0,28.0,30.0,30.0,29.0,32.0,32.0,51.0,47.0,42.0,44.0,41.0
2025-12-25T10:32:16.394150,4866.53,1747,Ring,motor_6_open,51.0,34.625,2,30.0,29.0,28.0,30.0,30.0,28.0,30.0,30.0,29.0,32.0,32.0,51.0,47.0,42.0,44.0,42.0
2025-12-25T10:32:17.290080,4867.426,1748,Pinky,motor_7_flexed,51.0,34.625,2,30.0,29.0,28.0,30.0,30.0,28.0,30.0,30.0,29.0,32.0,32.0,51.0,47.0,42.0,44.0,42.0
2025-12-25T10:32:19.177985,4869.316,1748,Pinky,motor_7_open,51.0,34.5625,2,30.0,29.0,28.0,30.0,30.0,28.0,30.0,30.0,29.0,32.0,32.0,51.0,47.0,42.0,43.0,42.0
2025-12-25T10:32:20.073943,4870.213,1749,Pinky,motor_8_flexed,51.0,34.5625,2,30.0,29.0,28.0,30.0,30.0,28.0,30.0,30.0,29.0,31.0,32.0,51.0,47.0,42.0,44.0,42.0
2025-12-25T10:32:21.977871,4872.116,1749,Pinky,motor_8_open,51.0,34.625,2,30.0,29.0,28.0,30.0,30.0,28.0,30.0,30.0,29.0,32.0,32.0,51.0,47.0,42.0,44.0,42.0
2025-12-25T10:32:22.873822,4873.013,1750,Pinky,motor_9_flexed,51.0,34.625,2,30.0,29.0,28.0,30.0,30.0,28.0,30.0,30.0,29.0,32.0,32.0,51.0,47.0,42.0,44.0,42.0
2025-12-25T10:32:24.761720,4874.899,1750,Pinky,motor_9_open,51.0,34.5625,2,30.0,29.0,28.0,30.0,30.0,28.0,30.0,30.0,29.0,32.0,32.0,51.0,47.0,42.0,43.0,42.0
2025-12-25T10:32:25.657676,4875.795,1751,Thumb,motor_13_flexed,51.0,34.625,2,30.0,29.0,28.0,30.0,30.0,28.0,30.0,30.0,29.0,32.0,32.0,51.0,47.0,42.0,44.0,42.0
2025-12-25T10:32:27.545531,4877.685,1751,Thumb,motor_13_open,51.0,34.5625,2,30.0,29.0,28.0,30.0,30.0,28.0,30.0,30.0,29.0,31.0,32.0,51.0,47.0,42.0,44.0,42.0
2025-12-25T10:32:28.441528,4878.578,1752,Thumb,motor_14_flexed,51.0,34.4375,2,30.0,29.0,28.0,30.0,30.0,28.0,30.0,30.0,29.0,31.0,32.0,51.0,47.0,42.0,44.0,40.0
2025-12-25T10:32:30.329431,4880.469,1752,Thumb,motor_14_open,51.0,34.625,2,30.0,29.0,28.0,30.0,30.0,28.0,30.0,30.0,29.0,32.0,32.0,51.0,47.0,42.0,44.0,42.0
2025-12-25T10:32:31.225380,4881.364,1753,Thumb,motor_12_flexed,51.0,34.5,2,30.0,29.0,28.0,30.0,30.0,28.0,30.0,30.0,29.0,31.0,32.0,51.0,47.0,42.0,44.0,41.0
2025-12-25T10:32:33.113278,4883.249,1753,Thumb,motor_12_open,51.0,34.5,2,30.0,29.0,28.0,30.0,30.0,28.0,30.0,30.0,29.0,31.0,32.0,51.0,47.0,42.0,43.0,42.0
2025-12-25T10:32:34.009232,4884.148,1754,Index,motor_2_flexed,51.0,34.5625,2,30.0,29.0,28.0,30.0,30.0,28.0,30.0,30.0,29.0,31.0,32.0,51.0,47.0,42.0,44.0,42.0
2025-12-25T10:32:35.897134,4886.037,1754,Index,motor_2_open,51.0,34.625,2,30.0,29.0,28.0,30.0,30.0,28.0,30.0,30.0,29.0,32.0,32.0,51.0,47.0,42.0,44.0,42.0
2025-12-25T10:32:36.793045,4886.933,1755,Index,motor_1_flexed,51.0,34.5625,2,30.0,29.0,28.0,30.0,30.0,28.0,30.0,30.0,29.0,31.0,32.0,51.0,47.0,42.0,44.0,42.0
2025-12-25T10:32:38.680944,4888.82,1755,Index,motor_1_open,51.0,34.5625,2,30.0,29.0,28.0,30.0,30.0,28.0,30.0,30.0,29.0,31.0,32.0,51.0,47.0,42.0,44.0,42.0
2025-12-25T10:32:39.592897,4889.73,1756,Index,motor_3_flexed,51.0,34.625,2,30.0,29.0,28.0,30.0,30.0,28.0,30.0,30.0,29.0,32.0,32.0,51.0,47.0,42.0,44.0,42.0
2025-12-25T10:32:41.480800,4891.617,1756,Index,motor_3_open,51.0,34.4375,2,30.0,29.0,28.0,30.0,30.0,28.0,30.0,30.0,29.0,31.0,32.0,51.0,47.0,42.0,44.0,40.0
2025-12-25T10:32:42.376761,4892.515,1757,Middle,motor_11_flexed,51.0,34.5625,2,30.0,29.0,28.0,30.0,30.0,28.0,30.0,30.0,29.0,31.0,32.0,51.0,47.0,42.0,44.0,42.0
2025-12-25T10:32:44.264661,4894.406,1757,Middle,motor_11_open,51.0,34.625,2,30.0,29.0,28.0,30.0,30.0,28.0,30.0,30.0,29.0,32.0,32.0,51.0,47.0,42.0,44.0,42.0
2025-12-25T10:32:45.160625,4895.302,1758,Middle,motor_10_flexed,51.0,34.5,2,30.0,29.0,28.0,30.0,30.0,28.0,30.0,30.0,29.0,31.0,32.0,51.0,47.0,42.0,44.0,41.0
2025-12-25T10:32:47.048515,4897.187,1758,Middle,motor_10_open,51.0,34.625,2,31.0,29.0,28.0,30.0,30.0,28.0,30.0,30.0,29.0,32.0,32.0,51.0,47.0,42.0,43.0,42.0
2025-12-25T10:32:47.944467,4898.083,1759,Ring,motor_4_flexed,51.0,34.5,2,30.0,29.0,28.0,30.0,30.0,28.0,30.0,30.0,29.0,32.0,32.0,51.0,47.0,42.0,43.0,41.0
2025-12-25T10:32:49.832365,4899.965,1759,Ring,motor_4_open,51.0,34.625,2,30.0,29.0,28.0,30.0,30.0,28.0,30.0,30.0,29.0,32.0,32.0,51.0,47.0,42.0,44.0,42.0
2025-12-25T10:32:50.728315,4900.869,1760,Ring,motor_5_flexed,51.0,34.5,2,30.0,29.0,28.0,30.0,30.0,28.0,30.0,30.0,29.0,32.0,32.0,51.0,47.0,42.0,43.0,41.0
2025-12-25T10:32:52.616219,4902.754,1760,Ring,motor_5_open,51.0,34.5625,2,30.0,29.0,28.0,30.0,30.0,28.0,30.0,30.0,29.0,31.0,32.0,51.0,47.0,42.0,44.0,42.0
2025-12-25T10:32:53.512171,4903.651,1761,Ring,motor_6_flexed,51.0,34.5625,2,30.0,29.0,28.0,30.0,30.0,28.0,30.0,30.0,29.0,31.0,32.0,51.0,47.0,42.0,44.0,42.0
2025-12-25T10:32:55.400079,4905.541,1761,Ring,motor_6_open,51.0,34.4375,2,30.0,29.0,28.0,30.0,30.0,28.0,30.0,30.0,29.0,31.0,32.0,51.0,47.0,42.0,43.0,41.0
2025-12-25T10:32:56.296024,4906.437,1762,Pinky,motor_7_flexed,51.0,34.625,2,30.0,29.0,28.0,30.0,30.0,28.0,30.0,30.0,29.0,32.0,32.0,51.0,47.0,42.0,44.0,42.0
2025-12-25T10:32:58.183926,4908.32,1762,Pinky,motor_7_open,51.0,34.625,2,30.0,29.0,28.0,30.0,30.0,28.0,30.0,30.0,29.0,32.0,32.0,51.0,47.0,42.0,44.0,42.0
2025-12-25T10:32:59.079880,4909.219,1763,Pinky,motor_8_flexed,51.0,34.625,2,30.0,29.0,28.0,30.0,30.0,28.0,30.0,30.0,29.0,32.0,32.0,51.0,47.0,42.0,44.0,42.0
2025-12-25T10:33:00.967781,4911.107,1763,Pinky,motor_8_open,51.0,34.625,2,30.0,29.0,28.0,30.0,30.0,28.0,30.0,30.0,29.0,32.0,32.0,51.0,47.0,42.0,44.0,42.0
2025-12-25T10:33:01.863730,4912.004,1764,Pinky,motor_9_flexed,51.0,34.5625,2,30.0,29.0,28.0,30.0,30.0,28.0,30.0,30.0,29.0,31.0,32.0,51.0,47.0,42.0,44.0,42.0
2025-12-25T10:33:03.751622,4913.89,1764,Pinky,motor_9_open,51.0,34.5,2,30.0,29.0,28.0,30.0,30.0,28.0,30.0,30.0,29.0,31.0,32.0,51.0,47.0,42.0,43.0,42.0
2025-12-25T10:33:04.647582,4914.786,1765,Thumb,motor_13_flexed,51.0,34.5625,2,30.0,29.0,28.0,30.0,30.0,28.0,30.0,30.0,29.0,32.0,32.0,51.0,47.0,42.0,43.0,42.0
2025-12-25T10:33:06.535474,4916.674,1765,Thumb,motor_13_open,51.0,34.5625,2,30.0,29.0,28.0,30.0,30.0,28.0,30.0,30.0,29.0,31.0,32.0,51.0,47.0,42.0,44.0,42.0
2025-12-25T10:33:07.431429,4917.571,1766,Thumb,motor_14_flexed,51.0,34.625,2,30.0,29.0,28.0,30.0,30.0,28.0,30.0,30.0,29.0,32.0,32.0,51.0,47.0,42.0,44.0,42.0
2025-12-25T10:33:09.319338,4919.457,1766,Thumb,motor_14_open,51.0,34.5,2,30.0,29.0,28.0,30.0,30.0,28.0,30.0,30.0,29.0,32.0,32.0,51.0,47.0,42.0,43.0,41.0
2025-12-25T10:33:09.911297,4920.045,1766,Thumb,motor_14_open_hold,51.0,34.5,2,30.0,29.0,28.0,30.0,30.0,28.0,30.0,30.0,29.0,31.0,32.0,51.0,47.0,42.0,43.0,42.0
2025-12-25T10:33:10.311319,4920.45,1767,Thumb,motor_12_flexed,51.0,34.5625,2,30.0,29.0,28.0,30.0,30.0,28.0,30.0,30.0,29.0,32.0,32.0,51.0,47.0,42.0,43.0,42.0
2025-12-25T10:33:12.199218,4922.338,1767,Thumb,motor_12_open,51.0,34.5,2,30.0,29.0,28.0,30.0,30.0,28.0,30.0,30.0,29.0,31.0,32.0,51.0,47.0,42.0,44.0,41.0
2025-12-25T10:33:13.095169,4923.235,1768,Index,motor_2_flexed,51.0,34.5,2,30.0,29.0,28.0,30.0,30.0,28.0,30.0,30.0,29.0,31.0,32.0,51.0,47.0,42.0,44.0,41.0
2025-12-25T10:33:14.983042,4925.121,1768,Index,motor_2_open,51.0,34.625,2,30.0,29.0,28.0,30.0,30.0,28.0,30.0,30.0,29.0,32.0,32.0,51.0,47.0,42.0,44.0,42.0
2025-12-25T10:33:15.879019,4926.017,1769,Index,motor_1_flexed,51.0,34.5625,2,30.0,29.0,28.0,30.0,30.0,28.0,30.0,30.0,29.0,31.0,32.0,51.0,47.0,42.0,44.0,42.0
2025-12-25T10:33:17.766897,4927.904,1769,Index,motor_1_open,51.0,34.5,2,30.0,29.0,28.0,30.0,30.0,28.0,30.0,30.0,29.0,31.0,32.0,51.0,47.0,42.0,44.0,41.0
2025-12-25T10:33:18.662891,4928.802,1770,Index,motor_3_flexed,51.0,34.4375,2,30.0,29.0,28.0,30.0,30.0,28.0,30.0,30.0,29.0,31.0,32.0,51.0,47.0,42.0,43.0,41.0
2025-12-25T10:33:20.550773,4930.691,1770,Index,motor_3_open,51.0,34.4375,2,30.0,29.0,28.0,30.0,30.0,28.0,30.0,30.0,29.0,31.0,32.0,51.0,47.0,42.0,44.0,40.0
2025-12-25T10:33:21.446731,4931.587,1771,Middle,motor_11_flexed,51.0,34.5,2,30.0,29.0,28.0,30.0,30.0,28.0,30.0,30.0,29.0,31.0,32.0,51.0,47.0,42.0,43.0,42.0
2025-12-25T10:33:23.334628,4933.471,1771,Middle,motor_11_open,51.0,34.5625,2,30.0,29.0,28.0,30.0,30.0,28.0,30.0,30.0,29.0,31.0,32.0,51.0,47.0,42.0,44.0,42.0
2025-12-25T10:33:24.230585,4934.366,1772,Middle,motor_10_flexed,51.0,34.5,2,30.0,29.0,28.0,30.0,30.0,28.0,30.0,30.0,29.0,31.0,32.0,51.0,47.0,42.0,44.0,41.0
2025-12-25T10:33:26.118485,4936.258,1772,Middle,motor_10_open,51.0,34.5625,2,30.0,29.0,28.0,30.0,30.0,28.0,30.0,30.0,29.0,31.0,32.0,51.0,47.0,42.0,44.0,42.0
2025-12-25T10:33:27.014437,4937.154,1773,Ring,motor_4_flexed,51.0,34.625,2,30.0,29.0,28.0,30.0,30.0,28.0,30.0,30.0,29.0,32.0,32.0,51.0,47.0,42.0,44.0,42.0
2025-12-25T10:33:28.902338,4939.042,1773,Ring,motor_4_open,51.0,34.625,2,30.0,29.0,28.0,30.0,30.0,28.0,30.0,30.0,29.0,32.0,32.0,51.0,47.0,42.0,44.0,42.0
2025-12-25T10:33:29.798289,4939.936,1774,Ring,motor_5_flexed,51.0,34.625,2,30.0,29.0,28.0,30.0,30.0,28.0,30.0,30.0,29.0,32.0,32.0,51.0,47.0,42.0,44.0,42.0
2025-12-25T10:33:31.686190,4941.822,1774,Ring,motor_5_open,51.0,34.5625,2,30.0,29.0,28.0,30.0,30.0,28.0,30.0,30.0,29.0,32.0,32.0,51.0,47.0,42.0,44.0,41.0
2025-12-25T10:33:32.582144,4942.723,1775,Ring,motor_6_flexed,51.0,34.5625,2,30.0,29.0,28.0,30.0,30.0,28.0,30.0,30.0,29.0,32.0,32.0,51.0,47.0,42.0,44.0,41.0
2025-12-25T10:33:34.470040,4944.607,1775,Ring,motor_6_open,51.0,34.5625,2,30.0,29.0,28.0,30.0,30.0,28.0,30.0,30.0,29.0,32.0,32.0,51.0,47.0,42.0,43.0,42.0
2025-12-25T10:33:35.365994,4945.503,1776,Pinky,motor_7_flexed,51.0,34.625,2,30.0,29.0,28.0,30.0,30.0,28.0,30.0,30.0,29.0,32.0,32.0,51.0,47.0,42.0,44.0,42.0
2025-12-25T10:33:37.253895,4947.391,1776,Pinky,motor_7_open,51.0,34.5625,2,30.0,29.0,28.0,30.0,30.0,28.0,30.0,30.0,29.0,32.0,32.0,51.0,47.0,42.0,44.0,41.0
2025-12-25T10:33:38.149832,4948.292,1777,Pinky,motor_8_flexed,51.0,34.5,2,30.0,29.0,28.0,30.0,30.0,28.0,30.0,30.0,29.0,31.0,32.0,51.0,47.0,42.0,44.0,41.0
2025-12-25T10:33:40.037730,4950.177,1777,Pinky,motor_8_open,51.0,34.5625,2,30.0,29.0,28.0,30.0,30.0,28.0,30.0,30.0,29.0,32.0,32.0,51.0,47.0,42.0,43.0,42.0
2025-12-25T10:33:40.933683,4951.069,1778,Pinky,motor_9_flexed,51.0,34.625,2,31.0,29.0,28.0,30.0,30.0,28.0,30.0,30.0,29.0,31.0,32.0,51.0,47.0,42.0,44.0,42.0
2025-12-25T10:33:42.821575,4952.961,1778,Pinky,motor_9_open,51.0,34.5625,2,30.0,29.0,28.0,30.0,30.0,28.0,30.0,30.0,29.0,32.0,32.0,51.0,47.0,42.0,43.0,42.0
2025-12-25T10:33:43.717544,4953.856,1779,Thumb,motor_13_flexed,51.0,34.5625,2,30.0,29.0,28.0,30.0,30.0,28.0,30.0,30.0,29.0,32.0,32.0,51.0,47.0,42.0,44.0,41.0
2025-12-25T10:33:45.605442,4955.746,1779,Thumb,motor_13_open,51.0,34.5625,2,30.0,29.0,28.0,30.0,30.0,28.0,30.0,30.0,29.0,32.0,32.0,51.0,47.0,42.0,43.0,42.0
2025-12-25T10:33:46.501391,4956.64,1780,Thumb,motor_14_flexed,51.0,34.625,2,31.0,29.0,28.0,30.0,30.0,28.0,30.0,30.0,29.0,32.0,32.0,51.0,47.0,42.0,43.0,42.0
2025-12-25T10:33:48.389295,4958.527,1780,Thumb,motor_14_open,51.0,34.5625,2,30.0,29.0,28.0,30.0,30.0,28.0,30.0,30.0,29.0,31.0,32.0,51.0,47.0,42.0,44.0,42.0
2025-12-25T10:33:49.285244,4959.424,1781,Thumb,motor_12_flexed,51.0,34.625,2,30.0,29.0,28.0,30.0,30.0,28.0,30.0,30.0,29.0,32.0,32.0,51.0,47.0,42.0,44.0,42.0
2025-12-25T10:33:51.173144,4961.311,1781,Thumb,motor_12_open,51.0,34.4375,2,30.0,29.0,28.0,30.0,30.0,28.0,30.0,30.0,29.0,31.0,32.0,51.0,47.0,42.0,42.0,42.0
2025-12-25T10:33:52.069100,4962.207,1782,Index,motor_2_flexed,51.0,34.5,2,30.0,29.0,28.0,30.0,30.0,28.0,30.0,30.0,29.0,31.0,32.0,51.0,47.0,42.0,44.0,41.0
2025-12-25T10:33:53.956998,4964.095,1782,Index,motor_2_open,51.0,34.625,2,30.0,29.0,28.0,30.0,30.0,28.0,30.0,30.0,29.0,32.0,32.0,51.0,47.0,42.0,44.0,42.0
2025-12-25T10:33:54.852941,4964.991,1783,Index,motor_1_flexed,51.0,34.5,2,30.0,29.0,28.0,30.0,30.0,28.0,30.0,30.0,29.0,31.0,32.0,51.0,47.0,42.0,43.0,42.0
2025-12-25T10:33:56.740863,4966.88,1783,Index,motor_1_open,51.0,34.5625,2,30.0,29.0,28.0,30.0,30.0,28.0,30.0,30.0,29.0,32.0,32.0,51.0,47.0,42.0,44.0,41.0
2025-12-25T10:33:57.636820,4967.778,1784,Index,motor_3_flexed,51.0,34.5,2,30.0,29.0,28.0,30.0,30.0,28.0,30.0,30.0,29.0,31.0,32.0,51.0,47.0,42.0,43.0,42.0
2025-12-25T10:33:59.524717,4969.663,1784,Index,motor_3_open,51.0,34.5,2,30.0,29.0,28.0,30.0,30.0,28.0,30.0,30.0,29.0,31.0,32.0,51.0,47.0,42.0,44.0,41.0
2025-12-25T10:34:00.420672,4970.559,1785,Middle,motor_11_flexed,51.0,34.5625,2,30.0,29.0,28.0,30.0,30.0,28.0,30.0,30.0,29.0,32.0,32.0,51.0,47.0,42.0,43.0,42.0
2025-12-25T10:34:02.308561,4972.449,1785,Middle,motor_11_open,51.0,34.5,2,30.0,29.0,28.0,30.0,30.0,28.0,30.0,30.0,29.0,31.0,32.0,51.0,47.0,42.0,44.0,41.0
2025-12-25T10:34:03.204516,4973.346,1786,Middle,motor_10_flexed,51.0,34.625,2,31.0,29.0,28.0,30.0,30.0,28.0,30.0,30.0,29.0,32.0,32.0,51.0,47.0,42.0,43.0,42.0
2025-12-25T10:34:05.092413,4975.23,1786,Middle,motor_10_open,51.0,34.5625,2,30.0,29.0,28.0,30.0,30.0,28.0,30.0,30.0,29.0,31.0,32.0,51.0,47.0,42.0,44.0,42.0
2025-12-25T10:34:05.988375,4976.127,1787,Ring,motor_4_flexed,51.0,34.5625,2,30.0,29.0,28.0,30.0,30.0,28.0,30.0,30.0,29.0,32.0,32.0,51.0,47.0,42.0,43.0,42.0
2025-12-25T10:34:07.876275,4978.015,1787,Ring,motor_4_open,51.0,34.5625,2,30.0,29.0,28.0,30.0,30.0,28.0,30.0,30.0,29.0,32.0,32.0,51.0,47.0,42.0,43.0,42.0
2025-12-25T10:34:08.772218,4978.911,1788,Ring,motor_5_flexed,51.0,34.625,2,30.0,29.0,28.0,30.0,30.0,28.0,30.0,30.0,29.0,32.0,32.0,51.0,47.0,42.0,44.0,42.0
2025-12-25T10:34:10.356136,4980.498,1788,Ring,motor_5_flex_hold,51.0,34.5625,2,30.0,29.0,28.0,30.0,30.0,28.0,30.0,30.0,29.0,32.0,32.0,51.0,47.0,42.0,44.0,41.0
2025-12-25T10:34:10.756109,4980.895,1788,Ring,motor_5_open,51.0,34.625,2,30.0,29.0,28.0,30.0,30.0,28.0,30.0,30.0,29.0,32.0,32.0,51.0,47.0,42.0,44.0,42.0
2025-12-25T10:34:11.652073,4981.791,1789,Ring,motor_6_flexed,51.0,34.5625,2,30.0,29.0,28.0,30.0,30.0,28.0,30.0,30.0,29.0,32.0,32.0,51.0,47.0,42.0,44.0,41.0
2025-12-25T10:34:13.539963,4983.678,1789,Ring,motor_6_open,51.0,34.5625,2,30.0,29.0,28.0,30.0,30.0,28.0,30.0,30.0,29.0,32.0,32.0,51.0,47.0,42.0,43.0,42.0
2025-12-25T10:34:14.435917,4984.573,1790,Pinky,motor_7_flexed,51.0,34.625,2,30.0,29.0,28.0,30.0,30.0,28.0,30.0,30.0,29.0,32.0,32.0,51.0,47.0,42.0,44.0,42.0
2025-12-25T10:34:16.323831,4986.463,1790,Pinky,motor_7_open,51.0,34.5625,2,30.0,29.0,28.0,30.0,30.0,28.0,30.0,30.0,29.0,32.0,32.0,51.0,47.0,42.0,43.0,42.0
2025-12-25T10:34:17.219770,4987.36,1791,Pinky,motor_8_flexed,51.0,34.625,2,30.0,29.0,28.0,30.0,30.0,28.0,30.0,30.0,29.0,32.0,32.0,51.0,47.0,42.0,44.0,42.0
2025-12-25T10:34:19.107670,4989.247,1791,Pinky,motor_8_open,51.0,34.625,2,30.0,29.0,28.0,30.0,30.0,28.0,30.0,30.0,29.0,32.0,32.0,51.0,47.0,42.0,44.0,42.0
2025-12-25T10:34:20.003619,4990.142,1792,Pinky,motor_9_flexed,51.0,34.5625,2,30.0,29.0,28.0,30.0,30.0,28.0,30.0,30.0,29.0,32.0,32.0,51.0,47.0,42.0,43.0,42.0
2025-12-25T10:34:21.891522,4992.031,1792,Pinky,motor_9_open,51.0,34.5625,2,30.0,29.0,28.0,30.0,30.0,28.0,30.0,30.0,29.0,32.0,32.0,51.0,47.0,42.0,43.0,42.0
2025-12-25T10:34:22.787476,4992.926,1793,Thumb,motor_13_flexed,51.0,34.5625,2,30.0,29.0,28.0,30.0,30.0,28.0,30.0,30.0,29.0,32.0,32.0,51.0,47.0,42.0,44.0,41.0
2025-12-25T10:34:24.675378,4994.814,1793,Thumb,motor_13_open,51.0,34.625,2,30.0,29.0,28.0,30.0,30.0,28.0,30.0,30.0,29.0,32.0,32.0,51.0,47.0,42.0,44.0,42.0
2025-12-25T10:34:25.571343,4995.71,1794,Thumb,motor_14_flexed,51.0,34.625,2,30.0,29.0,28.0,30.0,30.0,28.0,30.0,30.0,29.0,31.0,32.0,51.0,47.0,42.0,44.0,43.0
2025-12-25T10:34:27.459228,4997.599,1794,Thumb,motor_14_open,51.0,34.625,2,30.0,29.0,28.0,30.0,30.0,28.0,30.0,30.0,29.0,32.0,32.0,51.0,47.0,42.0,44.0,42.0
2025-12-25T10:34:28.355181,4998.494,1795,Thumb,motor_12_flexed,51.0,34.5625,2,30.0,29.0,28.0,30.0,30.0,28.0,30.0,30.0,29.0,31.0,32.0,51.0,47.0,42.0,44.0,42.0
2025-12-25T10:34:30.243081,5000.379,1795,Thumb,motor_12_open,51.0,34.5,2,30.0,29.0,28.0,30.0,30.0,28.0,30.0,30.0,29.0,31.0,32.0,51.0,47.0,42.0,44.0,41.0
2025-12-25T10:34:31.139032,5001.278,1796,Index,motor_2_flexed,51.0,34.5625,2,30.0,29.0,28.0,30.0,30.0,28.0,30.0,30.0,29.0,32.0,32.0,51.0,47.0,42.0,43.0,42.0
2025-12-25T10:34:33.026936,5003.166,1796,Index,motor_2_open,51.0,34.4375,2,30.0,29.0,28.0,30.0,30.0,28.0,30.0,30.0,29.0,32.0,32.0,51.0,47.0,42.0,44.0,39.0
2025-12-25T10:34:33.922885,5004.061,1797,Index,motor_1_flexed,51.0,34.625,2,30.0,29.0,28.0,30.0,30.0,28.0,30.0,30.0,29.0,32.0,32.0,51.0,47.0,42.0,44.0,42.0
2025-12-25T10:34:35.810788,5005.947,1797,Index,motor_1_open,51.0,34.625,2,30.0,29.0,28.0,30.0,30.0,28.0,30.0,30.0,29.0,32.0,32.0,51.0,47.0,42.0,44.0,42.0
2025-12-25T10:34:36.706740,5006.842,1798,Index,motor_3_flexed,51.0,34.5,2,30.0,29.0,28.0,30.0,30.0,28.0,30.0,30.0,29.0,31.0,32.0,51.0,47.0,42.0,43.0,42.0
2025-12-25T10:34:38.594640,5008.734,1798,Index,motor_3_open,51.0,34.5625,2,30.0,29.0,28.0,30.0,30.0,28.0,30.0,30.0,29.0,32.0,32.0,51.0,47.0,42.0,44.0,41.0
2025-12-25T10:34:39.490592,5009.63,1799,Middle,motor_11_flexed,51.0,34.625,2,30.0,29.0,28.0,30.0,30.0,28.0,30.0,30.0,29.0,32.0,32.0,51.0,47.0,42.0,44.0,42.0
2025-12-25T10:34:41.378507,5011.516,1799,Middle,motor_11_open,51.0,34.5,2,30.0,29.0,28.0,30.0,30.0,28.0,30.0,30.0,29.0,31.0,32.0,51.0,47.0,42.0,44.0,41.0
2025-12-25T10:34:42.274459,5012.414,1800,Middle,motor_10_flexed,51.0,34.5625,2,30.0,29.0,28.0,30.0,30.0,28.0,30.0,30.0,29.0,32.0,32.0,51.0,47.0,42.0,44.0,41.0
2025-12-25T10:34:44.162346,5014.299,1800,Middle,motor_10_open,51.0,34.625,2,30.0,29.0,28.0,30.0,30.0,28.0,30.0,30.0,29.0,32.0,32.0,51.0,47.0,42.0,44.0,42.0
2025-12-25T10:34:45.058299,5015.198,1801,Ring,motor_4_flexed,51.0,34.5625,2,30.0,29.0,28.0,30.0,30.0,28.0,30.0,30.0,29.0,31.0,32.0,51.0,47.0,42.0,44.0,42.0
2025-12-25T10:34:46.946201,5017.083,1801,Ring,motor_4_open,51.0,34.625,2,30.0,29.0,28.0,30.0,30.0,28.0,30.0,30.0,29.0,32.0,32.0,51.0,47.0,42.0,44.0,42.0
2025-12-25T10:34:47.842151,5017.982,1802,Ring,motor_5_flexed,51.0,34.5625,2,30.0,29.0,28.0,30.0,30.0,28.0,30.0,30.0,29.0,32.0,32.0,51.0,47.0,42.0,44.0,41.0
2025-12-25T10:34:49.730037,5019.868,1802,Ring,motor_5_open,51.0,34.625,2,30.0,29.0,28.0,30.0,30.0,28.0,30.0,30.0,29.0,32.0,32.0,51.0,47.0,42.0,44.0,42.0
2025-12-25T10:34:50.626000,5020.766,1803,Ring,motor_6_flexed,51.0,34.5625,2,30.0,29.0,28.0,30.0,30.0,28.0,30.0,30.0,29.0,32.0,32.0,51.0,47.0,42.0,43.0,42.0
2025-12-25T10:34:52.513904,5022.651,1803,Ring,motor_6_open,51.0,34.625,2,30.0,29.0,28.0,30.0,30.0,28.0,30.0,30.0,29.0,32.0,32.0,51.0,47.0,42.0,44.0,42.0
2025-12-25T10:34:53.409858,5023.55,1804,Pinky,motor_7_flexed,51.0,34.625,2,30.0,29.0,28.0,30.0,30.0,28.0,30.0,30.0,29.0,32.0,32.0,51.0,47.0,42.0,44.0,42.0
2025-12-25T10:34:55.313758,5025.452,1804,Pinky,motor_7_open,51.0,34.625,2,30.0,29.0,28.0,30.0,30.0,28.0,30.0,30.0,29.0,32.0,32.0,51.0,47.0,42.0,44.0,42.0
2025-12-25T10:34:56.209710,5026.35,1805,Pinky,motor_8_flexed,51.0,34.625,2,30.0,29.0,28.0,30.0,30.0,28.0,30.0,30.0,29.0,32.0,32.0,51.0,47.0,42.0,44.0,42.0
2025-12-25T10:34:58.097608,5028.237,1805,Pinky,motor_8_open,51.0,34.625,2,30.0,29.0,28.0,30.0,30.0,28.0,30.0,30.0,29.0,32.0,32.0,51.0,47.0,42.0,44.0,42.0
2025-12-25T10:34:58.993561,5029.131,1806,Pinky,motor_9_flexed,51.0,34.5625,2,30.0,29.0,28.0,30.0,30.0,28.0,30.0,30.0,29.0,32.0,32.0,51.0,47.0,42.0,44.0,41.0
2025-12-25T10:35:00.881465,5031.02,1806,Pinky,motor_9_open,51.0,34.625,2,30.0,29.0,28.0,30.0,30.0,28.0,30.0,30.0,29.0,32.0,32.0,51.0,47.0,42.0,44.0,42.0
2025-12-25T10:35:01.777416,5031.915,1807,Thumb,motor_13_flexed,51.0,34.5625,2,30.0,29.0,28.0,30.0,30.0,28.0,30.0,30.0,29.0,32.0,32.0,51.0,47.0,42.0,44.0,41.0
2025-12-25T10:35:03.665316,5033.805,1807,Thumb,motor_13_open,51.0,34.5,2,30.0,29.0,28.0,30.0,30.0,28.0,30.0,30.0,29.0,32.0,32.0,51.0,47.0,42.0,43.0,41.0
2025-12-25T10:35:04.561272,5034.699,1808,Thumb,motor_14_flexed,51.0,34.625,2,30.0,29.0,28.0,30.0,30.0,28.0,30.0,30.0,29.0,32.0,32.0,51.0,47.0,42.0,44.0,42.0
2025-12-25T10:35:06.449170,5036.587,1808,Thumb,motor_14_open,51.0,34.625,2,30.0,29.0,28.0,30.0,30.0,28.0,30.0,30.0,29.0,32.0,32.0,51.0,47.0,42.0,44.0,42.0
2025-12-25T10:35:07.345134,5037.483,1809,Thumb,motor_12_flexed,51.0,34.5625,2,30.0,29.0,28.0,30.0,30.0,28.0,30.0,30.0,29.0,32.0,32.0,51.0,47.0,42.0,43.0,42.0
2025-12-25T10:35:09.233014,5039.371,1809,Thumb,motor_12_open,51.0,34.5,2,30.0,29.0,28.0,30.0,30.0,28.0,30.0,30.0,29.0,31.0,32.0,51.0,47.0,42.0,43.0,42.0
2025-12-25T10:35:10.128983,5040.27,1810,Index,motor_2_flexed,51.0,34.5625,2,30.0,29.0,28.0,30.0,30.0,28.0,30.0,30.0,29.0,32.0,32.0,51.0,47.0,42.0,44.0,41.0
2025-12-25T10:35:12.016885,5042.154,1810,Index,motor_2_open,51.0,34.4375,2,30.0,29.0,28.0,30.0,30.0,28.0,30.0,30.0,29.0,31.0,32.0,51.0,47.0,42.0,43.0,41.0
2025-12-25T10:35:12.912842,5043.051,1811,Index,motor_1_flexed,51.0,34.5,2,30.0,29.0,28.0,30.0,30.0,28.0,30.0,30.0,29.0,31.0,32.0,51.0,47.0,42.0,44.0,41.0
2025-12-25T10:35:14.800714,5044.941,1811,Index,motor_1_open,51.0,34.5,2,30.0,29.0,28.0,30.0,30.0,28.0,30.0,30.0,29.0,32.0,32.0,51.0,47.0,42.0,43.0,41.0
2025-12-25T10:35:15.696680,5045.838,1812,Index,motor_3_flexed,51.0,34.5,2,30.0,29.0,28.0,30.0,30.0,28.0,30.0,30.0,29.0,31.0,32.0,51.0,47.0,42.0,43.0,42.0
2025-12-25T10:35:17.584581,5047.723,1812,Index,motor_3_open,51.0,34.5,2,31.0,29.0,28.0,30.0,30.0,28.0,30.0,30.0,29.0,31.0,32.0,51.0,47.0,42.0,43.0,41.0
2025-12-25T10:35:18.480541,5048.619,1813,Middle,motor_11_flexed,51.0,34.625,2,31.0,29.0,28.0,30.0,30.0,28.0,30.0,30.0,29.0,31.0,32.0,51.0,47.0,42.0,44.0,42.0
2025-12-25T10:35:20.368432,5050.508,1813,Middle,motor_11_open,51.0,34.5625,2,30.0,29.0,28.0,30.0,30.0,28.0,30.0,30.0,29.0,31.0,32.0,51.0,47.0,42.0,44.0,42.0
2025-12-25T10:35:21.264371,5051.405,1814,Middle,motor_10_flexed,51.0,34.5625,2,30.0,29.0,28.0,30.0,30.0,28.0,30.0,30.0,29.0,31.0,32.0,51.0,47.0,42.0,44.0,42.0
2025-12-25T10:35:23.152293,5053.292,1814,Middle,motor_10_open,51.0,34.5,2,30.0,29.0,28.0,30.0,30.0,28.0,30.0,30.0,29.0,31.0,32.0,51.0,47.0,42.0,43.0,42.0
2025-12-25T10:35:24.048238,5054.186,1815,Ring,motor_4_flexed,51.0,34.625,2,30.0,29.0,28.0,30.0,30.0,28.0,30.0,30.0,29.0,32.0,32.0,51.0,47.0,42.0,44.0,42.0
2025-12-25T10:35:25.936150,5056.076,1815,Ring,motor_4_open,51.0,34.625,2,30.0,29.0,28.0,30.0,30.0,28.0,30.0,30.0,29.0,32.0,32.0,51.0,47.0,42.0,44.0,42.0
2025-12-25T10:35:26.832077,5056.972,1816,Ring,motor_5_flexed,51.0,34.5,2,30.0,29.0,28.0,30.0,30.0,28.0,30.0,30.0,29.0,32.0,32.0,51.0,47.0,42.0,43.0,41.0
2025-12-25T10:35:28.719992,5058.862,1816,Ring,motor_5_open,51.0,34.625,2,30.0,29.0,28.0,30.0,30.0,28.0,30.0,30.0,29.0,32.0,32.0,51.0,47.0,42.0,44.0,42.0
2025-12-25T10:35:29.615944,5059.754,1817,Ring,motor_6_flexed,51.0,34.5,2,30.0,29.0,28.0,30.0,30.0,28.0,30.0,30.0,29.0,31.0,32.0,51.0,47.0,42.0,43.0,42.0
2025-12-25T10:35:31.503839,5061.642,1817,Ring,motor_6_open,51.0,34.5,2,30.0,29.0,28.0,30.0,30.0,28.0,30.0,30.0,29.0,32.0,32.0,51.0,47.0,42.0,44.0,40.0
2025-12-25T10:35:32.399791,5062.538,1818,Pinky,motor_7_flexed,51.0,34.5625,2,30.0,29.0,28.0,30.0,30.0,28.0,30.0,30.0,29.0,31.0,32.0,51.0,47.0,42.0,44.0,42.0
2025-12-25T10:35:34.287680,5064.427,1818,Pinky,motor_7_open,51.0,34.5625,2,30.0,29.0,28.0,30.0,30.0,28.0,30.0,30.0,29.0,32.0,32.0,51.0,47.0,42.0,44.0,41.0
2025-12-25T10:35:35.183634,5065.321,1819,Pinky,motor_8_flexed,51.0,34.5,2,30.0,29.0,28.0,30.0,30.0,28.0,30.0,30.0,29.0,32.0,32.0,51.0,47.0,42.0,43.0,41.0
2025-12-25T10:35:37.071544,5067.209,1819,Pinky,motor_8_open,51.0,34.5,2,30.0,29.0,28.0,30.0,30.0,28.0,30.0,30.0,29.0,32.0,32.0,51.0,47.0,42.0,43.0,41.0
2025-12-25T10:35:37.967484,5068.106,1820,Pinky,motor_9_flexed,51.0,34.625,2,30.0,29.0,28.0,30.0,30.0,28.0,30.0,30.0,29.0,32.0,32.0,51.0,47.0,42.0,44.0,42.0
2025-12-25T10:35:39.855384,5069.994,1820,Pinky,motor_9_open,51.0,34.5,2,30.0,29.0,28.0,30.0,30.0,28.0,30.0,30.0,29.0,32.0,32.0,51.0,47.0,42.0,43.0,41.0
2025-12-25T10:35:40.751337,5070.891,1821,Thumb,motor_13_flexed,51.0,34.5,2,30.0,29.0,28.0,30.0,30.0,28.0,30.0,30.0,29.0,32.0,32.0,51.0,47.0,42.0,43.0,41.0
2025-12-25T10:35:42.639236,5072.775,1821,Thumb,motor_13_open,51.0,34.625,2,30.0,29.0,28.0,30.0,30.0,28.0,30.0,30.0,29.0,32.0,32.0,51.0,47.0,42.0,44.0,42.0
2025-12-25T10:35:43.535189,5073.672,1822,Thumb,motor_14_flexed,51.0,34.5625,2,30.0,29.0,28.0,30.0,30.0,28.0,30.0,30.0,29.0,31.0,32.0,51.0,47.0,42.0,44.0,42.0
2025-12-25T10:35:45.423090,5075.559,1822,Thumb,motor_14_open,51.0,34.625,2,30.0,29.0,28.0,30.0,30.0,28.0,30.0,30.0,29.0,32.0,32.0,51.0,47.0,42.0,44.0,42.0
2025-12-25T10:35:46.319056,5076.458,1823,Thumb,motor_12_flexed,51.0,34.625,2,30.0,29.0,28.0,30.0,30.0,28.0,30.0,30.0,29.0,32.0,32.0,51.0,47.0,42.0,44.0,42.0
2025-12-25T10:35:48.206942,5078.344,1823,Thumb,motor_12_open,51.0,34.625,2,30.0,29.0,28.0,30.0,30.0,28.0,30.0,30.0,29.0,32.0,32.0,51.0,47.0,42.0,44.0,42.0
2025-12-25T10:35:49.102894,5079.242,1824,Index,motor_2_flexed,51.0,34.5625,2,30.0,29.0,28.0,30.0,30.0,28.0,30.0,30.0,29.0,31.0,32.0,51.0,47.0,42.0,44.0,42.0
2025-12-25T10:35:50.990793,5081.129,1824,Index,motor_2_open,51.0,34.5625,2,30.0,29.0,28.0,30.0,30.0,28.0,30.0,30.0,29.0,31.0,32.0,51.0,47.0,42.0,44.0,42.0
2025-12-25T10:35:51.886747,5082.027,1825,Index,motor_1_flexed,51.0,34.5625,2,30.0,29.0,28.0,30.0,30.0,28.0,30.0,30.0,29.0,32.0,32.0,51.0,47.0,42.0,44.0,41.0
2025-12-25T10:35:53.774648,5083.911,1825,Index,motor_1_open,51.0,34.5,2,30.0,29.0,28.0,30.0,30.0,28.0,30.0,30.0,29.0,31.0,32.0,51.0,47.0,42.0,44.0,41.0
2025-12-25T10:35:54.670601,5084.806,1826,Index,motor_3_flexed,51.0,34.5625,2,30.0,29.0,28.0,30.0,30.0,28.0,30.0,30.0,29.0,31.0,32.0,51.0,47.0,42.0,44.0,42.0
2025-12-25T10:35:56.558498,5086.696,1826,Index,motor_3_open,51.0,34.5,2,30.0,29.0,28.0,30.0,30.0,28.0,30.0,30.0,29.0,31.0,32.0,51.0,47.0,42.0,43.0,42.0
2025-12-25T10:35:57.454455,5087.593,1827,Middle,motor_11_flexed,51.0,34.5625,2,30.0,29.0,28.0,30.0,30.0,28.0,30.0,30.0,29.0,32.0,32.0,51.0,47.0,42.0,44.0,41.0
2025-12-25T10:35:59.342355,5089.481,1827,Middle,motor_11_open,51.0,34.5625,2,30.0,29.0,28.0,30.0,30.0,28.0,30.0,30.0,29.0,31.0,32.0,51.0,47.0,42.0,44.0,42.0
2025-12-25T10:36:00.238306,5090.376,1828,Middle,motor_10_flexed,51.0,34.5625,2,30.0,29.0,28.0,30.0,30.0,28.0,30.0,30.0,29.0,31.0,32.0,51.0,47.0,42.0,44.0,42.0
2025-12-25T10:36:02.126207,5092.265,1828,Middle,motor_10_open,51.0,34.4375,2,30.0,29.0,28.0,30.0,30.0,28.0,30.0,30.0,29.0,31.0,32.0,51.0,47.0,42.0,43.0,41.0
2025-12-25T10:36:03.022160,5093.159,1829,Ring,motor_4_flexed,51.0,34.5625,2,30.0,29.0,28.0,30.0,30.0,28.0,30.0,30.0,29.0,32.0,32.0,51.0,47.0,42.0,44.0,41.0
2025-12-25T10:36:04.910053,5095.046,1829,Ring,motor_4_open,51.0,34.5625,2,30.0,29.0,28.0,30.0,30.0,28.0,30.0,30.0,29.0,32.0,32.0,51.0,47.0,42.0,43.0,42.0
2025-12-25T10:36:05.806004,5095.941,1830,Ring,motor_5_flexed,51.0,34.625,2,30.0,29.0,28.0,30.0,30.0,28.0,30.0,30.0,29.0,32.0,32.0,51.0,47.0,42.0,44.0,42.0
2025-12-25T10:36:07.693901,5097.83,1830,Ring,motor_5_open,51.0,34.5625,2,30.0,29.0,28.0,30.0,30.0,28.0,30.0,30.0,29.0,32.0,32.0,51.0,47.0,42.0,44.0,41.0
2025-12-25T10:36:08.589856,5098.73,1831,Ring,motor_6_flexed,51.0,34.625,2,30.0,29.0,28.0,30.0,30.0,28.0,30.0,30.0,29.0,32.0,32.0,51.0,47.0,42.0,44.0,42.0
2025-12-25T10:36:10.173773,5100.316,1831,Ring,motor_6_flex_hold,51.0,34.5,2,30.0,29.0,28.0,30.0,30.0,28.0,30.0,30.0,29.0,32.0,32.0,51.0,47.0,42.0,43.0,41.0
2025-12-25T10:36:10.573751,5100.711,1831,Ring,motor_6_open,51.0,34.5,2,30.0,29.0,28.0,30.0,30.0,28.0,30.0,30.0,29.0,32.0,32.0,51.0,47.0,42.0,43.0,41.0
2025-12-25T10:36:11.469715,5101.608,1832,Pinky,motor_7_flexed,51.0,34.5625,2,30.0,29.0,28.0,30.0,30.0,28.0,30.0,30.0,29.0,31.0,32.0,51.0,47.0,42.0,44.0,42.0
2025-12-25T10:36:13.357613,5103.494,1832,Pinky,motor_7_open,51.0,34.5625,2,30.0,29.0,28.0,30.0,30.0,28.0,30.0,30.0,29.0,32.0,32.0,51.0,47.0,42.0,44.0,41.0
2025-12-25T10:36:14.253566,5104.393,1833,Pinky,motor_8_flexed,51.0,34.5,2,30.0,29.0,28.0,30.0,30.0,28.0,30.0,30.0,29.0,32.0,32.0,51.0,47.0,42.0,43.0,41.0
2025-12-25T10:36:16.141473,5106.281,1833,Pinky,motor_8_open,51.0,34.5625,2,30.0,29.0,28.0,30.0,30.0,28.0,30.0,30.0,29.0,31.0,32.0,51.0,47.0,42.0,44.0,42.0
2025-12-25T10:36:17.037418,5107.174,1834,Pinky,motor_9_flexed,51.0,34.5,2,30.0,29.0,28.0,30.0,30.0,28.0,30.0,30.0,29.0,32.0,32.0,51.0,47.0,42.0,43.0,41.0
2025-12-25T10:36:18.925319,5109.066,1834,Pinky,motor_9_open,51.0,34.5625,2,30.0,29.0,28.0,30.0,30.0,28.0,30.0,30.0,29.0,32.0,32.0,51.0,47.0,42.0,43.0,42.0
2025-12-25T10:36:19.821272,5109.959,1835,Thumb,motor_13_flexed,51.0,34.5,2,30.0,29.0,28.0,30.0,30.0,28.0,30.0,30.0,29.0,31.0,32.0,51.0,47.0,42.0,43.0,42.0
2025-12-25T10:36:21.709171,5111.848,1835,Thumb,motor_13_open,51.0,34.625,2,30.0,29.0,28.0,30.0,30.0,28.0,30.0,30.0,29.0,32.0,32.0,51.0,47.0,42.0,44.0,42.0
2025-12-25T10:36:22.605113,5112.746,1836,Thumb,motor_14_flexed,51.0,34.625,2,30.0,29.0,28.0,30.0,30.0,28.0,30.0,30.0,29.0,32.0,32.0,51.0,47.0,42.0,44.0,42.0
2025-12-25T10:36:24.493024,5114.63,1836,Thumb,motor_14_open,51.0,34.625,2,30.0,29.0,28.0,30.0,30.0,28.0,30.0,30.0,29.0,32.0,32.0,51.0,47.0,42.0,44.0,42.0
2025-12-25T10:36:25.388983,5115.527,1837,Thumb,motor_12_flexed,51.0,34.5,2,30.0,29.0,28.0,30.0,30.0,28.0,30.0,30.0,29.0,32.0,32.0,51.0,47.0,42.0,43.0,41.0
2025-12-25T10:36:27.276862,5117.414,1837,Thumb,motor_12_open,51.0,34.4375,2,30.0,29.0,28.0,30.0,30.0,28.0,30.0,30.0,29.0,31.0,32.0,51.0,47.0,42.0,43.0,41.0
2025-12-25T10:36:28.172816,5118.306,1838,Index,motor_2_flexed,51.0,34.625,2,30.0,29.0,28.0,30.0,30.0,28.0,30.0,30.0,29.0,32.0,32.0,51.0,47.0,42.0,44.0,42.0
2025-12-25T10:36:30.060726,5120.198,1838,Index,motor_2_open,51.0,34.625,2,30.0,29.0,28.0,30.0,30.0,28.0,30.0,30.0,29.0,32.0,32.0,51.0,47.0,42.0,44.0,42.0
2025-12-25T10:36:30.956671,5121.093,1839,Index,motor_1_flexed,51.0,34.5,2,30.0,29.0,28.0,30.0,30.0,28.0,30.0,30.0,29.0,32.0,32.0,51.0,47.0,42.0,43.0,41.0
2025-12-25T10:36:32.860570,5122.999,1839,Index,motor_1_open,51.0,34.5,2,30.0,29.0,28.0,30.0,30.0,28.0,30.0,30.0,29.0,31.0,32.0,51.0,47.0,42.0,44.0,41.0
2025-12-25T10:36:33.756534,5123.895,1840,Index,motor_3_flexed,51.0,34.5,2,30.0,29.0,28.0,30.0,30.0,28.0,30.0,30.0,29.0,31.0,32.0,51.0,47.0,42.0,43.0,42.0
2025-12-25T10:36:35.644426,5125.783,1840,Index,motor_3_open,51.0,34.5625,2,30.0,29.0,28.0,30.0,30.0,28.0,30.0,30.0,29.0,31.0,32.0,51.0,47.0,42.0,44.0,42.0
2025-12-25T10:36:36.540387,5126.68,1841,Middle,motor_11_flexed,51.0,34.5625,2,30.0,29.0,28.0,30.0,30.0,28.0,30.0,30.0,29.0,31.0,32.0,51.0,47.0,42.0,44.0,42.0
2025-12-25T10:36:38.428286,5128.568,1841,Middle,motor_11_open,51.0,34.5,2,30.0,29.0,28.0,30.0,30.0,28.0,30.0,30.0,29.0,31.0,32.0,51.0,47.0,42.0,43.0,42.0
2025-12-25T10:36:39.324252,5129.466,1842,Middle,motor_10_flexed,51.0,34.5625,2,30.0,29.0,28.0,30.0,30.0,28.0,30.0,30.0,29.0,31.0,32.0,51.0,47.0,42.0,44.0,42.0
2025-12-25T10:36:41.212138,5131.351,1842,Middle,motor_10_open,51.0,34.5625,2,30.0,29.0,28.0,30.0,30.0,28.0,30.0,30.0,29.0,32.0,32.0,51.0,47.0,42.0,43.0,42.0
2025-12-25T10:36:42.108093,5132.248,1843,Ring,motor_4_flexed,51.0,34.5625,2,30.0,29.0,28.0,30.0,30.0,28.0,30.0,30.0,29.0,31.0,32.0,51.0,47.0,42.0,44.0,42.0
2025-12-25T10:36:43.996009,5134.133,1843,Ring,motor_4_open,51.0,34.5625,2,30.0,29.0,28.0,30.0,30.0,28.0,30.0,30.0,29.0,32.0,32.0,51.0,47.0,42.0,44.0,41.0
2025-12-25T10:36:44.891944,5135.033,1844,Ring,motor_5_flexed,51.0,34.625,2,30.0,29.0,28.0,30.0,30.0,28.0,30.0,30.0,29.0,32.0,32.0,51.0,47.0,42.0,44.0,42.0
2025-12-25T10:36:46.779830,5136.92,1844,Ring,motor_5_open,51.0,34.5625,2,30.0,29.0,28.0,30.0,30.0,28.0,30.0,30.0,29.0,32.0,32.0,51.0,47.0,42.0,43.0,42.0
2025-12-25T10:36:47.675791,5137.813,1845,Ring,motor_6_flexed,51.0,34.4375,2,30.0,29.0,28.0,30.0,30.0,28.0,30.0,30.0,29.0,32.0,32.0,51.0,47.0,42.0,43.0,40.0
2025-12-25T10:36:49.563683,5139.695,1845,Ring,motor_6_open,51.0,34.5625,2,30.0,29.0,28.0,30.0,30.0,28.0,30.0,30.0,29.0,31.0,32.0,51.0,47.0,42.0,44.0,42.0
2025-12-25T10:36:50.459636,5140.592,1846,Pinky,motor_7_flexed,51.0,34.625,2,30.0,29.0,28.0,30.0,30.0,28.0,30.0,30.0,29.0,32.0,32.0,51.0,47.0,42.0,44.0,42.0
2025-12-25T10:36:52.347536,5142.479,1846,Pinky,motor_7_open,51.0,34.5625,2,30.0,29.0,28.0,30.0,30.0,28.0,30.0,30.0,29.0,31.0,32.0,51.0,47.0,42.0,44.0,42.0
2025-12-25T10:36:53.243505,5143.375,1847,Pinky,motor_8_flexed,51.0,34.6875,2,30.0,29.0,28.0,30.0,30.0,28.0,30.0,30.0,29.0,32.0,32.0,51.0,47.0,42.0,44.0,43.0
2025-12-25T10:36:55.131391,5145.268,1847,Pinky,motor_8_open,51.0,34.5625,2,30.0,29.0,28.0,30.0,30.0,28.0,30.0,30.0,29.0,32.0,32.0,51.0,47.0,42.0,44.0,41.0
2025-12-25T10:36:56.027346,5146.163,1848,Pinky,motor_9_flexed,51.0,34.5625,2,30.0,29.0,28.0,30.0,30.0,28.0,30.0,30.0,29.0,32.0,32.0,51.0,47.0,42.0,43.0,42.0
2025-12-25T10:36:57.915242,5148.047,1848,Pinky,motor_9_open,51.0,34.5,2,30.0,29.0,28.0,30.0,30.0,28.0,30.0,30.0,29.0,32.0,32.0,51.0,47.0,42.0,43.0,41.0
2025-12-25T10:36:58.811197,5148.944,1849,Thumb,motor_13_flexed,51.0,34.625,2,30.0,29.0,28.0,30.0,30.0,28.0,30.0,30.0,29.0,32.0,32.0,51.0,47.0,42.0,44.0,42.0
2025-12-25T10:37:00.699096,5150.837,1849,Thumb,motor_13_open,51.0,34.5,2,30.0,29.0,28.0,30.0,30.0,28.0,30.0,30.0,29.0,32.0,32.0,51.0,47.0,42.0,42.0,42.0
2025-12-25T10:37:01.595048,5151.731,1850,Thumb,motor_14_flexed,51.0,34.5625,2,30.0,29.0,28.0,30.0,30.0,28.0,30.0,30.0,29.0,31.0,32.0,51.0,47.0,42.0,44.0,42.0
2025-12-25T10:37:03.482959,5153.615,1850,Thumb,motor_14_open,51.0,34.625,2,30.0,29.0,28.0,30.0,30.0,28.0,30.0,30.0,29.0,32.0,32.0,51.0,47.0,42.0,44.0,42.0
2025-12-25T10:37:04.378914,5154.518,1851,Thumb,motor_12_flexed,51.0,34.5,2,30.0,29.0,28.0,30.0,30.0,28.0,30.0,30.0,29.0,31.0,32.0,51.0,47.0,42.0,44.0,41.0
2025-12-25T10:37:06.266811,5156.405,1851,Thumb,motor_12_open,51.0,34.5625,2,30.0,29.0,28.0,30.0,30.0,28.0,30.0,30.0,29.0,32.0,32.0,51.0,47.0,42.0,44.0,41.0
2025-12-25T10:37:07.162757,5157.3,1852,Index,motor_2_flexed,51.0,34.625,2,30.0,29.0,28.0,30.0,30.0,28.0,30.0,30.0,29.0,32.0,32.0,51.0,47.0,42.0,44.0,42.0
2025-12-25T10:37:09.050668,5159.19,1852,Index,motor_2_open,51.0,34.5625,2,30.0,29.0,28.0,30.0,30.0,28.0,30.0,30.0,29.0,31.0,32.0,51.0,47.0,42.0,44.0,42.0
2025-12-25T10:37:09.946621,5160.084,1853,Index,motor_1_flexed,51.0,34.625,2,30.0,29.0,28.0,30.0,30.0,28.0,30.0,30.0,29.0,32.0,32.0,51.0,47.0,42.0,44.0,42.0
2025-12-25T10:37:11.834517,5161.969,1853,Index,motor_1_open,51.0,34.625,2,30.0,29.0,28.0,30.0,30.0,28.0,30.0,30.0,29.0,32.0,32.0,51.0,47.0,42.0,44.0,42.0
2025-12-25T10:37:12.730459,5162.87,1854,Index,motor_3_flexed,51.0,34.5625,2,30.0,29.0,28.0,30.0,30.0,28.0,30.0,30.0,29.0,32.0,32.0,51.0,47.0,42.0,44.0,41.0
2025-12-25T10:37:14.618357,5164.749,1854,Index,motor_3_open,51.0,34.5625,2,30.0,29.0,28.0,30.0,30.0,28.0,30.0,30.0,29.0,31.0,32.0,51.0,47.0,42.0,44.0,42.0
2025-12-25T10:37:15.514310,5165.645,1855,Middle,motor_11_flexed,51.0,34.5,2,30.0,29.0,28.0,30.0,30.0,28.0,30.0,30.0,29.0,31.0,32.0,51.0,47.0,42.0,43.0,42.0
2025-12-25T10:37:17.402210,5167.538,1855,Middle,motor_11_open,51.0,34.5,2,30.0,29.0,28.0,30.0,30.0,28.0,30.0,30.0,29.0,31.0,32.0,51.0,47.0,42.0,43.0,42.0
2025-12-25T10:37:18.298161,5168.429,1856,Middle,motor_10_flexed,51.0,34.5625,2,31.0,29.0,28.0,30.0,30.0,28.0,30.0,30.0,29.0,31.0,32.0,51.0,47.0,42.0,44.0,41.0
2025-12-25T10:37:20.186076,5170.322,1856,Middle,motor_10_open,51.0,34.5625,2,30.0,29.0,28.0,30.0,30.0,28.0,30.0,30.0,29.0,31.0,32.0,51.0,47.0,42.0,44.0,42.0
2025-12-25T10:37:21.082029,5171.221,1857,Ring,motor_4_flexed,51.0,34.625,2,30.0,29.0,28.0,30.0,30.0,28.0,30.0,30.0,29.0,32.0,32.0,51.0,47.0,42.0,44.0,42.0
2025-12-25T10:37:22.969929,5173.108,1857,Ring,motor_4_open,51.0,34.625,2,30.0,29.0,28.0,30.0,30.0,28.0,30.0,30.0,29.0,32.0,32.0,51.0,47.0,42.0,44.0,42.0
2025-12-25T10:37:23.865881,5174.0,1858,Ring,motor_5_flexed,51.0,34.625,2,30.0,29.0,28.0,30.0,30.0,28.0,30.0,30.0,29.0,32.0,32.0,51.0,47.0,42.0,44.0,42.0
2025-12-25T10:37:25.753781,5175.892,1858,Ring,motor_5_open,51.0,34.5625,2,30.0,29.0,28.0,30.0,30.0,28.0,30.0,30.0,29.0,32.0,32.0,51.0,47.0,42.0,43.0,42.0
2025-12-25T10:37:26.649726,5176.789,1859,Ring,motor_6_flexed,51.0,34.5625,2,30.0,29.0,28.0,30.0,30.0,28.0,30.0,30.0,29.0,32.0,32.0,51.0,47.0,42.0,43.0,42.0
2025-12-25T10:37:28.537635,5178.675,1859,Ring,motor_6_open,51.0,34.5625,2,30.0,29.0,28.0,30.0,30.0,28.0,30.0,30.0,29.0,32.0,32.0,51.0,47.0,42.0,44.0,41.0
2025-12-25T10:37:29.433586,5179.573,1860,Pinky,motor_7_flexed,51.0,34.5625,2,30.0,29.0,28.0,30.0,30.0,28.0,30.0,30.0,29.0,32.0,32.0,51.0,47.0,42.0,44.0,41.0
2025-12-25T10:37:31.321487,5181.46,1860,Pinky,motor_7_open,51.0,34.625,2,30.0,29.0,28.0,30.0,30.0,28.0,30.0,30.0,29.0,32.0,32.0,51.0,47.0,42.0,44.0,42.0
2025-12-25T10:37:32.217439,5182.356,1861,Pinky,motor_8_flexed,51.0,34.5625,2,30.0,29.0,28.0,30.0,30.0,28.0,30.0,30.0,29.0,31.0,32.0,51.0,47.0,42.0,44.0,42.0
2025-12-25T10:37:34.105332,5184.242,1861,Pinky,motor_8_open,51.0,34.5625,2,30.0,29.0,28.0,30.0,30.0,28.0,30.0,30.0,29.0,31.0,32.0,51.0,47.0,42.0,44.0,42.0
2025-12-25T10:37:35.001292,5185.137,1862,Pinky,motor_9_flexed,51.0,34.625,2,30.0,29.0,28.0,30.0,30.0,28.0,30.0,30.0,29.0,32.0,32.0,51.0,47.0,42.0,44.0,42.0
2025-12-25T10:37:36.889240,5187.027,1862,Pinky,motor_9_open,51.0,34.5625,2,30.0,29.0,28.0,30.0,30.0,28.0,30.0,30.0,29.0,31.0,32.0,51.0,47.0,42.0,44.0,42.0
2025-12-25T10:37:37.785154,5187.925,1863,Thumb,motor_13_flexed,51.0,34.625,2,30.0,29.0,28.0,30.0,30.0,28.0,30.0,30.0,29.0,32.0,32.0,51.0,47.0,42.0,44.0,42.0
2025-12-25T10:37:39.689051,5189.828,1863,Thumb,motor_13_open,51.0,34.625,2,30.0,29.0,28.0,30.0,30.0,28.0,30.0,30.0,29.0,32.0,32.0,51.0,47.0,42.0,44.0,42.0
2025-12-25T10:37:40.585031,5190.725,1864,Thumb,motor_14_flexed,51.0,34.4375,2,30.0,29.0,28.0,30.0,30.0,28.0,30.0,30.0,29.0,31.0,32.0,51.0,47.0,42.0,43.0,41.0
2025-12-25T10:37:42.488935,5192.627,1864,Thumb,motor_14_open,51.0,34.6875,2,30.0,29.0,28.0,30.0,30.0,28.0,30.0,30.0,29.0,32.0,32.0,51.0,47.0,42.0,44.0,43.0
2025-12-25T10:37:43.384880,5193.524,1865,Thumb,motor_12_flexed,51.0,34.5625,2,30.0,29.0,28.0,30.0,30.0,28.0,30.0,30.0,29.0,32.0,32.0,51.0,47.0,42.0,43.0,42.0
2025-12-25T10:37:45.272786,5195.413,1865,Thumb,motor_12_open,51.0,34.5625,2,30.0,29.0,28.0,30.0,30.0,28.0,30.0,30.0,29.0,31.0,32.0,51.0,47.0,42.0,44.0,42.0
2025-12-25T10:37:46.168749,5196.307,1866,Index,motor_2_flexed,51.0,34.5625,2,30.0,29.0,28.0,30.0,30.0,28.0,30.0,30.0,29.0,31.0,32.0,51.0,47.0,42.0,44.0,42.0
2025-12-25T10:37:48.056634,5198.192,1866,Index,motor_2_open,51.0,34.5625,2,30.0,29.0,28.0,30.0,30.0,28.0,30.0,30.0,29.0,31.0,32.0,51.0,47.0,42.0,44.0,42.0
2025-12-25T10:37:48.952568,5199.091,1867,Index,motor_1_flexed,51.0,34.5625,2,30.0,29.0,28.0,30.0,30.0,28.0,30.0,30.0,29.0,32.0,32.0,51.0,47.0,42.0,43.0,42.0
2025-12-25T10:37:50.840499,5200.98,1867,Index,motor_1_open,51.0,34.625,2,30.0,29.0,28.0,30.0,30.0,28.0,30.0,30.0,29.0,32.0,32.0,51.0,47.0,42.0,44.0,42.0
2025-12-25T10:37:51.736414,5201.878,1868,Index,motor_3_flexed,51.0,34.5625,2,30.0,29.0,28.0,30.0,30.0,28.0,30.0,30.0,29.0,32.0,32.0,51.0,47.0,42.0,44.0,41.0
2025-12-25T10:37:53.624340,5203.766,1868,Index,motor_3_open,51.0,34.6875,2,31.0,29.0,28.0,30.0,30.0,28.0,30.0,30.0,29.0,32.0,32.0,51.0,47.0,42.0,44.0,42.0
2025-12-25T10:37:54.520292,5204.658,1869,Middle,motor_11_flexed,51.0,34.5625,2,30.0,29.0,28.0,30.0,30.0,28.0,30.0,30.0,29.0,32.0,32.0,51.0,47.0,42.0,43.0,42.0
2025-12-25T10:37:56.408188,5206.548,1869,Middle,motor_11_open,51.0,34.625,2,30.0,29.0,28.0,30.0,30.0,28.0,30.0,30.0,29.0,32.0,32.0,51.0,47.0,42.0,44.0,42.0
2025-12-25T10:37:57.304117,5207.444,1870,Middle,motor_10_flexed,51.0,34.5625,2,30.0,29.0,28.0,30.0,30.0,28.0,30.0,30.0,29.0,31.0,32.0,51.0,47.0,42.0,44.0,42.0
2025-12-25T10:37:59.192013,5209.332,1870,Middle,motor_10_open,51.0,34.5625,2,30.0,29.0,28.0,30.0,30.0,28.0,30.0,30.0,29.0,32.0,32.0,51.0,47.0,42.0,43.0,42.0
2025-12-25T10:38:00.087976,5210.223,1871,Ring,motor_4_flexed,51.0,34.625,2,30.0,29.0,28.0,30.0,30.0,28.0,30.0,30.0,29.0,32.0,32.0,51.0,47.0,42.0,44.0,42.0
2025-12-25T10:38:01.975880,5212.114,1871,Ring,motor_4_open,51.0,34.5625,2,30.0,29.0,28.0,30.0,30.0,28.0,30.0,30.0,29.0,32.0,32.0,51.0,47.0,42.0,43.0,42.0
2025-12-25T10:38:02.871834,5213.011,1872,Ring,motor_5_flexed,51.0,34.5625,2,30.0,29.0,28.0,30.0,30.0,28.0,30.0,30.0,29.0,32.0,32.0,51.0,47.0,42.0,44.0,41.0
2025-12-25T10:38:04.759750,5214.898,1872,Ring,motor_5_open,51.0,34.5625,2,30.0,29.0,28.0,30.0,30.0,28.0,30.0,30.0,29.0,32.0,32.0,51.0,47.0,42.0,44.0,41.0
2025-12-25T10:38:05.655674,5215.792,1873,Ring,motor_6_flexed,51.0,34.5625,2,30.0,29.0,28.0,30.0,30.0,28.0,30.0,30.0,29.0,32.0,32.0,51.0,47.0,42.0,44.0,41.0
2025-12-25T10:38:07.543572,5217.675,1873,Ring,motor_6_open,51.0,34.625,2,30.0,29.0,28.0,30.0,30.0,28.0,30.0,30.0,29.0,32.0,32.0,51.0,47.0,42.0,44.0,42.0
2025-12-25T10:38:08.439539,5218.577,1874,Pinky,motor_7_flexed,51.0,34.5625,2,30.0,29.0,28.0,30.0,30.0,28.0,30.0,30.0,29.0,32.0,32.0,51.0,47.0,42.0,44.0,41.0
2025-12-25T10:38:10.023439,5220.165,1874,Pinky,motor_7_flex_hold,51.0,34.625,2,30.0,29.0,28.0,30.0,30.0,28.0,30.0,30.0,29.0,32.0,32.0,51.0,47.0,42.0,44.0,42.0
2025-12-25T10:38:10.423415,5220.565,1874,Pinky,motor_7_open,51.0,34.625,2,30.0,29.0,28.0,30.0,30.0,28.0,30.0,30.0,29.0,32.0,32.0,51.0,47.0,42.0,44.0,42.0
2025-12-25T10:38:11.319368,5221.457,1875,Pinky,motor_8_flexed,51.0,34.625,2,30.0,29.0,28.0,30.0,30.0,28.0,30.0,30.0,29.0,32.0,32.0,51.0,47.0,42.0,44.0,42.0
2025-12-25T10:38:13.207268,5223.345,1875,Pinky,motor_8_open,51.0,34.5625,2,30.0,29.0,28.0,30.0,30.0,28.0,30.0,30.0,29.0,32.0,32.0,51.0,47.0,42.0,44.0,41.0
2025-12-25T10:38:14.103220,5224.239,1876,Pinky,motor_9_flexed,51.0,34.625,2,30.0,29.0,28.0,30.0,30.0,28.0,30.0,30.0,29.0,32.0,32.0,51.0,47.0,42.0,44.0,42.0
2025-12-25T10:38:15.991131,5226.13,1876,Pinky,motor_9_open,51.0,34.5625,2,30.0,29.0,28.0,30.0,30.0,28.0,30.0,30.0,29.0,32.0,32.0,51.0,47.0,42.0,44.0,41.0
2025-12-25T10:38:16.887073,5227.025,1877,Thumb,motor_13_flexed,51.0,34.5625,2,30.0,29.0,28.0,30.0,30.0,28.0,30.0,30.0,29.0,32.0,32.0,51.0,47.0,42.0,44.0,41.0
2025-12-25T10:38:18.774974,5228.912,1877,Thumb,motor_13_open,51.0,34.5625,2,30.0,29.0,28.0,30.0,30.0,28.0,30.0,30.0,29.0,32.0,32.0,51.0,47.0,42.0,44.0,41.0
2025-12-25T10:38:19.670925,5229.808,1878,Thumb,motor_14_flexed,51.0,34.625,2,30.0,29.0,28.0,30.0,30.0,28.0,30.0,30.0,29.0,32.0,32.0,51.0,47.0,42.0,44.0,42.0
2025-12-25T10:38:21.558826,5231.695,1878,Thumb,motor_14_open,51.0,34.625,2,30.0,29.0,28.0,30.0,30.0,28.0,30.0,30.0,29.0,32.0,32.0,51.0,47.0,42.0,44.0,42.0
2025-12-25T10:38:22.454778,5232.594,1879,Thumb,motor_12_flexed,51.0,34.625,2,30.0,29.0,28.0,30.0,30.0,28.0,30.0,30.0,29.0,32.0,32.0,51.0,47.0,42.0,44.0,42.0
2025-12-25T10:38:24.342678,5234.475,1879,Thumb,motor_12_open,51.0,34.5625,2,30.0,29.0,28.0,30.0,30.0,28.0,30.0,30.0,29.0,32.0,32.0,51.0,47.0,42.0,44.0,41.0
2025-12-25T10:38:25.238631,5235.375,1880,Index,motor_2_flexed,51.0,34.5625,2,30.0,29.0,28.0,30.0,30.0,28.0,30.0,30.0,29.0,32.0,32.0,51.0,47.0,42.0,44.0,41.0
2025-12-25T10:38:27.126531,5237.264,1880,Index,motor_2_open,51.0,34.625,2,30.0,29.0,28.0,30.0,30.0,28.0,30.0,30.0,29.0,32.0,32.0,51.0,47.0,42.0,44.0,42.0
2025-12-25T10:38:28.022483,5238.16,1881,Index,motor_1_flexed,51.0,34.5625,2,30.0,29.0,28.0,30.0,30.0,28.0,30.0,30.0,29.0,31.0,32.0,51.0,47.0,42.0,44.0,42.0
2025-12-25T10:38:29.910378,5240.048,1881,Index,motor_1_open,51.0,34.625,2,30.0,29.0,28.0,30.0,30.0,28.0,30.0,30.0,29.0,32.0,32.0,51.0,47.0,42.0,44.0,42.0
2025-12-25T10:38:30.806327,5240.943,1882,Index,motor_3_flexed,51.0,34.5625,2,30.0,29.0,28.0,30.0,30.0,28.0,30.0,30.0,29.0,31.0,32.0,51.0,47.0,42.0,44.0,42.0
2025-12-25T10:38:32.694238,5242.832,1882,Index,motor_3_open,51.0,34.5,2,30.0,29.0,28.0,30.0,30.0,28.0,30.0,30.0,29.0,31.0,32.0,51.0,47.0,42.0,43.0,42.0
2025-12-25T10:38:33.590186,5243.729,1883,Middle,motor_11_flexed,51.0,34.4375,2,30.0,29.0,28.0,30.0,30.0,28.0,30.0,30.0,29.0,31.0,32.0,51.0,47.0,42.0,44.0,40.0
2025-12-25T10:38:35.478088,5245.616,1883,Middle,motor_11_open,51.0,34.5,2,30.0,29.0,28.0,30.0,30.0,28.0,30.0,30.0,29.0,31.0,32.0,51.0,47.0,42.0,44.0,41.0
2025-12-25T10:38:36.374039,5246.511,1884,Middle,motor_10_flexed,51.0,34.5625,2,30.0,29.0,28.0,30.0,30.0,28.0,30.0,30.0,29.0,31.0,32.0,51.0,47.0,42.0,44.0,42.0
2025-12-25T10:38:38.261942,5248.399,1884,Middle,motor_10_open,51.0,34.5625,2,30.0,29.0,28.0,30.0,30.0,28.0,30.0,30.0,29.0,32.0,32.0,51.0,47.0,42.0,43.0,42.0
2025-12-25T10:38:39.157892,5249.296,1885,Ring,motor_4_flexed,51.0,34.5625,2,30.0,29.0,28.0,30.0,30.0,28.0,30.0,30.0,29.0,32.0,32.0,51.0,47.0,42.0,44.0,41.0
2025-12-25T10:38:41.045781,5251.184,1885,Ring,motor_4_open,51.0,34.625,2,30.0,29.0,28.0,30.0,30.0,28.0,30.0,30.0,29.0,32.0,32.0,51.0,47.0,42.0,44.0,42.0
2025-12-25T10:38:41.941736,5252.079,1886,Ring,motor_5_flexed,51.0,34.625,2,30.0,29.0,28.0,30.0,30.0,28.0,30.0,30.0,29.0,32.0,32.0,51.0,47.0,42.0,44.0,42.0
2025-12-25T10:38:43.829644,5253.967,1886,Ring,motor_5_open,51.0,34.5625,2,30.0,29.0,28.0,30.0,30.0,28.0,30.0,30.0,29.0,32.0,32.0,51.0,47.0,42.0,44.0,41.0
2025-12-25T10:38:44.725589,5254.863,1887,Ring,motor_6_flexed,51.0,34.5625,2,30.0,29.0,28.0,30.0,30.0,28.0,30.0,30.0,29.0,32.0,32.0,51.0,47.0,42.0,44.0,41.0
2025-12-25T10:38:46.613490,5256.751,1887,Ring,motor_6_open,51.0,34.625,2,30.0,29.0,28.0,30.0,30.0,28.0,30.0,30.0,29.0,32.0,32.0,51.0,47.0,42.0,44.0,42.0
2025-12-25T10:38:47.509441,5257.647,1888,Pinky,motor_7_flexed,51.0,34.5625,2,30.0,29.0,28.0,30.0,30.0,28.0,30.0,30.0,29.0,31.0,32.0,51.0,47.0,42.0,44.0,42.0
2025-12-25T10:38:49.397340,5259.534,1888,Pinky,motor_7_open,51.0,34.625,2,30.0,29.0,28.0,30.0,30.0,28.0,30.0,30.0,29.0,32.0,32.0,51.0,47.0,42.0,44.0,42.0
2025-12-25T10:38:50.293306,5260.432,1889,Pinky,motor_8_flexed,51.0,34.625,2,30.0,29.0,28.0,30.0,30.0,28.0,30.0,30.0,29.0,32.0,32.0,51.0,47.0,42.0,44.0,42.0
2025-12-25T10:38:52.181204,5262.32,1889,Pinky,motor_8_open,51.0,34.5625,2,30.0,29.0,28.0,30.0,30.0,28.0,30.0,30.0,29.0,32.0,32.0,51.0,47.0,42.0,43.0,42.0
2025-12-25T10:38:53.077165,5263.216,1890,Pinky,motor_9_flexed,51.0,34.5625,2,30.0,29.0,28.0,30.0,30.0,28.0,30.0,30.0,29.0,32.0,32.0,51.0,47.0,42.0,44.0,41.0
2025-12-25T10:38:54.965064,5265.104,1890,Pinky,motor_9_open,51.0,34.6875,2,30.0,29.0,28.0,30.0,30.0,28.0,30.0,30.0,29.0,32.0,32.0,51.0,47.0,42.0,44.0,43.0
2025-12-25T10:38:55.861010,5266.0,1891,Thumb,motor_13_flexed,51.0,34.5625,2,30.0,29.0,28.0,30.0,30.0,28.0,30.0,30.0,29.0,31.0,32.0,51.0,47.0,42.0,44.0,42.0
2025-12-25T10:38:57.748921,5267.889,1891,Thumb,motor_13_open,51.0,34.625,2,30.0,29.0,28.0,30.0,30.0,28.0,30.0,30.0,29.0,32.0,32.0,51.0,47.0,42.0,44.0,42.0
2025-12-25T10:38:58.644864,5268.782,1892,Thumb,motor_14_flexed,51.0,34.625,2,30.0,29.0,28.0,30.0,30.0,28.0,30.0,30.0,29.0,32.0,32.0,51.0,47.0,42.0,44.0,42.0
2025-12-25T10:39:00.532761,5270.67,1892,Thumb,motor_14_open,51.0,34.625,2,30.0,29.0,28.0,30.0,30.0,28.0,30.0,30.0,29.0,32.0,32.0,51.0,47.0,42.0,44.0,42.0
2025-12-25T10:39:01.428732,5271.566,1893,Thumb,motor_12_flexed,51.0,34.625,2,30.0,29.0,28.0,30.0,30.0,28.0,30.0,30.0,29.0,32.0,32.0,51.0,47.0,42.0,44.0,42.0
2025-12-25T10:39:03.316634,5273.452,1893,Thumb,motor_12_open,51.0,34.5625,2,30.0,29.0,28.0,30.0,30.0,28.0,30.0,30.0,29.0,31.0,32.0,51.0,47.0,42.0,44.0,42.0
2025-12-25T10:39:04.212586,5274.349,1894,Index,motor_2_flexed,51.0,34.5,2,30.0,29.0,28.0,30.0,30.0,28.0,30.0,30.0,29.0,31.0,32.0,51.0,47.0,42.0,44.0,41.0
2025-12-25T10:39:06.100479,5276.237,1894,Index,motor_2_open,51.0,34.625,2,30.0,29.0,28.0,30.0,30.0,28.0,30.0,30.0,29.0,32.0,32.0,51.0,47.0,42.0,44.0,42.0
2025-12-25T10:39:06.996451,5277.128,1895,Index,motor_1_flexed,51.0,34.625,2,30.0,29.0,28.0,30.0,30.0,28.0,30.0,30.0,29.0,32.0,32.0,51.0,47.0,42.0,44.0,42.0
2025-12-25T10:39:08.884339,5279.024,1895,Index,motor_1_open,51.0,34.5,2,30.0,29.0,28.0,30.0,30.0,28.0,30.0,30.0,29.0,32.0,32.0,51.0,47.0,42.0,43.0,41.0
2025-12-25T10:39:09.780284,5279.917,1896,Index,motor_3_flexed,51.0,34.4375,2,30.0,29.0,28.0,30.0,30.0,28.0,30.0,30.0,29.0,31.0,32.0,51.0,47.0,42.0,43.0,41.0
2025-12-25T10:39:10.868233,5281.007,1896,Index,motor_3_flex_hold,51.0,34.625,2,30.0,29.0,28.0,30.0,30.0,28.0,30.0,30.0,29.0,32.0,32.0,51.0,47.0,42.0,44.0,42.0
2025-12-25T10:39:11.668208,5281.806,1896,Index,motor_3_open,51.0,34.5625,2,30.0,29.0,28.0,30.0,30.0,28.0,30.0,30.0,29.0,32.0,32.0,51.0,47.0,42.0,43.0,42.0
2025-12-25T10:39:12.564143,5282.701,1897,Middle,motor_11_flexed,51.0,34.5,2,30.0,29.0,28.0,30.0,30.0,28.0,30.0,30.0,29.0,31.0,32.0,51.0,47.0,42.0,44.0,41.0
2025-12-25T10:39:14.452044,5284.588,1897,Middle,motor_11_open,51.0,34.5,2,30.0,29.0,28.0,30.0,30.0,28.0,30.0,30.0,29.0,32.0,32.0,51.0,47.0,42.0,43.0,41.0
2025-12-25T10:39:15.347995,5285.487,1898,Middle,motor_10_flexed,51.0,34.625,2,30.0,29.0,28.0,30.0,30.0,28.0,30.0,30.0,29.0,32.0,32.0,51.0,47.0,42.0,44.0,42.0
2025-12-25T10:39:17.235896,5287.373,1898,Middle,motor_10_open,51.0,34.5625,2,30.0,29.0,28.0,30.0,30.0,28.0,30.0,30.0,29.0,32.0,32.0,51.0,47.0,42.0,44.0,41.0
2025-12-25T10:39:18.131841,5288.27,1899,Ring,motor_4_flexed,51.0,34.625,2,30.0,29.0,28.0,30.0,30.0,28.0,30.0,30.0,29.0,32.0,32.0,51.0,47.0,42.0,44.0,42.0
2025-12-25T10:39:20.019750,5290.157,1899,Ring,motor_4_open,51.0,34.625,2,30.0,29.0,28.0,30.0,30.0,28.0,30.0,30.0,29.0,32.0,32.0,51.0,47.0,42.0,44.0,42.0
2025-12-25T10:39:20.915716,5291.053,1900,Ring,motor_5_flexed,51.0,34.5625,2,30.0,29.0,28.0,30.0,30.0,28.0,30.0,30.0,29.0,32.0,32.0,51.0,47.0,42.0,43.0,42.0
2025-12-25T10:39:22.803582,5292.941,1900,Ring,motor_5_open,51.0,34.5625,2,30.0,29.0,28.0,30.0,30.0,28.0,30.0,30.0,29.0,32.0,32.0,51.0,47.0,42.0,43.0,42.0
2025-12-25T10:39:23.699534,5293.837,1901,Ring,motor_6_flexed,51.0,34.5625,2,30.0,29.0,28.0,30.0,30.0,28.0,30.0,30.0,29.0,32.0,32.0,51.0,47.0,42.0,44.0,41.0
2025-12-25T10:39:25.587433,5295.723,1901,Ring,motor_6_open,51.0,34.625,2,30.0,29.0,28.0,30.0,30.0,28.0,30.0,30.0,29.0,32.0,32.0,51.0,47.0,42.0,44.0,42.0
2025-12-25T10:39:26.483386,5296.62,1902,Pinky,motor_7_flexed,51.0,34.5625,2,30.0,29.0,28.0,30.0,30.0,28.0,30.0,30.0,29.0,32.0,32.0,51.0,47.0,42.0,43.0,42.0
2025-12-25T10:39:28.371290,5298.511,1902,Pinky,motor_7_open,51.0,34.625,2,30.0,29.0,28.0,30.0,30.0,28.0,30.0,30.0,29.0,32.0,32.0,51.0,47.0,42.0,43.0,43.0
2025-12-25T10:39:29.267230,5299.406,1903,Pinky,motor_8_flexed,51.0,34.625,2,30.0,29.0,28.0,30.0,30.0,28.0,30.0,30.0,29.0,32.0,32.0,51.0,47.0,42.0,44.0,42.0
2025-12-25T10:39:31.155137,5301.286,1903,Pinky,motor_8_open,51.0,34.4375,2,30.0,29.0,28.0,30.0,30.0,28.0,30.0,30.0,29.0,31.0,32.0,51.0,47.0,42.0,44.0,40.0
2025-12-25T10:39:32.051090,5302.186,1904,Pinky,motor_9_flexed,51.0,34.5,2,30.0,29.0,28.0,30.0,30.0,28.0,30.0,30.0,29.0,32.0,32.0,51.0,47.0,42.0,43.0,41.0
2025-12-25T10:39:33.938991,5304.079,1904,Pinky,motor_9_open,51.0,34.5625,2,30.0,29.0,28.0,30.0,30.0,28.0,30.0,30.0,29.0,32.0,32.0,51.0,47.0,42.0,44.0,41.0
2025-12-25T10:39:34.834943,5304.972,1905,Thumb,motor_13_flexed,51.0,34.625,2,30.0,29.0,28.0,30.0,30.0,28.0,30.0,30.0,29.0,32.0,32.0,51.0,47.0,42.0,44.0,42.0
2025-12-25T10:39:36.722847,5306.862,1905,Thumb,motor_13_open,51.0,34.625,2,30.0,29.0,28.0,30.0,30.0,28.0,30.0,30.0,29.0,32.0,32.0,51.0,47.0,42.0,44.0,42.0
2025-12-25T10:39:37.618796,5307.754,1906,Thumb,motor_14_flexed,51.0,34.6875,2,30.0,29.0,28.0,30.0,30.0,28.0,30.0,30.0,29.0,32.0,32.0,51.0,47.0,42.0,44.0,43.0
2025-12-25T10:39:39.506694,5309.645,1906,Thumb,motor_14_open,51.0,34.625,2,30.0,29.0,28.0,30.0,30.0,28.0,30.0,30.0,29.0,32.0,32.0,51.0,47.0,42.0,44.0,42.0
2025-12-25T10:39:40.402640,5310.538,1907,Thumb,motor_12_flexed,51.0,34.625,2,30.0,29.0,28.0,30.0,30.0,28.0,30.0,30.0,29.0,31.0,32.0,51.0,47.0,42.0,44.0,43.0
2025-12-25T10:39:42.290550,5312.428,1907,Thumb,motor_12_open,51.0,34.5625,2,30.0,29.0,28.0,30.0,30.0,28.0,30.0,30.0,29.0,32.0,32.0,51.0,47.0,42.0,44.0,41.0
2025-12-25T10:39:43.186501,5313.322,1908,Index,motor_2_flexed,51.0,34.375,2,30.0,29.0,28.0,30.0,30.0,28.0,30.0,30.0,29.0,32.0,32.0,51.0,47.0,42.0,43.0,39.0
2025-12-25T10:39:45.074398,5315.212,1908,Index,motor_2_open,51.0,34.5,2,30.0,29.0,28.0,30.0,30.0,28.0,30.0,30.0,29.0,31.0,32.0,51.0,47.0,42.0,44.0,41.0
2025-12-25T10:39:45.970352,5316.11,1909,Index,motor_1_flexed,51.0,34.6875,2,30.0,29.0,28.0,30.0,30.0,28.0,30.0,30.0,29.0,32.0,32.0,51.0,47.0,42.0,44.0,43.0
2025-12-25T10:39:47.858254,5317.994,1909,Index,motor_1_open,51.0,34.5,2,30.0,29.0,28.0,30.0,30.0,28.0,30.0,30.0,29.0,32.0,32.0,51.0,47.0,42.0,43.0,41.0
2025-12-25T10:39:48.754205,5318.894,1910,Index,motor_3_flexed,51.0,34.4375,2,30.0,29.0,28.0,30.0,30.0,28.0,30.0,30.0,29.0,31.0,32.0,51.0,47.0,42.0,43.0,41.0
2025-12-25T10:39:50.642102,5320.778,1910,Index,motor_3_open,51.0,34.5625,2,30.0,29.0,28.0,30.0,30.0,28.0,30.0,30.0,29.0,31.0,32.0,51.0,47.0,42.0,44.0,42.0
2025-12-25T10:39:51.538048,5321.675,1911,Middle,motor_11_flexed,51.0,34.5625,2,30.0,29.0,28.0,30.0,30.0,28.0,30.0,30.0,29.0,31.0,32.0,51.0,47.0,42.0,44.0,42.0
2025-12-25T10:39:53.425958,5323.565,1911,Middle,motor_11_open,51.0,34.5,2,30.0,29.0,28.0,30.0,30.0,28.0,30.0,30.0,29.0,31.0,32.0,51.0,47.0,42.0,44.0,41.0
2025-12-25T10:39:54.321910,5324.458,1912,Middle,motor_10_flexed,51.0,34.5,2,30.0,29.0,28.0,30.0,30.0,28.0,30.0,30.0,29.0,31.0,32.0,51.0,47.0,42.0,44.0,41.0
2025-12-25T10:39:56.209811,5326.349,1912,Middle,motor_10_open,51.0,34.5625,2,30.0,29.0,28.0,30.0,30.0,28.0,30.0,30.0,29.0,32.0,32.0,51.0,47.0,42.0,43.0,42.0
2025-12-25T10:39:57.105764,5327.246,1913,Ring,motor_4_flexed,51.0,34.5,2,30.0,29.0,28.0,30.0,30.0,28.0,30.0,30.0,29.0,31.0,32.0,51.0,47.0,42.0,44.0,41.0
2025-12-25T10:39:58.993663,5329.132,1913,Ring,motor_4_open,51.0,34.625,2,30.0,29.0,28.0,30.0,30.0,28.0,30.0,30.0,29.0,32.0,32.0,51.0,47.0,42.0,44.0,42.0
2025-12-25T10:39:59.889620,5330.026,1914,Ring,motor_5_flexed,51.0,34.625,2,30.0,29.0,28.0,30.0,30.0,28.0,30.0,30.0,29.0,32.0,32.0,51.0,47.0,42.0,44.0,42.0
2025-12-25T10:40:01.777519,5331.916,1914,Ring,motor_5_open,51.0,34.5625,2,30.0,29.0,28.0,30.0,30.0,28.0,30.0,30.0,29.0,32.0,32.0,51.0,47.0,42.0,44.0,41.0
2025-12-25T10:40:02.673468,5332.813,1915,Ring,motor_6_flexed,51.0,34.5625,2,30.0,29.0,28.0,30.0,30.0,28.0,30.0,30.0,29.0,31.0,32.0,51.0,47.0,42.0,44.0,42.0
2025-12-25T10:40:04.561375,5334.7,1915,Ring,motor_6_open,51.0,34.5,2,30.0,29.0,28.0,30.0,30.0,28.0,30.0,30.0,29.0,31.0,32.0,51.0,47.0,42.0,44.0,41.0
2025-12-25T10:40:05.457323,5335.595,1916,Pinky,motor_7_flexed,51.0,34.5625,2,30.0,29.0,28.0,30.0,30.0,28.0,30.0,30.0,29.0,32.0,32.0,51.0,47.0,42.0,44.0,41.0
2025-12-25T10:40:07.345220,5337.482,1916,Pinky,motor_7_open,51.0,34.625,2,30.0,29.0,28.0,30.0,30.0,28.0,30.0,30.0,29.0,32.0,32.0,51.0,47.0,42.0,44.0,42.0
2025-12-25T10:40:08.241170,5338.379,1917,Pinky,motor_8_flexed,51.0,34.625,2,30.0,29.0,28.0,30.0,30.0,28.0,30.0,30.0,29.0,32.0,32.0,51.0,47.0,42.0,44.0,42.0
2025-12-25T10:40:10.129075,5340.266,1917,Pinky,motor_8_open,51.0,34.625,2,30.0,29.0,28.0,30.0,30.0,28.0,30.0,30.0,29.0,32.0,32.0,51.0,47.0,42.0,44.0,42.0
2025-12-25T10:40:11.025026,5341.162,1918,Pinky,motor_9_flexed,51.0,34.5625,2,30.0,29.0,28.0,30.0,30.0,28.0,30.0,30.0,29.0,32.0,32.0,51.0,47.0,42.0,43.0,42.0
2025-12-25T10:40:12.912925,5343.052,1918,Pinky,motor_9_open,51.0,34.6875,2,30.0,29.0,28.0,30.0,30.0,28.0,30.0,30.0,29.0,31.0,32.0,51.0,47.0,42.0,44.0,44.0
2025-12-25T10:40:13.808885,5343.948,1919,Thumb,motor_13_flexed,51.0,34.625,2,30.0,29.0,28.0,30.0,30.0,28.0,30.0,30.0,29.0,32.0,32.0,51.0,47.0,42.0,44.0,42.0
2025-12-25T10:40:15.696777,5345.836,1919,Thumb,motor_13_open,51.0,34.625,2,30.0,29.0,28.0,30.0,30.0,28.0,30.0,30.0,29.0,32.0,32.0,51.0,47.0,42.0,44.0,42.0
2025-12-25T10:40:16.592722,5346.731,1920,Thumb,motor_14_flexed,51.0,34.5625,2,30.0,29.0,28.0,30.0,30.0,28.0,30.0,30.0,29.0,31.0,32.0,51.0,47.0,42.0,44.0,42.0
2025-12-25T10:40:18.480633,5348.618,1920,Thumb,motor_14_open,51.0,34.5625,2,30.0,29.0,28.0,30.0,30.0,28.0,30.0,30.0,29.0,31.0,32.0,51.0,47.0,42.0,44.0,42.0
2025-12-25T10:40:19.376572,5349.515,1921,Thumb,motor_12_flexed,51.0,34.4375,2,30.0,29.0,28.0,30.0,30.0,28.0,30.0,30.0,29.0,31.0,32.0,51.0,47.0,42.0,43.0,41.0
2025-12-25T10:40:21.264477,5351.402,1921,Thumb,motor_12_open,51.0,34.5,2,30.0,29.0,28.0,30.0,30.0,28.0,30.0,30.0,29.0,31.0,32.0,51.0,47.0,42.0,44.0,41.0
2025-12-25T10:40:22.160428,5352.3,1922,Index,motor_2_flexed,51.0,34.5,2,30.0,29.0,28.0,30.0,30.0,28.0,30.0,30.0,29.0,32.0,32.0,51.0,47.0,42.0,44.0,40.0
2025-12-25T10:40:24.048335,5354.186,1922,Index,motor_2_open,51.0,34.5625,2,30.0,29.0,28.0,30.0,30.0,28.0,30.0,30.0,29.0,31.0,32.0,51.0,47.0,42.0,44.0,42.0
2025-12-25T10:40:24.944284,5355.082,1923,Index,motor_1_flexed,51.0,34.5,2,30.0,29.0,28.0,30.0,30.0,28.0,30.0,30.0,29.0,32.0,32.0,51.0,47.0,42.0,43.0,41.0
2025-12-25T10:40:26.832182,5356.971,1923,Index,motor_1_open,51.0,34.5625,2,30.0,29.0,28.0,30.0,30.0,28.0,30.0,30.0,29.0,32.0,32.0,51.0,47.0,42.0,44.0,41.0
2025-12-25T10:40:27.728153,5357.868,1924,Index,motor_3_flexed,51.0,34.5625,2,30.0,29.0,28.0,30.0,30.0,28.0,30.0,30.0,29.0,31.0,32.0,51.0,47.0,42.0,44.0,42.0
2025-12-25T10:40:29.616040,5359.752,1924,Index,motor_3_open,51.0,34.5625,2,30.0,29.0,28.0,30.0,30.0,28.0,30.0,30.0,29.0,31.0,32.0,51.0,47.0,42.0,44.0,42.0
2025-12-25T10:40:30.511989,5360.643,1925,Middle,motor_11_flexed,51.0,34.5625,2,30.0,29.0,28.0,30.0,30.0,28.0,30.0,30.0,29.0,32.0,32.0,51.0,47.0,42.0,44.0,41.0
2025-12-25T10:40:32.399907,5362.537,1925,Middle,motor_11_open,51.0,34.5,2,30.0,29.0,28.0,30.0,30.0,28.0,30.0,30.0,29.0,31.0,32.0,51.0,47.0,42.0,44.0,41.0
2025-12-25T10:40:33.295844,5363.435,1926,Middle,motor_10_flexed,51.0,34.625,2,30.0,29.0,28.0,30.0,30.0,28.0,30.0,30.0,29.0,31.0,32.0,51.0,47.0,42.0,45.0,42.0
2025-12-25T10:40:35.183744,5365.319,1926,Middle,motor_10_open,51.0,34.625,2,30.0,29.0,28.0,30.0,30.0,28.0,30.0,30.0,29.0,32.0,32.0,51.0,47.0,42.0,44.0,42.0
2025-12-25T10:40:36.079698,5366.218,1927,Ring,motor_4_flexed,51.0,34.625,2,30.0,29.0,28.0,30.0,30.0,28.0,30.0,30.0,29.0,32.0,32.0,51.0,47.0,42.0,44.0,42.0
2025-12-25T10:40:37.967597,5368.104,1927,Ring,motor_4_open,51.0,34.5625,2,30.0,29.0,28.0,30.0,30.0,28.0,30.0,30.0,29.0,32.0,32.0,51.0,47.0,42.0,44.0,41.0
2025-12-25T10:40:38.863551,5369.003,1928,Ring,motor_5_flexed,51.0,34.625,2,30.0,29.0,28.0,30.0,30.0,28.0,30.0,30.0,29.0,32.0,32.0,51.0,47.0,42.0,44.0,42.0
2025-12-25T10:40:40.751438,5370.887,1928,Ring,motor_5_open,51.0,34.5,2,30.0,29.0,28.0,30.0,30.0,28.0,30.0,30.0,29.0,32.0,32.0,51.0,47.0,42.0,44.0,40.0
2025-12-25T10:40:41.647419,5371.783,1929,Ring,motor_6_flexed,51.0,34.625,2,30.0,29.0,28.0,30.0,30.0,28.0,30.0,30.0,29.0,32.0,32.0,51.0,47.0,42.0,44.0,42.0
2025-12-25T10:40:43.535302,5373.672,1929,Ring,motor_6_open,51.0,34.5625,2,30.0,29.0,28.0,30.0,30.0,28.0,30.0,30.0,29.0,32.0,32.0,51.0,47.0,42.0,44.0,41.0
2025-12-25T10:40:44.431252,5374.571,1930,Pinky,motor_7_flexed,51.0,34.5625,2,30.0,29.0,28.0,30.0,30.0,28.0,30.0,30.0,29.0,32.0,32.0,51.0,47.0,42.0,44.0,41.0
2025-12-25T10:40:46.335150,5376.472,1930,Pinky,motor_7_open,51.0,34.5625,2,30.0,29.0,28.0,30.0,30.0,28.0,30.0,30.0,29.0,32.0,32.0,51.0,47.0,42.0,44.0,41.0
2025-12-25T10:40:47.231102,5377.369,1931,Pinky,motor_8_flexed,51.0,34.5625,2,30.0,29.0,28.0,30.0,30.0,28.0,30.0,30.0,29.0,31.0,32.0,51.0,47.0,42.0,44.0,42.0
2025-12-25T10:40:49.118989,5379.253,1931,Pinky,motor_8_open,51.0,34.4375,2,30.0,29.0,28.0,30.0,30.0,28.0,30.0,30.0,29.0,31.0,32.0,51.0,47.0,42.0,43.0,41.0
2025-12-25T10:40:50.014944,5380.151,1932,Pinky,motor_9_flexed,51.0,34.5625,2,30.0,29.0,28.0,30.0,30.0,28.0,30.0,30.0,29.0,32.0,32.0,51.0,47.0,42.0,44.0,41.0
2025-12-25T10:40:51.902841,5382.034,1932,Pinky,motor_9_open,51.0,34.5625,2,30.0,29.0,28.0,30.0,30.0,28.0,30.0,30.0,29.0,32.0,32.0,51.0,47.0,42.0,43.0,42.0
2025-12-25T10:40:52.798796,5382.935,1933,Thumb,motor_13_flexed,51.0,34.5,2,30.0,29.0,28.0,30.0,30.0,28.0,30.0,30.0,29.0,31.0,32.0,51.0,47.0,42.0,44.0,41.0
2025-12-25T10:40:54.686695,5384.822,1933,Thumb,motor_13_open,51.0,34.5,2,30.0,29.0,28.0,30.0,30.0,28.0,30.0,30.0,29.0,31.0,32.0,51.0,47.0,42.0,44.0,41.0
2025-12-25T10:40:55.582646,5385.719,1934,Thumb,motor_14_flexed,51.0,34.5625,2,30.0,29.0,28.0,30.0,30.0,28.0,30.0,30.0,29.0,31.0,32.0,51.0,47.0,42.0,44.0,42.0
2025-12-25T10:40:57.470554,5387.609,1934,Thumb,motor_14_open,51.0,34.5625,2,30.0,29.0,28.0,30.0,30.0,28.0,30.0,30.0,29.0,31.0,32.0,51.0,47.0,42.0,44.0,42.0
2025-12-25T10:40:58.366508,5388.507,1935,Thumb,motor_12_flexed,51.0,34.625,2,30.0,29.0,28.0,30.0,30.0,28.0,30.0,30.0,29.0,32.0,32.0,51.0,47.0,42.0,44.0,42.0
2025-12-25T10:41:00.254404,5390.392,1935,Thumb,motor_12_open,51.0,34.5625,2,30.0,29.0,28.0,30.0,30.0,28.0,30.0,30.0,29.0,31.0,32.0,51.0,47.0,42.0,44.0,42.0
2025-12-25T10:41:01.150346,5391.286,1936,Index,motor_2_flexed,51.0,34.5625,2,30.0,29.0,28.0,30.0,30.0,28.0,30.0,30.0,29.0,31.0,32.0,51.0,47.0,42.0,44.0,42.0
2025-12-25T10:41:03.038247,5393.175,1936,Index,motor_2_open,51.0,34.625,2,30.0,29.0,28.0,30.0,30.0,28.0,30.0,30.0,29.0,32.0,32.0,51.0,47.0,42.0,44.0,42.0
2025-12-25T10:41:03.934201,5394.071,1937,Index,motor_1_flexed,51.0,34.5,2,30.0,29.0,28.0,30.0,30.0,28.0,30.0,30.0,29.0,31.0,32.0,51.0,47.0,42.0,44.0,41.0
2025-12-25T10:41:05.822100,5395.961,1937,Index,motor_1_open,51.0,34.5625,2,30.0,29.0,28.0,30.0,30.0,28.0,30.0,30.0,29.0,31.0,32.0,51.0,47.0,42.0,44.0,42.0
2025-12-25T10:41:06.718052,5396.854,1938,Index,motor_3_flexed,51.0,34.5625,2,30.0,29.0,28.0,30.0,30.0,28.0,30.0,30.0,29.0,32.0,32.0,51.0,47.0,42.0,44.0,41.0
2025-12-25T10:41:08.605951,5398.743,1938,Index,motor_3_open,51.0,34.5625,2,30.0,29.0,28.0,30.0,30.0,28.0,30.0,30.0,29.0,31.0,32.0,51.0,47.0,42.0,44.0,42.0
2025-12-25T10:41:09.501911,5399.639,1939,Middle,motor_11_flexed,51.0,34.5625,2,30.0,29.0,28.0,30.0,30.0,28.0,30.0,30.0,29.0,31.0,32.0,51.0,47.0,42.0,44.0,42.0
2025-12-25T10:41:10.589843,5400.728,1939,Middle,motor_11_flex_hold,51.0,34.5,2,30.0,29.0,28.0,30.0,30.0,28.0,30.0,30.0,29.0,31.0,32.0,51.0,47.0,42.0,44.0,41.0
