timestamp,elapsed_sec,cycle_index,finger,stage,max_temp_c,mean_temp_c,chunk_index,m01_temp_c,m02_temp_c,m03_temp_c,m04_temp_c,m05_temp_c,m06_temp_c,m07_temp_c,m08_temp_c,m09_temp_c,m10_temp_c,m11_temp_c,m12_temp_c,m13_temp_c,m14_temp_c,m15_temp_c,m16_temp_c
2025-12-25T13:11:10.391250,14400.53,5170,Index,motor_2_flexed,51.0,35.125,8,31.0,30.0,29.0,30.0,30.0,29.0,31.0,30.0,30.0,32.0,32.0,51.0,48.0,42.0,45.0,42.0
2025-12-25T13:11:12.279164,14402.415,5170,Index,motor_2_open,51.0,35.25,8,31.0,30.0,29.0,31.0,31.0,29.0,31.0,30.0,30.0,32.0,32.0,51.0,48.0,42.0,45.0,42.0
2025-12-25T13:11:13.175125,14403.311,5171,Index,motor_1_flexed,51.0,35.125,8,31.0,30.0,29.0,30.0,30.0,29.0,31.0,30.0,30.0,32.0,32.0,51.0,48.0,42.0,45.0,42.0
2025-12-25T13:11:15.063039,14405.202,5171,Index,motor_1_open,51.0,35.1875,8,31.0,30.0,29.0,30.0,31.0,29.0,31.0,30.0,30.0,32.0,32.0,51.0,48.0,42.0,45.0,42.0
2025-12-25T13:11:15.958999,14406.097,5172,Index,motor_3_flexed,51.0,35.1875,8,31.0,30.0,29.0,31.0,30.0,29.0,31.0,30.0,30.0,32.0,32.0,51.0,48.0,42.0,45.0,42.0
2025-12-25T13:11:17.846914,14407.983,5172,Index,motor_3_open,51.0,35.0625,8,31.0,30.0,29.0,30.0,30.0,29.0,31.0,30.0,30.0,32.0,32.0,51.0,48.0,42.0,44.0,42.0
2025-12-25T13:11:18.742872,14408.881,5173,Middle,motor_11_flexed,51.0,35.125,8,31.0,30.0,29.0,30.0,30.0,29.0,31.0,30.0,30.0,32.0,32.0,51.0,48.0,42.0,45.0,42.0
2025-12-25T13:11:20.630784,14410.768,5173,Middle,motor_11_open,51.0,35.1875,8,31.0,30.0,29.0,31.0,30.0,29.0,31.0,30.0,30.0,32.0,32.0,51.0,48.0,42.0,44.0,43.0
2025-12-25T13:11:21.526746,14411.664,5174,Middle,motor_10_flexed,51.0,35.1875,8,31.0,30.0,29.0,31.0,30.0,29.0,31.0,30.0,30.0,32.0,32.0,51.0,48.0,42.0,44.0,43.0
2025-12-25T13:11:23.414659,14413.554,5174,Middle,motor_10_open,51.0,35.1875,8,31.0,30.0,29.0,30.0,30.0,29.0,31.0,30.0,30.0,32.0,32.0,51.0,48.0,42.0,45.0,43.0
2025-12-25T13:11:24.310619,14414.448,5175,Ring,motor_4_flexed,51.0,35.125,8,31.0,30.0,29.0,30.0,30.0,29.0,31.0,30.0,30.0,32.0,32.0,51.0,48.0,42.0,45.0,42.0
2025-12-25T13:11:26.198541,14416.336,5175,Ring,motor_4_open,51.0,35.125,8,31.0,30.0,29.0,30.0,30.0,29.0,31.0,30.0,30.0,32.0,32.0,51.0,48.0,42.0,45.0,42.0
2025-12-25T13:11:27.094471,14417.231,5176,Ring,motor_5_flexed,51.0,35.1875,8,31.0,30.0,29.0,30.0,30.0,29.0,31.0,30.0,30.0,32.0,32.0,51.0,48.0,42.0,45.0,43.0
2025-12-25T13:11:28.982406,14419.119,5176,Ring,motor_5_open,51.0,35.1875,8,31.0,30.0,29.0,31.0,30.0,29.0,31.0,30.0,30.0,32.0,32.0,51.0,48.0,42.0,44.0,43.0
2025-12-25T13:11:29.878365,14420.015,5177,Ring,motor_6_flexed,51.0,35.1875,8,31.0,30.0,29.0,31.0,31.0,29.0,31.0,30.0,30.0,32.0,32.0,51.0,48.0,42.0,44.0,42.0
2025-12-25T13:11:31.766281,14421.904,5177,Ring,motor_6_open,51.0,35.1875,8,31.0,30.0,29.0,30.0,31.0,29.0,31.0,30.0,30.0,32.0,32.0,51.0,48.0,42.0,44.0,43.0
2025-12-25T13:11:32.662240,14422.8,5178,Pinky,motor_7_flexed,51.0,35.1875,8,31.0,30.0,29.0,30.0,31.0,29.0,31.0,30.0,30.0,32.0,32.0,51.0,48.0,42.0,44.0,43.0
2025-12-25T13:11:34.566153,14424.705,5178,Pinky,motor_7_open,51.0,35.125,8,31.0,30.0,29.0,30.0,30.0,29.0,31.0,30.0,30.0,32.0,32.0,51.0,48.0,42.0,45.0,42.0
2025-12-25T13:11:35.462112,14425.599,5179,Pinky,motor_8_flexed,51.0,35.125,8,31.0,30.0,29.0,30.0,30.0,29.0,31.0,30.0,30.0,32.0,32.0,51.0,48.0,42.0,44.0,43.0
2025-12-25T13:11:37.350037,14427.485,5179,Pinky,motor_8_open,51.0,35.1875,8,31.0,30.0,29.0,31.0,31.0,29.0,31.0,30.0,30.0,32.0,32.0,51.0,48.0,42.0,44.0,42.0
2025-12-25T13:11:38.245972,14428.384,5180,Pinky,motor_9_flexed,51.0,35.25,8,31.0,30.0,29.0,31.0,31.0,29.0,31.0,30.0,30.0,32.0,32.0,51.0,48.0,42.0,44.0,43.0
2025-12-25T13:11:40.133899,14430.274,5180,Pinky,motor_9_open,51.0,35.0625,8,31.0,30.0,29.0,31.0,30.0,29.0,31.0,30.0,30.0,32.0,32.0,51.0,48.0,42.0,44.0,41.0
2025-12-25T13:11:41.029857,14431.17,5181,Thumb,motor_13_flexed,51.0,35.125,8,31.0,30.0,29.0,30.0,30.0,29.0,31.0,30.0,30.0,32.0,32.0,51.0,48.0,42.0,45.0,42.0
2025-12-25T13:11:42.917774,14433.053,5181,Thumb,motor_13_open,51.0,35.1875,8,31.0,30.0,29.0,31.0,31.0,29.0,31.0,30.0,30.0,32.0,32.0,51.0,48.0,42.0,44.0,42.0
2025-12-25T13:11:43.813733,14433.951,5182,Thumb,motor_14_flexed,51.0,35.3125,8,31.0,30.0,29.0,31.0,31.0,29.0,31.0,30.0,30.0,32.0,32.0,51.0,48.0,42.0,45.0,43.0
2025-12-25T13:11:45.701648,14435.84,5182,Thumb,motor_14_open,51.0,35.25,8,31.0,30.0,29.0,30.0,31.0,29.0,31.0,30.0,30.0,32.0,32.0,51.0,48.0,42.0,45.0,43.0
2025-12-25T13:11:46.597615,14436.734,5183,Thumb,motor_12_flexed,51.0,35.1875,8,31.0,30.0,29.0,31.0,30.0,29.0,31.0,30.0,30.0,32.0,32.0,51.0,48.0,42.0,45.0,42.0
2025-12-25T13:11:48.485525,14438.622,5183,Thumb,motor_12_open,51.0,35.1875,8,31.0,30.0,29.0,31.0,30.0,29.0,31.0,30.0,30.0,32.0,32.0,51.0,48.0,42.0,44.0,43.0
2025-12-25T13:11:49.381483,14439.519,5184,Index,motor_2_flexed,51.0,35.1875,8,31.0,30.0,29.0,30.0,30.0,29.0,31.0,30.0,30.0,32.0,32.0,51.0,48.0,42.0,45.0,43.0
2025-12-25T13:11:51.269402,14441.41,5184,Index,motor_2_open,51.0,35.125,8,31.0,30.0,29.0,31.0,30.0,29.0,31.0,30.0,30.0,32.0,32.0,51.0,48.0,42.0,44.0,42.0
2025-12-25T13:11:52.165351,14442.304,5185,Index,motor_1_flexed,51.0,35.125,8,31.0,30.0,29.0,31.0,30.0,29.0,31.0,30.0,30.0,32.0,32.0,51.0,48.0,42.0,44.0,42.0
2025-12-25T13:11:54.053269,14444.194,5185,Index,motor_1_open,51.0,35.125,8,31.0,30.0,29.0,30.0,30.0,29.0,31.0,30.0,30.0,32.0,32.0,51.0,48.0,42.0,45.0,42.0
2025-12-25T13:11:54.949230,14445.088,5186,Index,motor_3_flexed,51.0,35.125,8,31.0,30.0,29.0,30.0,30.0,29.0,31.0,30.0,30.0,32.0,32.0,51.0,48.0,42.0,45.0,42.0
2025-12-25T13:11:56.837140,14446.976,5186,Index,motor_3_open,51.0,35.1875,8,31.0,30.0,29.0,31.0,30.0,29.0,31.0,30.0,30.0,32.0,32.0,51.0,48.0,42.0,45.0,42.0
2025-12-25T13:11:57.733097,14447.869,5187,Middle,motor_11_flexed,51.0,35.0625,8,31.0,30.0,29.0,30.0,30.0,29.0,31.0,30.0,30.0,32.0,32.0,51.0,48.0,42.0,44.0,42.0
2025-12-25T13:11:59.621019,14449.759,5187,Middle,motor_11_open,51.0,35.1875,8,31.0,30.0,29.0,31.0,30.0,29.0,31.0,30.0,30.0,32.0,32.0,51.0,48.0,42.0,45.0,42.0
2025-12-25T13:12:00.516990,14450.655,5188,Middle,motor_10_flexed,51.0,35.125,8,31.0,30.0,29.0,31.0,30.0,29.0,31.0,30.0,30.0,32.0,32.0,51.0,48.0,42.0,44.0,42.0
2025-12-25T13:12:02.404887,14452.544,5188,Middle,motor_10_open,51.0,35.25,8,31.0,30.0,29.0,31.0,30.0,29.0,31.0,30.0,30.0,32.0,32.0,51.0,48.0,42.0,45.0,43.0
2025-12-25T13:12:03.300843,14453.44,5189,Ring,motor_4_flexed,51.0,35.125,8,31.0,30.0,29.0,31.0,30.0,29.0,31.0,30.0,30.0,32.0,32.0,51.0,48.0,42.0,44.0,42.0
2025-12-25T13:12:05.188777,14455.327,5189,Ring,motor_4_open,51.0,35.0625,8,31.0,30.0,29.0,30.0,30.0,29.0,31.0,30.0,30.0,32.0,32.0,51.0,48.0,42.0,44.0,42.0
2025-12-25T13:12:06.084723,14456.225,5190,Ring,motor_5_flexed,51.0,35.125,8,31.0,30.0,29.0,30.0,30.0,29.0,31.0,30.0,30.0,32.0,32.0,51.0,48.0,42.0,45.0,42.0
2025-12-25T13:12:07.972636,14458.112,5190,Ring,motor_5_open,51.0,35.3125,8,31.0,30.0,29.0,30.0,30.0,29.0,31.0,30.0,30.0,32.0,32.0,51.0,48.0,42.0,45.0,45.0
2025-12-25T13:12:08.868597,14459.008,5191,Ring,motor_6_flexed,51.0,35.125,8,31.0,30.0,29.0,31.0,30.0,29.0,31.0,30.0,30.0,32.0,32.0,51.0,48.0,42.0,44.0,42.0
2025-12-25T13:12:09.956549,14460.095,5191,Ring,motor_6_flex_hold,51.0,35.0625,8,31.0,30.0,29.0,30.0,30.0,29.0,31.0,30.0,30.0,32.0,32.0,51.0,48.0,42.0,44.0,42.0
2025-12-25T13:12:10.756517,14460.895,5191,Ring,motor_6_open,51.0,35.125,8,31.0,30.0,29.0,30.0,31.0,29.0,31.0,30.0,30.0,32.0,32.0,51.0,48.0,42.0,44.0,42.0
2025-12-25T13:12:11.652474,14461.791,5192,Pinky,motor_7_flexed,51.0,35.1875,8,31.0,30.0,29.0,31.0,31.0,29.0,31.0,30.0,30.0,32.0,32.0,51.0,48.0,42.0,44.0,42.0
2025-12-25T13:12:13.540386,14463.678,5192,Pinky,motor_7_open,51.0,35.1875,8,31.0,30.0,29.0,31.0,31.0,29.0,31.0,30.0,30.0,32.0,32.0,51.0,48.0,42.0,44.0,42.0
2025-12-25T13:12:14.436360,14464.575,5193,Pinky,motor_8_flexed,51.0,35.125,8,31.0,30.0,29.0,30.0,31.0,29.0,31.0,30.0,30.0,32.0,32.0,51.0,48.0,42.0,44.0,42.0
2025-12-25T13:12:16.324259,14466.463,5193,Pinky,motor_8_open,51.0,35.25,8,31.0,30.0,29.0,31.0,30.0,29.0,31.0,30.0,30.0,32.0,32.0,51.0,48.0,42.0,45.0,43.0
2025-12-25T13:12:17.220219,14467.361,5194,Pinky,motor_9_flexed,51.0,35.1875,8,31.0,30.0,29.0,30.0,31.0,29.0,31.0,30.0,30.0,32.0,32.0,51.0,48.0,42.0,45.0,42.0
2025-12-25T13:12:19.108108,14469.245,5194,Pinky,motor_9_open,51.0,35.0,8,31.0,30.0,29.0,30.0,30.0,29.0,31.0,30.0,30.0,32.0,32.0,51.0,48.0,42.0,44.0,41.0
2025-12-25T13:12:20.004063,14470.142,5195,Thumb,motor_13_flexed,51.0,35.0625,8,31.0,30.0,29.0,30.0,30.0,29.0,31.0,30.0,30.0,32.0,32.0,51.0,48.0,42.0,44.0,42.0
2025-12-25T13:12:21.891978,14472.03,5195,Thumb,motor_13_open,51.0,35.1875,8,31.0,30.0,29.0,31.0,30.0,29.0,31.0,30.0,30.0,32.0,32.0,51.0,48.0,42.0,45.0,42.0
2025-12-25T13:12:22.787941,14472.927,5196,Thumb,motor_14_flexed,51.0,35.125,8,31.0,30.0,29.0,30.0,30.0,29.0,31.0,30.0,30.0,32.0,32.0,51.0,48.0,42.0,44.0,43.0
2025-12-25T13:12:24.675860,14474.815,5196,Thumb,motor_14_open,51.0,35.125,8,31.0,30.0,29.0,31.0,30.0,29.0,31.0,30.0,30.0,32.0,32.0,51.0,48.0,42.0,44.0,42.0
2025-12-25T13:12:25.571819,14475.707,5197,Thumb,motor_12_flexed,51.0,35.25,8,31.0,30.0,29.0,31.0,30.0,29.0,31.0,30.0,30.0,32.0,32.0,51.0,48.0,42.0,44.0,44.0
2025-12-25T13:12:27.459733,14477.6,5197,Thumb,motor_12_open,51.0,35.1875,8,31.0,30.0,29.0,31.0,30.0,29.0,31.0,30.0,30.0,32.0,32.0,51.0,48.0,42.0,44.0,43.0
2025-12-25T13:12:28.355692,14478.494,5198,Index,motor_2_flexed,51.0,35.0625,8,31.0,30.0,29.0,30.0,30.0,29.0,31.0,30.0,30.0,32.0,32.0,51.0,48.0,42.0,44.0,42.0
2025-12-25T13:12:30.243608,14480.382,5198,Index,motor_2_open,51.0,35.125,8,31.0,30.0,29.0,30.0,31.0,29.0,31.0,30.0,30.0,32.0,32.0,51.0,48.0,42.0,44.0,42.0
2025-12-25T13:12:31.139566,14481.277,5199,Index,motor_1_flexed,51.0,35.0625,8,31.0,30.0,29.0,30.0,30.0,29.0,31.0,30.0,30.0,32.0,32.0,51.0,48.0,42.0,44.0,42.0
2025-12-25T13:12:33.027481,14483.168,5199,Index,motor_1_open,51.0,35.125,8,31.0,30.0,29.0,31.0,30.0,29.0,31.0,30.0,30.0,32.0,32.0,51.0,48.0,42.0,44.0,42.0
2025-12-25T13:12:33.923439,14484.06,5200,Index,motor_3_flexed,51.0,35.125,8,31.0,30.0,29.0,30.0,30.0,29.0,31.0,30.0,30.0,32.0,32.0,51.0,48.0,42.0,45.0,42.0
2025-12-25T13:12:35.811343,14485.947,5200,Index,motor_3_open,51.0,35.0625,8,31.0,30.0,29.0,30.0,30.0,29.0,31.0,30.0,30.0,32.0,32.0,51.0,48.0,42.0,44.0,42.0
2025-12-25T13:12:36.707302,14486.845,5201,Middle,motor_11_flexed,51.0,35.125,8,31.0,30.0,29.0,30.0,30.0,29.0,31.0,30.0,30.0,32.0,32.0,51.0,48.0,42.0,45.0,42.0
2025-12-25T13:12:38.595247,14488.734,5201,Middle,motor_11_open,51.0,35.125,8,31.0,30.0,29.0,30.0,30.0,29.0,31.0,30.0,30.0,32.0,32.0,51.0,48.0,42.0,44.0,43.0
2025-12-25T13:12:39.491210,14489.63,5202,Middle,motor_10_flexed,51.0,35.125,8,31.0,30.0,29.0,31.0,30.0,29.0,31.0,30.0,30.0,32.0,32.0,51.0,48.0,42.0,44.0,42.0
2025-12-25T13:12:41.379116,14491.516,5202,Middle,motor_10_open,51.0,35.1875,8,31.0,30.0,29.0,31.0,30.0,29.0,31.0,30.0,30.0,32.0,32.0,51.0,48.0,42.0,45.0,42.0
2025-12-25T13:12:42.275072,14492.413,5203,Ring,motor_4_flexed,51.0,35.125,8,31.0,30.0,29.0,30.0,30.0,29.0,31.0,30.0,30.0,32.0,32.0,51.0,48.0,42.0,44.0,43.0
2025-12-25T13:12:44.162996,14494.3,5203,Ring,motor_4_open,51.0,35.125,8,31.0,30.0,29.0,30.0,30.0,29.0,31.0,30.0,30.0,32.0,32.0,51.0,48.0,42.0,44.0,43.0
2025-12-25T13:12:45.058953,14495.195,5204,Ring,motor_5_flexed,51.0,35.125,8,31.0,30.0,29.0,30.0,30.0,29.0,31.0,30.0,30.0,32.0,32.0,51.0,48.0,42.0,45.0,42.0
2025-12-25T13:12:46.946856,14497.085,5204,Ring,motor_5_open,51.0,35.0625,8,31.0,30.0,29.0,30.0,30.0,29.0,31.0,30.0,30.0,32.0,32.0,51.0,48.0,42.0,44.0,42.0
2025-12-25T13:12:47.842823,14497.98,5205,Ring,motor_6_flexed,51.0,35.25,8,31.0,30.0,29.0,30.0,31.0,29.0,31.0,30.0,30.0,32.0,32.0,51.0,48.0,42.0,45.0,43.0
2025-12-25T13:12:49.730738,14499.867,5205,Ring,motor_6_open,51.0,35.1875,8,31.0,30.0,29.0,31.0,31.0,29.0,31.0,30.0,30.0,32.0,32.0,51.0,48.0,42.0,44.0,42.0
2025-12-25T13:12:50.626697,14500.766,5206,Pinky,motor_7_flexed,51.0,35.1875,8,31.0,30.0,29.0,31.0,30.0,29.0,31.0,30.0,30.0,32.0,32.0,51.0,48.0,42.0,45.0,42.0
2025-12-25T13:12:52.514613,14502.653,5206,Pinky,motor_7_open,51.0,35.0625,8,31.0,30.0,29.0,30.0,30.0,29.0,31.0,30.0,30.0,32.0,32.0,51.0,48.0,42.0,44.0,42.0
2025-12-25T13:12:53.410568,14503.546,5207,Pinky,motor_8_flexed,51.0,35.1875,8,31.0,30.0,29.0,30.0,31.0,29.0,31.0,30.0,30.0,32.0,32.0,51.0,48.0,42.0,44.0,43.0
2025-12-25T13:12:55.298488,14505.436,5207,Pinky,motor_8_open,51.0,35.25,8,31.0,30.0,29.0,31.0,31.0,29.0,31.0,30.0,30.0,32.0,32.0,51.0,48.0,42.0,44.0,43.0
2025-12-25T13:12:56.194446,14506.333,5208,Pinky,motor_9_flexed,51.0,35.0625,8,31.0,30.0,29.0,30.0,30.0,29.0,31.0,30.0,30.0,32.0,32.0,51.0,48.0,42.0,44.0,42.0
2025-12-25T13:12:58.082367,14508.216,5208,Pinky,motor_9_open,51.0,35.1875,8,31.0,30.0,29.0,30.0,31.0,29.0,31.0,30.0,30.0,32.0,32.0,51.0,48.0,42.0,45.0,42.0
2025-12-25T13:12:58.978291,14509.11,5209,Thumb,motor_13_flexed,51.0,35.0625,8,31.0,30.0,29.0,30.0,30.0,29.0,31.0,30.0,30.0,32.0,32.0,51.0,48.0,42.0,44.0,42.0
2025-12-25T13:13:00.866202,14510.998,5209,Thumb,motor_13_open,51.0,35.125,8,31.0,30.0,29.0,30.0,31.0,29.0,31.0,30.0,30.0,32.0,32.0,51.0,48.0,42.0,44.0,42.0
2025-12-25T13:13:01.762164,14511.894,5210,Thumb,motor_14_flexed,51.0,35.1875,8,31.0,30.0,29.0,31.0,30.0,29.0,31.0,30.0,30.0,32.0,32.0,51.0,48.0,42.0,45.0,42.0
2025-12-25T13:13:03.650090,14513.787,5210,Thumb,motor_14_open,51.0,35.1875,8,31.0,30.0,29.0,31.0,30.0,29.0,31.0,30.0,30.0,32.0,32.0,51.0,48.0,42.0,45.0,42.0
2025-12-25T13:13:04.546047,14514.677,5211,Thumb,motor_12_flexed,51.0,35.125,8,31.0,30.0,29.0,30.0,30.0,29.0,31.0,30.0,30.0,32.0,32.0,51.0,48.0,42.0,44.0,43.0
2025-12-25T13:13:06.433961,14516.571,5211,Thumb,motor_12_open,51.0,35.1875,8,31.0,30.0,29.0,30.0,30.0,29.0,31.0,30.0,30.0,32.0,32.0,51.0,48.0,42.0,45.0,43.0
2025-12-25T13:13:07.329929,14517.466,5212,Index,motor_2_flexed,51.0,35.0625,8,31.0,30.0,29.0,30.0,30.0,29.0,31.0,30.0,30.0,32.0,32.0,51.0,48.0,42.0,44.0,42.0
2025-12-25T13:13:09.217824,14519.355,5212,Index,motor_2_open,51.0,35.125,8,31.0,30.0,29.0,30.0,30.0,29.0,31.0,30.0,30.0,32.0,32.0,51.0,48.0,42.0,44.0,43.0
2025-12-25T13:13:10.113784,14520.251,5213,Index,motor_1_flexed,51.0,35.125,8,31.0,30.0,29.0,30.0,30.0,29.0,31.0,30.0,30.0,32.0,32.0,51.0,48.0,42.0,45.0,42.0
2025-12-25T13:13:12.001714,14522.138,5213,Index,motor_1_open,51.0,35.0625,8,31.0,30.0,29.0,30.0,30.0,29.0,31.0,30.0,30.0,32.0,32.0,51.0,48.0,42.0,44.0,42.0
2025-12-25T13:13:12.897661,14523.035,5214,Index,motor_3_flexed,51.0,35.0625,8,31.0,30.0,29.0,30.0,30.0,29.0,31.0,30.0,30.0,32.0,32.0,51.0,48.0,42.0,44.0,42.0
2025-12-25T13:13:14.785574,14524.924,5214,Index,motor_3_open,51.0,35.0625,8,31.0,30.0,29.0,30.0,30.0,29.0,31.0,30.0,30.0,32.0,32.0,51.0,48.0,42.0,44.0,42.0
2025-12-25T13:13:15.681531,14525.82,5215,Middle,motor_11_flexed,51.0,35.125,8,31.0,30.0,29.0,30.0,30.0,29.0,31.0,30.0,30.0,32.0,32.0,51.0,48.0,42.0,44.0,43.0
2025-12-25T13:13:17.569445,14527.706,5215,Middle,motor_11_open,51.0,35.125,8,31.0,30.0,29.0,31.0,30.0,29.0,31.0,30.0,30.0,32.0,32.0,51.0,48.0,42.0,44.0,42.0
2025-12-25T13:13:18.465405,14528.599,5216,Middle,motor_10_flexed,51.0,35.125,8,31.0,30.0,29.0,30.0,30.0,29.0,31.0,30.0,30.0,32.0,32.0,51.0,48.0,42.0,45.0,42.0
2025-12-25T13:13:20.353330,14530.491,5216,Middle,motor_10_open,51.0,35.125,8,31.0,30.0,29.0,31.0,30.0,29.0,31.0,30.0,30.0,32.0,32.0,51.0,48.0,42.0,44.0,42.0
2025-12-25T13:13:21.249302,14531.383,5217,Ring,motor_4_flexed,51.0,35.125,8,31.0,30.0,29.0,30.0,30.0,29.0,31.0,30.0,30.0,32.0,32.0,51.0,48.0,42.0,45.0,42.0
2025-12-25T13:13:23.137205,14533.273,5217,Ring,motor_4_open,51.0,35.125,8,31.0,30.0,29.0,30.0,30.0,29.0,31.0,30.0,30.0,32.0,32.0,51.0,48.0,42.0,44.0,43.0
2025-12-25T13:13:24.033161,14534.169,5218,Ring,motor_5_flexed,51.0,35.25,8,31.0,30.0,29.0,31.0,30.0,29.0,31.0,30.0,30.0,32.0,32.0,51.0,48.0,42.0,45.0,43.0
2025-12-25T13:13:25.921095,14536.059,5218,Ring,motor_5_open,51.0,35.1875,8,31.0,30.0,29.0,31.0,30.0,29.0,31.0,30.0,30.0,32.0,32.0,51.0,48.0,42.0,45.0,42.0
2025-12-25T13:13:26.817038,14536.956,5219,Ring,motor_6_flexed,51.0,35.1875,8,31.0,30.0,29.0,30.0,31.0,29.0,31.0,30.0,30.0,32.0,32.0,51.0,48.0,42.0,45.0,42.0
2025-12-25T13:13:28.704951,14538.844,5219,Ring,motor_6_open,51.0,35.1875,8,31.0,30.0,29.0,30.0,31.0,29.0,31.0,30.0,30.0,32.0,32.0,51.0,48.0,42.0,44.0,43.0
2025-12-25T13:13:29.600909,14539.738,5220,Pinky,motor_7_flexed,51.0,35.1875,8,31.0,30.0,29.0,31.0,31.0,29.0,31.0,30.0,30.0,32.0,32.0,51.0,48.0,42.0,44.0,42.0
2025-12-25T13:13:31.488817,14541.622,5220,Pinky,motor_7_open,51.0,35.125,8,31.0,30.0,29.0,30.0,31.0,29.0,31.0,30.0,30.0,32.0,32.0,51.0,48.0,42.0,44.0,42.0
2025-12-25T13:13:32.384785,14542.525,5221,Pinky,motor_8_flexed,51.0,35.1875,8,31.0,30.0,29.0,31.0,31.0,29.0,31.0,30.0,30.0,32.0,32.0,51.0,48.0,42.0,44.0,42.0
2025-12-25T13:13:34.272698,14544.411,5221,Pinky,motor_8_open,51.0,35.1875,8,31.0,30.0,29.0,31.0,31.0,29.0,31.0,30.0,30.0,32.0,32.0,51.0,48.0,42.0,44.0,42.0
2025-12-25T13:13:35.168648,14545.306,5222,Pinky,motor_9_flexed,51.0,35.0625,8,31.0,30.0,29.0,30.0,30.0,29.0,31.0,30.0,30.0,32.0,32.0,51.0,48.0,42.0,44.0,42.0
2025-12-25T13:13:37.056564,14547.193,5222,Pinky,motor_9_open,51.0,35.125,8,31.0,30.0,29.0,30.0,30.0,29.0,31.0,30.0,30.0,32.0,32.0,51.0,48.0,42.0,45.0,42.0
2025-12-25T13:13:37.952525,14548.091,5223,Thumb,motor_13_flexed,51.0,35.0,8,31.0,30.0,29.0,30.0,30.0,29.0,31.0,30.0,30.0,32.0,32.0,51.0,48.0,42.0,44.0,41.0
2025-12-25T13:13:39.840434,14549.978,5223,Thumb,motor_13_open,51.0,35.1875,8,31.0,30.0,29.0,30.0,31.0,29.0,31.0,30.0,30.0,32.0,32.0,51.0,48.0,42.0,44.0,43.0
2025-12-25T13:13:40.736395,14550.873,5224,Thumb,motor_14_flexed,51.0,35.125,8,31.0,30.0,29.0,30.0,30.0,29.0,31.0,30.0,30.0,32.0,32.0,51.0,48.0,42.0,44.0,43.0
2025-12-25T13:13:42.624320,14552.761,5224,Thumb,motor_14_open,51.0,35.125,8,31.0,30.0,29.0,31.0,30.0,29.0,31.0,30.0,30.0,32.0,32.0,51.0,48.0,42.0,44.0,42.0
2025-12-25T13:13:43.520278,14553.659,5225,Thumb,motor_12_flexed,51.0,35.125,8,31.0,30.0,29.0,31.0,30.0,29.0,31.0,30.0,30.0,32.0,32.0,51.0,48.0,42.0,44.0,42.0
2025-12-25T13:13:45.408182,14555.545,5225,Thumb,motor_12_open,51.0,35.1875,8,31.0,30.0,29.0,31.0,31.0,29.0,31.0,30.0,30.0,32.0,32.0,51.0,48.0,42.0,44.0,42.0
2025-12-25T13:13:46.304152,14556.444,5226,Index,motor_2_flexed,51.0,35.1875,8,31.0,30.0,29.0,31.0,30.0,29.0,31.0,30.0,30.0,32.0,32.0,51.0,48.0,42.0,44.0,43.0
2025-12-25T13:13:48.192065,14558.328,5226,Index,motor_2_open,51.0,35.125,8,31.0,30.0,29.0,30.0,30.0,29.0,31.0,30.0,30.0,32.0,32.0,51.0,48.0,42.0,44.0,43.0
2025-12-25T13:13:49.088016,14559.226,5227,Index,motor_1_flexed,51.0,35.125,8,31.0,30.0,29.0,31.0,30.0,29.0,31.0,30.0,30.0,32.0,32.0,51.0,48.0,42.0,44.0,42.0
2025-12-25T13:13:50.975927,14561.109,5227,Index,motor_1_open,51.0,35.1875,8,31.0,30.0,29.0,31.0,30.0,29.0,31.0,30.0,30.0,32.0,32.0,51.0,48.0,42.0,45.0,42.0
2025-12-25T13:13:51.871901,14562.011,5228,Index,motor_3_flexed,51.0,35.125,8,31.0,30.0,29.0,30.0,30.0,29.0,31.0,30.0,30.0,32.0,32.0,51.0,48.0,42.0,44.0,43.0
2025-12-25T13:13:53.759801,14563.891,5228,Index,motor_3_open,51.0,35.125,8,31.0,30.0,29.0,31.0,30.0,29.0,31.0,30.0,30.0,32.0,32.0,51.0,48.0,42.0,44.0,42.0
2025-12-25T13:13:54.655760,14564.786,5229,Middle,motor_11_flexed,51.0,35.1875,8,31.0,30.0,29.0,30.0,30.0,29.0,31.0,30.0,30.0,32.0,32.0,51.0,48.0,42.0,45.0,43.0
2025-12-25T13:13:56.543685,14566.683,5229,Middle,motor_11_open,51.0,35.1875,8,31.0,30.0,29.0,31.0,30.0,29.0,31.0,30.0,30.0,32.0,32.0,51.0,48.0,42.0,44.0,43.0
2025-12-25T13:13:57.439647,14567.58,5230,Middle,motor_10_flexed,51.0,35.0625,8,31.0,30.0,29.0,30.0,30.0,29.0,31.0,30.0,30.0,32.0,32.0,51.0,48.0,42.0,44.0,42.0
2025-12-25T13:13:59.327548,14569.463,5230,Middle,motor_10_open,51.0,35.125,8,31.0,30.0,29.0,30.0,30.0,29.0,31.0,30.0,30.0,32.0,32.0,51.0,48.0,42.0,45.0,42.0
2025-12-25T13:14:00.223511,14570.36,5231,Ring,motor_4_flexed,51.0,35.1875,8,31.0,30.0,29.0,30.0,30.0,29.0,31.0,30.0,30.0,32.0,32.0,51.0,48.0,42.0,45.0,43.0
2025-12-25T13:14:02.111435,14572.251,5231,Ring,motor_4_open,51.0,35.1875,8,31.0,30.0,29.0,30.0,30.0,29.0,31.0,30.0,30.0,32.0,32.0,51.0,48.0,42.0,45.0,43.0
2025-12-25T13:14:03.007393,14573.146,5232,Ring,motor_5_flexed,51.0,35.125,8,31.0,30.0,29.0,30.0,30.0,29.0,31.0,30.0,30.0,32.0,32.0,51.0,48.0,42.0,45.0,42.0
2025-12-25T13:14:04.895312,14575.032,5232,Ring,motor_5_open,51.0,35.1875,8,31.0,30.0,29.0,31.0,30.0,29.0,31.0,30.0,30.0,32.0,32.0,51.0,48.0,42.0,44.0,43.0
2025-12-25T13:14:05.791266,14575.926,5233,Ring,motor_6_flexed,51.0,35.1875,8,31.0,30.0,29.0,31.0,30.0,29.0,31.0,30.0,30.0,32.0,32.0,51.0,48.0,42.0,45.0,42.0
2025-12-25T13:14:07.695179,14577.832,5233,Ring,motor_6_open,51.0,35.125,8,31.0,30.0,29.0,31.0,30.0,29.0,31.0,30.0,30.0,32.0,32.0,51.0,48.0,42.0,44.0,42.0
2025-12-25T13:14:08.591138,14578.73,5234,Pinky,motor_7_flexed,51.0,35.125,8,31.0,30.0,29.0,30.0,31.0,29.0,31.0,30.0,30.0,32.0,32.0,51.0,48.0,42.0,44.0,42.0
2025-12-25T13:14:10.175059,14580.317,5234,Pinky,motor_7_flex_hold,51.0,35.1875,8,31.0,30.0,29.0,31.0,31.0,29.0,31.0,30.0,30.0,32.0,32.0,51.0,48.0,42.0,44.0,42.0
2025-12-25T13:14:10.575050,14580.711,5234,Pinky,motor_7_open,51.0,35.25,8,31.0,30.0,29.0,31.0,31.0,29.0,31.0,30.0,30.0,32.0,32.0,51.0,48.0,42.0,44.0,43.0
2025-12-25T13:14:11.471008,14581.609,5235,Pinky,motor_8_flexed,51.0,35.0625,8,31.0,30.0,29.0,30.0,30.0,29.0,31.0,30.0,30.0,32.0,32.0,51.0,48.0,42.0,44.0,42.0
2025-12-25T13:14:13.358912,14583.497,5235,Pinky,motor_8_open,51.0,35.1875,8,31.0,30.0,29.0,31.0,30.0,29.0,31.0,30.0,30.0,32.0,32.0,51.0,48.0,42.0,44.0,43.0
2025-12-25T13:14:14.254892,14584.389,5236,Pinky,motor_9_flexed,51.0,35.125,8,31.0,30.0,29.0,30.0,31.0,29.0,31.0,30.0,30.0,32.0,32.0,51.0,48.0,42.0,44.0,42.0
2025-12-25T13:14:16.142789,14586.281,5236,Pinky,motor_9_open,51.0,35.125,8,31.0,30.0,29.0,31.0,30.0,29.0,31.0,30.0,30.0,32.0,32.0,51.0,48.0,42.0,44.0,42.0
2025-12-25T13:14:17.038746,14587.174,5237,Thumb,motor_13_flexed,51.0,35.125,8,31.0,30.0,29.0,30.0,31.0,29.0,31.0,30.0,30.0,32.0,32.0,51.0,48.0,42.0,44.0,42.0
2025-12-25T13:14:18.926674,14589.063,5237,Thumb,motor_13_open,51.0,35.125,8,31.0,30.0,29.0,30.0,31.0,29.0,31.0,30.0,30.0,32.0,32.0,51.0,48.0,42.0,44.0,42.0
2025-12-25T13:14:19.822620,14589.96,5238,Thumb,motor_14_flexed,51.0,35.125,8,31.0,30.0,29.0,30.0,30.0,29.0,31.0,30.0,30.0,32.0,32.0,51.0,48.0,42.0,45.0,42.0
2025-12-25T13:14:21.710529,14591.841,5238,Thumb,motor_14_open,51.0,35.1875,8,31.0,30.0,29.0,30.0,31.0,29.0,31.0,30.0,30.0,32.0,32.0,51.0,48.0,42.0,44.0,43.0
2025-12-25T13:14:22.606492,14592.738,5239,Thumb,motor_12_flexed,51.0,35.0625,8,31.0,30.0,29.0,30.0,30.0,29.0,31.0,30.0,30.0,32.0,32.0,51.0,48.0,42.0,44.0,42.0
2025-12-25T13:14:24.494405,14594.631,5239,Thumb,motor_12_open,51.0,35.125,8,31.0,30.0,29.0,30.0,31.0,29.0,31.0,30.0,30.0,32.0,32.0,51.0,48.0,42.0,44.0,42.0
2025-12-25T13:14:25.390375,14595.528,5240,Index,motor_2_flexed,51.0,35.1875,8,31.0,30.0,29.0,31.0,30.0,29.0,31.0,30.0,30.0,32.0,32.0,51.0,48.0,42.0,45.0,42.0
2025-12-25T13:14:27.278292,14597.417,5240,Index,motor_2_open,51.0,35.25,8,31.0,30.0,29.0,31.0,30.0,29.0,31.0,30.0,30.0,32.0,32.0,51.0,48.0,42.0,45.0,43.0
2025-12-25T13:14:28.174268,14598.312,5241,Index,motor_1_flexed,51.0,35.1875,8,31.0,30.0,29.0,31.0,30.0,29.0,31.0,30.0,30.0,32.0,32.0,51.0,48.0,42.0,44.0,43.0
2025-12-25T13:14:30.062165,14600.198,5241,Index,motor_1_open,51.0,35.1875,8,31.0,30.0,29.0,30.0,30.0,29.0,31.0,30.0,30.0,32.0,32.0,51.0,48.0,42.0,45.0,43.0
2025-12-25T13:14:30.958145,14601.095,5242,Index,motor_3_flexed,51.0,35.125,8,31.0,30.0,29.0,30.0,30.0,29.0,31.0,30.0,30.0,32.0,32.0,51.0,48.0,42.0,45.0,42.0
2025-12-25T13:14:32.846057,14602.984,5242,Index,motor_3_open,51.0,35.25,8,31.0,30.0,29.0,31.0,30.0,29.0,31.0,30.0,30.0,32.0,32.0,51.0,48.0,42.0,45.0,43.0
2025-12-25T13:14:33.742018,14603.88,5243,Middle,motor_11_flexed,51.0,35.0625,8,31.0,30.0,29.0,30.0,30.0,29.0,31.0,30.0,30.0,32.0,32.0,51.0,48.0,42.0,44.0,42.0
2025-12-25T13:14:35.629931,14605.768,5243,Middle,motor_11_open,51.0,35.0625,8,31.0,30.0,29.0,30.0,30.0,29.0,31.0,30.0,30.0,32.0,32.0,51.0,48.0,42.0,44.0,42.0
2025-12-25T13:14:36.525884,14606.66,5244,Middle,motor_10_flexed,51.0,35.0625,8,31.0,30.0,29.0,30.0,30.0,29.0,31.0,30.0,30.0,32.0,32.0,51.0,48.0,42.0,44.0,42.0
2025-12-25T13:14:38.413804,14608.549,5244,Middle,motor_10_open,51.0,35.125,8,31.0,30.0,29.0,30.0,30.0,29.0,31.0,30.0,30.0,32.0,32.0,51.0,48.0,42.0,44.0,43.0
2025-12-25T13:14:39.309766,14609.449,5245,Ring,motor_4_flexed,51.0,35.25,8,31.0,30.0,29.0,31.0,30.0,29.0,31.0,30.0,30.0,32.0,32.0,51.0,48.0,42.0,45.0,43.0
2025-12-25T13:14:41.197660,14611.335,5245,Ring,motor_4_open,51.0,35.0625,8,31.0,30.0,29.0,30.0,30.0,29.0,31.0,30.0,30.0,32.0,32.0,51.0,48.0,42.0,44.0,42.0
2025-12-25T13:14:42.093606,14612.231,5246,Ring,motor_5_flexed,51.0,35.0625,8,31.0,30.0,29.0,30.0,30.0,29.0,31.0,30.0,30.0,32.0,32.0,51.0,48.0,42.0,44.0,42.0
2025-12-25T13:14:43.981522,14614.117,5246,Ring,motor_5_open,51.0,35.1875,8,31.0,30.0,29.0,30.0,30.0,29.0,31.0,30.0,30.0,32.0,32.0,51.0,48.0,42.0,45.0,43.0
2025-12-25T13:14:44.877483,14615.016,5247,Ring,motor_6_flexed,51.0,35.125,8,31.0,30.0,29.0,30.0,30.0,29.0,31.0,30.0,30.0,32.0,32.0,51.0,48.0,42.0,45.0,42.0
2025-12-25T13:14:46.765432,14616.903,5247,Ring,motor_6_open,51.0,35.1875,8,31.0,30.0,29.0,31.0,31.0,29.0,31.0,30.0,30.0,32.0,32.0,51.0,48.0,42.0,44.0,42.0
2025-12-25T13:14:47.661384,14617.798,5248,Pinky,motor_7_flexed,51.0,35.1875,8,31.0,30.0,29.0,30.0,30.0,29.0,31.0,30.0,30.0,32.0,32.0,51.0,48.0,42.0,45.0,43.0
2025-12-25T13:14:49.549302,14619.686,5248,Pinky,motor_7_open,51.0,35.25,8,31.0,30.0,29.0,31.0,31.0,29.0,31.0,30.0,30.0,32.0,32.0,51.0,48.0,42.0,45.0,42.0
2025-12-25T13:14:50.445258,14620.584,5249,Pinky,motor_8_flexed,51.0,35.25,8,31.0,30.0,29.0,31.0,30.0,29.0,31.0,30.0,30.0,32.0,32.0,51.0,48.0,42.0,45.0,43.0
2025-12-25T13:14:52.333173,14622.474,5249,Pinky,motor_8_open,51.0,35.1875,8,31.0,30.0,29.0,31.0,31.0,29.0,31.0,30.0,30.0,32.0,32.0,51.0,48.0,42.0,44.0,42.0
2025-12-25T13:14:53.229120,14623.364,5250,Pinky,motor_9_flexed,51.0,35.1875,8,31.0,30.0,29.0,30.0,31.0,29.0,31.0,30.0,30.0,32.0,32.0,51.0,48.0,42.0,45.0,42.0
2025-12-25T13:14:55.117036,14625.252,5250,Pinky,motor_9_open,51.0,35.1875,8,31.0,30.0,29.0,30.0,30.0,29.0,31.0,30.0,30.0,32.0,32.0,51.0,48.0,42.0,45.0,43.0
2025-12-25T13:14:56.013007,14626.151,5251,Thumb,motor_13_flexed,51.0,35.0625,8,31.0,30.0,29.0,30.0,30.0,29.0,31.0,30.0,30.0,32.0,32.0,51.0,48.0,42.0,44.0,42.0
2025-12-25T13:14:57.916903,14628.044,5251,Thumb,motor_13_open,51.0,35.25,8,31.0,30.0,29.0,31.0,30.0,29.0,31.0,30.0,30.0,32.0,32.0,51.0,48.0,42.0,45.0,43.0
2025-12-25T13:14:58.812855,14628.951,5252,Thumb,motor_14_flexed,51.0,35.25,8,31.0,30.0,29.0,31.0,31.0,29.0,31.0,30.0,30.0,32.0,32.0,51.0,48.0,42.0,45.0,42.0
2025-12-25T13:15:00.700774,14630.839,5252,Thumb,motor_14_open,51.0,35.25,8,31.0,30.0,29.0,31.0,30.0,29.0,31.0,30.0,30.0,32.0,32.0,51.0,48.0,42.0,45.0,43.0
2025-12-25T13:15:01.596729,14631.735,5253,Thumb,motor_12_flexed,51.0,35.125,8,31.0,30.0,29.0,30.0,30.0,29.0,31.0,30.0,30.0,32.0,32.0,51.0,48.0,42.0,45.0,42.0
2025-12-25T13:15:03.484644,14633.625,5253,Thumb,motor_12_open,51.0,35.1875,8,31.0,30.0,29.0,30.0,31.0,29.0,31.0,30.0,30.0,32.0,32.0,51.0,48.0,42.0,45.0,42.0
2025-12-25T13:15:04.380604,14634.519,5254,Index,motor_2_flexed,51.0,35.125,8,31.0,30.0,29.0,30.0,30.0,29.0,31.0,30.0,30.0,32.0,32.0,51.0,48.0,42.0,45.0,42.0
2025-12-25T13:15:06.268516,14636.405,5254,Index,motor_2_open,51.0,35.1875,8,31.0,30.0,29.0,31.0,30.0,29.0,31.0,30.0,30.0,32.0,32.0,51.0,48.0,42.0,45.0,42.0
2025-12-25T13:15:07.164484,14637.302,5255,Index,motor_1_flexed,51.0,35.125,8,31.0,30.0,29.0,30.0,30.0,29.0,31.0,30.0,30.0,32.0,32.0,51.0,48.0,42.0,45.0,42.0
2025-12-25T13:15:09.052392,14639.187,5255,Index,motor_1_open,51.0,35.125,8,31.0,30.0,29.0,30.0,30.0,29.0,31.0,30.0,30.0,32.0,32.0,51.0,48.0,42.0,45.0,42.0
2025-12-25T13:15:09.948345,14640.086,5256,Index,motor_3_flexed,51.0,35.125,8,31.0,30.0,29.0,30.0,30.0,29.0,31.0,30.0,30.0,32.0,32.0,51.0,48.0,42.0,45.0,42.0
2025-12-25T13:15:11.836266,14641.974,5256,Index,motor_3_open,51.0,35.1875,8,31.0,30.0,29.0,31.0,30.0,29.0,31.0,30.0,30.0,32.0,32.0,51.0,48.0,42.0,44.0,43.0
2025-12-25T13:15:12.732217,14642.867,5257,Middle,motor_11_flexed,51.0,35.0625,8,31.0,30.0,29.0,30.0,30.0,29.0,31.0,30.0,30.0,32.0,32.0,51.0,48.0,42.0,44.0,42.0
2025-12-25T13:15:14.620127,14644.756,5257,Middle,motor_11_open,51.0,35.0625,8,31.0,30.0,29.0,30.0,30.0,29.0,31.0,30.0,30.0,32.0,32.0,51.0,48.0,42.0,44.0,42.0
2025-12-25T13:15:15.516087,14645.653,5258,Middle,motor_10_flexed,51.0,35.125,8,31.0,30.0,29.0,30.0,30.0,29.0,31.0,30.0,30.0,32.0,32.0,51.0,48.0,42.0,45.0,42.0
2025-12-25T13:15:17.404003,14647.542,5258,Middle,motor_10_open,51.0,35.125,8,31.0,30.0,29.0,31.0,30.0,29.0,31.0,30.0,30.0,32.0,32.0,51.0,48.0,42.0,44.0,42.0
2025-12-25T13:15:18.299960,14648.438,5259,Ring,motor_4_flexed,51.0,35.1875,8,31.0,30.0,29.0,31.0,30.0,29.0,31.0,30.0,30.0,32.0,32.0,51.0,48.0,42.0,45.0,42.0
2025-12-25T13:15:20.187886,14650.326,5259,Ring,motor_4_open,51.0,35.0625,8,31.0,30.0,29.0,30.0,30.0,29.0,31.0,30.0,30.0,32.0,32.0,51.0,48.0,42.0,44.0,42.0
2025-12-25T13:15:21.083853,14651.224,5260,Ring,motor_5_flexed,51.0,35.125,8,31.0,30.0,29.0,30.0,30.0,29.0,31.0,30.0,30.0,32.0,32.0,51.0,48.0,42.0,45.0,42.0
2025-12-25T13:15:22.971762,14653.111,5260,Ring,motor_5_open,51.0,35.125,8,31.0,30.0,29.0,30.0,30.0,29.0,31.0,30.0,30.0,32.0,32.0,51.0,48.0,42.0,44.0,43.0
2025-12-25T13:15:23.867720,14654.005,5261,Ring,motor_6_flexed,51.0,35.0625,8,31.0,30.0,29.0,30.0,30.0,29.0,31.0,30.0,30.0,32.0,32.0,51.0,48.0,42.0,44.0,42.0
2025-12-25T13:15:25.755644,14655.894,5261,Ring,motor_6_open,51.0,35.125,8,31.0,30.0,29.0,30.0,30.0,29.0,31.0,30.0,30.0,32.0,32.0,51.0,48.0,42.0,45.0,42.0
2025-12-25T13:15:26.651592,14656.791,5262,Pinky,motor_7_flexed,51.0,35.1875,8,31.0,30.0,29.0,31.0,31.0,29.0,31.0,30.0,30.0,32.0,32.0,51.0,48.0,42.0,44.0,42.0
2025-12-25T13:15:28.539505,14658.678,5262,Pinky,motor_7_open,51.0,35.1875,8,31.0,30.0,29.0,30.0,31.0,29.0,31.0,30.0,30.0,32.0,32.0,51.0,48.0,42.0,44.0,43.0
2025-12-25T13:15:29.435466,14659.571,5263,Pinky,motor_8_flexed,51.0,35.125,8,31.0,30.0,29.0,30.0,31.0,29.0,31.0,30.0,30.0,32.0,32.0,51.0,48.0,42.0,44.0,42.0
2025-12-25T13:15:31.323381,14661.458,5263,Pinky,motor_8_open,51.0,35.25,8,31.0,30.0,29.0,31.0,30.0,29.0,31.0,30.0,30.0,32.0,32.0,51.0,48.0,42.0,45.0,43.0
2025-12-25T13:15:32.219339,14662.357,5264,Pinky,motor_9_flexed,51.0,35.125,8,31.0,30.0,29.0,30.0,30.0,29.0,31.0,30.0,30.0,32.0,32.0,51.0,48.0,42.0,45.0,42.0
2025-12-25T13:15:34.107247,14664.244,5264,Pinky,motor_9_open,51.0,35.25,8,31.0,30.0,29.0,31.0,31.0,29.0,31.0,30.0,30.0,32.0,32.0,51.0,48.0,42.0,45.0,42.0
2025-12-25T13:15:35.003228,14665.137,5265,Thumb,motor_13_flexed,51.0,35.125,8,31.0,30.0,29.0,30.0,30.0,29.0,31.0,30.0,30.0,32.0,32.0,51.0,48.0,42.0,45.0,42.0
2025-12-25T13:15:36.891128,14667.028,5265,Thumb,motor_13_open,51.0,35.125,8,31.0,30.0,29.0,30.0,30.0,29.0,31.0,30.0,30.0,32.0,32.0,51.0,48.0,42.0,45.0,42.0
2025-12-25T13:15:37.787086,14667.927,5266,Thumb,motor_14_flexed,51.0,35.125,8,31.0,30.0,29.0,31.0,30.0,29.0,31.0,30.0,30.0,32.0,32.0,51.0,48.0,42.0,44.0,42.0
2025-12-25T13:15:39.675016,14669.813,5266,Thumb,motor_14_open,51.0,35.125,8,31.0,30.0,29.0,30.0,30.0,29.0,31.0,30.0,30.0,32.0,32.0,51.0,48.0,42.0,45.0,42.0
2025-12-25T13:15:40.570961,14670.709,5267,Thumb,motor_12_flexed,51.0,35.1875,8,31.0,30.0,29.0,31.0,30.0,29.0,31.0,30.0,30.0,32.0,32.0,51.0,48.0,42.0,45.0,42.0
2025-12-25T13:15:42.458875,14672.596,5267,Thumb,motor_12_open,51.0,35.1875,8,31.0,30.0,29.0,30.0,30.0,29.0,31.0,30.0,30.0,32.0,32.0,51.0,48.0,42.0,45.0,43.0
2025-12-25T13:15:43.354834,14673.491,5268,Index,motor_2_flexed,51.0,35.125,8,31.0,30.0,29.0,30.0,30.0,29.0,31.0,30.0,30.0,32.0,32.0,51.0,48.0,42.0,44.0,43.0
2025-12-25T13:15:45.242748,14675.383,5268,Index,motor_2_open,51.0,35.0625,8,31.0,30.0,29.0,30.0,30.0,29.0,31.0,30.0,30.0,32.0,32.0,51.0,48.0,42.0,44.0,42.0
2025-12-25T13:15:46.138707,14676.278,5269,Index,motor_1_flexed,51.0,35.1875,8,31.0,30.0,29.0,31.0,30.0,29.0,31.0,30.0,30.0,32.0,32.0,51.0,48.0,42.0,45.0,42.0
2025-12-25T13:15:48.026621,14678.163,5269,Index,motor_1_open,51.0,35.125,8,31.0,30.0,29.0,31.0,30.0,29.0,31.0,30.0,30.0,32.0,32.0,51.0,48.0,42.0,44.0,42.0
2025-12-25T13:15:48.922598,14679.058,5270,Index,motor_3_flexed,51.0,35.1875,8,31.0,30.0,29.0,31.0,30.0,29.0,31.0,30.0,30.0,32.0,32.0,51.0,48.0,42.0,45.0,42.0
2025-12-25T13:15:50.810494,14680.945,5270,Index,motor_3_open,51.0,35.1875,8,31.0,30.0,29.0,31.0,30.0,29.0,31.0,30.0,30.0,32.0,32.0,51.0,48.0,42.0,45.0,42.0
2025-12-25T13:15:51.706455,14681.847,5271,Middle,motor_11_flexed,51.0,35.125,8,31.0,30.0,29.0,30.0,30.0,29.0,31.0,30.0,30.0,32.0,32.0,51.0,48.0,42.0,45.0,42.0
2025-12-25T13:15:53.594359,14683.731,5271,Middle,motor_11_open,51.0,35.125,8,31.0,30.0,29.0,30.0,30.0,29.0,31.0,30.0,30.0,32.0,32.0,51.0,48.0,42.0,44.0,43.0
2025-12-25T13:15:54.490327,14684.627,5272,Middle,motor_10_flexed,51.0,35.125,8,31.0,30.0,29.0,31.0,30.0,29.0,31.0,30.0,30.0,32.0,32.0,51.0,48.0,42.0,44.0,42.0
2025-12-25T13:15:56.378241,14686.515,5272,Middle,motor_10_open,51.0,35.0625,8,31.0,30.0,29.0,30.0,30.0,29.0,31.0,30.0,30.0,32.0,32.0,51.0,48.0,42.0,44.0,42.0
2025-12-25T13:15:57.274202,14687.412,5273,Ring,motor_4_flexed,51.0,35.0625,8,31.0,30.0,29.0,30.0,30.0,29.0,31.0,30.0,30.0,32.0,32.0,51.0,48.0,42.0,44.0,42.0
2025-12-25T13:15:59.162116,14689.299,5273,Ring,motor_4_open,51.0,35.125,8,31.0,30.0,29.0,31.0,30.0,29.0,31.0,30.0,30.0,32.0,32.0,51.0,48.0,42.0,44.0,42.0
2025-12-25T13:16:00.058073,14690.194,5274,Ring,motor_5_flexed,51.0,35.25,8,31.0,30.0,29.0,31.0,30.0,29.0,31.0,30.0,30.0,32.0,32.0,51.0,48.0,42.0,45.0,43.0
2025-12-25T13:16:01.945989,14692.081,5274,Ring,motor_5_open,51.0,35.1875,8,31.0,30.0,29.0,31.0,30.0,29.0,31.0,30.0,30.0,32.0,32.0,51.0,48.0,42.0,45.0,42.0
2025-12-25T13:16:02.841950,14692.98,5275,Ring,motor_6_flexed,51.0,35.125,8,31.0,30.0,29.0,30.0,31.0,29.0,31.0,30.0,30.0,32.0,32.0,51.0,48.0,42.0,44.0,42.0
2025-12-25T13:16:04.729853,14694.867,5275,Ring,motor_6_open,51.0,35.3125,8,31.0,30.0,29.0,31.0,31.0,29.0,31.0,30.0,30.0,32.0,32.0,51.0,48.0,42.0,45.0,43.0
2025-12-25T13:16:05.625813,14695.763,5276,Pinky,motor_7_flexed,51.0,35.1875,8,31.0,30.0,29.0,31.0,31.0,29.0,31.0,30.0,30.0,32.0,32.0,51.0,48.0,42.0,44.0,42.0
2025-12-25T13:16:07.513726,14697.651,5276,Pinky,motor_7_open,51.0,35.125,8,31.0,30.0,29.0,30.0,31.0,29.0,31.0,30.0,30.0,32.0,32.0,51.0,48.0,42.0,44.0,42.0
2025-12-25T13:16:08.409696,14698.547,5277,Pinky,motor_8_flexed,51.0,35.1875,8,31.0,30.0,29.0,31.0,31.0,29.0,31.0,30.0,30.0,32.0,32.0,51.0,48.0,42.0,44.0,42.0
2025-12-25T13:16:09.993622,14700.135,5277,Pinky,motor_8_flex_hold,51.0,35.1875,8,31.0,30.0,29.0,30.0,31.0,29.0,31.0,30.0,30.0,32.0,32.0,51.0,48.0,42.0,45.0,42.0
2025-12-25T13:16:10.393599,14700.524,5277,Pinky,motor_8_open,51.0,35.0625,8,31.0,30.0,29.0,30.0,30.0,29.0,31.0,30.0,30.0,32.0,32.0,51.0,48.0,42.0,44.0,42.0
2025-12-25T13:16:11.289565,14701.427,5278,Pinky,motor_9_flexed,51.0,35.1875,8,31.0,30.0,29.0,31.0,31.0,29.0,31.0,30.0,30.0,32.0,32.0,51.0,48.0,42.0,44.0,42.0
2025-12-25T13:16:13.177466,14703.309,5278,Pinky,motor_9_open,51.0,35.125,8,31.0,30.0,29.0,30.0,31.0,29.0,31.0,30.0,30.0,32.0,32.0,51.0,48.0,42.0,44.0,42.0
2025-12-25T13:16:14.073433,14704.204,5279,Thumb,motor_13_flexed,51.0,35.125,8,31.0,30.0,29.0,30.0,30.0,29.0,31.0,30.0,30.0,32.0,32.0,51.0,48.0,42.0,44.0,43.0
2025-12-25T13:16:15.961352,14706.099,5279,Thumb,motor_13_open,51.0,35.1875,8,31.0,30.0,29.0,31.0,30.0,29.0,31.0,30.0,30.0,32.0,32.0,51.0,48.0,42.0,45.0,42.0
2025-12-25T13:16:16.857312,14706.995,5280,Thumb,motor_14_flexed,51.0,35.125,8,31.0,30.0,29.0,31.0,30.0,29.0,31.0,30.0,30.0,32.0,32.0,51.0,48.0,42.0,44.0,42.0
2025-12-25T13:16:18.745222,14708.876,5280,Thumb,motor_14_open,51.0,35.25,8,31.0,30.0,29.0,31.0,30.0,29.0,31.0,30.0,30.0,32.0,32.0,51.0,48.0,42.0,45.0,43.0
2025-12-25T13:16:19.641175,14709.778,5281,Thumb,motor_12_flexed,51.0,35.1875,8,31.0,30.0,29.0,30.0,31.0,29.0,31.0,30.0,30.0,32.0,32.0,51.0,48.0,42.0,45.0,42.0
2025-12-25T13:16:21.529100,14711.668,5281,Thumb,motor_12_open,51.0,35.1875,8,31.0,30.0,29.0,31.0,30.0,29.0,31.0,30.0,30.0,32.0,32.0,51.0,48.0,42.0,45.0,42.0
2025-12-25T13:16:22.425057,14712.563,5282,Index,motor_2_flexed,51.0,35.25,8,31.0,30.0,29.0,31.0,31.0,29.0,31.0,30.0,30.0,32.0,32.0,51.0,48.0,42.0,45.0,42.0
2025-12-25T13:16:24.312959,14714.446,5282,Index,motor_2_open,51.0,35.125,8,31.0,30.0,29.0,31.0,30.0,29.0,31.0,30.0,30.0,32.0,32.0,51.0,48.0,42.0,44.0,42.0
2025-12-25T13:16:25.208909,14715.341,5283,Index,motor_1_flexed,51.0,35.0625,8,31.0,30.0,29.0,30.0,30.0,29.0,31.0,30.0,30.0,32.0,32.0,51.0,48.0,42.0,44.0,42.0
2025-12-25T13:16:27.096845,14717.236,5283,Index,motor_1_open,51.0,35.125,8,31.0,30.0,29.0,30.0,30.0,29.0,31.0,30.0,30.0,32.0,32.0,51.0,48.0,42.0,45.0,42.0
2025-12-25T13:16:27.992813,14718.131,5284,Index,motor_3_flexed,51.0,35.125,8,31.0,30.0,29.0,31.0,30.0,29.0,31.0,30.0,30.0,32.0,32.0,51.0,48.0,42.0,44.0,42.0
2025-12-25T13:16:29.880706,14720.016,5284,Index,motor_3_open,51.0,35.0625,8,31.0,30.0,29.0,30.0,30.0,29.0,31.0,30.0,30.0,32.0,32.0,51.0,48.0,42.0,44.0,42.0
2025-12-25T13:16:30.776679,14720.913,5285,Middle,motor_11_flexed,51.0,35.125,8,31.0,30.0,29.0,30.0,30.0,29.0,31.0,30.0,30.0,32.0,32.0,51.0,48.0,42.0,45.0,42.0
2025-12-25T13:16:32.664607,14722.803,5285,Middle,motor_11_open,51.0,35.0625,8,31.0,30.0,29.0,30.0,30.0,29.0,31.0,30.0,30.0,32.0,32.0,51.0,48.0,42.0,44.0,42.0
2025-12-25T13:16:33.560543,14723.699,5286,Middle,motor_10_flexed,51.0,35.125,8,31.0,30.0,29.0,30.0,30.0,29.0,31.0,30.0,30.0,32.0,32.0,51.0,48.0,42.0,45.0,42.0
2025-12-25T13:16:35.448484,14725.584,5286,Middle,motor_10_open,51.0,35.1875,8,31.0,30.0,29.0,31.0,30.0,29.0,31.0,30.0,30.0,32.0,32.0,51.0,48.0,42.0,45.0,42.0
2025-12-25T13:16:36.344453,14726.484,5287,Ring,motor_4_flexed,51.0,35.25,8,31.0,30.0,29.0,31.0,30.0,29.0,31.0,30.0,30.0,32.0,32.0,51.0,48.0,42.0,45.0,43.0
2025-12-25T13:16:38.232371,14728.371,5287,Ring,motor_4_open,51.0,35.125,8,31.0,30.0,29.0,30.0,30.0,29.0,31.0,30.0,30.0,32.0,32.0,51.0,48.0,42.0,45.0,42.0
2025-12-25T13:16:39.128301,14729.268,5288,Ring,motor_5_flexed,51.0,35.1875,8,31.0,30.0,29.0,30.0,30.0,29.0,31.0,30.0,30.0,32.0,32.0,51.0,48.0,42.0,45.0,43.0
2025-12-25T13:16:41.016244,14731.157,5288,Ring,motor_5_open,51.0,35.25,8,31.0,30.0,29.0,31.0,30.0,29.0,31.0,30.0,30.0,32.0,32.0,51.0,48.0,42.0,45.0,43.0
2025-12-25T13:16:41.912213,14732.051,5289,Ring,motor_6_flexed,51.0,35.125,8,31.0,30.0,29.0,31.0,30.0,29.0,31.0,30.0,30.0,32.0,32.0,51.0,48.0,42.0,44.0,42.0
2025-12-25T13:16:43.800114,14733.94,5289,Ring,motor_6_open,51.0,35.1875,8,31.0,30.0,29.0,31.0,31.0,29.0,31.0,30.0,30.0,32.0,32.0,51.0,48.0,42.0,44.0,42.0
2025-12-25T13:16:44.696073,14734.836,5290,Pinky,motor_7_flexed,51.0,35.1875,8,31.0,30.0,29.0,30.0,31.0,29.0,31.0,30.0,30.0,32.0,32.0,51.0,48.0,42.0,45.0,42.0
2025-12-25T13:16:46.583998,14736.724,5290,Pinky,motor_7_open,51.0,35.0625,8,31.0,30.0,29.0,30.0,30.0,29.0,31.0,30.0,30.0,32.0,32.0,51.0,48.0,42.0,44.0,42.0
2025-12-25T13:16:47.479954,14737.615,5291,Pinky,motor_8_flexed,51.0,35.1875,8,31.0,30.0,29.0,30.0,31.0,29.0,31.0,30.0,30.0,32.0,32.0,51.0,48.0,42.0,44.0,43.0
2025-12-25T13:16:49.367868,14739.51,5291,Pinky,motor_8_open,51.0,35.125,8,31.0,30.0,29.0,30.0,30.0,29.0,31.0,30.0,30.0,32.0,32.0,51.0,48.0,42.0,45.0,42.0
2025-12-25T13:16:50.263828,14740.403,5292,Pinky,motor_9_flexed,51.0,35.125,8,31.0,30.0,29.0,31.0,30.0,29.0,31.0,30.0,30.0,32.0,32.0,51.0,48.0,42.0,44.0,42.0
2025-12-25T13:16:52.151708,14742.292,5292,Pinky,motor_9_open,51.0,35.125,8,31.0,30.0,29.0,30.0,30.0,29.0,31.0,30.0,30.0,32.0,32.0,51.0,48.0,42.0,45.0,42.0
2025-12-25T13:16:53.047665,14743.187,5293,Thumb,motor_13_flexed,51.0,35.1875,8,31.0,30.0,29.0,30.0,31.0,29.0,31.0,30.0,30.0,32.0,32.0,51.0,48.0,42.0,45.0,42.0
2025-12-25T13:16:54.935577,14745.074,5293,Thumb,motor_13_open,51.0,35.125,8,31.0,30.0,29.0,31.0,30.0,29.0,31.0,30.0,30.0,32.0,32.0,51.0,48.0,42.0,44.0,42.0
2025-12-25T13:16:55.831539,14745.967,5294,Thumb,motor_14_flexed,51.0,35.0625,8,31.0,30.0,29.0,30.0,30.0,29.0,31.0,30.0,30.0,32.0,32.0,51.0,48.0,42.0,44.0,42.0
2025-12-25T13:16:57.719454,14747.86,5294,Thumb,motor_14_open,51.0,35.1875,8,31.0,30.0,29.0,31.0,30.0,29.0,31.0,30.0,30.0,32.0,32.0,51.0,48.0,42.0,44.0,43.0
2025-12-25T13:16:58.615410,14748.755,5295,Thumb,motor_12_flexed,51.0,35.1875,8,31.0,30.0,29.0,30.0,30.0,29.0,31.0,30.0,30.0,32.0,32.0,51.0,48.0,42.0,45.0,43.0
2025-12-25T13:17:00.503327,14750.641,5295,Thumb,motor_12_open,51.0,35.125,8,31.0,30.0,29.0,30.0,30.0,29.0,31.0,30.0,30.0,32.0,32.0,51.0,48.0,42.0,45.0,42.0
2025-12-25T13:17:01.399287,14751.538,5296,Index,motor_2_flexed,51.0,35.125,8,31.0,30.0,29.0,31.0,30.0,29.0,31.0,30.0,30.0,32.0,32.0,51.0,48.0,42.0,44.0,42.0
2025-12-25T13:17:03.287196,14753.425,5296,Index,motor_2_open,51.0,35.0625,8,31.0,30.0,29.0,30.0,30.0,29.0,31.0,30.0,30.0,32.0,32.0,51.0,48.0,42.0,44.0,42.0
2025-12-25T13:17:04.183159,14754.321,5297,Index,motor_1_flexed,51.0,35.125,8,31.0,30.0,29.0,31.0,30.0,29.0,31.0,30.0,30.0,32.0,32.0,51.0,48.0,42.0,44.0,42.0
2025-12-25T13:17:06.071063,14756.209,5297,Index,motor_1_open,51.0,35.125,8,31.0,30.0,29.0,31.0,30.0,29.0,31.0,30.0,30.0,32.0,32.0,51.0,48.0,42.0,44.0,42.0
2025-12-25T13:17:06.967033,14757.1,5298,Index,motor_3_flexed,51.0,35.1875,8,31.0,30.0,29.0,30.0,30.0,29.0,31.0,30.0,30.0,32.0,32.0,51.0,48.0,42.0,45.0,43.0
2025-12-25T13:17:08.854946,14758.991,5298,Index,motor_3_open,51.0,35.125,8,31.0,30.0,29.0,30.0,30.0,29.0,31.0,30.0,30.0,32.0,32.0,51.0,48.0,42.0,44.0,43.0
2025-12-25T13:17:09.750908,14759.891,5299,Middle,motor_11_flexed,51.0,35.125,8,31.0,30.0,29.0,30.0,30.0,29.0,31.0,30.0,30.0,32.0,32.0,51.0,48.0,42.0,44.0,43.0
2025-12-25T13:17:10.838856,14760.977,5299,Middle,motor_11_flex_hold,51.0,35.0625,8,31.0,30.0,29.0,30.0,30.0,29.0,31.0,30.0,30.0,32.0,32.0,51.0,48.0,42.0,44.0,42.0
2025-12-25T13:17:11.638820,14761.776,5299,Middle,motor_11_open,51.0,35.125,8,31.0,30.0,29.0,31.0,30.0,29.0,31.0,30.0,30.0,32.0,32.0,51.0,48.0,42.0,44.0,42.0
2025-12-25T13:17:12.534780,14762.671,5300,Middle,motor_10_flexed,51.0,35.0625,8,31.0,30.0,29.0,30.0,30.0,29.0,31.0,30.0,30.0,32.0,32.0,51.0,48.0,42.0,44.0,42.0
2025-12-25T13:17:14.422686,14764.56,5300,Middle,motor_10_open,51.0,35.125,8,31.0,30.0,29.0,30.0,30.0,29.0,31.0,30.0,30.0,32.0,32.0,51.0,48.0,42.0,45.0,42.0
2025-12-25T13:17:15.318651,14765.457,5301,Ring,motor_4_flexed,51.0,35.125,8,31.0,30.0,29.0,30.0,30.0,29.0,31.0,30.0,30.0,32.0,32.0,51.0,48.0,42.0,45.0,42.0
2025-12-25T13:17:17.206568,14767.343,5301,Ring,motor_4_open,51.0,35.1875,8,31.0,30.0,29.0,30.0,30.0,29.0,31.0,30.0,30.0,32.0,32.0,51.0,48.0,42.0,45.0,43.0
2025-12-25T13:17:18.102525,14768.239,5302,Ring,motor_5_flexed,51.0,35.125,8,31.0,30.0,29.0,30.0,30.0,29.0,31.0,30.0,30.0,32.0,32.0,51.0,48.0,42.0,45.0,42.0
2025-12-25T13:17:19.990440,14770.13,5302,Ring,motor_5_open,51.0,35.125,8,31.0,30.0,29.0,31.0,30.0,29.0,31.0,30.0,30.0,32.0,32.0,51.0,48.0,42.0,44.0,42.0
2025-12-25T13:17:20.886401,14771.023,5303,Ring,motor_6_flexed,51.0,35.125,8,31.0,30.0,29.0,31.0,30.0,29.0,31.0,30.0,30.0,32.0,32.0,51.0,48.0,42.0,44.0,42.0
2025-12-25T13:17:22.774302,14772.912,5303,Ring,motor_6_open,51.0,35.1875,8,31.0,30.0,29.0,31.0,30.0,29.0,31.0,30.0,30.0,32.0,32.0,51.0,48.0,42.0,45.0,42.0
2025-12-25T13:17:23.670259,14773.801,5304,Pinky,motor_7_flexed,51.0,35.1875,8,31.0,30.0,29.0,30.0,31.0,29.0,31.0,30.0,30.0,32.0,32.0,51.0,48.0,42.0,45.0,42.0
2025-12-25T13:17:25.558192,14775.695,5304,Pinky,motor_7_open,51.0,35.25,8,31.0,30.0,29.0,30.0,31.0,29.0,31.0,30.0,30.0,32.0,32.0,51.0,48.0,42.0,45.0,43.0
2025-12-25T13:17:26.454143,14776.592,5305,Pinky,motor_8_flexed,51.0,35.125,8,31.0,30.0,29.0,31.0,30.0,29.0,31.0,30.0,30.0,32.0,32.0,51.0,48.0,42.0,44.0,42.0
2025-12-25T13:17:28.342060,14778.481,5305,Pinky,motor_8_open,51.0,35.1875,8,31.0,30.0,29.0,31.0,30.0,29.0,31.0,30.0,30.0,32.0,32.0,51.0,48.0,42.0,45.0,42.0
2025-12-25T13:17:29.238022,14779.373,5306,Pinky,motor_9_flexed,51.0,35.1875,8,31.0,30.0,29.0,31.0,31.0,29.0,31.0,30.0,30.0,32.0,32.0,51.0,48.0,42.0,44.0,42.0
2025-12-25T13:17:31.125934,14781.263,5306,Pinky,motor_9_open,51.0,35.125,8,31.0,30.0,29.0,31.0,30.0,29.0,31.0,30.0,30.0,32.0,32.0,51.0,48.0,42.0,44.0,42.0
2025-12-25T13:17:32.021892,14782.152,5307,Thumb,motor_13_flexed,51.0,35.1875,8,31.0,30.0,29.0,30.0,31.0,29.0,31.0,30.0,30.0,32.0,32.0,51.0,48.0,42.0,44.0,43.0
2025-12-25T13:17:33.909799,14784.047,5307,Thumb,motor_13_open,51.0,35.1875,8,31.0,30.0,29.0,31.0,30.0,29.0,31.0,30.0,30.0,32.0,32.0,51.0,48.0,42.0,44.0,43.0
2025-12-25T13:17:34.805773,14784.943,5308,Thumb,motor_14_flexed,51.0,35.1875,8,31.0,30.0,29.0,31.0,30.0,29.0,31.0,30.0,30.0,32.0,32.0,51.0,48.0,42.0,45.0,42.0
2025-12-25T13:17:36.693680,14786.83,5308,Thumb,motor_14_open,51.0,35.25,8,31.0,30.0,29.0,31.0,30.0,29.0,31.0,30.0,30.0,32.0,32.0,51.0,48.0,42.0,45.0,43.0
2025-12-25T13:17:37.589639,14787.73,5309,Thumb,motor_12_flexed,51.0,35.0625,8,31.0,30.0,29.0,30.0,30.0,29.0,31.0,30.0,30.0,32.0,32.0,51.0,48.0,42.0,44.0,42.0
2025-12-25T13:17:39.477565,14789.616,5309,Thumb,motor_12_open,51.0,35.125,8,31.0,30.0,29.0,31.0,30.0,29.0,31.0,30.0,30.0,32.0,32.0,51.0,48.0,42.0,44.0,42.0
2025-12-25T13:17:40.373513,14790.512,5310,Index,motor_2_flexed,51.0,35.0625,8,31.0,30.0,29.0,30.0,30.0,29.0,31.0,30.0,30.0,32.0,32.0,51.0,48.0,42.0,44.0,42.0
2025-12-25T13:17:42.261429,14792.401,5310,Index,motor_2_open,51.0,35.0625,8,31.0,30.0,29.0,30.0,30.0,29.0,31.0,30.0,30.0,32.0,32.0,51.0,48.0,42.0,44.0,42.0
2025-12-25T13:17:43.157390,14793.296,5311,Index,motor_1_flexed,51.0,35.0625,8,31.0,30.0,29.0,30.0,30.0,29.0,31.0,30.0,30.0,32.0,32.0,51.0,48.0,42.0,44.0,42.0
2025-12-25T13:17:45.045303,14795.186,5311,Index,motor_1_open,51.0,35.125,8,31.0,30.0,29.0,30.0,30.0,29.0,31.0,30.0,30.0,32.0,32.0,51.0,48.0,42.0,45.0,42.0
2025-12-25T13:17:45.941260,14796.083,5312,Index,motor_3_flexed,51.0,35.1875,8,31.0,30.0,29.0,31.0,30.0,29.0,31.0,30.0,30.0,32.0,32.0,51.0,48.0,42.0,45.0,42.0
2025-12-25T13:17:47.829178,14797.967,5312,Index,motor_3_open,51.0,35.125,8,31.0,30.0,29.0,31.0,30.0,29.0,31.0,30.0,30.0,32.0,32.0,51.0,48.0,42.0,44.0,42.0
2025-12-25T13:17:48.725146,14798.864,5313,Middle,motor_11_flexed,51.0,35.0625,8,31.0,30.0,29.0,30.0,30.0,29.0,31.0,30.0,30.0,32.0,32.0,51.0,48.0,42.0,44.0,42.0
2025-12-25T13:17:50.613040,14800.755,5313,Middle,motor_11_open,51.0,35.125,8,31.0,30.0,29.0,30.0,30.0,29.0,31.0,30.0,30.0,32.0,32.0,51.0,48.0,42.0,45.0,42.0
2025-12-25T13:17:51.509008,14801.648,5314,Middle,motor_10_flexed,51.0,35.1875,8,31.0,30.0,29.0,31.0,30.0,29.0,31.0,30.0,30.0,32.0,32.0,51.0,48.0,42.0,45.0,42.0
2025-12-25T13:17:53.396937,14803.537,5314,Middle,motor_10_open,51.0,35.0625,8,31.0,30.0,29.0,30.0,30.0,29.0,31.0,30.0,30.0,32.0,32.0,51.0,48.0,42.0,44.0,42.0
2025-12-25T13:17:54.292881,14804.434,5315,Ring,motor_4_flexed,51.0,35.0625,8,31.0,30.0,29.0,30.0,30.0,29.0,31.0,30.0,30.0,32.0,32.0,51.0,48.0,42.0,44.0,42.0
2025-12-25T13:17:56.180796,14806.321,5315,Ring,motor_4_open,51.0,35.125,8,31.0,30.0,29.0,31.0,30.0,29.0,31.0,30.0,30.0,32.0,32.0,51.0,48.0,42.0,44.0,42.0
2025-12-25T13:17:57.076754,14807.218,5316,Ring,motor_5_flexed,51.0,35.125,8,31.0,30.0,29.0,30.0,30.0,29.0,31.0,30.0,30.0,32.0,32.0,51.0,48.0,42.0,44.0,43.0
2025-12-25T13:17:58.964669,14809.105,5316,Ring,motor_5_open,51.0,35.1875,8,31.0,30.0,29.0,31.0,30.0,29.0,31.0,30.0,30.0,32.0,32.0,51.0,48.0,42.0,45.0,42.0
2025-12-25T13:17:59.860630,14810.0,5317,Ring,motor_6_flexed,51.0,35.1875,8,31.0,30.0,29.0,31.0,30.0,29.0,31.0,30.0,30.0,32.0,32.0,51.0,48.0,42.0,45.0,42.0
2025-12-25T13:18:01.748575,14811.889,5317,Ring,motor_6_open,51.0,35.1875,8,31.0,30.0,29.0,30.0,31.0,29.0,31.0,30.0,30.0,32.0,32.0,51.0,48.0,42.0,45.0,42.0
2025-12-25T13:18:02.644504,14812.782,5318,Pinky,motor_7_flexed,51.0,35.1875,8,31.0,30.0,29.0,31.0,31.0,29.0,31.0,30.0,30.0,32.0,32.0,51.0,48.0,42.0,44.0,42.0
2025-12-25T13:18:04.532406,14814.67,5318,Pinky,motor_7_open,51.0,35.3125,8,31.0,30.0,29.0,31.0,31.0,29.0,31.0,30.0,30.0,32.0,32.0,51.0,48.0,42.0,45.0,43.0
2025-12-25T13:18:05.428365,14815.567,5319,Pinky,motor_8_flexed,51.0,35.0625,8,31.0,30.0,29.0,30.0,30.0,29.0,31.0,30.0,30.0,32.0,32.0,51.0,48.0,42.0,44.0,42.0
2025-12-25T13:18:07.316319,14817.455,5319,Pinky,motor_8_open,51.0,35.125,8,31.0,30.0,29.0,30.0,31.0,29.0,31.0,30.0,30.0,32.0,32.0,51.0,48.0,42.0,44.0,42.0
2025-12-25T13:18:08.212271,14818.352,5320,Pinky,motor_9_flexed,51.0,35.3125,8,31.0,30.0,29.0,30.0,30.0,29.0,31.0,30.0,30.0,32.0,32.0,51.0,48.0,42.0,44.0,46.0
2025-12-25T13:18:10.100182,14820.239,5320,Pinky,motor_9_open,51.0,35.0625,8,31.0,30.0,29.0,30.0,30.0,29.0,31.0,30.0,30.0,32.0,32.0,51.0,48.0,42.0,44.0,42.0
2025-12-25T13:18:10.996141,14821.135,5321,Thumb,motor_13_flexed,51.0,35.1875,8,31.0,30.0,29.0,30.0,30.0,29.0,31.0,30.0,30.0,32.0,32.0,51.0,48.0,42.0,45.0,43.0
2025-12-25T13:18:12.884058,14823.021,5321,Thumb,motor_13_open,51.0,35.125,8,31.0,30.0,29.0,30.0,30.0,29.0,31.0,30.0,30.0,32.0,32.0,51.0,48.0,42.0,44.0,43.0
2025-12-25T13:18:13.780015,14823.917,5322,Thumb,motor_14_flexed,51.0,35.125,8,31.0,30.0,29.0,31.0,30.0,29.0,31.0,30.0,30.0,32.0,32.0,51.0,48.0,42.0,44.0,42.0
2025-12-25T13:18:15.667929,14825.807,5322,Thumb,motor_14_open,51.0,35.1875,8,31.0,30.0,29.0,31.0,30.0,29.0,31.0,30.0,30.0,32.0,32.0,51.0,48.0,42.0,45.0,42.0
2025-12-25T13:18:16.563889,14826.702,5323,Thumb,motor_12_flexed,51.0,35.125,8,31.0,30.0,29.0,31.0,30.0,29.0,31.0,30.0,30.0,32.0,32.0,51.0,48.0,42.0,44.0,42.0
2025-12-25T13:18:18.451804,14828.59,5323,Thumb,motor_12_open,51.0,35.0625,8,31.0,30.0,29.0,30.0,30.0,29.0,31.0,30.0,30.0,32.0,32.0,51.0,48.0,42.0,44.0,42.0
2025-12-25T13:18:19.347762,14829.486,5324,Index,motor_2_flexed,51.0,35.125,8,31.0,30.0,29.0,30.0,31.0,29.0,31.0,30.0,30.0,32.0,32.0,51.0,48.0,42.0,44.0,42.0
2025-12-25T13:18:21.235686,14831.376,5324,Index,motor_2_open,51.0,35.125,8,31.0,30.0,29.0,30.0,31.0,29.0,31.0,30.0,30.0,32.0,32.0,51.0,48.0,42.0,44.0,42.0
2025-12-25T13:18:22.131647,14832.272,5325,Index,motor_1_flexed,51.0,35.25,8,31.0,30.0,29.0,31.0,31.0,29.0,31.0,30.0,30.0,32.0,32.0,51.0,48.0,42.0,45.0,42.0
2025-12-25T13:18:24.019535,14834.157,5325,Index,motor_1_open,51.0,35.125,8,31.0,30.0,29.0,30.0,30.0,29.0,31.0,30.0,30.0,32.0,32.0,51.0,48.0,42.0,45.0,42.0
2025-12-25T13:18:24.915518,14835.056,5326,Index,motor_3_flexed,51.0,35.125,8,31.0,30.0,29.0,30.0,30.0,29.0,31.0,30.0,30.0,32.0,32.0,51.0,48.0,42.0,45.0,42.0
2025-12-25T13:18:26.803432,14836.943,5326,Index,motor_3_open,51.0,35.0625,8,31.0,30.0,29.0,30.0,30.0,29.0,31.0,30.0,30.0,32.0,32.0,51.0,48.0,42.0,44.0,42.0
2025-12-25T13:18:27.699393,14837.839,5327,Middle,motor_11_flexed,51.0,35.125,8,31.0,30.0,29.0,30.0,30.0,29.0,31.0,30.0,30.0,32.0,32.0,51.0,48.0,42.0,45.0,42.0
2025-12-25T13:18:29.587309,14839.725,5327,Middle,motor_11_open,51.0,35.0625,8,31.0,30.0,29.0,30.0,30.0,29.0,31.0,30.0,30.0,32.0,32.0,51.0,48.0,42.0,44.0,42.0
2025-12-25T13:18:30.483266,14840.618,5328,Middle,motor_10_flexed,51.0,35.0625,8,31.0,30.0,29.0,30.0,30.0,29.0,31.0,30.0,30.0,32.0,32.0,51.0,48.0,42.0,44.0,42.0
2025-12-25T13:18:32.371181,14842.511,5328,Middle,motor_10_open,51.0,35.125,8,31.0,30.0,29.0,30.0,30.0,29.0,31.0,30.0,30.0,32.0,32.0,51.0,48.0,42.0,44.0,43.0
2025-12-25T13:18:33.267139,14843.408,5329,Ring,motor_4_flexed,51.0,35.125,8,31.0,30.0,29.0,30.0,30.0,29.0,31.0,30.0,30.0,32.0,32.0,51.0,48.0,42.0,44.0,43.0
2025-12-25T13:18:35.155021,14845.293,5329,Ring,motor_4_open,51.0,35.1875,8,31.0,30.0,29.0,31.0,30.0,29.0,31.0,30.0,30.0,32.0,32.0,51.0,48.0,42.0,45.0,42.0
2025-12-25T13:18:36.051004,14846.19,5330,Ring,motor_5_flexed,51.0,35.0625,8,31.0,30.0,29.0,30.0,30.0,29.0,31.0,30.0,30.0,32.0,32.0,51.0,48.0,42.0,44.0,42.0
2025-12-25T13:18:37.938894,14848.079,5330,Ring,motor_5_open,51.0,35.125,8,31.0,30.0,29.0,30.0,30.0,29.0,31.0,30.0,30.0,32.0,32.0,51.0,48.0,42.0,45.0,42.0
2025-12-25T13:18:38.834879,14848.973,5331,Ring,motor_6_flexed,51.0,35.0625,8,31.0,30.0,29.0,30.0,30.0,29.0,31.0,30.0,30.0,32.0,32.0,51.0,48.0,42.0,44.0,42.0
2025-12-25T13:18:40.722791,14850.863,5331,Ring,motor_6_open,51.0,35.125,8,31.0,30.0,29.0,30.0,30.0,29.0,31.0,30.0,30.0,32.0,32.0,51.0,48.0,42.0,45.0,42.0
2025-12-25T13:18:41.618753,14851.756,5332,Pinky,motor_7_flexed,51.0,35.125,8,31.0,30.0,29.0,30.0,30.0,29.0,31.0,30.0,30.0,32.0,32.0,51.0,48.0,42.0,45.0,42.0
2025-12-25T13:18:43.506663,14853.644,5332,Pinky,motor_7_open,51.0,35.1875,8,31.0,30.0,29.0,31.0,31.0,29.0,31.0,30.0,30.0,32.0,32.0,51.0,48.0,42.0,44.0,42.0
2025-12-25T13:18:44.402620,14854.544,5333,Pinky,motor_8_flexed,51.0,35.125,8,31.0,30.0,29.0,31.0,30.0,29.0,31.0,30.0,30.0,32.0,32.0,51.0,48.0,42.0,44.0,42.0
2025-12-25T13:18:46.290533,14856.429,5333,Pinky,motor_8_open,51.0,35.1875,8,31.0,30.0,29.0,31.0,30.0,29.0,31.0,30.0,30.0,32.0,32.0,51.0,48.0,42.0,45.0,42.0
2025-12-25T13:18:47.186496,14857.323,5334,Pinky,motor_9_flexed,51.0,35.1875,8,31.0,30.0,29.0,31.0,30.0,29.0,31.0,30.0,30.0,32.0,32.0,51.0,48.0,42.0,45.0,42.0
2025-12-25T13:18:49.074395,14859.214,5334,Pinky,motor_9_open,51.0,35.1875,8,31.0,30.0,29.0,30.0,30.0,29.0,31.0,30.0,30.0,32.0,32.0,51.0,48.0,42.0,45.0,43.0
2025-12-25T13:18:49.970385,14860.109,5335,Thumb,motor_13_flexed,51.0,35.1875,8,31.0,30.0,29.0,30.0,31.0,29.0,31.0,30.0,30.0,32.0,32.0,51.0,48.0,42.0,44.0,43.0
2025-12-25T13:18:51.858300,14861.996,5335,Thumb,motor_13_open,51.0,34.9375,8,31.0,30.0,29.0,30.0,30.0,29.0,31.0,30.0,30.0,32.0,32.0,51.0,48.0,42.0,44.0,40.0
2025-12-25T13:18:52.754244,14862.892,5336,Thumb,motor_14_flexed,51.0,35.25,8,31.0,30.0,29.0,31.0,30.0,29.0,31.0,30.0,30.0,32.0,32.0,51.0,48.0,42.0,46.0,42.0
2025-12-25T13:18:54.642155,14864.781,5336,Thumb,motor_14_open,51.0,35.0625,8,31.0,30.0,29.0,30.0,30.0,29.0,31.0,30.0,30.0,32.0,32.0,51.0,48.0,42.0,44.0,42.0
2025-12-25T13:18:55.538120,14865.678,5337,Thumb,motor_12_flexed,51.0,35.125,8,31.0,30.0,29.0,31.0,30.0,29.0,31.0,30.0,30.0,32.0,32.0,51.0,48.0,42.0,44.0,42.0
2025-12-25T13:18:57.426029,14867.568,5337,Thumb,motor_12_open,51.0,35.125,8,31.0,30.0,29.0,31.0,30.0,29.0,31.0,30.0,30.0,32.0,32.0,51.0,48.0,42.0,44.0,42.0
2025-12-25T13:18:58.321989,14868.461,5338,Index,motor_2_flexed,51.0,35.125,8,31.0,30.0,29.0,30.0,30.0,29.0,31.0,30.0,30.0,32.0,32.0,51.0,48.0,42.0,44.0,43.0
2025-12-25T13:19:00.209910,14870.347,5338,Index,motor_2_open,51.0,35.125,8,31.0,30.0,29.0,30.0,30.0,29.0,31.0,30.0,30.0,32.0,32.0,51.0,48.0,42.0,44.0,43.0
2025-12-25T13:19:01.105860,14871.244,5339,Index,motor_1_flexed,51.0,35.0625,8,31.0,30.0,29.0,30.0,30.0,29.0,31.0,30.0,30.0,32.0,32.0,51.0,48.0,42.0,44.0,42.0
2025-12-25T13:19:02.993762,14873.131,5339,Index,motor_1_open,51.0,35.125,8,31.0,30.0,29.0,31.0,30.0,29.0,31.0,30.0,30.0,32.0,32.0,51.0,48.0,42.0,44.0,42.0
2025-12-25T13:19:03.889699,14874.027,5340,Index,motor_3_flexed,51.0,35.125,8,31.0,30.0,29.0,30.0,30.0,29.0,31.0,30.0,30.0,32.0,32.0,51.0,48.0,42.0,44.0,43.0
2025-12-25T13:19:05.777642,14875.913,5340,Index,motor_3_open,51.0,35.125,8,31.0,30.0,29.0,30.0,30.0,29.0,31.0,30.0,30.0,32.0,32.0,51.0,48.0,42.0,45.0,42.0
2025-12-25T13:19:06.673598,14876.81,5341,Middle,motor_11_flexed,51.0,35.125,8,31.0,30.0,29.0,30.0,30.0,29.0,31.0,30.0,30.0,32.0,32.0,51.0,48.0,42.0,45.0,42.0
2025-12-25T13:19:08.561514,14878.7,5341,Middle,motor_11_open,51.0,35.0625,8,31.0,30.0,29.0,30.0,30.0,29.0,31.0,30.0,30.0,32.0,32.0,51.0,48.0,42.0,44.0,42.0
2025-12-25T13:19:09.457477,14879.594,5342,Middle,motor_10_flexed,51.0,35.125,8,31.0,30.0,29.0,31.0,30.0,29.0,31.0,30.0,30.0,32.0,32.0,51.0,48.0,42.0,44.0,42.0
2025-12-25T13:19:10.545423,14880.684,5342,Middle,motor_10_flex_hold,51.0,35.125,8,31.0,30.0,29.0,30.0,30.0,29.0,31.0,30.0,30.0,32.0,32.0,51.0,48.0,42.0,45.0,42.0
2025-12-25T13:19:11.345382,14881.479,5342,Middle,motor_10_open,51.0,35.0625,8,31.0,30.0,29.0,30.0,30.0,29.0,31.0,30.0,30.0,32.0,32.0,51.0,48.0,42.0,44.0,42.0
2025-12-25T13:19:12.241359,14882.379,5343,Ring,motor_4_flexed,51.0,35.0625,8,31.0,30.0,29.0,30.0,30.0,29.0,31.0,30.0,30.0,32.0,32.0,51.0,48.0,42.0,44.0,42.0
2025-12-25T13:19:14.129265,14884.268,5343,Ring,motor_4_open,51.0,35.125,8,31.0,30.0,29.0,30.0,30.0,29.0,31.0,30.0,30.0,32.0,32.0,51.0,48.0,42.0,45.0,42.0
2025-12-25T13:19:15.025197,14885.165,5344,Ring,motor_5_flexed,51.0,35.125,8,31.0,30.0,29.0,31.0,30.0,29.0,31.0,30.0,30.0,32.0,32.0,51.0,48.0,42.0,44.0,42.0
2025-12-25T13:19:16.913102,14887.045,5344,Ring,motor_5_open,51.0,35.1875,8,31.0,30.0,29.0,31.0,30.0,29.0,31.0,30.0,30.0,32.0,32.0,51.0,48.0,42.0,44.0,43.0
2025-12-25T13:19:17.809074,14887.941,5345,Ring,motor_6_flexed,51.0,35.125,8,31.0,30.0,29.0,31.0,30.0,29.0,31.0,30.0,30.0,32.0,32.0,51.0,48.0,42.0,44.0,42.0
2025-12-25T13:19:19.696998,14889.837,5345,Ring,motor_6_open,51.0,35.125,8,31.0,30.0,29.0,30.0,30.0,29.0,31.0,30.0,30.0,32.0,32.0,51.0,48.0,42.0,45.0,42.0
2025-12-25T13:19:20.592957,14890.73,5346,Pinky,motor_7_flexed,51.0,35.1875,8,31.0,30.0,29.0,30.0,31.0,29.0,31.0,30.0,30.0,32.0,32.0,51.0,48.0,42.0,44.0,43.0
2025-12-25T13:19:22.480874,14892.617,5346,Pinky,motor_7_open,51.0,35.1875,8,31.0,30.0,29.0,31.0,31.0,29.0,31.0,30.0,30.0,32.0,32.0,51.0,48.0,42.0,44.0,42.0
2025-12-25T13:19:23.376848,14893.513,5347,Pinky,motor_8_flexed,51.0,35.125,8,31.0,30.0,29.0,31.0,30.0,29.0,31.0,30.0,30.0,32.0,32.0,51.0,48.0,42.0,44.0,42.0
2025-12-25T13:19:25.264741,14895.403,5347,Pinky,motor_8_open,51.0,35.0625,8,31.0,30.0,29.0,30.0,30.0,29.0,31.0,30.0,30.0,32.0,32.0,51.0,48.0,42.0,44.0,42.0
2025-12-25T13:19:26.160706,14896.3,5348,Pinky,motor_9_flexed,51.0,35.1875,8,31.0,30.0,29.0,31.0,30.0,29.0,31.0,30.0,30.0,32.0,32.0,51.0,48.0,42.0,45.0,42.0
2025-12-25T13:19:28.048619,14898.185,5348,Pinky,motor_9_open,51.0,35.1875,8,31.0,30.0,29.0,30.0,31.0,29.0,31.0,30.0,30.0,32.0,32.0,51.0,48.0,42.0,44.0,43.0
2025-12-25T13:19:28.944580,14899.081,5349,Thumb,motor_13_flexed,51.0,35.1875,8,31.0,30.0,29.0,31.0,31.0,29.0,31.0,30.0,30.0,32.0,32.0,51.0,48.0,42.0,44.0,42.0
2025-12-25T13:19:30.832489,14900.971,5349,Thumb,motor_13_open,51.0,35.0625,8,31.0,30.0,29.0,30.0,30.0,29.0,31.0,30.0,30.0,32.0,32.0,51.0,48.0,42.0,44.0,42.0
2025-12-25T13:19:31.728428,14901.859,5350,Thumb,motor_14_flexed,51.0,35.125,8,31.0,30.0,29.0,30.0,30.0,29.0,31.0,30.0,30.0,32.0,32.0,51.0,48.0,42.0,45.0,42.0
2025-12-25T13:19:33.616353,14903.75,5350,Thumb,motor_14_open,51.0,35.1875,8,31.0,30.0,29.0,31.0,30.0,29.0,31.0,30.0,30.0,32.0,32.0,51.0,48.0,42.0,45.0,42.0
2025-12-25T13:19:34.512327,14904.65,5351,Thumb,motor_12_flexed,51.0,35.125,8,31.0,30.0,29.0,31.0,30.0,29.0,31.0,30.0,30.0,32.0,32.0,51.0,48.0,42.0,44.0,42.0
2025-12-25T13:19:36.400238,14906.538,5351,Thumb,motor_12_open,51.0,35.25,8,31.0,30.0,29.0,31.0,30.0,29.0,31.0,30.0,30.0,32.0,32.0,51.0,48.0,42.0,45.0,43.0
2025-12-25T13:19:37.296187,14907.434,5352,Index,motor_2_flexed,51.0,35.125,8,31.0,30.0,29.0,30.0,31.0,29.0,31.0,30.0,30.0,32.0,32.0,51.0,48.0,42.0,44.0,42.0
2025-12-25T13:19:39.184103,14909.323,5352,Index,motor_2_open,51.0,35.0625,8,31.0,30.0,29.0,30.0,30.0,29.0,31.0,30.0,30.0,32.0,32.0,51.0,48.0,42.0,44.0,42.0
2025-12-25T13:19:40.080059,14910.216,5353,Index,motor_1_flexed,51.0,35.0625,8,31.0,30.0,29.0,30.0,30.0,29.0,31.0,30.0,30.0,32.0,32.0,51.0,48.0,42.0,44.0,42.0
2025-12-25T13:19:41.967974,14912.103,5353,Index,motor_1_open,51.0,35.125,8,31.0,30.0,29.0,30.0,30.0,29.0,31.0,30.0,30.0,32.0,32.0,51.0,48.0,42.0,45.0,42.0
2025-12-25T13:19:42.863934,14913.001,5354,Index,motor_3_flexed,51.0,35.0625,8,31.0,30.0,29.0,30.0,30.0,29.0,31.0,30.0,30.0,32.0,32.0,51.0,48.0,42.0,44.0,42.0
2025-12-25T13:19:44.751846,14914.883,5354,Index,motor_3_open,51.0,35.125,8,31.0,30.0,29.0,30.0,30.0,29.0,31.0,30.0,30.0,32.0,32.0,51.0,48.0,42.0,45.0,42.0
2025-12-25T13:19:45.647805,14915.785,5355,Middle,motor_11_flexed,51.0,35.125,8,31.0,30.0,29.0,30.0,30.0,29.0,31.0,30.0,30.0,32.0,32.0,51.0,48.0,42.0,45.0,42.0
2025-12-25T13:19:47.535723,14917.671,5355,Middle,motor_11_open,51.0,35.0625,8,31.0,30.0,29.0,30.0,30.0,29.0,31.0,30.0,30.0,32.0,32.0,51.0,48.0,42.0,44.0,42.0
2025-12-25T13:19:48.431677,14918.566,5356,Middle,motor_10_flexed,51.0,35.0625,8,31.0,30.0,29.0,30.0,30.0,29.0,31.0,30.0,30.0,32.0,32.0,51.0,48.0,42.0,44.0,42.0
2025-12-25T13:19:50.319607,14920.457,5356,Middle,motor_10_open,51.0,35.125,8,31.0,30.0,29.0,30.0,30.0,29.0,31.0,30.0,30.0,32.0,32.0,51.0,48.0,42.0,45.0,42.0
2025-12-25T13:19:51.215565,14921.354,5357,Ring,motor_4_flexed,51.0,35.1875,8,31.0,30.0,29.0,31.0,30.0,29.0,31.0,30.0,30.0,32.0,32.0,51.0,48.0,42.0,45.0,42.0
2025-12-25T13:19:53.103482,14923.242,5357,Ring,motor_4_open,51.0,35.125,8,31.0,30.0,29.0,30.0,30.0,29.0,31.0,30.0,30.0,32.0,32.0,51.0,48.0,42.0,45.0,42.0
2025-12-25T13:19:53.999436,14924.136,5358,Ring,motor_5_flexed,51.0,35.0625,8,31.0,30.0,29.0,30.0,30.0,29.0,31.0,30.0,30.0,32.0,32.0,51.0,48.0,42.0,44.0,42.0
2025-12-25T13:19:55.887353,14926.024,5358,Ring,motor_5_open,51.0,35.125,8,31.0,30.0,29.0,31.0,30.0,29.0,31.0,30.0,30.0,32.0,32.0,51.0,48.0,42.0,44.0,42.0
2025-12-25T13:19:56.783312,14926.92,5359,Ring,motor_6_flexed,51.0,35.1875,8,31.0,30.0,29.0,30.0,31.0,29.0,31.0,30.0,30.0,32.0,32.0,51.0,48.0,42.0,44.0,43.0
2025-12-25T13:19:58.671226,14928.807,5359,Ring,motor_6_open,51.0,35.25,8,31.0,30.0,29.0,31.0,31.0,29.0,31.0,30.0,30.0,32.0,32.0,51.0,48.0,42.0,44.0,43.0
2025-12-25T13:19:59.567185,14929.707,5360,Pinky,motor_7_flexed,51.0,35.1875,8,31.0,30.0,29.0,31.0,31.0,29.0,31.0,30.0,30.0,32.0,32.0,51.0,48.0,42.0,44.0,42.0
2025-12-25T13:20:01.455100,14931.593,5360,Pinky,motor_7_open,51.0,35.125,8,31.0,30.0,29.0,30.0,30.0,29.0,31.0,30.0,30.0,32.0,32.0,51.0,48.0,42.0,45.0,42.0
2025-12-25T13:20:02.351060,14932.487,5361,Pinky,motor_8_flexed,51.0,35.1875,8,31.0,30.0,29.0,30.0,31.0,29.0,31.0,30.0,30.0,32.0,32.0,51.0,48.0,42.0,45.0,42.0
2025-12-25T13:20:04.238990,14934.375,5361,Pinky,motor_8_open,51.0,35.1875,8,31.0,30.0,29.0,31.0,31.0,29.0,31.0,30.0,30.0,32.0,32.0,51.0,48.0,42.0,44.0,42.0
2025-12-25T13:20:05.134945,14935.266,5362,Pinky,motor_9_flexed,51.0,35.0625,8,31.0,30.0,29.0,30.0,30.0,29.0,31.0,30.0,30.0,32.0,32.0,51.0,48.0,42.0,44.0,42.0
2025-12-25T13:20:07.022867,14937.161,5362,Pinky,motor_9_open,51.0,35.125,8,31.0,30.0,29.0,30.0,31.0,29.0,31.0,30.0,30.0,32.0,32.0,51.0,48.0,42.0,44.0,42.0
2025-12-25T13:20:07.918818,14938.058,5363,Thumb,motor_13_flexed,51.0,35.125,8,31.0,30.0,29.0,30.0,31.0,29.0,31.0,30.0,30.0,32.0,32.0,51.0,48.0,42.0,44.0,42.0
2025-12-25T13:20:09.806720,14939.944,5363,Thumb,motor_13_open,51.0,35.0625,8,31.0,30.0,29.0,30.0,30.0,29.0,31.0,30.0,30.0,32.0,32.0,51.0,48.0,42.0,44.0,42.0
2025-12-25T13:20:10.398681,14940.532,5363,Thumb,motor_13_open_hold,51.0,35.0625,8,31.0,30.0,29.0,30.0,30.0,29.0,31.0,30.0,30.0,32.0,32.0,51.0,48.0,42.0,44.0,42.0
2025-12-25T13:20:10.798665,14940.934,5364,Thumb,motor_14_flexed,51.0,35.125,8,31.0,30.0,29.0,30.0,30.0,29.0,31.0,30.0,30.0,32.0,32.0,51.0,48.0,42.0,45.0,42.0
2025-12-25T13:20:12.686587,14942.822,5364,Thumb,motor_14_open,51.0,35.125,8,31.0,30.0,29.0,30.0,30.0,29.0,31.0,30.0,30.0,32.0,32.0,51.0,48.0,42.0,44.0,43.0
2025-12-25T13:20:13.582547,14943.722,5365,Thumb,motor_12_flexed,51.0,35.1875,8,31.0,30.0,29.0,31.0,30.0,29.0,31.0,30.0,30.0,32.0,32.0,51.0,48.0,42.0,45.0,42.0
2025-12-25T13:20:15.470450,14945.601,5365,Thumb,motor_12_open,51.0,35.125,8,31.0,30.0,29.0,30.0,30.0,29.0,31.0,30.0,30.0,32.0,32.0,51.0,48.0,42.0,45.0,42.0
2025-12-25T13:20:16.366432,14946.505,5366,Index,motor_2_flexed,51.0,35.0625,8,31.0,30.0,29.0,30.0,30.0,29.0,31.0,30.0,30.0,32.0,32.0,51.0,48.0,42.0,45.0,41.0
2025-12-25T13:20:18.254322,14948.388,5366,Index,motor_2_open,51.0,35.1875,8,31.0,30.0,29.0,31.0,30.0,29.0,31.0,30.0,30.0,32.0,32.0,51.0,48.0,42.0,45.0,42.0
2025-12-25T13:20:19.150282,14949.287,5367,Index,motor_1_flexed,51.0,35.125,8,31.0,30.0,29.0,30.0,30.0,29.0,31.0,30.0,30.0,32.0,32.0,51.0,48.0,42.0,45.0,42.0
2025-12-25T13:20:21.038225,14951.176,5367,Index,motor_1_open,51.0,35.0625,8,31.0,30.0,29.0,30.0,30.0,29.0,31.0,30.0,30.0,32.0,32.0,51.0,48.0,42.0,44.0,42.0
2025-12-25T13:20:21.934169,14952.076,5368,Index,motor_3_flexed,51.0,35.0625,8,31.0,30.0,29.0,30.0,30.0,29.0,31.0,30.0,30.0,32.0,32.0,51.0,48.0,42.0,44.0,42.0
2025-12-25T13:20:23.822073,14953.96,5368,Index,motor_3_open,51.0,35.0625,8,31.0,30.0,29.0,30.0,30.0,29.0,31.0,30.0,30.0,32.0,32.0,51.0,48.0,42.0,44.0,42.0
2025-12-25T13:20:24.718042,14954.856,5369,Middle,motor_11_flexed,51.0,35.1875,8,31.0,30.0,29.0,31.0,30.0,29.0,31.0,30.0,30.0,32.0,32.0,51.0,48.0,42.0,45.0,42.0
2025-12-25T13:20:26.605954,14956.745,5369,Middle,motor_11_open,51.0,35.125,8,31.0,30.0,29.0,31.0,30.0,29.0,31.0,30.0,30.0,32.0,32.0,51.0,48.0,42.0,44.0,42.0
2025-12-25T13:20:27.501915,14957.639,5370,Middle,motor_10_flexed,51.0,35.125,8,31.0,30.0,29.0,30.0,30.0,29.0,31.0,30.0,30.0,32.0,32.0,51.0,48.0,42.0,45.0,42.0
2025-12-25T13:20:29.389829,14959.529,5370,Middle,motor_10_open,51.0,35.125,8,31.0,30.0,29.0,31.0,30.0,29.0,31.0,30.0,30.0,32.0,32.0,51.0,48.0,42.0,44.0,42.0
2025-12-25T13:20:30.285805,14960.423,5371,Ring,motor_4_flexed,51.0,35.125,8,31.0,30.0,29.0,31.0,30.0,29.0,31.0,30.0,29.0,32.0,32.0,51.0,48.0,42.0,45.0,42.0
2025-12-25T13:20:32.173700,14962.311,5371,Ring,motor_4_open,51.0,35.1875,8,31.0,30.0,29.0,30.0,30.0,29.0,31.0,30.0,30.0,32.0,32.0,51.0,48.0,42.0,45.0,43.0
2025-12-25T13:20:33.069652,14963.208,5372,Ring,motor_5_flexed,51.0,35.125,8,31.0,30.0,29.0,31.0,30.0,29.0,31.0,30.0,30.0,32.0,32.0,51.0,48.0,42.0,44.0,42.0
2025-12-25T13:20:34.957569,14965.094,5372,Ring,motor_5_open,51.0,35.1875,8,31.0,30.0,29.0,31.0,30.0,29.0,31.0,30.0,30.0,32.0,32.0,51.0,48.0,42.0,45.0,42.0
2025-12-25T13:20:35.853526,14965.987,5373,Ring,motor_6_flexed,51.0,35.1875,8,31.0,30.0,29.0,31.0,31.0,29.0,31.0,30.0,30.0,32.0,32.0,51.0,48.0,42.0,44.0,42.0
2025-12-25T13:20:37.741439,14967.877,5373,Ring,motor_6_open,51.0,35.25,8,31.0,30.0,29.0,31.0,31.0,29.0,31.0,30.0,30.0,32.0,32.0,51.0,48.0,42.0,45.0,42.0
2025-12-25T13:20:38.637410,14968.777,5374,Pinky,motor_7_flexed,51.0,35.1875,8,31.0,30.0,29.0,30.0,31.0,29.0,31.0,30.0,30.0,32.0,32.0,51.0,48.0,42.0,45.0,42.0
2025-12-25T13:20:40.525323,14970.664,5374,Pinky,motor_7_open,51.0,35.125,8,31.0,30.0,29.0,30.0,30.0,29.0,31.0,30.0,30.0,32.0,32.0,51.0,48.0,42.0,44.0,43.0
2025-12-25T13:20:41.421280,14971.556,5375,Pinky,motor_8_flexed,51.0,35.25,8,31.0,30.0,29.0,31.0,31.0,29.0,31.0,30.0,30.0,32.0,32.0,51.0,48.0,42.0,45.0,42.0
2025-12-25T13:20:43.309199,14973.445,5375,Pinky,motor_8_open,51.0,35.125,8,31.0,30.0,29.0,30.0,31.0,29.0,31.0,30.0,30.0,32.0,32.0,51.0,48.0,42.0,44.0,42.0
2025-12-25T13:20:44.205155,14974.345,5376,Pinky,motor_9_flexed,51.0,35.25,8,31.0,30.0,29.0,30.0,31.0,29.0,31.0,30.0,30.0,32.0,32.0,51.0,48.0,42.0,45.0,43.0
2025-12-25T13:20:46.093070,14976.232,5376,Pinky,motor_9_open,51.0,35.125,8,31.0,30.0,29.0,30.0,31.0,29.0,31.0,30.0,30.0,32.0,32.0,51.0,48.0,42.0,44.0,42.0
2025-12-25T13:20:46.989028,14977.128,5377,Thumb,motor_13_flexed,51.0,35.0625,8,31.0,30.0,29.0,30.0,30.0,29.0,31.0,30.0,30.0,32.0,32.0,51.0,48.0,42.0,44.0,42.0
2025-12-25T13:20:48.876940,14979.015,5377,Thumb,motor_13_open,51.0,35.0625,8,31.0,30.0,29.0,30.0,30.0,29.0,31.0,30.0,30.0,32.0,32.0,51.0,48.0,42.0,44.0,42.0
2025-12-25T13:20:49.772899,14979.913,5378,Thumb,motor_14_flexed,51.0,35.125,8,31.0,30.0,29.0,30.0,30.0,29.0,31.0,30.0,30.0,32.0,32.0,51.0,48.0,42.0,45.0,42.0
2025-12-25T13:20:51.660806,14981.8,5378,Thumb,motor_14_open,51.0,35.125,8,31.0,30.0,29.0,30.0,30.0,29.0,31.0,30.0,30.0,32.0,32.0,51.0,48.0,42.0,45.0,42.0
2025-12-25T13:20:52.556775,14982.697,5379,Thumb,motor_12_flexed,51.0,35.125,8,31.0,30.0,29.0,30.0,30.0,29.0,31.0,30.0,30.0,32.0,32.0,51.0,48.0,42.0,45.0,42.0
2025-12-25T13:20:54.444687,14984.578,5379,Thumb,motor_12_open,51.0,35.1875,8,31.0,30.0,29.0,31.0,30.0,29.0,31.0,30.0,30.0,32.0,32.0,51.0,48.0,42.0,45.0,42.0
2025-12-25T13:20:55.340649,14985.48,5380,Index,motor_2_flexed,51.0,35.25,8,31.0,30.0,29.0,30.0,30.0,29.0,31.0,30.0,30.0,32.0,32.0,51.0,48.0,42.0,44.0,45.0
2025-12-25T13:20:57.228554,14987.37,5380,Index,motor_2_open,51.0,35.125,8,31.0,30.0,29.0,30.0,30.0,29.0,31.0,30.0,30.0,32.0,32.0,51.0,48.0,42.0,45.0,42.0
2025-12-25T13:20:58.124518,14988.262,5381,Index,motor_1_flexed,51.0,35.125,8,31.0,30.0,29.0,30.0,31.0,29.0,31.0,30.0,30.0,32.0,32.0,51.0,48.0,42.0,44.0,42.0
2025-12-25T13:21:00.012429,14990.153,5381,Index,motor_1_open,51.0,35.0625,8,31.0,30.0,29.0,30.0,30.0,29.0,31.0,30.0,30.0,32.0,32.0,51.0,48.0,42.0,44.0,42.0
2025-12-25T13:21:00.908384,14991.047,5382,Index,motor_3_flexed,51.0,35.1875,8,31.0,30.0,29.0,31.0,30.0,29.0,31.0,30.0,30.0,32.0,32.0,51.0,48.0,42.0,45.0,42.0
2025-12-25T13:21:02.796296,14992.935,5382,Index,motor_3_open,51.0,35.125,8,31.0,30.0,29.0,31.0,30.0,29.0,31.0,30.0,30.0,32.0,32.0,51.0,48.0,42.0,44.0,42.0
2025-12-25T13:21:03.692267,14993.831,5383,Middle,motor_11_flexed,51.0,35.0625,8,31.0,30.0,29.0,30.0,30.0,29.0,31.0,30.0,30.0,32.0,32.0,51.0,48.0,42.0,44.0,42.0
2025-12-25T13:21:05.580182,14995.718,5383,Middle,motor_11_open,51.0,35.125,8,31.0,30.0,29.0,30.0,30.0,29.0,31.0,30.0,30.0,32.0,32.0,51.0,48.0,42.0,45.0,42.0
2025-12-25T13:21:06.476142,14996.614,5384,Middle,motor_10_flexed,51.0,35.125,8,31.0,30.0,29.0,31.0,30.0,29.0,31.0,30.0,30.0,32.0,32.0,51.0,48.0,42.0,44.0,42.0
2025-12-25T13:21:08.364046,14998.501,5384,Middle,motor_10_open,51.0,35.125,8,31.0,30.0,29.0,30.0,30.0,29.0,31.0,30.0,30.0,32.0,32.0,51.0,48.0,42.0,45.0,42.0
2025-12-25T13:21:09.260019,14999.398,5385,Ring,motor_4_flexed,51.0,35.0625,8,31.0,30.0,29.0,30.0,30.0,29.0,31.0,30.0,30.0,32.0,32.0,51.0,48.0,42.0,44.0,42.0
2025-12-25T13:21:10.347964,15000.486,5385,Ring,motor_4_flex_hold,51.0,35.125,8,31.0,30.0,29.0,30.0,30.0,29.0,31.0,30.0,30.0,32.0,32.0,51.0,48.0,42.0,45.0,42.0
2025-12-25T13:21:11.147922,15001.285,5385,Ring,motor_4_open,51.0,35.125,8,31.0,30.0,29.0,31.0,30.0,29.0,31.0,30.0,30.0,32.0,32.0,51.0,48.0,42.0,44.0,42.0
2025-12-25T13:21:12.043880,15002.179,5386,Ring,motor_5_flexed,51.0,35.125,8,31.0,30.0,29.0,31.0,30.0,29.0,31.0,30.0,30.0,32.0,32.0,51.0,48.0,42.0,44.0,42.0
2025-12-25T13:21:13.931803,15004.072,5386,Ring,motor_5_open,51.0,35.1875,8,31.0,30.0,29.0,31.0,30.0,29.0,31.0,30.0,30.0,32.0,32.0,51.0,48.0,42.0,45.0,42.0
2025-12-25T13:21:14.827752,15004.966,5387,Ring,motor_6_flexed,51.0,35.0625,8,31.0,30.0,29.0,30.0,30.0,29.0,31.0,30.0,30.0,32.0,32.0,51.0,48.0,42.0,44.0,42.0
2025-12-25T13:21:16.715677,15006.853,5387,Ring,motor_6_open,51.0,35.125,8,31.0,30.0,29.0,30.0,31.0,29.0,31.0,30.0,30.0,32.0,32.0,51.0,48.0,42.0,44.0,42.0
2025-12-25T13:21:17.611634,15007.747,5388,Pinky,motor_7_flexed,51.0,35.1875,8,31.0,30.0,29.0,30.0,31.0,29.0,31.0,30.0,30.0,32.0,32.0,51.0,48.0,42.0,45.0,42.0
2025-12-25T13:21:19.499546,15009.635,5388,Pinky,motor_7_open,51.0,35.1875,8,31.0,30.0,29.0,30.0,30.0,29.0,31.0,30.0,30.0,32.0,32.0,51.0,48.0,42.0,45.0,43.0
2025-12-25T13:21:20.395506,15010.533,5389,Pinky,motor_8_flexed,51.0,35.125,8,31.0,30.0,29.0,30.0,31.0,29.0,31.0,30.0,30.0,32.0,32.0,51.0,48.0,42.0,44.0,42.0
2025-12-25T13:21:22.283421,15012.422,5389,Pinky,motor_8_open,51.0,35.1875,8,31.0,30.0,29.0,31.0,30.0,29.0,31.0,30.0,30.0,32.0,32.0,51.0,48.0,42.0,45.0,42.0
2025-12-25T13:21:23.179393,15013.316,5390,Pinky,motor_9_flexed,51.0,35.0625,8,31.0,30.0,29.0,30.0,30.0,29.0,31.0,30.0,30.0,32.0,32.0,51.0,48.0,42.0,44.0,42.0
2025-12-25T13:21:25.067295,15015.205,5390,Pinky,motor_9_open,51.0,35.1875,8,31.0,30.0,29.0,31.0,30.0,29.0,31.0,30.0,30.0,32.0,32.0,51.0,48.0,42.0,45.0,42.0
2025-12-25T13:21:25.963255,15016.104,5391,Thumb,motor_13_flexed,51.0,35.1875,8,31.0,30.0,29.0,31.0,31.0,29.0,31.0,30.0,30.0,32.0,32.0,51.0,48.0,42.0,44.0,42.0
2025-12-25T13:21:27.851181,15017.991,5391,Thumb,motor_13_open,51.0,35.0625,8,31.0,30.0,29.0,30.0,30.0,29.0,31.0,30.0,30.0,32.0,32.0,51.0,48.0,42.0,44.0,42.0
2025-12-25T13:21:28.747127,15018.886,5392,Thumb,motor_14_flexed,51.0,35.1875,8,31.0,30.0,29.0,31.0,31.0,29.0,31.0,30.0,30.0,32.0,32.0,51.0,48.0,42.0,44.0,42.0
2025-12-25T13:21:30.635044,15020.773,5392,Thumb,motor_14_open,51.0,35.0625,8,31.0,30.0,29.0,30.0,30.0,29.0,31.0,30.0,30.0,32.0,32.0,51.0,48.0,42.0,44.0,42.0
2025-12-25T13:21:31.530999,15021.669,5393,Thumb,motor_12_flexed,51.0,35.0625,8,31.0,30.0,29.0,30.0,30.0,29.0,31.0,30.0,30.0,32.0,32.0,51.0,48.0,42.0,44.0,42.0
2025-12-25T13:21:33.418915,15023.556,5393,Thumb,motor_12_open,51.0,35.0625,8,31.0,30.0,29.0,30.0,30.0,29.0,31.0,30.0,30.0,32.0,32.0,51.0,48.0,42.0,44.0,42.0
2025-12-25T13:21:34.314874,15024.452,5394,Index,motor_2_flexed,51.0,35.1875,8,31.0,30.0,29.0,30.0,30.0,29.0,31.0,30.0,30.0,32.0,32.0,51.0,48.0,42.0,45.0,43.0
2025-12-25T13:21:36.202789,15026.335,5394,Index,motor_2_open,51.0,35.125,8,31.0,30.0,29.0,30.0,30.0,29.0,31.0,30.0,30.0,32.0,32.0,51.0,48.0,42.0,45.0,42.0
2025-12-25T13:21:37.098761,15027.237,5395,Index,motor_1_flexed,51.0,35.25,8,31.0,30.0,29.0,30.0,30.0,29.0,31.0,30.0,30.0,32.0,32.0,51.0,48.0,42.0,46.0,43.0
2025-12-25T13:21:38.986662,15029.125,5395,Index,motor_1_open,51.0,35.0625,8,31.0,30.0,29.0,30.0,30.0,29.0,31.0,30.0,30.0,32.0,32.0,51.0,48.0,42.0,44.0,42.0
2025-12-25T13:21:39.882622,15030.022,5396,Index,motor_3_flexed,51.0,35.0625,8,31.0,30.0,29.0,30.0,30.0,29.0,31.0,30.0,30.0,32.0,32.0,51.0,48.0,42.0,44.0,42.0
2025-12-25T13:21:41.770554,15031.908,5396,Index,motor_3_open,51.0,35.125,8,31.0,30.0,29.0,31.0,30.0,29.0,31.0,30.0,30.0,32.0,32.0,51.0,48.0,42.0,44.0,42.0
2025-12-25T13:21:42.666494,15032.803,5397,Middle,motor_11_flexed,51.0,35.0625,8,31.0,30.0,29.0,30.0,30.0,29.0,31.0,30.0,30.0,32.0,32.0,51.0,48.0,42.0,44.0,42.0
2025-12-25T13:21:44.554411,15034.694,5397,Middle,motor_11_open,51.0,35.25,8,31.0,30.0,29.0,31.0,31.0,29.0,31.0,30.0,30.0,32.0,32.0,51.0,48.0,42.0,45.0,42.0
2025-12-25T13:21:45.450360,15035.588,5398,Middle,motor_10_flexed,51.0,35.0625,8,31.0,30.0,29.0,30.0,30.0,29.0,31.0,30.0,30.0,32.0,32.0,51.0,48.0,42.0,44.0,42.0
2025-12-25T13:21:47.338275,15037.475,5398,Middle,motor_10_open,51.0,35.125,8,31.0,30.0,29.0,30.0,30.0,29.0,31.0,30.0,30.0,32.0,32.0,51.0,48.0,42.0,45.0,42.0
2025-12-25T13:21:48.234233,15038.372,5399,Ring,motor_4_flexed,51.0,35.0625,8,31.0,30.0,29.0,30.0,30.0,29.0,31.0,30.0,30.0,32.0,32.0,51.0,48.0,42.0,44.0,42.0
2025-12-25T13:21:50.122145,15040.261,5399,Ring,motor_4_open,51.0,35.1875,8,31.0,30.0,29.0,31.0,30.0,29.0,31.0,30.0,30.0,32.0,32.0,51.0,48.0,42.0,45.0,42.0
2025-12-25T13:21:51.018106,15041.154,5400,Ring,motor_5_flexed,51.0,35.0625,8,31.0,30.0,29.0,30.0,30.0,29.0,31.0,30.0,30.0,32.0,32.0,51.0,48.0,42.0,44.0,42.0
2025-12-25T13:21:52.906018,15043.043,5400,Ring,motor_5_open,51.0,35.0625,8,31.0,30.0,29.0,30.0,30.0,29.0,31.0,30.0,30.0,32.0,32.0,51.0,48.0,42.0,44.0,42.0
2025-12-25T13:21:53.801978,15043.937,5401,Ring,motor_6_flexed,51.0,35.125,8,31.0,30.0,29.0,30.0,30.0,29.0,31.0,30.0,30.0,32.0,32.0,51.0,48.0,42.0,45.0,42.0
2025-12-25T13:21:55.689900,15045.826,5401,Ring,motor_6_open,51.0,35.25,8,31.0,30.0,29.0,30.0,30.0,29.0,31.0,30.0,30.0,32.0,32.0,51.0,48.0,42.0,44.0,45.0
2025-12-25T13:21:56.585864,15046.721,5402,Pinky,motor_7_flexed,51.0,35.25,8,31.0,30.0,29.0,31.0,31.0,29.0,31.0,30.0,30.0,32.0,32.0,51.0,48.0,42.0,45.0,42.0
2025-12-25T13:21:58.473775,15048.611,5402,Pinky,motor_7_open,51.0,35.125,8,31.0,30.0,29.0,30.0,31.0,29.0,31.0,30.0,30.0,32.0,32.0,51.0,48.0,42.0,44.0,42.0
2025-12-25T13:21:59.369736,15049.506,5403,Pinky,motor_8_flexed,51.0,35.1875,8,31.0,30.0,29.0,30.0,30.0,29.0,31.0,30.0,30.0,32.0,32.0,51.0,48.0,42.0,45.0,43.0
2025-12-25T13:22:01.257649,15051.396,5403,Pinky,motor_8_open,51.0,35.1875,8,31.0,30.0,29.0,30.0,31.0,29.0,31.0,30.0,30.0,32.0,32.0,51.0,48.0,42.0,45.0,42.0
2025-12-25T13:22:02.153609,15052.292,5404,Pinky,motor_9_flexed,51.0,35.125,8,31.0,30.0,29.0,30.0,30.0,29.0,31.0,30.0,30.0,32.0,32.0,51.0,48.0,42.0,45.0,42.0
2025-12-25T13:22:04.041525,15054.18,5404,Pinky,motor_9_open,51.0,35.0625,8,31.0,30.0,29.0,30.0,30.0,29.0,31.0,30.0,30.0,32.0,32.0,51.0,48.0,42.0,44.0,42.0
2025-12-25T13:22:04.937483,15055.074,5405,Thumb,motor_13_flexed,51.0,35.1875,8,31.0,30.0,29.0,31.0,30.0,29.0,31.0,30.0,30.0,32.0,32.0,51.0,48.0,42.0,45.0,42.0
2025-12-25T13:22:06.825398,15056.962,5405,Thumb,motor_13_open,51.0,35.125,8,31.0,30.0,29.0,30.0,30.0,29.0,31.0,30.0,30.0,32.0,32.0,51.0,48.0,42.0,45.0,42.0
2025-12-25T13:22:07.721350,15057.861,5406,Thumb,motor_14_flexed,51.0,35.0625,8,31.0,30.0,29.0,30.0,30.0,29.0,31.0,30.0,30.0,32.0,32.0,51.0,48.0,42.0,44.0,42.0
2025-12-25T13:22:09.609271,15059.748,5406,Thumb,motor_14_open,51.0,35.1875,8,31.0,30.0,29.0,31.0,30.0,29.0,31.0,30.0,30.0,32.0,32.0,51.0,48.0,42.0,45.0,42.0
2025-12-25T13:22:10.201241,15060.335,5406,Thumb,motor_14_open_hold,51.0,35.0625,8,31.0,30.0,29.0,30.0,30.0,29.0,31.0,30.0,30.0,32.0,32.0,51.0,48.0,42.0,44.0,42.0
2025-12-25T13:22:10.601223,15060.74,5407,Thumb,motor_12_flexed,51.0,35.125,8,31.0,30.0,29.0,30.0,30.0,29.0,31.0,30.0,30.0,32.0,32.0,51.0,48.0,42.0,45.0,42.0
2025-12-25T13:22:12.489137,15062.624,5407,Thumb,motor_12_open,51.0,35.125,8,31.0,30.0,29.0,30.0,30.0,29.0,31.0,30.0,30.0,32.0,32.0,51.0,48.0,42.0,45.0,42.0
2025-12-25T13:22:13.385096,15063.521,5408,Index,motor_2_flexed,51.0,35.25,8,31.0,30.0,29.0,31.0,30.0,29.0,31.0,30.0,30.0,32.0,32.0,51.0,48.0,42.0,45.0,43.0
2025-12-25T13:22:15.273009,15065.411,5408,Index,motor_2_open,51.0,35.125,8,31.0,30.0,29.0,30.0,30.0,29.0,31.0,30.0,30.0,32.0,32.0,51.0,48.0,42.0,44.0,43.0
2025-12-25T13:22:16.168976,15066.308,5409,Index,motor_1_flexed,51.0,35.0625,8,31.0,30.0,29.0,30.0,30.0,29.0,31.0,30.0,30.0,32.0,32.0,51.0,48.0,42.0,45.0,41.0
2025-12-25T13:22:18.056885,15068.196,5409,Index,motor_1_open,51.0,35.0625,8,31.0,30.0,29.0,30.0,30.0,29.0,31.0,30.0,30.0,32.0,32.0,51.0,48.0,42.0,44.0,42.0
2025-12-25T13:22:18.952842,15069.091,5410,Index,motor_3_flexed,51.0,35.125,8,31.0,30.0,29.0,31.0,30.0,29.0,31.0,30.0,30.0,32.0,32.0,51.0,48.0,42.0,44.0,42.0
2025-12-25T13:22:20.840770,15070.979,5410,Index,motor_3_open,51.0,35.125,8,31.0,30.0,29.0,30.0,30.0,29.0,31.0,30.0,30.0,32.0,32.0,51.0,48.0,42.0,45.0,42.0
2025-12-25T13:22:21.736719,15071.876,5411,Middle,motor_11_flexed,51.0,35.125,8,31.0,30.0,29.0,31.0,30.0,29.0,31.0,30.0,30.0,32.0,32.0,51.0,48.0,42.0,44.0,42.0
2025-12-25T13:22:23.624634,15073.762,5411,Middle,motor_11_open,51.0,35.0625,8,31.0,30.0,29.0,30.0,30.0,29.0,31.0,30.0,30.0,32.0,32.0,51.0,48.0,42.0,44.0,42.0
2025-12-25T13:22:24.520593,15074.654,5412,Middle,motor_10_flexed,51.0,35.0,8,31.0,30.0,29.0,30.0,30.0,29.0,31.0,30.0,30.0,32.0,32.0,51.0,48.0,42.0,45.0,40.0
2025-12-25T13:22:26.408517,15076.547,5412,Middle,motor_10_open,51.0,35.1875,8,31.0,30.0,29.0,30.0,30.0,29.0,31.0,30.0,30.0,32.0,32.0,51.0,48.0,42.0,45.0,43.0
2025-12-25T13:22:27.304462,15077.442,5413,Ring,motor_4_flexed,51.0,35.1875,8,31.0,30.0,29.0,31.0,30.0,29.0,31.0,30.0,30.0,32.0,32.0,51.0,48.0,42.0,45.0,42.0
2025-12-25T13:22:29.192381,15079.33,5413,Ring,motor_4_open,51.0,35.0625,8,31.0,30.0,29.0,30.0,30.0,29.0,31.0,30.0,30.0,32.0,32.0,51.0,48.0,42.0,44.0,42.0
2025-12-25T13:22:30.088348,15080.225,5414,Ring,motor_5_flexed,51.0,35.125,8,31.0,30.0,29.0,30.0,30.0,29.0,31.0,30.0,30.0,32.0,32.0,51.0,48.0,42.0,45.0,42.0
2025-12-25T13:22:31.976249,15082.115,5414,Ring,motor_5_open,51.0,35.125,8,31.0,30.0,29.0,30.0,30.0,29.0,31.0,30.0,30.0,32.0,32.0,51.0,48.0,42.0,45.0,42.0
2025-12-25T13:22:32.872211,15083.01,5415,Ring,motor_6_flexed,51.0,35.125,8,31.0,30.0,29.0,30.0,30.0,29.0,31.0,30.0,30.0,32.0,32.0,51.0,48.0,42.0,45.0,42.0
2025-12-25T13:22:34.760138,15084.896,5415,Ring,motor_6_open,51.0,35.1875,8,31.0,30.0,29.0,31.0,31.0,29.0,31.0,30.0,30.0,32.0,32.0,51.0,48.0,42.0,44.0,42.0
2025-12-25T13:22:35.656076,15085.794,5416,Pinky,motor_7_flexed,51.0,35.125,8,31.0,30.0,29.0,30.0,31.0,29.0,31.0,30.0,29.0,32.0,32.0,51.0,48.0,42.0,45.0,42.0
2025-12-25T13:22:37.543988,15087.675,5416,Pinky,motor_7_open,51.0,35.1875,8,31.0,30.0,29.0,30.0,30.0,29.0,31.0,30.0,30.0,32.0,32.0,51.0,48.0,42.0,45.0,43.0
2025-12-25T13:22:38.439958,15088.578,5417,Pinky,motor_8_flexed,51.0,35.125,8,31.0,30.0,29.0,30.0,30.0,29.0,31.0,30.0,30.0,32.0,32.0,51.0,48.0,42.0,45.0,42.0
2025-12-25T13:22:40.327870,15090.466,5417,Pinky,motor_8_open,51.0,35.0625,8,31.0,30.0,29.0,30.0,30.0,29.0,31.0,30.0,30.0,32.0,32.0,51.0,48.0,42.0,44.0,42.0
2025-12-25T13:22:41.223830,15091.362,5418,Pinky,motor_9_flexed,51.0,35.125,8,31.0,30.0,29.0,31.0,30.0,29.0,31.0,30.0,30.0,32.0,32.0,51.0,48.0,42.0,44.0,42.0
2025-12-25T13:22:43.111745,15093.247,5418,Pinky,motor_9_open,51.0,35.125,8,31.0,30.0,29.0,30.0,30.0,29.0,31.0,30.0,30.0,32.0,32.0,51.0,48.0,42.0,45.0,42.0
2025-12-25T13:22:44.007708,15094.141,5419,Thumb,motor_13_flexed,51.0,35.125,8,31.0,30.0,29.0,31.0,30.0,29.0,31.0,30.0,30.0,32.0,32.0,51.0,48.0,42.0,44.0,42.0
2025-12-25T13:22:45.895608,15096.033,5419,Thumb,motor_13_open,51.0,35.0625,8,31.0,30.0,29.0,30.0,30.0,29.0,31.0,30.0,30.0,32.0,32.0,51.0,48.0,42.0,44.0,42.0
2025-12-25T13:22:46.791567,15096.922,5420,Thumb,motor_14_flexed,51.0,35.0625,8,31.0,30.0,29.0,30.0,30.0,29.0,31.0,30.0,30.0,32.0,32.0,51.0,48.0,42.0,44.0,42.0
2025-12-25T13:22:48.679479,15098.817,5420,Thumb,motor_14_open,51.0,35.0625,8,31.0,30.0,29.0,30.0,30.0,29.0,31.0,30.0,30.0,32.0,32.0,51.0,48.0,42.0,44.0,42.0
2025-12-25T13:22:49.575441,15099.707,5421,Thumb,motor_12_flexed,51.0,35.0625,8,31.0,30.0,29.0,30.0,30.0,29.0,31.0,30.0,30.0,32.0,32.0,51.0,48.0,42.0,44.0,42.0
2025-12-25T13:22:51.463365,15101.602,5421,Thumb,motor_12_open,51.0,35.0625,8,31.0,30.0,29.0,30.0,30.0,29.0,31.0,30.0,30.0,32.0,32.0,51.0,48.0,42.0,44.0,42.0
2025-12-25T13:22:52.359322,15102.496,5422,Index,motor_2_flexed,51.0,35.125,8,31.0,30.0,29.0,31.0,30.0,29.0,31.0,30.0,30.0,32.0,32.0,51.0,48.0,42.0,44.0,42.0
2025-12-25T13:22:54.247233,15104.386,5422,Index,motor_2_open,51.0,35.125,8,31.0,30.0,29.0,30.0,30.0,29.0,31.0,30.0,30.0,32.0,32.0,51.0,48.0,42.0,45.0,42.0
2025-12-25T13:22:55.143194,15105.277,5423,Index,motor_1_flexed,51.0,35.125,8,31.0,30.0,29.0,30.0,30.0,29.0,31.0,30.0,30.0,32.0,32.0,51.0,48.0,42.0,45.0,42.0
2025-12-25T13:22:57.031110,15107.17,5423,Index,motor_1_open,51.0,35.125,8,31.0,30.0,29.0,31.0,30.0,29.0,31.0,30.0,30.0,32.0,32.0,51.0,48.0,42.0,44.0,42.0
2025-12-25T13:22:57.927068,15108.067,5424,Index,motor_3_flexed,51.0,35.125,8,31.0,30.0,29.0,30.0,30.0,29.0,31.0,30.0,30.0,32.0,32.0,51.0,48.0,42.0,45.0,42.0
2025-12-25T13:22:59.814983,15109.952,5424,Index,motor_3_open,51.0,35.1875,8,31.0,30.0,29.0,30.0,30.0,29.0,31.0,30.0,30.0,32.0,32.0,51.0,48.0,42.0,45.0,43.0
2025-12-25T13:23:00.710943,15110.848,5425,Middle,motor_11_flexed,51.0,35.125,8,31.0,30.0,29.0,30.0,30.0,29.0,31.0,30.0,30.0,32.0,32.0,51.0,48.0,42.0,45.0,42.0
2025-12-25T13:23:02.598857,15112.737,5425,Middle,motor_11_open,51.0,35.125,8,31.0,30.0,29.0,30.0,30.0,29.0,31.0,30.0,30.0,32.0,32.0,51.0,48.0,42.0,45.0,42.0
2025-12-25T13:23:03.494809,15113.635,5426,Middle,motor_10_flexed,51.0,35.0625,8,31.0,30.0,29.0,30.0,30.0,29.0,31.0,30.0,30.0,32.0,32.0,51.0,48.0,42.0,44.0,42.0
2025-12-25T13:23:05.382722,15115.519,5426,Middle,motor_10_open,51.0,35.0625,8,31.0,30.0,29.0,30.0,30.0,29.0,31.0,30.0,30.0,32.0,32.0,51.0,48.0,42.0,44.0,42.0
2025-12-25T13:23:06.278689,15116.414,5427,Ring,motor_4_flexed,51.0,35.1875,8,31.0,30.0,29.0,31.0,30.0,29.0,31.0,30.0,30.0,32.0,32.0,51.0,48.0,42.0,45.0,42.0
2025-12-25T13:23:08.166604,15118.302,5427,Ring,motor_4_open,51.0,35.0625,8,31.0,30.0,29.0,30.0,30.0,29.0,31.0,30.0,30.0,32.0,32.0,51.0,48.0,42.0,44.0,42.0
2025-12-25T13:23:09.062564,15119.203,5428,Ring,motor_5_flexed,51.0,35.1875,8,31.0,30.0,29.0,31.0,30.0,29.0,31.0,30.0,30.0,32.0,32.0,51.0,48.0,42.0,45.0,42.0
2025-12-25T13:23:10.150515,15120.289,5428,Ring,motor_5_flex_hold,51.0,35.1875,8,31.0,30.0,29.0,31.0,30.0,29.0,31.0,30.0,30.0,32.0,32.0,51.0,48.0,42.0,45.0,42.0
2025-12-25T13:23:10.950477,15121.089,5428,Ring,motor_5_open,51.0,35.1875,8,31.0,30.0,29.0,31.0,30.0,29.0,31.0,30.0,30.0,32.0,32.0,51.0,48.0,42.0,45.0,42.0
2025-12-25T13:23:11.846437,15121.984,5429,Ring,motor_6_flexed,51.0,35.125,8,31.0,30.0,29.0,31.0,30.0,29.0,31.0,30.0,29.0,32.0,32.0,51.0,48.0,42.0,45.0,42.0
2025-12-25T13:23:13.734352,15123.871,5429,Ring,motor_6_open,51.0,35.125,8,31.0,30.0,29.0,31.0,30.0,29.0,31.0,30.0,30.0,32.0,32.0,51.0,48.0,42.0,44.0,42.0
2025-12-25T13:23:14.630301,15124.769,5430,Pinky,motor_7_flexed,51.0,35.125,8,31.0,30.0,29.0,30.0,30.0,29.0,31.0,30.0,30.0,32.0,32.0,51.0,48.0,42.0,45.0,42.0
2025-12-25T13:23:16.518224,15126.654,5430,Pinky,motor_7_open,51.0,35.1875,8,31.0,30.0,29.0,30.0,31.0,29.0,31.0,30.0,30.0,32.0,32.0,51.0,48.0,42.0,45.0,42.0
2025-12-25T13:23:17.414185,15127.551,5431,Pinky,motor_8_flexed,51.0,35.1875,8,31.0,30.0,29.0,30.0,31.0,29.0,31.0,30.0,30.0,32.0,32.0,51.0,48.0,42.0,45.0,42.0
2025-12-25T13:23:19.302089,15129.44,5431,Pinky,motor_8_open,51.0,35.125,8,31.0,30.0,29.0,30.0,30.0,29.0,31.0,30.0,30.0,32.0,32.0,51.0,48.0,42.0,45.0,42.0
2025-12-25T13:23:20.198055,15130.335,5432,Pinky,motor_9_flexed,51.0,35.0625,8,31.0,30.0,29.0,30.0,30.0,29.0,31.0,30.0,30.0,32.0,32.0,51.0,48.0,42.0,45.0,41.0
2025-12-25T13:23:22.085971,15132.223,5432,Pinky,motor_9_open,51.0,35.0,8,31.0,30.0,29.0,30.0,30.0,29.0,31.0,30.0,30.0,32.0,32.0,51.0,48.0,42.0,44.0,41.0
2025-12-25T13:23:22.981932,15133.12,5433,Thumb,motor_13_flexed,51.0,35.125,8,31.0,30.0,29.0,30.0,30.0,29.0,31.0,30.0,30.0,32.0,32.0,51.0,48.0,42.0,45.0,42.0
2025-12-25T13:23:24.869836,15135.006,5433,Thumb,motor_13_open,51.0,35.125,8,31.0,30.0,29.0,30.0,30.0,29.0,31.0,30.0,30.0,32.0,32.0,51.0,48.0,42.0,45.0,42.0
2025-12-25T13:23:25.765793,15135.904,5434,Thumb,motor_14_flexed,51.0,35.125,8,31.0,30.0,29.0,30.0,30.0,29.0,31.0,30.0,30.0,32.0,32.0,51.0,48.0,42.0,45.0,42.0
2025-12-25T13:23:27.653724,15137.793,5434,Thumb,motor_14_open,51.0,35.125,8,31.0,30.0,29.0,30.0,30.0,29.0,31.0,30.0,30.0,32.0,32.0,51.0,48.0,42.0,45.0,42.0
2025-12-25T13:23:28.549677,15138.684,5435,Thumb,motor_12_flexed,51.0,35.0625,8,31.0,30.0,29.0,30.0,30.0,29.0,31.0,30.0,30.0,32.0,32.0,51.0,48.0,42.0,44.0,42.0
2025-12-25T13:23:30.437590,15140.575,5435,Thumb,motor_12_open,51.0,35.125,8,31.0,30.0,29.0,30.0,30.0,29.0,31.0,30.0,30.0,32.0,32.0,51.0,48.0,42.0,44.0,43.0
2025-12-25T13:23:31.333550,15141.471,5436,Index,motor_2_flexed,51.0,35.1875,8,31.0,30.0,29.0,31.0,30.0,29.0,31.0,30.0,30.0,32.0,32.0,51.0,48.0,42.0,45.0,42.0
2025-12-25T13:23:33.221456,15143.36,5436,Index,motor_2_open,51.0,35.125,8,31.0,30.0,29.0,30.0,30.0,29.0,31.0,30.0,30.0,32.0,32.0,51.0,48.0,42.0,45.0,42.0
2025-12-25T13:23:34.117413,15144.253,5437,Index,motor_1_flexed,51.0,35.125,8,31.0,30.0,29.0,31.0,30.0,29.0,31.0,30.0,30.0,32.0,32.0,51.0,48.0,42.0,44.0,42.0
2025-12-25T13:23:36.005336,15146.142,5437,Index,motor_1_open,51.0,35.0625,8,31.0,30.0,29.0,30.0,30.0,29.0,31.0,30.0,30.0,32.0,32.0,51.0,48.0,42.0,44.0,42.0
2025-12-25T13:23:36.901304,15147.038,5438,Index,motor_3_flexed,51.0,35.0625,8,31.0,30.0,29.0,30.0,30.0,29.0,31.0,30.0,30.0,32.0,32.0,51.0,48.0,42.0,44.0,42.0
2025-12-25T13:23:38.789208,15148.926,5438,Index,motor_3_open,51.0,35.0,8,31.0,30.0,29.0,30.0,30.0,29.0,31.0,30.0,30.0,32.0,32.0,51.0,48.0,42.0,44.0,41.0
2025-12-25T13:23:39.685167,15149.825,5439,Middle,motor_11_flexed,51.0,35.125,8,31.0,30.0,29.0,30.0,30.0,29.0,31.0,30.0,30.0,32.0,32.0,51.0,48.0,42.0,45.0,42.0
2025-12-25T13:23:41.573098,15151.711,5439,Middle,motor_11_open,51.0,35.1875,8,31.0,30.0,29.0,31.0,30.0,29.0,31.0,30.0,30.0,32.0,32.0,51.0,48.0,42.0,45.0,42.0
2025-12-25T13:23:42.469045,15152.606,5440,Middle,motor_10_flexed,51.0,35.125,8,31.0,30.0,29.0,30.0,30.0,29.0,31.0,30.0,30.0,32.0,32.0,51.0,48.0,42.0,45.0,42.0
2025-12-25T13:23:44.356959,15154.498,5440,Middle,motor_10_open,51.0,35.125,8,31.0,30.0,29.0,30.0,30.0,29.0,31.0,30.0,30.0,32.0,32.0,51.0,48.0,42.0,45.0,42.0
2025-12-25T13:23:45.252917,15155.394,5441,Ring,motor_4_flexed,51.0,35.125,8,31.0,30.0,29.0,30.0,30.0,29.0,31.0,30.0,30.0,32.0,32.0,51.0,48.0,42.0,45.0,42.0
2025-12-25T13:23:47.140830,15157.278,5441,Ring,motor_4_open,51.0,35.0,8,31.0,30.0,29.0,30.0,30.0,29.0,31.0,30.0,30.0,32.0,32.0,51.0,48.0,42.0,43.0,42.0
2025-12-25T13:23:48.036781,15158.173,5442,Ring,motor_5_flexed,51.0,35.125,8,31.0,30.0,29.0,30.0,30.0,29.0,31.0,30.0,30.0,32.0,32.0,51.0,48.0,42.0,45.0,42.0
2025-12-25T13:23:49.924703,15160.062,5442,Ring,motor_5_open,51.0,35.125,8,31.0,30.0,29.0,31.0,30.0,29.0,31.0,30.0,30.0,32.0,32.0,51.0,48.0,42.0,44.0,42.0
2025-12-25T13:23:50.820662,15160.956,5443,Ring,motor_6_flexed,51.0,35.125,8,31.0,30.0,29.0,31.0,30.0,29.0,31.0,30.0,30.0,32.0,32.0,51.0,48.0,42.0,44.0,42.0
2025-12-25T13:23:52.708564,15162.846,5443,Ring,motor_6_open,51.0,35.1875,8,31.0,30.0,29.0,31.0,30.0,29.0,31.0,30.0,30.0,32.0,32.0,51.0,48.0,42.0,45.0,42.0
2025-12-25T13:23:53.604526,15163.739,5444,Pinky,motor_7_flexed,51.0,35.125,8,31.0,30.0,29.0,30.0,31.0,29.0,31.0,30.0,30.0,32.0,32.0,51.0,48.0,42.0,44.0,42.0
2025-12-25T13:23:55.492463,15165.63,5444,Pinky,motor_7_open,51.0,35.125,8,31.0,30.0,29.0,30.0,30.0,29.0,31.0,30.0,30.0,32.0,32.0,51.0,48.0,42.0,45.0,42.0
2025-12-25T13:23:56.388410,15166.527,5445,Pinky,motor_8_flexed,51.0,35.1875,8,31.0,30.0,29.0,31.0,31.0,29.0,31.0,30.0,30.0,32.0,32.0,51.0,48.0,42.0,44.0,42.0
2025-12-25T13:23:58.276323,15168.415,5445,Pinky,motor_8_open,51.0,35.0625,8,31.0,30.0,29.0,30.0,30.0,29.0,31.0,30.0,30.0,32.0,32.0,51.0,48.0,42.0,44.0,42.0
2025-12-25T13:23:59.172282,15169.311,5446,Pinky,motor_9_flexed,51.0,35.125,8,31.0,30.0,29.0,31.0,30.0,29.0,31.0,30.0,30.0,32.0,32.0,51.0,48.0,42.0,44.0,42.0
2025-12-25T13:24:01.060187,15171.197,5446,Pinky,motor_9_open,51.0,35.1875,8,31.0,30.0,29.0,31.0,30.0,29.0,31.0,30.0,30.0,32.0,32.0,51.0,48.0,42.0,45.0,42.0
2025-12-25T13:24:01.956145,15172.095,5447,Thumb,motor_13_flexed,51.0,35.0625,8,31.0,30.0,29.0,30.0,30.0,29.0,31.0,30.0,30.0,32.0,32.0,51.0,48.0,42.0,44.0,42.0
2025-12-25T13:24:03.844061,15173.981,5447,Thumb,motor_13_open,51.0,35.1875,8,31.0,30.0,29.0,30.0,31.0,29.0,31.0,30.0,30.0,32.0,32.0,51.0,48.0,42.0,45.0,42.0
2025-12-25T13:24:04.740032,15174.874,5448,Thumb,motor_14_flexed,51.0,35.1875,8,31.0,30.0,29.0,31.0,30.0,29.0,31.0,30.0,30.0,32.0,32.0,51.0,48.0,42.0,45.0,42.0
2025-12-25T13:24:06.627934,15176.765,5448,Thumb,motor_14_open,51.0,35.125,8,31.0,30.0,29.0,31.0,30.0,29.0,31.0,30.0,30.0,32.0,32.0,51.0,48.0,42.0,44.0,42.0
2025-12-25T13:24:07.523891,15177.664,5449,Thumb,motor_12_flexed,51.0,35.0625,8,31.0,30.0,29.0,30.0,30.0,29.0,31.0,30.0,30.0,32.0,32.0,51.0,48.0,42.0,44.0,42.0
2025-12-25T13:24:09.411813,15179.551,5449,Thumb,motor_12_open,51.0,35.0625,8,31.0,30.0,29.0,30.0,30.0,29.0,31.0,30.0,30.0,32.0,32.0,51.0,48.0,42.0,44.0,42.0
2025-12-25T13:24:10.003789,15180.138,5449,Thumb,motor_12_open_hold,51.0,35.125,8,31.0,30.0,29.0,30.0,30.0,29.0,31.0,30.0,30.0,32.0,32.0,51.0,48.0,42.0,45.0,42.0
2025-12-25T13:24:10.403773,15180.541,5450,Index,motor_2_flexed,51.0,35.125,8,31.0,30.0,29.0,30.0,30.0,29.0,31.0,30.0,30.0,32.0,32.0,51.0,48.0,42.0,45.0,42.0
2025-12-25T13:24:12.291676,15182.428,5450,Index,motor_2_open,51.0,35.125,8,31.0,30.0,29.0,30.0,30.0,29.0,31.0,30.0,30.0,32.0,32.0,51.0,48.0,42.0,45.0,42.0
2025-12-25T13:24:13.187633,15183.324,5451,Index,motor_1_flexed,51.0,35.125,8,31.0,30.0,29.0,30.0,30.0,29.0,31.0,30.0,30.0,32.0,32.0,51.0,48.0,42.0,45.0,42.0
2025-12-25T13:24:15.075544,15185.214,5451,Index,motor_1_open,51.0,35.0625,8,31.0,30.0,29.0,30.0,30.0,29.0,31.0,30.0,30.0,32.0,32.0,51.0,48.0,42.0,45.0,41.0
2025-12-25T13:24:15.971519,15186.11,5452,Index,motor_3_flexed,51.0,35.125,8,31.0,30.0,29.0,30.0,30.0,29.0,31.0,30.0,30.0,32.0,32.0,51.0,48.0,42.0,45.0,42.0
2025-12-25T13:24:17.859432,15187.998,5452,Index,motor_3_open,51.0,35.125,8,31.0,30.0,29.0,30.0,30.0,29.0,31.0,30.0,30.0,32.0,32.0,51.0,48.0,42.0,45.0,42.0
2025-12-25T13:24:18.755391,15188.893,5453,Middle,motor_11_flexed,51.0,35.0625,8,31.0,30.0,29.0,30.0,30.0,29.0,31.0,30.0,30.0,32.0,32.0,51.0,48.0,42.0,44.0,42.0
2025-12-25T13:24:20.643304,15190.782,5453,Middle,motor_11_open,51.0,35.0625,8,31.0,30.0,29.0,30.0,30.0,29.0,31.0,30.0,30.0,32.0,32.0,51.0,48.0,42.0,44.0,42.0
2025-12-25T13:24:21.539264,15191.678,5454,Middle,motor_10_flexed,51.0,35.0625,8,31.0,30.0,29.0,30.0,30.0,29.0,31.0,30.0,30.0,32.0,32.0,51.0,48.0,42.0,44.0,42.0
2025-12-25T13:24:23.427171,15193.565,5454,Middle,motor_10_open,51.0,35.0625,8,31.0,30.0,29.0,30.0,30.0,29.0,31.0,30.0,30.0,32.0,32.0,51.0,48.0,42.0,44.0,42.0
2025-12-25T13:24:24.323137,15194.461,5455,Ring,motor_4_flexed,51.0,35.0625,8,31.0,30.0,29.0,30.0,30.0,29.0,31.0,30.0,30.0,32.0,32.0,51.0,48.0,42.0,44.0,42.0
2025-12-25T13:24:26.211054,15196.349,5455,Ring,motor_4_open,51.0,35.1875,8,31.0,30.0,29.0,31.0,30.0,29.0,31.0,30.0,30.0,32.0,32.0,51.0,48.0,42.0,45.0,42.0
2025-12-25T13:24:27.107010,15197.245,5456,Ring,motor_5_flexed,51.0,35.0,8,31.0,30.0,29.0,30.0,30.0,29.0,31.0,30.0,29.0,32.0,32.0,51.0,48.0,42.0,44.0,42.0
2025-12-25T13:24:28.994925,15199.133,5456,Ring,motor_5_open,51.0,35.1875,8,31.0,30.0,29.0,30.0,30.0,29.0,31.0,30.0,30.0,32.0,32.0,51.0,48.0,42.0,45.0,43.0
2025-12-25T13:24:29.890891,15200.028,5457,Ring,motor_6_flexed,51.0,35.0625,8,31.0,30.0,29.0,31.0,30.0,29.0,31.0,30.0,30.0,32.0,32.0,51.0,48.0,42.0,44.0,41.0
2025-12-25T13:24:31.778796,15201.913,5457,Ring,motor_6_open,51.0,35.125,8,31.0,30.0,29.0,30.0,31.0,29.0,31.0,30.0,30.0,32.0,32.0,51.0,48.0,42.0,44.0,42.0
2025-12-25T13:24:32.674757,15202.813,5458,Pinky,motor_7_flexed,51.0,35.0625,8,31.0,30.0,29.0,30.0,30.0,29.0,31.0,30.0,29.0,32.0,32.0,51.0,48.0,42.0,45.0,42.0
2025-12-25T13:24:34.562680,15204.7,5458,Pinky,motor_7_open,51.0,35.25,8,31.0,30.0,29.0,31.0,31.0,29.0,31.0,30.0,30.0,32.0,32.0,51.0,48.0,42.0,45.0,42.0
2025-12-25T13:24:35.458632,15205.594,5459,Pinky,motor_8_flexed,51.0,35.0,8,31.0,30.0,29.0,30.0,30.0,29.0,31.0,30.0,29.0,32.0,32.0,51.0,48.0,42.0,44.0,42.0
2025-12-25T13:24:37.346546,15207.484,5459,Pinky,motor_8_open,51.0,35.0,8,31.0,30.0,29.0,30.0,30.0,29.0,31.0,30.0,29.0,32.0,32.0,51.0,48.0,42.0,44.0,42.0
2025-12-25T13:24:38.242503,15208.381,5460,Pinky,motor_9_flexed,51.0,35.125,8,31.0,30.0,29.0,30.0,30.0,29.0,31.0,30.0,30.0,32.0,32.0,51.0,48.0,42.0,45.0,42.0
2025-12-25T13:24:40.130419,15210.267,5460,Pinky,motor_9_open,51.0,35.125,8,31.0,30.0,29.0,31.0,30.0,29.0,31.0,30.0,30.0,32.0,32.0,51.0,48.0,42.0,44.0,42.0
2025-12-25T13:24:41.026373,15211.161,5461,Thumb,motor_13_flexed,51.0,35.125,8,31.0,30.0,29.0,30.0,30.0,29.0,31.0,30.0,30.0,32.0,32.0,51.0,48.0,42.0,45.0,42.0
2025-12-25T13:24:42.914292,15213.05,5461,Thumb,motor_13_open,51.0,35.125,8,31.0,30.0,29.0,30.0,30.0,29.0,31.0,30.0,30.0,32.0,32.0,51.0,48.0,42.0,45.0,42.0
2025-12-25T13:24:43.810262,15213.946,5462,Thumb,motor_14_flexed,51.0,35.0625,8,31.0,30.0,29.0,30.0,30.0,29.0,31.0,30.0,30.0,32.0,32.0,51.0,48.0,42.0,44.0,42.0
2025-12-25T13:24:45.698166,15215.838,5462,Thumb,motor_14_open,51.0,35.125,8,31.0,30.0,29.0,30.0,30.0,29.0,31.0,30.0,30.0,32.0,32.0,51.0,48.0,42.0,45.0,42.0
2025-12-25T13:24:46.594126,15216.731,5463,Thumb,motor_12_flexed,51.0,35.125,8,31.0,30.0,29.0,30.0,30.0,29.0,31.0,30.0,30.0,32.0,32.0,51.0,48.0,42.0,45.0,42.0
2025-12-25T13:24:48.482055,15218.618,5463,Thumb,motor_12_open,51.0,35.0625,8,31.0,30.0,29.0,30.0,30.0,29.0,31.0,30.0,30.0,32.0,32.0,51.0,48.0,42.0,44.0,42.0
2025-12-25T13:24:49.377999,15219.515,5464,Index,motor_2_flexed,51.0,35.0625,8,31.0,30.0,29.0,30.0,30.0,29.0,31.0,30.0,30.0,32.0,32.0,51.0,48.0,42.0,44.0,42.0
2025-12-25T13:24:51.265914,15221.405,5464,Index,motor_2_open,51.0,35.0625,8,31.0,30.0,29.0,30.0,30.0,29.0,31.0,30.0,30.0,32.0,32.0,51.0,48.0,42.0,44.0,42.0
2025-12-25T13:24:52.161873,15222.297,5465,Index,motor_1_flexed,51.0,35.0625,8,31.0,30.0,29.0,30.0,30.0,29.0,31.0,30.0,30.0,32.0,32.0,51.0,48.0,42.0,44.0,42.0
2025-12-25T13:24:54.049786,15224.187,5465,Index,motor_1_open,51.0,35.125,8,31.0,30.0,29.0,30.0,30.0,29.0,31.0,30.0,30.0,32.0,32.0,51.0,48.0,42.0,45.0,42.0
2025-12-25T13:24:54.945747,15225.084,5466,Index,motor_3_flexed,51.0,35.0625,8,31.0,30.0,29.0,30.0,30.0,29.0,31.0,30.0,30.0,32.0,32.0,51.0,48.0,42.0,44.0,42.0
2025-12-25T13:24:56.833659,15226.973,5466,Index,motor_3_open,51.0,35.0625,8,31.0,30.0,29.0,30.0,30.0,29.0,31.0,30.0,30.0,32.0,32.0,51.0,48.0,42.0,44.0,42.0
2025-12-25T13:24:57.729632,15227.866,5467,Middle,motor_11_flexed,51.0,35.0,8,31.0,30.0,29.0,30.0,30.0,29.0,31.0,30.0,29.0,32.0,32.0,51.0,48.0,42.0,44.0,42.0
2025-12-25T13:24:59.617532,15229.758,5467,Middle,motor_11_open,51.0,35.0625,8,31.0,30.0,29.0,31.0,30.0,29.0,31.0,30.0,29.0,32.0,32.0,51.0,48.0,42.0,44.0,42.0
2025-12-25T13:25:00.513492,15230.65,5468,Middle,motor_10_flexed,51.0,35.0625,8,31.0,30.0,29.0,30.0,30.0,29.0,31.0,30.0,30.0,32.0,32.0,51.0,48.0,42.0,44.0,42.0
2025-12-25T13:25:02.401425,15232.541,5468,Middle,motor_10_open,51.0,35.0625,8,31.0,30.0,29.0,30.0,30.0,29.0,31.0,30.0,30.0,32.0,32.0,51.0,48.0,42.0,44.0,42.0
2025-12-25T13:25:03.297355,15233.437,5469,Ring,motor_4_flexed,51.0,35.0625,8,31.0,30.0,29.0,30.0,30.0,29.0,31.0,30.0,30.0,32.0,32.0,51.0,48.0,42.0,44.0,42.0
2025-12-25T13:25:05.185271,15235.321,5469,Ring,motor_4_open,51.0,35.125,8,31.0,30.0,29.0,31.0,30.0,29.0,31.0,30.0,30.0,32.0,32.0,51.0,48.0,42.0,44.0,42.0
2025-12-25T13:25:06.081237,15236.219,5470,Ring,motor_5_flexed,51.0,34.9375,8,31.0,30.0,29.0,30.0,30.0,29.0,31.0,30.0,30.0,32.0,32.0,51.0,48.0,42.0,44.0,40.0
2025-12-25T13:25:07.969152,15238.108,5470,Ring,motor_5_open,51.0,35.0625,8,31.0,30.0,29.0,31.0,30.0,29.0,31.0,30.0,30.0,32.0,32.0,51.0,48.0,42.0,44.0,41.0
2025-12-25T13:25:08.865112,15239.005,5471,Ring,motor_6_flexed,51.0,35.1875,8,31.0,30.0,29.0,30.0,30.0,29.0,31.0,30.0,30.0,32.0,32.0,51.0,48.0,42.0,46.0,42.0
2025-12-25T13:25:09.953063,15240.092,5471,Ring,motor_6_flex_hold,51.0,35.1875,8,31.0,30.0,29.0,31.0,31.0,29.0,31.0,30.0,30.0,32.0,32.0,51.0,48.0,42.0,44.0,42.0
2025-12-25T13:25:10.753026,15240.893,5471,Ring,motor_6_open,51.0,35.0625,8,31.0,30.0,29.0,30.0,30.0,29.0,31.0,30.0,30.0,32.0,32.0,51.0,48.0,42.0,44.0,42.0
2025-12-25T13:25:11.648985,15241.787,5472,Pinky,motor_7_flexed,51.0,35.125,8,31.0,30.0,29.0,30.0,30.0,29.0,31.0,30.0,30.0,32.0,32.0,51.0,48.0,42.0,45.0,42.0
2025-12-25T13:25:13.536899,15243.677,5472,Pinky,motor_7_open,51.0,35.125,8,31.0,30.0,29.0,30.0,31.0,29.0,31.0,30.0,30.0,32.0,32.0,51.0,48.0,42.0,44.0,42.0
2025-12-25T13:25:14.432849,15244.57,5473,Pinky,motor_8_flexed,51.0,35.0625,8,31.0,30.0,29.0,31.0,30.0,29.0,31.0,30.0,29.0,32.0,32.0,51.0,48.0,42.0,44.0,42.0
2025-12-25T13:25:16.320761,15246.459,5473,Pinky,motor_8_open,51.0,35.0625,8,31.0,30.0,29.0,30.0,30.0,29.0,31.0,30.0,30.0,32.0,32.0,51.0,48.0,42.0,44.0,42.0
2025-12-25T13:25:17.216724,15247.355,5474,Pinky,motor_9_flexed,51.0,35.0,8,31.0,30.0,29.0,30.0,30.0,29.0,31.0,30.0,29.0,32.0,32.0,51.0,48.0,42.0,44.0,42.0
2025-12-25T13:25:19.104635,15249.243,5474,Pinky,motor_9_open,51.0,35.125,8,31.0,30.0,29.0,30.0,30.0,29.0,31.0,30.0,30.0,32.0,32.0,51.0,48.0,42.0,45.0,42.0
2025-12-25T13:25:20.000595,15250.139,5475,Thumb,motor_13_flexed,51.0,35.1875,8,31.0,30.0,29.0,30.0,30.0,29.0,31.0,30.0,30.0,32.0,32.0,51.0,48.0,42.0,45.0,43.0
2025-12-25T13:25:21.888511,15252.027,5475,Thumb,motor_13_open,51.0,35.125,8,31.0,30.0,29.0,30.0,30.0,29.0,31.0,30.0,30.0,32.0,32.0,51.0,48.0,42.0,45.0,42.0
2025-12-25T13:25:22.784478,15252.922,5476,Thumb,motor_14_flexed,51.0,35.0625,8,31.0,30.0,29.0,30.0,30.0,29.0,31.0,30.0,30.0,32.0,32.0,51.0,48.0,42.0,44.0,42.0
2025-12-25T13:25:24.672393,15254.812,5476,Thumb,motor_14_open,51.0,35.125,8,31.0,30.0,29.0,31.0,30.0,29.0,31.0,30.0,30.0,32.0,32.0,51.0,48.0,42.0,45.0,41.0
2025-12-25T13:25:25.568344,15255.706,5477,Thumb,motor_12_flexed,51.0,35.125,8,31.0,30.0,29.0,30.0,30.0,29.0,31.0,30.0,30.0,32.0,32.0,51.0,48.0,42.0,45.0,42.0
2025-12-25T13:25:27.456251,15257.594,5477,Thumb,motor_12_open,51.0,35.0625,8,31.0,30.0,29.0,30.0,30.0,29.0,31.0,30.0,30.0,32.0,32.0,51.0,48.0,42.0,44.0,42.0
2025-12-25T13:25:28.352218,15258.49,5478,Index,motor_2_flexed,51.0,35.0625,8,31.0,30.0,29.0,30.0,30.0,29.0,31.0,30.0,30.0,32.0,32.0,51.0,48.0,42.0,44.0,42.0
2025-12-25T13:25:30.240124,15260.38,5478,Index,motor_2_open,51.0,35.0625,8,31.0,30.0,29.0,30.0,30.0,29.0,31.0,30.0,30.0,32.0,32.0,51.0,48.0,42.0,44.0,42.0
2025-12-25T13:25:31.136088,15261.274,5479,Index,motor_1_flexed,51.0,35.0625,8,31.0,30.0,29.0,30.0,30.0,29.0,31.0,30.0,30.0,32.0,32.0,51.0,48.0,42.0,44.0,42.0
2025-12-25T13:25:33.024004,15263.164,5479,Index,motor_1_open,51.0,35.0625,8,31.0,30.0,29.0,30.0,30.0,29.0,31.0,30.0,30.0,32.0,32.0,51.0,48.0,42.0,44.0,42.0
2025-12-25T13:25:33.919964,15264.059,5480,Index,motor_3_flexed,51.0,35.125,8,31.0,30.0,29.0,30.0,30.0,29.0,31.0,30.0,30.0,32.0,32.0,51.0,48.0,42.0,45.0,42.0
2025-12-25T13:25:35.807877,15265.944,5480,Index,motor_3_open,51.0,35.125,8,31.0,30.0,29.0,30.0,30.0,29.0,31.0,30.0,30.0,32.0,32.0,51.0,48.0,42.0,45.0,42.0
2025-12-25T13:25:36.703839,15266.841,5481,Middle,motor_11_flexed,51.0,35.0625,8,31.0,30.0,29.0,30.0,30.0,29.0,31.0,30.0,30.0,32.0,32.0,51.0,48.0,42.0,44.0,42.0
2025-12-25T13:25:38.591751,15268.731,5481,Middle,motor_11_open,51.0,35.1875,8,31.0,30.0,29.0,30.0,30.0,29.0,31.0,30.0,30.0,32.0,32.0,51.0,48.0,42.0,45.0,43.0
2025-12-25T13:25:39.487708,15269.628,5482,Middle,motor_10_flexed,51.0,35.0625,8,31.0,30.0,29.0,30.0,30.0,29.0,31.0,30.0,30.0,32.0,32.0,51.0,48.0,42.0,44.0,42.0
2025-12-25T13:25:41.375628,15271.513,5482,Middle,motor_10_open,51.0,35.0625,8,31.0,30.0,29.0,30.0,30.0,29.0,31.0,30.0,30.0,32.0,32.0,51.0,48.0,42.0,44.0,42.0
2025-12-25T13:25:42.271581,15272.407,5483,Ring,motor_4_flexed,51.0,35.125,8,31.0,30.0,29.0,30.0,30.0,29.0,31.0,30.0,30.0,32.0,32.0,51.0,48.0,42.0,45.0,42.0
2025-12-25T13:25:44.159506,15274.299,5483,Ring,motor_4_open,51.0,35.125,8,31.0,30.0,29.0,30.0,30.0,29.0,31.0,30.0,30.0,32.0,32.0,51.0,48.0,42.0,45.0,42.0
2025-12-25T13:25:45.055467,15275.193,5484,Ring,motor_5_flexed,51.0,35.125,8,31.0,30.0,29.0,31.0,30.0,29.0,31.0,30.0,30.0,32.0,32.0,51.0,48.0,42.0,44.0,42.0
2025-12-25T13:25:46.943379,15277.08,5484,Ring,motor_5_open,51.0,35.125,8,31.0,30.0,29.0,30.0,30.0,29.0,31.0,30.0,30.0,32.0,32.0,51.0,48.0,42.0,45.0,42.0
2025-12-25T13:25:47.839336,15277.976,5485,Ring,motor_6_flexed,51.0,35.125,8,31.0,30.0,29.0,30.0,30.0,29.0,31.0,30.0,30.0,32.0,32.0,51.0,48.0,42.0,45.0,42.0
2025-12-25T13:25:49.727251,15279.866,5485,Ring,motor_6_open,51.0,35.0,8,31.0,30.0,29.0,30.0,30.0,29.0,31.0,30.0,29.0,32.0,32.0,51.0,48.0,42.0,44.0,42.0
2025-12-25T13:25:50.623215,15280.76,5486,Pinky,motor_7_flexed,51.0,35.125,8,31.0,30.0,29.0,31.0,30.0,29.0,31.0,30.0,30.0,32.0,32.0,51.0,48.0,42.0,44.0,42.0
2025-12-25T13:25:52.511117,15282.648,5486,Pinky,motor_7_open,51.0,35.0625,8,31.0,30.0,29.0,30.0,30.0,29.0,31.0,30.0,29.0,32.0,32.0,51.0,48.0,42.0,45.0,42.0
2025-12-25T13:25:53.407076,15283.545,5487,Pinky,motor_8_flexed,51.0,35.0625,8,31.0,30.0,29.0,30.0,30.0,29.0,31.0,30.0,29.0,32.0,32.0,51.0,48.0,42.0,45.0,42.0
2025-12-25T13:25:55.295009,15285.432,5487,Pinky,motor_8_open,51.0,35.0625,8,31.0,30.0,29.0,31.0,30.0,29.0,31.0,30.0,30.0,32.0,32.0,51.0,48.0,42.0,44.0,41.0
2025-12-25T13:25:56.190957,15286.33,5488,Pinky,motor_9_flexed,51.0,35.0625,8,31.0,30.0,29.0,30.0,30.0,29.0,31.0,30.0,29.0,32.0,32.0,51.0,48.0,42.0,45.0,42.0
2025-12-25T13:25:58.078871,15288.214,5488,Pinky,motor_9_open,51.0,35.125,8,31.0,30.0,29.0,30.0,30.0,29.0,31.0,30.0,30.0,32.0,32.0,51.0,48.0,42.0,45.0,42.0
2025-12-25T13:25:58.974831,15289.112,5489,Thumb,motor_13_flexed,51.0,35.125,8,31.0,30.0,29.0,31.0,30.0,29.0,31.0,30.0,30.0,32.0,32.0,51.0,48.0,42.0,44.0,42.0
2025-12-25T13:26:00.862745,15291.0,5489,Thumb,motor_13_open,51.0,35.125,8,31.0,30.0,29.0,30.0,30.0,29.0,31.0,30.0,30.0,32.0,32.0,51.0,48.0,42.0,45.0,42.0
2025-12-25T13:26:01.758705,15291.899,5490,Thumb,motor_14_flexed,51.0,35.0625,8,31.0,30.0,29.0,30.0,30.0,29.0,31.0,30.0,30.0,32.0,32.0,51.0,48.0,42.0,44.0,42.0
2025-12-25T13:26:03.646620,15293.788,5490,Thumb,motor_14_open,51.0,35.1875,8,31.0,30.0,29.0,31.0,30.0,29.0,31.0,30.0,30.0,32.0,32.0,51.0,48.0,42.0,45.0,42.0
2025-12-25T13:26:04.542590,15294.675,5491,Thumb,motor_12_flexed,51.0,35.0625,8,31.0,30.0,29.0,30.0,30.0,29.0,31.0,30.0,30.0,32.0,32.0,51.0,48.0,42.0,45.0,41.0
2025-12-25T13:26:06.430494,15296.569,5491,Thumb,motor_12_open,51.0,35.125,8,31.0,30.0,29.0,30.0,30.0,29.0,31.0,30.0,30.0,32.0,32.0,51.0,48.0,42.0,45.0,42.0
2025-12-25T13:26:07.326484,15297.466,5492,Index,motor_2_flexed,51.0,35.0625,8,31.0,30.0,29.0,30.0,30.0,29.0,31.0,30.0,30.0,32.0,32.0,51.0,48.0,42.0,44.0,42.0
2025-12-25T13:26:09.214409,15299.353,5492,Index,motor_2_open,51.0,35.25,8,31.0,30.0,29.0,30.0,30.0,29.0,31.0,30.0,30.0,32.0,32.0,51.0,48.0,42.0,44.0,45.0
2025-12-25T13:26:10.110313,15300.247,5493,Index,motor_1_flexed,51.0,35.125,8,31.0,30.0,29.0,30.0,30.0,29.0,31.0,30.0,30.0,32.0,32.0,51.0,48.0,42.0,45.0,42.0
2025-12-25T13:26:11.998226,15302.135,5493,Index,motor_1_open,51.0,35.0,8,31.0,30.0,29.0,30.0,30.0,29.0,31.0,30.0,29.0,32.0,32.0,51.0,48.0,42.0,44.0,42.0
2025-12-25T13:26:12.894187,15303.032,5494,Index,motor_3_flexed,51.0,35.0625,8,31.0,30.0,29.0,30.0,30.0,29.0,31.0,30.0,30.0,32.0,32.0,51.0,48.0,42.0,44.0,42.0
2025-12-25T13:26:14.782101,15304.921,5494,Index,motor_3_open,51.0,35.125,8,31.0,30.0,29.0,30.0,30.0,29.0,31.0,30.0,30.0,32.0,32.0,51.0,48.0,42.0,45.0,42.0
2025-12-25T13:26:15.678058,15305.815,5495,Middle,motor_11_flexed,51.0,35.0625,8,31.0,30.0,29.0,30.0,30.0,29.0,31.0,30.0,30.0,32.0,32.0,51.0,48.0,42.0,44.0,42.0
2025-12-25T13:26:17.565974,15307.703,5495,Middle,motor_11_open,51.0,35.0625,8,31.0,30.0,29.0,30.0,30.0,29.0,31.0,30.0,29.0,32.0,32.0,51.0,48.0,42.0,45.0,42.0
2025-12-25T13:26:18.461964,15308.599,5496,Middle,motor_10_flexed,51.0,35.0625,8,31.0,30.0,29.0,30.0,30.0,29.0,31.0,30.0,29.0,32.0,32.0,51.0,48.0,42.0,45.0,42.0
2025-12-25T13:26:20.349855,15310.488,5496,Middle,motor_10_open,51.0,35.0625,8,31.0,30.0,29.0,30.0,30.0,29.0,31.0,30.0,30.0,32.0,32.0,51.0,48.0,42.0,44.0,42.0
2025-12-25T13:26:21.245824,15311.383,5497,Ring,motor_4_flexed,51.0,35.125,8,31.0,30.0,29.0,30.0,30.0,29.0,31.0,30.0,30.0,32.0,32.0,51.0,48.0,42.0,45.0,42.0
2025-12-25T13:26:23.133748,15313.27,5497,Ring,motor_4_open,51.0,35.125,8,31.0,30.0,29.0,30.0,30.0,29.0,31.0,30.0,30.0,32.0,32.0,51.0,48.0,42.0,45.0,42.0
2025-12-25T13:26:24.029705,15314.168,5498,Ring,motor_5_flexed,51.0,35.125,8,31.0,30.0,29.0,31.0,30.0,29.0,31.0,30.0,29.0,32.0,32.0,51.0,48.0,42.0,45.0,42.0
2025-12-25T13:26:25.917624,15316.056,5498,Ring,motor_5_open,51.0,35.0625,8,31.0,30.0,29.0,30.0,30.0,29.0,31.0,30.0,30.0,32.0,32.0,51.0,48.0,42.0,44.0,42.0
2025-12-25T13:26:26.813571,15316.951,5499,Ring,motor_6_flexed,51.0,35.125,8,31.0,30.0,29.0,31.0,30.0,29.0,31.0,30.0,29.0,32.0,32.0,51.0,48.0,42.0,45.0,42.0
2025-12-25T13:26:28.701494,15318.84,5499,Ring,motor_6_open,51.0,35.0625,8,31.0,30.0,29.0,30.0,30.0,29.0,31.0,30.0,30.0,32.0,32.0,51.0,48.0,42.0,44.0,42.0
2025-12-25T13:26:29.597467,15319.735,5500,Pinky,motor_7_flexed,51.0,35.0,8,31.0,30.0,29.0,30.0,30.0,29.0,31.0,30.0,29.0,32.0,32.0,51.0,48.0,42.0,44.0,42.0
2025-12-25T13:26:31.485359,15321.626,5500,Pinky,motor_7_open,51.0,35.0625,8,31.0,30.0,29.0,30.0,30.0,29.0,31.0,30.0,29.0,32.0,32.0,51.0,48.0,42.0,45.0,42.0
2025-12-25T13:26:32.381328,15322.521,5501,Pinky,motor_8_flexed,51.0,35.0625,8,31.0,30.0,29.0,30.0,31.0,29.0,31.0,30.0,29.0,32.0,32.0,51.0,48.0,42.0,44.0,42.0
2025-12-25T13:26:34.269243,15324.408,5501,Pinky,motor_8_open,51.0,35.0625,8,31.0,30.0,29.0,30.0,30.0,29.0,31.0,30.0,30.0,32.0,32.0,51.0,48.0,42.0,44.0,42.0
2025-12-25T13:26:35.165202,15325.302,5502,Pinky,motor_9_flexed,51.0,35.125,8,31.0,30.0,29.0,30.0,30.0,29.0,31.0,30.0,30.0,32.0,32.0,51.0,48.0,42.0,45.0,42.0
2025-12-25T13:26:37.053113,15327.192,5502,Pinky,motor_9_open,51.0,35.0625,8,31.0,30.0,29.0,30.0,30.0,29.0,31.0,30.0,30.0,32.0,32.0,51.0,48.0,42.0,44.0,42.0
2025-12-25T13:26:37.949060,15328.088,5503,Thumb,motor_13_flexed,51.0,35.125,8,31.0,30.0,29.0,30.0,30.0,29.0,31.0,30.0,30.0,32.0,32.0,51.0,48.0,42.0,45.0,42.0
2025-12-25T13:26:39.836989,15329.975,5503,Thumb,motor_13_open,51.0,35.0625,8,31.0,30.0,29.0,30.0,30.0,29.0,31.0,30.0,30.0,32.0,32.0,51.0,48.0,42.0,45.0,41.0
2025-12-25T13:26:40.732949,15330.872,5504,Thumb,motor_14_flexed,51.0,35.0625,8,31.0,30.0,29.0,30.0,30.0,29.0,31.0,30.0,30.0,32.0,32.0,51.0,48.0,42.0,44.0,42.0
2025-12-25T13:26:42.620865,15332.76,5504,Thumb,motor_14_open,51.0,35.0625,8,31.0,30.0,29.0,30.0,30.0,29.0,31.0,30.0,30.0,32.0,32.0,51.0,48.0,42.0,44.0,42.0
2025-12-25T13:26:43.516824,15333.655,5505,Thumb,motor_12_flexed,51.0,35.125,8,31.0,30.0,29.0,30.0,30.0,29.0,31.0,30.0,30.0,32.0,32.0,51.0,48.0,42.0,45.0,42.0
2025-12-25T13:26:45.404737,15335.544,5505,Thumb,motor_12_open,51.0,35.0625,8,31.0,30.0,29.0,30.0,30.0,29.0,31.0,30.0,30.0,32.0,32.0,51.0,48.0,42.0,44.0,42.0
2025-12-25T13:26:46.300682,15336.439,5506,Index,motor_2_flexed,51.0,35.125,8,31.0,30.0,29.0,30.0,30.0,29.0,31.0,30.0,30.0,32.0,32.0,51.0,48.0,42.0,45.0,42.0
2025-12-25T13:26:48.188600,15338.327,5506,Index,motor_2_open,51.0,35.0625,8,31.0,30.0,29.0,30.0,30.0,29.0,31.0,30.0,30.0,32.0,32.0,51.0,48.0,42.0,44.0,42.0
2025-12-25T13:26:49.084541,15339.225,5507,Index,motor_1_flexed,51.0,35.125,8,31.0,30.0,29.0,30.0,30.0,29.0,31.0,30.0,30.0,32.0,32.0,51.0,48.0,42.0,44.0,43.0
2025-12-25T13:26:50.972478,15341.112,5507,Index,motor_1_open,51.0,35.0625,8,31.0,30.0,29.0,30.0,30.0,29.0,31.0,30.0,30.0,32.0,32.0,51.0,48.0,42.0,44.0,42.0
2025-12-25T13:26:51.868435,15342.007,5508,Index,motor_3_flexed,51.0,35.125,8,31.0,30.0,29.0,30.0,30.0,29.0,31.0,30.0,30.0,32.0,32.0,51.0,48.0,42.0,44.0,43.0
2025-12-25T13:26:53.756352,15343.895,5508,Index,motor_3_open,51.0,35.0625,8,31.0,30.0,29.0,30.0,30.0,29.0,31.0,30.0,30.0,32.0,32.0,51.0,48.0,42.0,44.0,42.0
2025-12-25T13:26:54.652298,15344.792,5509,Middle,motor_11_flexed,51.0,35.0625,8,31.0,30.0,29.0,30.0,30.0,29.0,31.0,30.0,30.0,32.0,32.0,51.0,48.0,42.0,44.0,42.0
2025-12-25T13:26:56.540232,15346.679,5509,Middle,motor_11_open,51.0,35.0625,8,31.0,30.0,29.0,30.0,30.0,29.0,31.0,30.0,30.0,32.0,32.0,51.0,48.0,42.0,44.0,42.0
2025-12-25T13:26:57.436194,15347.575,5510,Middle,motor_10_flexed,51.0,35.0625,8,31.0,30.0,29.0,30.0,30.0,29.0,31.0,30.0,30.0,32.0,32.0,51.0,48.0,42.0,45.0,41.0
2025-12-25T13:26:59.324106,15349.463,5510,Middle,motor_10_open,51.0,35.125,8,31.0,30.0,29.0,30.0,30.0,29.0,31.0,30.0,30.0,32.0,32.0,51.0,48.0,42.0,45.0,42.0
2025-12-25T13:27:00.220048,15350.36,5511,Ring,motor_4_flexed,51.0,35.0625,8,31.0,30.0,29.0,30.0,30.0,29.0,31.0,30.0,30.0,32.0,32.0,51.0,48.0,42.0,44.0,42.0
2025-12-25T13:27:02.107978,15352.246,5511,Ring,motor_4_open,51.0,35.125,8,31.0,30.0,29.0,30.0,30.0,29.0,31.0,30.0,30.0,32.0,32.0,51.0,48.0,42.0,45.0,42.0
2025-12-25T13:27:03.003931,15353.141,5512,Ring,motor_5_flexed,51.0,35.0625,8,31.0,30.0,29.0,30.0,30.0,29.0,31.0,30.0,29.0,32.0,32.0,51.0,48.0,42.0,45.0,42.0
2025-12-25T13:27:04.891826,15355.03,5512,Ring,motor_5_open,51.0,35.0625,8,31.0,30.0,29.0,31.0,30.0,29.0,31.0,30.0,29.0,32.0,32.0,51.0,48.0,42.0,44.0,42.0
2025-12-25T13:27:05.787788,15355.927,5513,Ring,motor_6_flexed,51.0,35.125,8,31.0,30.0,29.0,30.0,30.0,29.0,31.0,30.0,30.0,32.0,32.0,51.0,48.0,42.0,45.0,42.0
2025-12-25T13:27:07.675703,15357.813,5513,Ring,motor_6_open,51.0,35.1875,8,31.0,30.0,29.0,31.0,30.0,29.0,31.0,30.0,30.0,32.0,32.0,51.0,48.0,42.0,45.0,42.0
2025-12-25T13:27:08.571665,15358.703,5514,Pinky,motor_7_flexed,51.0,35.0625,8,31.0,30.0,29.0,30.0,30.0,29.0,31.0,30.0,30.0,32.0,32.0,51.0,48.0,42.0,44.0,42.0
2025-12-25T13:27:10.155580,15360.298,5514,Pinky,motor_7_flex_hold,51.0,35.0,8,31.0,30.0,29.0,30.0,30.0,29.0,31.0,30.0,29.0,32.0,32.0,51.0,48.0,42.0,44.0,42.0
2025-12-25T13:27:10.555562,15360.692,5514,Pinky,motor_7_open,51.0,35.0,8,31.0,30.0,29.0,30.0,30.0,29.0,31.0,30.0,29.0,32.0,32.0,51.0,48.0,42.0,44.0,42.0
2025-12-25T13:27:11.451534,15361.589,5515,Pinky,motor_8_flexed,51.0,35.0,8,31.0,30.0,29.0,30.0,30.0,29.0,31.0,30.0,29.0,32.0,32.0,51.0,48.0,42.0,44.0,42.0
2025-12-25T13:27:13.339432,15363.472,5515,Pinky,motor_8_open,51.0,35.1875,8,31.0,30.0,29.0,31.0,30.0,29.0,31.0,30.0,30.0,32.0,32.0,51.0,48.0,42.0,45.0,42.0
2025-12-25T13:27:14.235394,15364.368,5516,Pinky,motor_9_flexed,51.0,35.0,8,31.0,30.0,29.0,30.0,30.0,29.0,31.0,30.0,29.0,32.0,32.0,51.0,48.0,42.0,44.0,42.0
2025-12-25T13:27:16.123326,15366.26,5516,Pinky,motor_9_open,51.0,35.125,8,31.0,30.0,29.0,31.0,30.0,29.0,31.0,30.0,30.0,32.0,32.0,51.0,48.0,42.0,44.0,42.0
2025-12-25T13:27:17.019269,15367.156,5517,Thumb,motor_13_flexed,51.0,35.0625,8,31.0,30.0,29.0,30.0,30.0,29.0,31.0,30.0,30.0,32.0,32.0,51.0,48.0,42.0,44.0,42.0
2025-12-25T13:27:18.907184,15369.044,5517,Thumb,motor_13_open,51.0,35.0625,8,31.0,30.0,29.0,30.0,30.0,29.0,31.0,30.0,30.0,32.0,32.0,51.0,48.0,42.0,44.0,42.0
2025-12-25T13:27:19.803152,15369.942,5518,Thumb,motor_14_flexed,51.0,35.1875,8,31.0,30.0,29.0,31.0,30.0,29.0,31.0,30.0,30.0,32.0,32.0,51.0,48.0,42.0,45.0,42.0
2025-12-25T13:27:21.691065,15371.828,5518,Thumb,motor_14_open,51.0,34.9375,8,31.0,30.0,29.0,30.0,30.0,29.0,31.0,30.0,30.0,32.0,32.0,51.0,48.0,42.0,45.0,39.0
2025-12-25T13:27:22.587024,15372.724,5519,Thumb,motor_12_flexed,51.0,35.0625,8,31.0,30.0,29.0,30.0,30.0,29.0,31.0,30.0,30.0,32.0,32.0,51.0,48.0,42.0,44.0,42.0
2025-12-25T13:27:24.474937,15374.611,5519,Thumb,motor_12_open,51.0,35.125,8,31.0,30.0,29.0,30.0,30.0,29.0,31.0,30.0,30.0,32.0,32.0,51.0,48.0,42.0,45.0,42.0
2025-12-25T13:27:25.370907,15375.508,5520,Index,motor_2_flexed,51.0,35.125,8,31.0,30.0,29.0,30.0,30.0,29.0,31.0,30.0,30.0,32.0,32.0,51.0,48.0,42.0,44.0,43.0
2025-12-25T13:27:27.258814,15377.395,5520,Index,motor_2_open,51.0,35.0625,8,31.0,30.0,29.0,30.0,30.0,29.0,31.0,30.0,30.0,32.0,32.0,51.0,48.0,42.0,44.0,42.0
2025-12-25T13:27:28.154761,15378.287,5521,Index,motor_1_flexed,51.0,35.0625,8,31.0,30.0,29.0,30.0,30.0,29.0,31.0,30.0,29.0,32.0,32.0,51.0,48.0,42.0,45.0,42.0
2025-12-25T13:27:30.042688,15380.18,5521,Index,motor_1_open,51.0,35.0625,8,31.0,30.0,29.0,30.0,30.0,29.0,31.0,30.0,30.0,32.0,32.0,51.0,48.0,42.0,44.0,42.0
2025-12-25T13:27:30.938647,15381.075,5522,Index,motor_3_flexed,51.0,35.0625,8,31.0,30.0,29.0,30.0,30.0,29.0,31.0,30.0,30.0,32.0,32.0,51.0,48.0,42.0,44.0,42.0
2025-12-25T13:27:32.826548,15382.966,5522,Index,motor_3_open,51.0,35.0625,8,31.0,30.0,29.0,30.0,30.0,29.0,31.0,30.0,29.0,32.0,32.0,51.0,48.0,42.0,45.0,42.0
2025-12-25T13:27:33.722507,15383.855,5523,Middle,motor_11_flexed,51.0,35.125,8,31.0,30.0,29.0,30.0,30.0,29.0,31.0,30.0,30.0,32.0,32.0,51.0,48.0,42.0,45.0,42.0
2025-12-25T13:27:35.610416,15385.745,5523,Middle,motor_11_open,51.0,35.0625,8,31.0,30.0,29.0,30.0,30.0,29.0,31.0,30.0,30.0,32.0,32.0,51.0,48.0,42.0,44.0,42.0
2025-12-25T13:27:36.506378,15386.638,5524,Middle,motor_10_flexed,51.0,35.125,8,31.0,30.0,29.0,30.0,30.0,29.0,31.0,30.0,30.0,32.0,32.0,51.0,48.0,42.0,45.0,42.0
2025-12-25T13:27:38.394297,15388.533,5524,Middle,motor_10_open,51.0,35.125,8,31.0,30.0,29.0,30.0,30.0,29.0,31.0,30.0,30.0,32.0,32.0,51.0,48.0,42.0,45.0,42.0
2025-12-25T13:27:39.290266,15389.431,5525,Ring,motor_4_flexed,51.0,35.0625,8,31.0,30.0,29.0,30.0,30.0,29.0,31.0,30.0,29.0,32.0,32.0,51.0,48.0,42.0,45.0,42.0
2025-12-25T13:27:41.178178,15391.317,5525,Ring,motor_4_open,51.0,35.0625,8,31.0,30.0,29.0,30.0,30.0,29.0,31.0,30.0,30.0,32.0,32.0,51.0,48.0,42.0,44.0,42.0
2025-12-25T13:27:42.074139,15392.212,5526,Ring,motor_5_flexed,51.0,35.0625,8,31.0,30.0,29.0,30.0,30.0,29.0,31.0,30.0,30.0,32.0,32.0,51.0,48.0,42.0,44.0,42.0
2025-12-25T13:27:43.962052,15394.101,5526,Ring,motor_5_open,51.0,35.0625,8,31.0,30.0,29.0,30.0,30.0,29.0,31.0,30.0,29.0,32.0,32.0,51.0,48.0,42.0,45.0,42.0
2025-12-25T13:27:44.858012,15394.997,5527,Ring,motor_6_flexed,51.0,35.125,8,31.0,30.0,29.0,31.0,30.0,29.0,31.0,30.0,29.0,32.0,32.0,51.0,48.0,42.0,45.0,42.0
2025-12-25T13:27:46.745925,15396.882,5527,Ring,motor_6_open,51.0,35.0625,8,31.0,30.0,29.0,30.0,30.0,29.0,31.0,30.0,29.0,32.0,32.0,51.0,48.0,42.0,45.0,42.0
2025-12-25T13:27:47.641885,15397.78,5528,Pinky,motor_7_flexed,51.0,35.0,8,31.0,30.0,29.0,30.0,30.0,29.0,31.0,30.0,29.0,32.0,32.0,51.0,48.0,42.0,44.0,42.0
2025-12-25T13:27:49.529786,15399.667,5528,Pinky,motor_7_open,51.0,35.125,8,31.0,30.0,29.0,30.0,31.0,29.0,31.0,30.0,29.0,32.0,32.0,51.0,48.0,42.0,45.0,42.0
2025-12-25T13:27:50.425760,15400.563,5529,Pinky,motor_8_flexed,51.0,35.0625,8,31.0,30.0,29.0,30.0,30.0,29.0,31.0,30.0,30.0,32.0,32.0,51.0,48.0,42.0,44.0,42.0
2025-12-25T13:27:52.313673,15402.45,5529,Pinky,motor_8_open,51.0,35.0,8,31.0,30.0,29.0,30.0,30.0,29.0,31.0,30.0,29.0,32.0,32.0,51.0,48.0,42.0,44.0,42.0
2025-12-25T13:27:53.209632,15403.346,5530,Pinky,motor_9_flexed,51.0,35.0625,8,31.0,30.0,29.0,30.0,30.0,29.0,31.0,30.0,30.0,32.0,32.0,51.0,48.0,42.0,44.0,42.0
2025-12-25T13:27:55.097536,15405.234,5530,Pinky,motor_9_open,51.0,35.0625,8,31.0,30.0,29.0,30.0,30.0,29.0,31.0,30.0,29.0,32.0,32.0,51.0,48.0,42.0,45.0,42.0
2025-12-25T13:27:55.993490,15406.13,5531,Thumb,motor_13_flexed,51.0,35.125,8,31.0,30.0,29.0,30.0,30.0,29.0,31.0,30.0,30.0,32.0,32.0,51.0,48.0,42.0,45.0,42.0
2025-12-25T13:27:57.881406,15408.02,5531,Thumb,motor_13_open,51.0,35.0625,8,31.0,30.0,29.0,30.0,30.0,29.0,31.0,30.0,30.0,32.0,32.0,51.0,48.0,42.0,44.0,42.0
2025-12-25T13:27:58.777366,15408.914,5532,Thumb,motor_14_flexed,51.0,35.125,8,31.0,30.0,29.0,30.0,30.0,29.0,31.0,30.0,30.0,32.0,32.0,51.0,48.0,42.0,45.0,42.0
2025-12-25T13:28:00.665294,15410.802,5532,Thumb,motor_14_open,51.0,35.125,8,31.0,30.0,29.0,30.0,30.0,29.0,31.0,30.0,30.0,32.0,32.0,51.0,48.0,42.0,45.0,42.0
2025-12-25T13:28:01.561249,15411.7,5533,Thumb,motor_12_flexed,51.0,35.125,8,31.0,30.0,29.0,30.0,30.0,29.0,31.0,30.0,30.0,32.0,32.0,51.0,48.0,42.0,45.0,42.0
2025-12-25T13:28:03.449165,15413.588,5533,Thumb,motor_12_open,51.0,35.125,8,31.0,30.0,29.0,30.0,30.0,29.0,31.0,30.0,30.0,32.0,32.0,51.0,48.0,42.0,45.0,42.0
2025-12-25T13:28:04.345129,15414.483,5534,Index,motor_2_flexed,51.0,35.0625,8,31.0,30.0,29.0,30.0,30.0,29.0,31.0,30.0,30.0,32.0,32.0,51.0,48.0,42.0,44.0,42.0
2025-12-25T13:28:06.233027,15416.367,5534,Index,motor_2_open,51.0,35.0625,8,31.0,30.0,29.0,30.0,30.0,29.0,31.0,30.0,30.0,32.0,32.0,51.0,48.0,42.0,44.0,42.0
2025-12-25T13:28:07.128994,15417.266,5535,Index,motor_1_flexed,51.0,35.0625,8,31.0,30.0,29.0,30.0,30.0,29.0,31.0,30.0,30.0,32.0,32.0,51.0,48.0,42.0,44.0,42.0
2025-12-25T13:28:09.016921,15419.157,5535,Index,motor_1_open,51.0,35.125,8,31.0,30.0,29.0,30.0,30.0,29.0,31.0,30.0,30.0,32.0,32.0,51.0,48.0,42.0,45.0,42.0
2025-12-25T13:28:09.912867,15420.052,5536,Index,motor_3_flexed,51.0,35.0,8,31.0,30.0,29.0,30.0,30.0,29.0,31.0,30.0,29.0,32.0,32.0,51.0,48.0,42.0,44.0,42.0
2025-12-25T13:28:11.800772,15421.938,5536,Index,motor_3_open,51.0,35.125,8,31.0,30.0,29.0,30.0,30.0,29.0,31.0,30.0,30.0,32.0,32.0,51.0,48.0,42.0,45.0,42.0
2025-12-25T13:28:12.696732,15422.835,5537,Middle,motor_11_flexed,51.0,35.125,8,31.0,30.0,29.0,30.0,30.0,29.0,31.0,30.0,30.0,32.0,32.0,51.0,48.0,42.0,45.0,42.0
2025-12-25T13:28:14.584647,15424.723,5537,Middle,motor_11_open,51.0,35.0625,8,31.0,30.0,29.0,30.0,30.0,29.0,31.0,30.0,30.0,32.0,32.0,51.0,48.0,42.0,45.0,41.0
2025-12-25T13:28:15.480604,15425.614,5538,Middle,motor_10_flexed,51.0,35.0625,8,31.0,30.0,29.0,30.0,30.0,29.0,31.0,30.0,29.0,32.0,32.0,51.0,48.0,42.0,45.0,42.0
2025-12-25T13:28:17.368516,15427.504,5538,Middle,motor_10_open,51.0,35.0,8,31.0,30.0,29.0,30.0,30.0,29.0,31.0,30.0,29.0,32.0,32.0,51.0,48.0,42.0,44.0,42.0
2025-12-25T13:28:18.264480,15428.398,5539,Ring,motor_4_flexed,51.0,35.0625,8,31.0,30.0,29.0,30.0,30.0,29.0,31.0,30.0,29.0,32.0,32.0,51.0,48.0,42.0,45.0,42.0
2025-12-25T13:28:20.152394,15430.289,5539,Ring,motor_4_open,51.0,35.0625,8,31.0,30.0,29.0,30.0,30.0,29.0,31.0,30.0,29.0,32.0,32.0,51.0,48.0,42.0,45.0,42.0
2025-12-25T13:28:21.048364,15431.186,5540,Ring,motor_5_flexed,51.0,35.0,8,31.0,30.0,29.0,30.0,30.0,29.0,31.0,30.0,29.0,32.0,32.0,51.0,48.0,42.0,44.0,42.0
2025-12-25T13:28:22.936272,15433.075,5540,Ring,motor_5_open,51.0,35.0,8,31.0,30.0,29.0,30.0,30.0,29.0,31.0,30.0,29.0,32.0,32.0,51.0,48.0,42.0,44.0,42.0
2025-12-25T13:28:23.832226,15433.968,5541,Ring,motor_6_flexed,51.0,35.0625,8,31.0,30.0,29.0,30.0,30.0,29.0,31.0,30.0,29.0,32.0,32.0,51.0,48.0,42.0,45.0,42.0
2025-12-25T13:28:25.720154,15435.86,5541,Ring,motor_6_open,51.0,35.0625,8,31.0,30.0,29.0,31.0,30.0,29.0,31.0,30.0,29.0,32.0,32.0,51.0,48.0,42.0,44.0,42.0
2025-12-25T13:28:26.616136,15436.755,5542,Pinky,motor_7_flexed,51.0,35.0,8,31.0,30.0,29.0,30.0,30.0,29.0,31.0,30.0,29.0,32.0,32.0,51.0,48.0,42.0,44.0,42.0
2025-12-25T13:28:28.504043,15438.644,5542,Pinky,motor_7_open,51.0,35.0625,8,31.0,30.0,29.0,30.0,30.0,29.0,31.0,30.0,29.0,32.0,32.0,51.0,48.0,42.0,45.0,42.0
2025-12-25T13:28:29.399990,15439.537,5543,Pinky,motor_8_flexed,51.0,35.0,8,31.0,30.0,29.0,30.0,30.0,29.0,31.0,30.0,29.0,32.0,32.0,51.0,48.0,42.0,44.0,42.0
2025-12-25T13:28:31.287903,15441.426,5543,Pinky,motor_8_open,51.0,35.0625,8,31.0,30.0,29.0,31.0,30.0,29.0,31.0,30.0,29.0,32.0,32.0,51.0,48.0,42.0,44.0,42.0
2025-12-25T13:28:32.183898,15442.323,5544,Pinky,motor_9_flexed,51.0,35.0,8,31.0,30.0,29.0,30.0,30.0,29.0,31.0,30.0,29.0,32.0,32.0,51.0,48.0,42.0,44.0,42.0
2025-12-25T13:28:34.071777,15444.209,5544,Pinky,motor_9_open,51.0,35.0,8,31.0,30.0,29.0,30.0,30.0,29.0,31.0,30.0,29.0,32.0,32.0,51.0,48.0,42.0,44.0,42.0
2025-12-25T13:28:34.967736,15445.101,5545,Thumb,motor_13_flexed,51.0,35.1875,8,31.0,30.0,29.0,30.0,30.0,29.0,31.0,30.0,30.0,32.0,32.0,51.0,48.0,42.0,45.0,43.0
2025-12-25T13:28:36.855660,15446.993,5545,Thumb,motor_13_open,51.0,35.0625,8,31.0,30.0,29.0,30.0,30.0,29.0,31.0,30.0,30.0,32.0,32.0,51.0,48.0,42.0,44.0,42.0
2025-12-25T13:28:37.751621,15447.888,5546,Thumb,motor_14_flexed,51.0,35.125,8,31.0,30.0,29.0,30.0,30.0,29.0,31.0,30.0,30.0,32.0,32.0,51.0,48.0,42.0,45.0,42.0
2025-12-25T13:28:39.639535,15449.778,5546,Thumb,motor_14_open,51.0,35.125,8,31.0,30.0,29.0,30.0,30.0,29.0,31.0,30.0,30.0,32.0,32.0,51.0,48.0,42.0,45.0,42.0
2025-12-25T13:28:40.535493,15450.674,5547,Thumb,motor_12_flexed,51.0,35.0625,8,31.0,30.0,29.0,30.0,30.0,29.0,31.0,30.0,30.0,32.0,32.0,51.0,48.0,42.0,44.0,42.0
2025-12-25T13:28:42.423407,15452.562,5547,Thumb,motor_12_open,51.0,35.125,8,31.0,30.0,29.0,30.0,30.0,29.0,31.0,30.0,30.0,32.0,32.0,51.0,48.0,42.0,45.0,42.0
2025-12-25T13:28:43.319370,15453.457,5548,Index,motor_2_flexed,51.0,35.1875,8,31.0,30.0,29.0,30.0,30.0,29.0,31.0,30.0,30.0,32.0,32.0,51.0,48.0,42.0,45.0,43.0
2025-12-25T13:28:45.207282,15455.346,5548,Index,motor_2_open,51.0,35.0625,8,31.0,30.0,29.0,30.0,30.0,29.0,31.0,30.0,30.0,32.0,32.0,51.0,48.0,42.0,44.0,42.0
2025-12-25T13:28:46.103241,15456.234,5549,Index,motor_1_flexed,51.0,35.125,8,31.0,30.0,29.0,30.0,30.0,29.0,31.0,30.0,30.0,32.0,32.0,51.0,48.0,42.0,45.0,42.0
2025-12-25T13:28:47.991156,15458.129,5549,Index,motor_1_open,51.0,35.0625,8,31.0,30.0,29.0,30.0,30.0,29.0,31.0,30.0,29.0,32.0,32.0,51.0,48.0,42.0,45.0,42.0
2025-12-25T13:28:48.887115,15459.024,5550,Index,motor_3_flexed,51.0,35.125,8,31.0,30.0,29.0,30.0,30.0,29.0,31.0,30.0,29.0,32.0,32.0,51.0,48.0,42.0,45.0,43.0
2025-12-25T13:28:50.775019,15460.909,5550,Index,motor_3_open,51.0,35.0,8,31.0,30.0,29.0,30.0,30.0,29.0,31.0,30.0,29.0,32.0,32.0,51.0,48.0,42.0,44.0,42.0
2025-12-25T13:28:51.670976,15461.802,5551,Middle,motor_11_flexed,51.0,35.125,8,31.0,30.0,29.0,30.0,30.0,29.0,31.0,30.0,30.0,32.0,32.0,51.0,48.0,42.0,45.0,42.0
2025-12-25T13:28:53.558903,15463.696,5551,Middle,motor_11_open,51.0,35.125,8,31.0,30.0,29.0,30.0,30.0,29.0,31.0,30.0,30.0,32.0,32.0,51.0,48.0,42.0,45.0,42.0
2025-12-25T13:28:54.454862,15464.594,5552,Middle,motor_10_flexed,51.0,35.125,8,31.0,30.0,29.0,30.0,30.0,29.0,31.0,30.0,30.0,32.0,32.0,51.0,48.0,42.0,45.0,42.0
2025-12-25T13:28:56.342779,15466.481,5552,Middle,motor_10_open,51.0,35.0625,8,31.0,30.0,29.0,30.0,30.0,29.0,31.0,30.0,30.0,32.0,32.0,51.0,48.0,42.0,44.0,42.0
2025-12-25T13:28:57.238738,15467.376,5553,Ring,motor_4_flexed,51.0,35.0625,8,31.0,30.0,29.0,30.0,30.0,29.0,31.0,30.0,30.0,32.0,32.0,51.0,48.0,42.0,44.0,42.0
2025-12-25T13:28:59.126638,15469.259,5553,Ring,motor_4_open,51.0,35.0625,8,31.0,30.0,29.0,30.0,30.0,29.0,31.0,30.0,29.0,32.0,32.0,51.0,48.0,42.0,45.0,42.0
2025-12-25T13:29:00.022599,15470.159,5554,Ring,motor_5_flexed,51.0,35.125,8,31.0,30.0,29.0,30.0,30.0,29.0,31.0,30.0,30.0,32.0,32.0,51.0,48.0,42.0,45.0,42.0
2025-12-25T13:29:01.910493,15472.047,5554,Ring,motor_5_open,51.0,35.0625,8,31.0,30.0,29.0,30.0,30.0,29.0,31.0,30.0,29.0,32.0,32.0,51.0,48.0,42.0,45.0,42.0
2025-12-25T13:29:02.806449,15472.944,5555,Ring,motor_6_flexed,51.0,35.0625,8,31.0,30.0,29.0,30.0,30.0,29.0,31.0,30.0,29.0,32.0,32.0,51.0,48.0,42.0,45.0,42.0
2025-12-25T13:29:04.694365,15474.829,5555,Ring,motor_6_open,51.0,35.125,8,31.0,30.0,29.0,30.0,30.0,29.0,31.0,30.0,30.0,32.0,32.0,51.0,48.0,42.0,45.0,42.0
2025-12-25T13:29:05.590371,15475.728,5556,Pinky,motor_7_flexed,51.0,35.125,8,31.0,30.0,29.0,30.0,31.0,29.0,31.0,30.0,29.0,32.0,32.0,51.0,48.0,42.0,45.0,42.0
2025-12-25T13:29:07.478249,15477.618,5556,Pinky,motor_7_open,51.0,35.0,8,31.0,30.0,29.0,30.0,30.0,29.0,31.0,30.0,29.0,32.0,32.0,51.0,48.0,42.0,44.0,42.0
2025-12-25T13:29:08.374210,15478.512,5557,Pinky,motor_8_flexed,51.0,35.0625,8,31.0,30.0,29.0,30.0,30.0,29.0,31.0,30.0,30.0,32.0,32.0,51.0,48.0,42.0,44.0,42.0
2025-12-25T13:29:09.958137,15480.1,5557,Pinky,motor_8_flex_hold,51.0,35.0625,8,31.0,30.0,29.0,30.0,30.0,29.0,31.0,30.0,29.0,32.0,32.0,51.0,48.0,42.0,45.0,42.0
2025-12-25T13:29:10.358120,15480.495,5557,Pinky,motor_8_open,51.0,35.125,8,31.0,30.0,29.0,31.0,30.0,29.0,31.0,30.0,29.0,32.0,32.0,51.0,48.0,42.0,45.0,42.0
2025-12-25T13:29:11.254085,15481.391,5558,Pinky,motor_9_flexed,51.0,35.0625,8,31.0,30.0,29.0,30.0,30.0,29.0,31.0,30.0,30.0,32.0,32.0,51.0,48.0,42.0,44.0,42.0
2025-12-25T13:29:13.142003,15483.28,5558,Pinky,motor_9_open,51.0,35.0,8,31.0,30.0,29.0,30.0,30.0,29.0,31.0,30.0,29.0,32.0,32.0,51.0,48.0,42.0,44.0,42.0
2025-12-25T13:29:14.037955,15484.179,5559,Thumb,motor_13_flexed,51.0,35.125,8,31.0,30.0,29.0,30.0,30.0,29.0,31.0,30.0,30.0,32.0,32.0,51.0,48.0,42.0,45.0,42.0
2025-12-25T13:29:15.925893,15486.062,5559,Thumb,motor_13_open,51.0,35.125,8,31.0,30.0,29.0,30.0,30.0,29.0,31.0,30.0,30.0,32.0,32.0,51.0,48.0,42.0,45.0,42.0
2025-12-25T13:29:16.821846,15486.959,5560,Thumb,motor_14_flexed,51.0,35.125,8,31.0,30.0,29.0,31.0,30.0,29.0,31.0,30.0,30.0,32.0,32.0,51.0,48.0,42.0,44.0,42.0
2025-12-25T13:29:18.709759,15488.846,5560,Thumb,motor_14_open,51.0,35.0,8,31.0,30.0,29.0,30.0,30.0,29.0,31.0,30.0,29.0,32.0,32.0,51.0,48.0,42.0,44.0,42.0
2025-12-25T13:29:19.605718,15489.744,5561,Thumb,motor_12_flexed,51.0,35.0625,8,31.0,30.0,29.0,30.0,30.0,29.0,31.0,30.0,30.0,32.0,32.0,51.0,48.0,42.0,44.0,42.0
2025-12-25T13:29:21.493633,15491.632,5561,Thumb,motor_12_open,51.0,35.125,8,31.0,30.0,29.0,30.0,30.0,29.0,31.0,30.0,30.0,32.0,32.0,51.0,48.0,42.0,45.0,42.0
2025-12-25T13:29:22.389590,15492.527,5562,Index,motor_2_flexed,51.0,35.0625,8,31.0,30.0,29.0,30.0,30.0,29.0,31.0,30.0,30.0,32.0,32.0,51.0,48.0,42.0,44.0,42.0
2025-12-25T13:29:24.277484,15494.415,5562,Index,motor_2_open,51.0,35.0,8,31.0,30.0,29.0,30.0,30.0,29.0,31.0,30.0,29.0,32.0,32.0,51.0,48.0,42.0,44.0,42.0
2025-12-25T13:29:25.173447,15495.304,5563,Index,motor_1_flexed,51.0,35.125,8,31.0,30.0,29.0,30.0,30.0,29.0,31.0,30.0,30.0,32.0,32.0,51.0,48.0,42.0,45.0,42.0
2025-12-25T13:29:27.061352,15497.196,5563,Index,motor_1_open,51.0,35.125,8,31.0,30.0,29.0,30.0,30.0,29.0,31.0,30.0,30.0,32.0,32.0,51.0,48.0,42.0,45.0,42.0
2025-12-25T13:29:27.957308,15498.095,5564,Index,motor_3_flexed,51.0,35.125,8,31.0,30.0,29.0,31.0,30.0,29.0,31.0,30.0,29.0,32.0,32.0,51.0,48.0,42.0,45.0,42.0
2025-12-25T13:29:29.845236,15499.985,5564,Index,motor_3_open,51.0,35.0,8,31.0,30.0,29.0,30.0,30.0,29.0,31.0,30.0,29.0,32.0,32.0,51.0,48.0,42.0,44.0,42.0
2025-12-25T13:29:30.741181,15500.878,5565,Middle,motor_11_flexed,51.0,35.0625,8,31.0,30.0,29.0,30.0,30.0,29.0,31.0,30.0,29.0,32.0,32.0,51.0,48.0,42.0,45.0,42.0
2025-12-25T13:29:32.629106,15502.765,5565,Middle,motor_11_open,51.0,35.0,8,31.0,30.0,29.0,30.0,30.0,29.0,31.0,30.0,29.0,32.0,32.0,51.0,48.0,42.0,44.0,42.0
2025-12-25T13:29:33.525064,15503.666,5566,Middle,motor_10_flexed,51.0,35.0625,8,31.0,30.0,29.0,30.0,30.0,29.0,31.0,30.0,30.0,32.0,32.0,51.0,48.0,42.0,44.0,42.0
2025-12-25T13:29:35.412969,15505.551,5566,Middle,motor_10_open,51.0,35.0625,8,31.0,30.0,29.0,30.0,30.0,29.0,31.0,30.0,29.0,32.0,32.0,51.0,48.0,42.0,45.0,42.0
2025-12-25T13:29:36.308938,15506.449,5567,Ring,motor_4_flexed,51.0,35.0625,8,31.0,30.0,29.0,30.0,30.0,29.0,31.0,30.0,30.0,32.0,32.0,51.0,48.0,42.0,44.0,42.0
2025-12-25T13:29:38.196853,15508.336,5567,Ring,motor_4_open,51.0,35.0625,8,31.0,30.0,29.0,30.0,30.0,29.0,31.0,30.0,30.0,32.0,32.0,51.0,48.0,42.0,44.0,42.0
2025-12-25T13:29:39.092827,15509.233,5568,Ring,motor_5_flexed,51.0,35.1875,8,31.0,30.0,29.0,30.0,30.0,29.0,31.0,30.0,29.0,32.0,32.0,51.0,48.0,42.0,44.0,45.0
2025-12-25T13:29:40.980723,15511.117,5568,Ring,motor_5_open,51.0,35.0625,8,31.0,30.0,29.0,30.0,30.0,29.0,31.0,30.0,29.0,32.0,32.0,51.0,48.0,42.0,45.0,42.0
2025-12-25T13:29:41.876670,15512.015,5569,Ring,motor_6_flexed,51.0,35.0625,8,31.0,30.0,29.0,30.0,30.0,29.0,31.0,30.0,29.0,32.0,32.0,51.0,48.0,42.0,45.0,42.0
2025-12-25T13:29:43.764584,15513.898,5569,Ring,motor_6_open,51.0,35.0,8,31.0,30.0,29.0,30.0,30.0,29.0,31.0,30.0,29.0,32.0,32.0,51.0,48.0,42.0,44.0,42.0
2025-12-25T13:29:44.660549,15514.791,5570,Pinky,motor_7_flexed,51.0,35.0625,8,31.0,30.0,29.0,30.0,31.0,29.0,31.0,30.0,29.0,32.0,32.0,51.0,48.0,42.0,44.0,42.0
2025-12-25T13:29:46.548471,15516.687,5570,Pinky,motor_7_open,51.0,35.0,8,31.0,30.0,29.0,30.0,30.0,29.0,31.0,30.0,29.0,32.0,32.0,51.0,48.0,42.0,44.0,42.0
2025-12-25T13:29:47.444431,15517.581,5571,Pinky,motor_8_flexed,51.0,35.0625,8,31.0,30.0,29.0,30.0,30.0,29.0,31.0,30.0,29.0,32.0,32.0,51.0,48.0,42.0,45.0,42.0
2025-12-25T13:29:49.332343,15519.472,5571,Pinky,motor_8_open,51.0,35.0,8,31.0,30.0,29.0,30.0,30.0,29.0,31.0,30.0,29.0,32.0,32.0,51.0,48.0,42.0,44.0,42.0
2025-12-25T13:29:50.228302,15520.366,5572,Pinky,motor_9_flexed,51.0,35.125,8,31.0,30.0,29.0,30.0,30.0,29.0,31.0,30.0,29.0,32.0,32.0,51.0,48.0,42.0,45.0,43.0
2025-12-25T13:29:52.116217,15522.255,5572,Pinky,motor_9_open,51.0,35.0,8,31.0,30.0,29.0,30.0,30.0,29.0,31.0,30.0,29.0,32.0,32.0,51.0,48.0,42.0,44.0,42.0
2025-12-25T13:29:53.012169,15523.15,5573,Thumb,motor_13_flexed,51.0,35.0,8,31.0,30.0,29.0,30.0,30.0,29.0,31.0,30.0,29.0,32.0,32.0,51.0,48.0,42.0,44.0,42.0
2025-12-25T13:29:54.900090,15525.039,5573,Thumb,motor_13_open,51.0,35.0625,8,31.0,30.0,29.0,30.0,30.0,29.0,31.0,30.0,30.0,32.0,32.0,51.0,48.0,42.0,44.0,42.0
2025-12-25T13:29:55.796050,15525.936,5574,Thumb,motor_14_flexed,51.0,35.0625,8,31.0,30.0,29.0,30.0,30.0,29.0,31.0,30.0,29.0,32.0,32.0,51.0,48.0,42.0,45.0,42.0
2025-12-25T13:29:57.683965,15527.824,5574,Thumb,motor_14_open,51.0,35.0625,8,31.0,30.0,29.0,30.0,30.0,29.0,31.0,30.0,30.0,32.0,32.0,51.0,48.0,42.0,44.0,42.0
2025-12-25T13:29:58.579923,15528.72,5575,Thumb,motor_12_flexed,51.0,35.0625,8,31.0,30.0,29.0,30.0,30.0,29.0,31.0,30.0,30.0,32.0,32.0,51.0,48.0,42.0,44.0,42.0
2025-12-25T13:30:00.467829,15530.607,5575,Thumb,motor_12_open,51.0,35.125,8,31.0,30.0,29.0,31.0,30.0,29.0,31.0,30.0,30.0,32.0,32.0,51.0,48.0,42.0,44.0,42.0
2025-12-25T13:30:01.363785,15531.495,5576,Index,motor_2_flexed,51.0,35.0625,8,31.0,30.0,29.0,30.0,30.0,29.0,31.0,30.0,29.0,32.0,32.0,51.0,48.0,42.0,45.0,42.0
2025-12-25T13:30:03.251698,15533.39,5576,Index,motor_2_open,51.0,35.1875,8,31.0,30.0,29.0,30.0,30.0,29.0,31.0,30.0,30.0,32.0,32.0,51.0,48.0,42.0,46.0,42.0
2025-12-25T13:30:04.147657,15534.278,5577,Index,motor_1_flexed,51.0,35.0625,8,31.0,30.0,29.0,30.0,30.0,29.0,31.0,30.0,29.0,32.0,32.0,51.0,48.0,42.0,45.0,42.0
2025-12-25T13:30:06.035574,15536.17,5577,Index,motor_1_open,51.0,35.0,8,31.0,30.0,29.0,30.0,30.0,29.0,31.0,30.0,29.0,32.0,32.0,51.0,48.0,42.0,44.0,42.0
2025-12-25T13:30:06.931524,15537.069,5578,Index,motor_3_flexed,51.0,35.0,8,31.0,30.0,29.0,30.0,30.0,29.0,31.0,30.0,29.0,32.0,32.0,51.0,48.0,42.0,44.0,42.0
2025-12-25T13:30:08.819447,15538.952,5578,Index,motor_3_open,51.0,35.0,8,31.0,30.0,29.0,30.0,30.0,29.0,31.0,30.0,29.0,32.0,32.0,51.0,48.0,42.0,44.0,42.0
2025-12-25T13:30:09.715402,15539.846,5579,Middle,motor_11_flexed,51.0,35.0625,8,31.0,30.0,29.0,30.0,30.0,29.0,31.0,30.0,29.0,32.0,32.0,51.0,48.0,42.0,45.0,42.0
2025-12-25T13:30:10.803356,15540.942,5579,Middle,motor_11_flex_hold,51.0,35.0,8,31.0,30.0,29.0,30.0,30.0,29.0,31.0,30.0,29.0,32.0,32.0,51.0,48.0,42.0,44.0,42.0
2025-12-25T13:30:11.603318,15541.741,5579,Middle,motor_11_open,51.0,35.0625,8,31.0,30.0,29.0,30.0,30.0,29.0,31.0,30.0,29.0,32.0,32.0,51.0,48.0,42.0,45.0,42.0
2025-12-25T13:30:12.499276,15542.638,5580,Middle,motor_10_flexed,51.0,35.0625,8,31.0,30.0,29.0,30.0,30.0,29.0,31.0,30.0,30.0,32.0,32.0,51.0,48.0,42.0,44.0,42.0
2025-12-25T13:30:14.387192,15544.525,5580,Middle,motor_10_open,51.0,35.0625,8,31.0,30.0,29.0,30.0,30.0,29.0,31.0,30.0,29.0,32.0,32.0,51.0,48.0,42.0,45.0,42.0
2025-12-25T13:30:15.283151,15545.421,5581,Ring,motor_4_flexed,51.0,35.0625,8,31.0,30.0,29.0,30.0,30.0,29.0,31.0,30.0,29.0,32.0,32.0,51.0,48.0,42.0,45.0,42.0
2025-12-25T13:30:17.171055,15547.302,5581,Ring,motor_4_open,51.0,35.0625,8,31.0,30.0,29.0,30.0,30.0,29.0,31.0,30.0,29.0,32.0,32.0,51.0,48.0,42.0,44.0,43.0
2025-12-25T13:30:18.067027,15548.198,5582,Ring,motor_5_flexed,51.0,35.0625,8,31.0,30.0,29.0,30.0,30.0,29.0,31.0,30.0,29.0,32.0,32.0,51.0,48.0,42.0,45.0,42.0
2025-12-25T13:30:19.954936,15550.09,5582,Ring,motor_5_open,51.0,35.0625,8,31.0,30.0,29.0,30.0,30.0,29.0,31.0,30.0,29.0,32.0,32.0,51.0,48.0,42.0,45.0,42.0
2025-12-25T13:30:20.850910,15550.987,5583,Ring,motor_6_flexed,51.0,35.0625,8,31.0,30.0,29.0,30.0,30.0,29.0,31.0,30.0,29.0,32.0,32.0,51.0,48.0,42.0,45.0,42.0
2025-12-25T13:30:22.738824,15552.877,5583,Ring,motor_6_open,51.0,35.0,8,31.0,30.0,29.0,30.0,30.0,29.0,31.0,30.0,29.0,32.0,32.0,51.0,48.0,42.0,45.0,41.0
2025-12-25T13:30:23.634768,15553.769,5584,Pinky,motor_7_flexed,51.0,35.0625,8,31.0,30.0,29.0,30.0,30.0,29.0,31.0,30.0,29.0,32.0,32.0,51.0,48.0,42.0,45.0,42.0
2025-12-25T13:30:25.522687,15555.661,5584,Pinky,motor_7_open,51.0,35.0,8,31.0,30.0,29.0,30.0,30.0,29.0,31.0,30.0,29.0,32.0,32.0,51.0,48.0,42.0,44.0,42.0
2025-12-25T13:30:26.418646,15556.555,5585,Pinky,motor_8_flexed,51.0,35.0625,8,31.0,30.0,29.0,30.0,30.0,29.0,31.0,30.0,29.0,32.0,32.0,51.0,48.0,42.0,45.0,42.0
2025-12-25T13:30:28.306559,15558.443,5585,Pinky,motor_8_open,51.0,35.0,8,31.0,30.0,29.0,30.0,30.0,29.0,31.0,30.0,29.0,32.0,32.0,51.0,48.0,42.0,44.0,42.0
2025-12-25T13:30:29.202519,15559.339,5586,Pinky,motor_9_flexed,51.0,35.125,8,31.0,30.0,29.0,30.0,30.0,29.0,31.0,30.0,29.0,32.0,32.0,51.0,48.0,42.0,45.0,43.0
2025-12-25T13:30:31.090443,15561.229,5586,Pinky,motor_9_open,51.0,35.0,8,31.0,30.0,29.0,30.0,30.0,29.0,31.0,30.0,29.0,32.0,32.0,51.0,48.0,42.0,44.0,42.0
2025-12-25T13:30:31.986412,15562.123,5587,Thumb,motor_13_flexed,51.0,35.0,8,31.0,30.0,29.0,30.0,30.0,29.0,31.0,30.0,29.0,32.0,32.0,51.0,48.0,42.0,44.0,42.0
2025-12-25T13:30:33.874316,15564.012,5587,Thumb,motor_13_open,51.0,35.0625,8,31.0,30.0,29.0,30.0,30.0,29.0,31.0,30.0,29.0,32.0,32.0,51.0,48.0,42.0,44.0,43.0
2025-12-25T13:30:34.770267,15564.909,5588,Thumb,motor_14_flexed,51.0,35.0625,8,31.0,30.0,29.0,30.0,30.0,29.0,31.0,30.0,30.0,32.0,32.0,51.0,48.0,42.0,45.0,41.0
2025-12-25T13:30:36.658192,15566.795,5588,Thumb,motor_14_open,51.0,35.0625,8,31.0,30.0,29.0,30.0,30.0,29.0,31.0,30.0,30.0,32.0,32.0,51.0,48.0,42.0,44.0,42.0
2025-12-25T13:30:37.554147,15567.695,5589,Thumb,motor_12_flexed,51.0,35.0,8,31.0,30.0,29.0,30.0,30.0,28.0,31.0,30.0,29.0,32.0,32.0,51.0,48.0,42.0,45.0,42.0
2025-12-25T13:30:39.442063,15569.579,5589,Thumb,motor_12_open,51.0,35.0625,8,31.0,30.0,29.0,30.0,30.0,29.0,31.0,30.0,29.0,32.0,32.0,51.0,48.0,42.0,45.0,42.0
2025-12-25T13:30:40.338021,15570.477,5590,Index,motor_2_flexed,51.0,35.0625,8,31.0,30.0,29.0,30.0,30.0,29.0,31.0,30.0,29.0,32.0,32.0,51.0,48.0,42.0,45.0,42.0
2025-12-25T13:30:42.225933,15572.364,5590,Index,motor_2_open,51.0,35.0625,8,31.0,30.0,29.0,30.0,30.0,29.0,31.0,30.0,29.0,32.0,32.0,51.0,48.0,42.0,45.0,42.0
2025-12-25T13:30:43.121893,15573.262,5591,Index,motor_1_flexed,51.0,35.0,8,31.0,30.0,29.0,30.0,30.0,29.0,31.0,30.0,29.0,32.0,32.0,51.0,48.0,42.0,44.0,42.0
2025-12-25T13:30:45.009809,15575.148,5591,Index,motor_1_open,51.0,35.0,8,31.0,30.0,29.0,30.0,30.0,29.0,31.0,30.0,29.0,32.0,32.0,51.0,48.0,42.0,44.0,42.0
2025-12-25T13:30:45.905820,15576.044,5592,Index,motor_3_flexed,51.0,35.0,8,31.0,30.0,29.0,30.0,30.0,29.0,31.0,30.0,29.0,32.0,32.0,51.0,48.0,42.0,44.0,42.0
2025-12-25T13:30:47.793704,15577.934,5592,Index,motor_3_open,51.0,35.0625,8,31.0,30.0,29.0,30.0,30.0,29.0,31.0,30.0,29.0,32.0,32.0,51.0,48.0,42.0,45.0,42.0
2025-12-25T13:30:48.689645,15578.829,5593,Middle,motor_11_flexed,51.0,35.0625,8,31.0,30.0,29.0,30.0,30.0,29.0,31.0,30.0,29.0,32.0,32.0,51.0,48.0,42.0,45.0,42.0
2025-12-25T13:30:50.577580,15580.719,5593,Middle,motor_11_open,51.0,35.0625,8,31.0,30.0,29.0,30.0,30.0,29.0,31.0,30.0,30.0,32.0,32.0,51.0,48.0,42.0,44.0,42.0
2025-12-25T13:30:51.473544,15581.612,5594,Middle,motor_10_flexed,51.0,35.0625,8,31.0,30.0,29.0,30.0,30.0,29.0,31.0,30.0,29.0,32.0,32.0,51.0,48.0,42.0,45.0,42.0
2025-12-25T13:30:53.361460,15583.5,5594,Middle,motor_10_open,51.0,35.0625,8,31.0,30.0,29.0,30.0,30.0,29.0,31.0,30.0,29.0,32.0,32.0,51.0,48.0,42.0,45.0,42.0
2025-12-25T13:30:54.257419,15584.397,5595,Ring,motor_4_flexed,51.0,35.0625,8,31.0,30.0,29.0,30.0,30.0,29.0,31.0,30.0,29.0,32.0,32.0,51.0,48.0,42.0,44.0,43.0
2025-12-25T13:30:56.145307,15586.286,5595,Ring,motor_4_open,51.0,35.0,8,31.0,30.0,29.0,30.0,30.0,29.0,31.0,30.0,29.0,32.0,32.0,51.0,48.0,42.0,44.0,42.0
2025-12-25T13:30:57.041292,15587.179,5596,Ring,motor_5_flexed,51.0,35.0,8,31.0,30.0,29.0,30.0,30.0,29.0,31.0,30.0,29.0,32.0,32.0,51.0,48.0,42.0,44.0,42.0
2025-12-25T13:30:58.929175,15589.067,5596,Ring,motor_5_open,51.0,35.0625,8,31.0,30.0,29.0,30.0,30.0,29.0,31.0,30.0,29.0,32.0,32.0,51.0,48.0,42.0,45.0,42.0
2025-12-25T13:30:59.825134,15589.962,5597,Ring,motor_6_flexed,51.0,35.0625,8,31.0,30.0,29.0,30.0,30.0,29.0,31.0,30.0,29.0,32.0,32.0,51.0,48.0,42.0,45.0,42.0
2025-12-25T13:31:01.713046,15591.854,5597,Ring,motor_6_open,51.0,35.0625,8,31.0,30.0,29.0,30.0,30.0,29.0,31.0,30.0,29.0,32.0,32.0,51.0,48.0,42.0,45.0,42.0
2025-12-25T13:31:02.609008,15592.75,5598,Pinky,motor_7_flexed,51.0,35.0625,8,31.0,30.0,29.0,30.0,30.0,29.0,31.0,30.0,29.0,32.0,32.0,51.0,48.0,42.0,45.0,42.0
2025-12-25T13:31:04.496922,15594.632,5598,Pinky,motor_7_open,51.0,35.0625,8,31.0,30.0,29.0,30.0,30.0,29.0,31.0,30.0,29.0,32.0,32.0,51.0,48.0,42.0,44.0,43.0
2025-12-25T13:31:05.392881,15595.53,5599,Pinky,motor_8_flexed,51.0,35.0625,8,31.0,30.0,29.0,30.0,30.0,29.0,31.0,30.0,29.0,32.0,32.0,51.0,48.0,42.0,45.0,42.0
2025-12-25T13:31:07.280795,15597.419,5599,Pinky,motor_8_open,51.0,35.0,8,31.0,30.0,29.0,30.0,30.0,29.0,31.0,30.0,29.0,32.0,32.0,51.0,48.0,42.0,44.0,42.0
2025-12-25T13:31:08.176754,15598.313,5600,Pinky,motor_9_flexed,51.0,35.0625,8,31.0,30.0,29.0,30.0,30.0,29.0,31.0,30.0,29.0,32.0,32.0,51.0,48.0,42.0,45.0,42.0
2025-12-25T13:31:10.064656,15600.202,5600,Pinky,motor_9_open,51.0,35.0625,8,31.0,30.0,29.0,30.0,30.0,29.0,31.0,30.0,29.0,32.0,32.0,51.0,48.0,42.0,45.0,42.0
2025-12-25T13:31:10.960618,15601.098,5601,Thumb,motor_13_flexed,51.0,35.125,8,31.0,30.0,29.0,30.0,30.0,29.0,31.0,30.0,29.0,32.0,32.0,51.0,48.0,42.0,45.0,43.0
2025-12-25T13:31:12.848532,15602.988,5601,Thumb,motor_13_open,51.0,35.0625,8,31.0,30.0,29.0,30.0,30.0,29.0,31.0,30.0,29.0,32.0,32.0,51.0,48.0,42.0,45.0,42.0
2025-12-25T13:31:13.744501,15603.883,5602,Thumb,motor_14_flexed,51.0,35.125,8,31.0,30.0,29.0,30.0,30.0,29.0,31.0,30.0,30.0,32.0,32.0,51.0,48.0,42.0,45.0,42.0
2025-12-25T13:31:15.632416,15605.769,5602,Thumb,motor_14_open,51.0,35.125,8,31.0,30.0,29.0,30.0,30.0,29.0,31.0,30.0,30.0,32.0,32.0,51.0,48.0,42.0,45.0,42.0
2025-12-25T13:31:16.528372,15606.667,5603,Thumb,motor_12_flexed,51.0,35.0,8,31.0,30.0,29.0,30.0,30.0,29.0,31.0,30.0,29.0,32.0,32.0,51.0,48.0,42.0,44.0,42.0
2025-12-25T13:31:18.416283,15608.547,5603,Thumb,motor_12_open,51.0,35.0,8,31.0,30.0,29.0,30.0,30.0,29.0,31.0,30.0,29.0,32.0,32.0,51.0,48.0,42.0,44.0,42.0
2025-12-25T13:31:19.312246,15609.449,5604,Index,motor_2_flexed,51.0,35.0625,8,31.0,30.0,29.0,30.0,30.0,29.0,31.0,30.0,29.0,32.0,32.0,51.0,48.0,42.0,45.0,42.0
2025-12-25T13:31:21.200151,15611.337,5604,Index,motor_2_open,51.0,35.0,8,31.0,30.0,29.0,30.0,30.0,29.0,31.0,30.0,29.0,32.0,32.0,51.0,48.0,42.0,44.0,42.0
2025-12-25T13:31:22.096118,15612.233,5605,Index,motor_1_flexed,51.0,35.0,8,31.0,30.0,29.0,30.0,30.0,29.0,31.0,30.0,29.0,32.0,32.0,51.0,48.0,42.0,44.0,42.0
2025-12-25T13:31:23.984033,15614.122,5605,Index,motor_1_open,51.0,35.0625,8,31.0,30.0,29.0,30.0,30.0,29.0,31.0,30.0,29.0,32.0,32.0,51.0,48.0,42.0,45.0,42.0
2025-12-25T13:31:24.879996,15615.02,5606,Index,motor_3_flexed,51.0,35.0,8,31.0,30.0,29.0,30.0,30.0,29.0,31.0,30.0,29.0,32.0,32.0,51.0,48.0,42.0,44.0,42.0
2025-12-25T13:31:26.767907,15616.91,5606,Index,motor_3_open,51.0,35.0,8,31.0,30.0,29.0,30.0,30.0,29.0,31.0,30.0,29.0,32.0,32.0,51.0,48.0,42.0,44.0,42.0
2025-12-25T13:31:27.663867,15617.804,5607,Middle,motor_11_flexed,51.0,35.0625,8,31.0,30.0,29.0,30.0,30.0,29.0,31.0,30.0,29.0,32.0,32.0,51.0,48.0,42.0,45.0,42.0
2025-12-25T13:31:29.551788,15619.691,5607,Middle,motor_11_open,51.0,35.0625,8,31.0,30.0,29.0,30.0,30.0,29.0,31.0,30.0,29.0,32.0,32.0,51.0,48.0,42.0,45.0,42.0
2025-12-25T13:31:30.447741,15620.59,5608,Middle,motor_10_flexed,51.0,35.0625,8,31.0,30.0,29.0,30.0,30.0,29.0,31.0,30.0,29.0,32.0,32.0,51.0,48.0,42.0,45.0,42.0
2025-12-25T13:31:32.335653,15622.473,5608,Middle,motor_10_open,51.0,35.0625,8,31.0,30.0,29.0,30.0,30.0,29.0,31.0,30.0,29.0,32.0,32.0,51.0,48.0,42.0,45.0,42.0
2025-12-25T13:31:33.231613,15623.37,5609,Ring,motor_4_flexed,51.0,35.0,8,31.0,30.0,29.0,30.0,30.0,29.0,31.0,30.0,29.0,32.0,32.0,51.0,48.0,42.0,44.0,42.0
2025-12-25T13:31:35.119528,15625.258,5609,Ring,motor_4_open,51.0,35.0625,8,31.0,30.0,29.0,30.0,30.0,29.0,31.0,30.0,29.0,32.0,32.0,51.0,48.0,42.0,45.0,42.0
2025-12-25T13:31:36.015487,15626.155,5610,Ring,motor_5_flexed,51.0,35.0625,8,31.0,30.0,29.0,30.0,30.0,29.0,31.0,30.0,29.0,32.0,32.0,51.0,48.0,42.0,45.0,42.0
2025-12-25T13:31:37.903400,15628.043,5610,Ring,motor_5_open,51.0,35.0625,8,31.0,30.0,29.0,30.0,30.0,29.0,31.0,30.0,29.0,32.0,32.0,51.0,48.0,42.0,45.0,42.0
2025-12-25T13:31:38.799368,15628.939,5611,Ring,motor_6_flexed,51.0,35.0625,8,31.0,30.0,29.0,30.0,30.0,29.0,31.0,30.0,29.0,32.0,32.0,51.0,48.0,42.0,44.0,43.0
2025-12-25T13:31:40.687274,15630.826,5611,Ring,motor_6_open,51.0,35.0,8,31.0,30.0,29.0,30.0,30.0,29.0,31.0,30.0,29.0,32.0,32.0,51.0,48.0,42.0,44.0,42.0
2025-12-25T13:31:41.583232,15631.722,5612,Pinky,motor_7_flexed,51.0,35.0,8,31.0,30.0,29.0,30.0,30.0,29.0,31.0,30.0,29.0,32.0,32.0,51.0,48.0,42.0,44.0,42.0
2025-12-25T13:31:43.471158,15633.608,5612,Pinky,motor_7_open,51.0,35.0,8,31.0,30.0,29.0,30.0,30.0,29.0,31.0,30.0,29.0,32.0,32.0,51.0,48.0,42.0,44.0,42.0
2025-12-25T13:31:44.367105,15634.504,5613,Pinky,motor_8_flexed,51.0,35.0,8,31.0,30.0,29.0,30.0,30.0,29.0,31.0,30.0,29.0,32.0,32.0,51.0,48.0,42.0,44.0,42.0
2025-12-25T13:31:46.255018,15636.392,5613,Pinky,motor_8_open,51.0,35.0,8,31.0,30.0,29.0,30.0,30.0,29.0,31.0,30.0,29.0,32.0,32.0,51.0,48.0,42.0,44.0,42.0
2025-12-25T13:31:47.150978,15637.288,5614,Pinky,motor_9_flexed,51.0,35.0625,8,31.0,30.0,29.0,30.0,30.0,29.0,31.0,30.0,29.0,32.0,32.0,51.0,48.0,42.0,44.0,43.0
2025-12-25T13:31:49.038893,15639.177,5614,Pinky,motor_9_open,51.0,35.0625,8,31.0,30.0,29.0,30.0,30.0,29.0,31.0,30.0,29.0,32.0,32.0,51.0,48.0,42.0,45.0,42.0
2025-12-25T13:31:49.934839,15640.074,5615,Thumb,motor_13_flexed,51.0,35.0625,8,31.0,30.0,29.0,30.0,30.0,29.0,31.0,30.0,29.0,32.0,32.0,51.0,48.0,42.0,45.0,42.0
2025-12-25T13:31:51.822752,15641.96,5615,Thumb,motor_13_open,51.0,35.0,8,31.0,30.0,29.0,30.0,30.0,29.0,31.0,30.0,29.0,32.0,32.0,51.0,48.0,42.0,44.0,42.0
2025-12-25T13:31:52.718725,15642.854,5616,Thumb,motor_14_flexed,51.0,35.125,8,31.0,30.0,29.0,30.0,30.0,29.0,31.0,30.0,30.0,32.0,32.0,51.0,48.0,42.0,44.0,43.0
2025-12-25T13:31:54.606624,15644.743,5616,Thumb,motor_14_open,51.0,35.0625,8,31.0,30.0,29.0,30.0,30.0,29.0,31.0,30.0,30.0,32.0,32.0,51.0,48.0,42.0,44.0,42.0
2025-12-25T13:31:55.502587,15645.639,5617,Thumb,motor_12_flexed,51.0,35.125,8,31.0,30.0,29.0,30.0,30.0,29.0,31.0,30.0,30.0,32.0,32.0,51.0,48.0,42.0,45.0,42.0
2025-12-25T13:31:57.390524,15647.521,5617,Thumb,motor_12_open,51.0,35.0625,8,31.0,30.0,29.0,30.0,30.0,29.0,31.0,30.0,29.0,32.0,32.0,51.0,48.0,42.0,45.0,42.0
2025-12-25T13:31:58.286471,15648.423,5618,Index,motor_2_flexed,51.0,35.0,8,31.0,30.0,29.0,30.0,30.0,29.0,31.0,30.0,29.0,32.0,32.0,51.0,48.0,42.0,44.0,42.0
2025-12-25T13:32:00.174376,15650.314,5618,Index,motor_2_open,51.0,35.0625,8,31.0,30.0,29.0,30.0,30.0,29.0,31.0,30.0,29.0,32.0,32.0,51.0,48.0,42.0,44.0,43.0
2025-12-25T13:32:01.070336,15651.21,5619,Index,motor_1_flexed,51.0,35.0625,8,31.0,30.0,29.0,30.0,30.0,29.0,31.0,30.0,29.0,32.0,32.0,51.0,48.0,42.0,45.0,42.0
2025-12-25T13:32:02.958250,15653.096,5619,Index,motor_1_open,51.0,35.0,8,31.0,30.0,29.0,30.0,30.0,29.0,31.0,30.0,29.0,32.0,32.0,51.0,48.0,42.0,44.0,42.0
2025-12-25T13:32:03.854209,15653.991,5620,Index,motor_3_flexed,51.0,35.0,8,31.0,30.0,29.0,30.0,30.0,29.0,31.0,30.0,29.0,32.0,32.0,51.0,48.0,42.0,44.0,42.0
2025-12-25T13:32:05.742120,15655.879,5620,Index,motor_3_open,51.0,35.0625,8,31.0,30.0,29.0,30.0,30.0,29.0,31.0,30.0,29.0,32.0,32.0,51.0,48.0,42.0,45.0,42.0
2025-12-25T13:32:06.638098,15656.774,5621,Middle,motor_11_flexed,51.0,35.0,8,31.0,30.0,29.0,30.0,30.0,29.0,31.0,30.0,29.0,32.0,32.0,51.0,48.0,42.0,44.0,42.0
2025-12-25T13:32:08.526007,15658.663,5621,Middle,motor_11_open,51.0,35.0625,8,31.0,30.0,29.0,30.0,30.0,29.0,31.0,30.0,29.0,32.0,32.0,51.0,48.0,42.0,45.0,42.0
2025-12-25T13:32:09.421962,15659.558,5622,Middle,motor_10_flexed,51.0,35.0,8,31.0,30.0,29.0,30.0,30.0,29.0,31.0,30.0,29.0,32.0,32.0,51.0,48.0,42.0,44.0,42.0
2025-12-25T13:32:10.509914,15660.648,5622,Middle,motor_10_flex_hold,51.0,35.0625,8,31.0,30.0,29.0,30.0,30.0,29.0,31.0,30.0,29.0,32.0,32.0,51.0,48.0,42.0,45.0,42.0
2025-12-25T13:32:11.309879,15661.446,5622,Middle,motor_10_open,51.0,35.0,8,31.0,30.0,29.0,30.0,30.0,29.0,31.0,30.0,29.0,32.0,32.0,51.0,48.0,42.0,44.0,42.0
2025-12-25T13:32:12.205839,15662.342,5623,Ring,motor_4_flexed,51.0,35.0,8,31.0,30.0,29.0,30.0,30.0,29.0,31.0,30.0,29.0,32.0,32.0,51.0,48.0,42.0,44.0,42.0
2025-12-25T13:32:14.093749,15664.232,5623,Ring,motor_4_open,51.0,35.0625,8,31.0,30.0,29.0,30.0,30.0,29.0,31.0,30.0,29.0,32.0,32.0,51.0,48.0,42.0,45.0,42.0
2025-12-25T13:32:14.989708,15665.127,5624,Ring,motor_5_flexed,51.0,35.0625,8,31.0,30.0,29.0,30.0,30.0,29.0,31.0,30.0,29.0,32.0,32.0,51.0,48.0,42.0,45.0,42.0
2025-12-25T13:32:16.877626,15667.014,5624,Ring,motor_5_open,51.0,35.0,8,31.0,30.0,29.0,30.0,30.0,29.0,31.0,30.0,29.0,32.0,32.0,51.0,48.0,42.0,44.0,42.0
2025-12-25T13:32:17.773581,15667.913,5625,Ring,motor_6_flexed,51.0,35.0625,8,31.0,30.0,29.0,30.0,30.0,29.0,31.0,30.0,29.0,32.0,32.0,51.0,48.0,42.0,44.0,43.0
2025-12-25T13:32:19.661494,15669.798,5625,Ring,motor_6_open,51.0,35.125,8,31.0,30.0,29.0,31.0,30.0,29.0,31.0,30.0,29.0,32.0,32.0,51.0,48.0,42.0,45.0,42.0
2025-12-25T13:32:20.557459,15670.693,5626,Pinky,motor_7_flexed,51.0,35.0625,8,31.0,30.0,29.0,30.0,30.0,29.0,31.0,30.0,29.0,32.0,32.0,51.0,48.0,42.0,45.0,42.0
2025-12-25T13:32:22.445372,15672.583,5626,Pinky,motor_7_open,51.0,35.0,8,31.0,30.0,29.0,30.0,30.0,29.0,31.0,30.0,29.0,32.0,32.0,51.0,48.0,42.0,44.0,42.0
2025-12-25T13:32:23.341332,15673.48,5627,Pinky,motor_8_flexed,51.0,35.0625,8,31.0,30.0,29.0,30.0,30.0,29.0,31.0,30.0,29.0,32.0,32.0,51.0,48.0,42.0,45.0,42.0
2025-12-25T13:32:25.229243,15675.368,5627,Pinky,motor_8_open,51.0,35.0625,8,31.0,30.0,29.0,30.0,30.0,29.0,31.0,30.0,29.0,32.0,32.0,51.0,48.0,42.0,45.0,42.0
2025-12-25T13:32:26.125203,15676.262,5628,Pinky,motor_9_flexed,51.0,35.0,8,31.0,30.0,29.0,30.0,30.0,29.0,31.0,30.0,29.0,32.0,32.0,51.0,48.0,42.0,44.0,42.0
2025-12-25T13:32:28.013108,15678.15,5628,Pinky,motor_9_open,51.0,35.0,8,31.0,30.0,29.0,30.0,30.0,29.0,31.0,30.0,29.0,32.0,32.0,51.0,48.0,42.0,44.0,42.0
2025-12-25T13:32:28.909067,15679.046,5629,Thumb,motor_13_flexed,51.0,35.0625,8,31.0,30.0,29.0,30.0,30.0,29.0,31.0,30.0,29.0,32.0,32.0,51.0,48.0,42.0,45.0,42.0
2025-12-25T13:32:30.812982,15680.954,5629,Thumb,motor_13_open,51.0,35.125,8,31.0,30.0,29.0,30.0,30.0,29.0,31.0,30.0,30.0,32.0,32.0,51.0,48.0,42.0,45.0,42.0
2025-12-25T13:32:31.708944,15681.847,5630,Thumb,motor_14_flexed,51.0,35.0625,8,31.0,30.0,29.0,30.0,30.0,29.0,31.0,30.0,29.0,32.0,32.0,51.0,48.0,42.0,45.0,42.0
2025-12-25T13:32:33.596863,15683.736,5630,Thumb,motor_14_open,51.0,35.0,8,31.0,30.0,29.0,30.0,30.0,29.0,31.0,30.0,29.0,32.0,32.0,51.0,48.0,42.0,44.0,42.0
2025-12-25T13:32:34.492822,15684.63,5631,Thumb,motor_12_flexed,51.0,35.0,8,31.0,30.0,29.0,30.0,30.0,29.0,31.0,30.0,29.0,32.0,32.0,51.0,48.0,42.0,44.0,42.0
2025-12-25T13:32:36.380743,15686.52,5631,Thumb,motor_12_open,51.0,35.125,8,31.0,30.0,29.0,30.0,30.0,29.0,31.0,30.0,30.0,32.0,32.0,51.0,48.0,42.0,45.0,42.0
2025-12-25T13:32:37.276697,15687.416,5632,Index,motor_2_flexed,51.0,35.0625,8,31.0,30.0,29.0,30.0,30.0,29.0,31.0,30.0,29.0,32.0,32.0,51.0,48.0,42.0,44.0,43.0
2025-12-25T13:32:39.164587,15689.303,5632,Index,motor_2_open,51.0,35.125,8,31.0,30.0,29.0,30.0,30.0,29.0,31.0,30.0,29.0,32.0,32.0,51.0,48.0,42.0,45.0,43.0
2025-12-25T13:32:40.060557,15690.193,5633,Index,motor_1_flexed,51.0,35.0625,8,31.0,30.0,29.0,30.0,30.0,29.0,31.0,30.0,29.0,32.0,32.0,51.0,48.0,42.0,45.0,42.0
2025-12-25T13:32:41.948471,15692.089,5633,Index,motor_1_open,51.0,35.0,8,31.0,30.0,29.0,30.0,30.0,29.0,31.0,30.0,29.0,32.0,32.0,51.0,48.0,42.0,44.0,42.0
2025-12-25T13:32:42.844429,15692.977,5634,Index,motor_3_flexed,51.0,35.0625,8,31.0,30.0,29.0,30.0,30.0,29.0,31.0,30.0,29.0,32.0,32.0,51.0,48.0,42.0,44.0,43.0
2025-12-25T13:32:44.732345,15694.871,5634,Index,motor_3_open,51.0,35.0,8,31.0,30.0,29.0,30.0,30.0,29.0,31.0,30.0,29.0,32.0,32.0,51.0,48.0,42.0,44.0,42.0
2025-12-25T13:32:45.628320,15695.762,5635,Middle,motor_11_flexed,51.0,35.0,8,31.0,30.0,29.0,30.0,30.0,29.0,31.0,30.0,29.0,32.0,32.0,51.0,48.0,42.0,44.0,42.0
2025-12-25T13:32:47.516229,15697.655,5635,Middle,motor_11_open,51.0,35.0,8,31.0,30.0,29.0,30.0,30.0,29.0,31.0,30.0,29.0,32.0,32.0,51.0,48.0,42.0,44.0,42.0
2025-12-25T13:32:48.412188,15698.552,5636,Middle,motor_10_flexed,51.0,35.125,8,31.0,30.0,29.0,30.0,30.0,29.0,31.0,30.0,29.0,32.0,32.0,51.0,48.0,42.0,45.0,43.0
2025-12-25T13:32:50.300113,15700.438,5636,Middle,motor_10_open,51.0,35.0625,8,31.0,30.0,29.0,30.0,30.0,29.0,31.0,30.0,29.0,32.0,32.0,51.0,48.0,42.0,45.0,42.0
2025-12-25T13:32:51.196049,15701.327,5637,Ring,motor_4_flexed,51.0,35.0,8,31.0,30.0,29.0,30.0,30.0,29.0,31.0,30.0,29.0,32.0,32.0,51.0,48.0,42.0,44.0,42.0
2025-12-25T13:32:53.083975,15703.223,5637,Ring,motor_4_open,51.0,35.0625,8,31.0,30.0,29.0,30.0,30.0,29.0,31.0,30.0,29.0,32.0,32.0,51.0,48.0,42.0,45.0,42.0
2025-12-25T13:32:53.979923,15704.119,5638,Ring,motor_5_flexed,51.0,35.125,8,31.0,30.0,29.0,30.0,30.0,29.0,31.0,30.0,29.0,32.0,32.0,51.0,48.0,42.0,45.0,43.0
2025-12-25T13:32:55.867836,15706.006,5638,Ring,motor_5_open,51.0,35.0,8,31.0,30.0,29.0,30.0,30.0,29.0,31.0,30.0,29.0,32.0,32.0,51.0,48.0,42.0,44.0,42.0
2025-12-25T13:32:56.763797,15706.902,5639,Ring,motor_6_flexed,51.0,35.125,8,31.0,30.0,29.0,30.0,30.0,29.0,31.0,30.0,29.0,32.0,32.0,51.0,48.0,42.0,45.0,43.0
2025-12-25T13:32:58.651711,15708.79,5639,Ring,motor_6_open,51.0,35.0,8,31.0,30.0,29.0,30.0,30.0,29.0,31.0,30.0,29.0,32.0,32.0,51.0,48.0,42.0,44.0,42.0
2025-12-25T13:32:59.547679,15709.68,5640,Pinky,motor_7_flexed,51.0,35.0625,8,31.0,30.0,29.0,30.0,30.0,29.0,31.0,30.0,29.0,32.0,32.0,51.0,48.0,42.0,44.0,43.0
2025-12-25T13:33:01.435587,15711.575,5640,Pinky,motor_7_open,51.0,35.0,8,31.0,30.0,29.0,30.0,30.0,29.0,31.0,30.0,29.0,32.0,32.0,51.0,48.0,42.0,44.0,42.0
2025-12-25T13:33:02.331544,15712.463,5641,Pinky,motor_8_flexed,51.0,35.0625,8,31.0,30.0,29.0,30.0,30.0,29.0,31.0,30.0,29.0,32.0,32.0,51.0,48.0,42.0,44.0,43.0
2025-12-25T13:33:04.219473,15714.356,5641,Pinky,motor_8_open,51.0,35.0625,8,31.0,30.0,29.0,30.0,30.0,29.0,31.0,30.0,29.0,32.0,32.0,51.0,48.0,42.0,45.0,42.0
2025-12-25T13:33:05.115415,15715.246,5642,Pinky,motor_9_flexed,51.0,35.125,8,31.0,30.0,29.0,30.0,30.0,29.0,31.0,30.0,29.0,32.0,32.0,51.0,48.0,42.0,45.0,43.0
2025-12-25T13:33:07.003330,15717.134,5642,Pinky,motor_9_open,51.0,35.0625,8,31.0,30.0,29.0,30.0,30.0,29.0,31.0,30.0,29.0,32.0,32.0,51.0,48.0,42.0,44.0,43.0
2025-12-25T13:33:07.899290,15718.036,5643,Thumb,motor_13_flexed,51.0,35.0625,8,31.0,30.0,29.0,30.0,30.0,29.0,31.0,30.0,29.0,32.0,32.0,51.0,48.0,42.0,45.0,42.0
2025-12-25T13:33:09.787199,15719.921,5643,Thumb,motor_13_open,51.0,35.0625,8,31.0,30.0,29.0,30.0,30.0,29.0,31.0,30.0,29.0,32.0,32.0,51.0,48.0,42.0,45.0,42.0
2025-12-25T13:33:10.379176,15720.513,5643,Thumb,motor_13_open_hold,51.0,35.125,8,31.0,30.0,29.0,30.0,30.0,29.0,31.0,30.0,29.0,32.0,32.0,51.0,48.0,42.0,45.0,43.0
2025-12-25T13:33:10.779158,15720.917,5644,Thumb,motor_14_flexed,51.0,35.0,8,31.0,30.0,29.0,30.0,30.0,29.0,31.0,30.0,29.0,32.0,32.0,51.0,48.0,42.0,44.0,42.0
2025-12-25T13:33:12.667070,15722.803,5644,Thumb,motor_14_open,51.0,35.0,8,31.0,30.0,29.0,30.0,30.0,29.0,31.0,30.0,29.0,32.0,32.0,51.0,48.0,42.0,44.0,42.0
2025-12-25T13:33:13.563030,15723.7,5645,Thumb,motor_12_flexed,51.0,35.125,8,31.0,30.0,29.0,30.0,30.0,29.0,31.0,30.0,30.0,32.0,32.0,51.0,48.0,42.0,45.0,42.0
2025-12-25T13:33:15.450956,15725.587,5645,Thumb,motor_12_open,51.0,35.0625,8,31.0,30.0,29.0,30.0,30.0,29.0,31.0,30.0,29.0,32.0,32.0,51.0,48.0,42.0,45.0,42.0
2025-12-25T13:33:16.346915,15726.483,5646,Index,motor_2_flexed,51.0,35.0625,8,31.0,30.0,29.0,30.0,30.0,29.0,31.0,30.0,29.0,32.0,32.0,51.0,48.0,42.0,45.0,42.0
2025-12-25T13:33:18.234829,15728.371,5646,Index,motor_2_open,51.0,35.125,8,31.0,30.0,29.0,30.0,30.0,29.0,31.0,30.0,29.0,32.0,32.0,51.0,48.0,42.0,45.0,43.0
2025-12-25T13:33:19.130780,15729.269,5647,Index,motor_1_flexed,51.0,35.0625,8,31.0,30.0,29.0,30.0,30.0,29.0,31.0,30.0,29.0,32.0,32.0,51.0,48.0,42.0,44.0,43.0
2025-12-25T13:33:21.018704,15731.158,5647,Index,motor_1_open,51.0,35.0,8,31.0,30.0,29.0,30.0,30.0,29.0,31.0,30.0,29.0,32.0,32.0,51.0,48.0,42.0,44.0,42.0
2025-12-25T13:33:21.914663,15732.052,5648,Index,motor_3_flexed,51.0,35.125,8,31.0,30.0,29.0,30.0,30.0,29.0,31.0,30.0,29.0,32.0,32.0,51.0,48.0,42.0,45.0,43.0
2025-12-25T13:33:23.802577,15733.94,5648,Index,motor_3_open,51.0,35.125,8,31.0,30.0,29.0,30.0,30.0,29.0,31.0,30.0,29.0,32.0,32.0,51.0,48.0,42.0,45.0,43.0
2025-12-25T13:33:24.698536,15734.839,5649,Middle,motor_11_flexed,51.0,35.0,8,31.0,30.0,29.0,30.0,30.0,29.0,31.0,30.0,29.0,32.0,32.0,51.0,48.0,42.0,44.0,42.0
2025-12-25T13:33:26.586441,15736.725,5649,Middle,motor_11_open,51.0,35.0625,8,31.0,30.0,29.0,30.0,30.0,29.0,31.0,30.0,29.0,32.0,32.0,51.0,48.0,42.0,45.0,42.0
2025-12-25T13:33:27.482399,15737.619,5650,Middle,motor_10_flexed,51.0,35.0,8,31.0,30.0,29.0,30.0,30.0,29.0,31.0,30.0,29.0,32.0,32.0,51.0,48.0,42.0,44.0,42.0
2025-12-25T13:33:29.370315,15739.508,5650,Middle,motor_10_open,51.0,35.0,8,31.0,30.0,29.0,30.0,30.0,29.0,31.0,30.0,29.0,32.0,32.0,51.0,48.0,42.0,44.0,42.0
2025-12-25T13:33:30.266271,15740.404,5651,Ring,motor_4_flexed,51.0,35.0,8,31.0,30.0,29.0,30.0,30.0,29.0,31.0,30.0,29.0,32.0,32.0,51.0,48.0,42.0,44.0,42.0
2025-12-25T13:33:32.154197,15742.292,5651,Ring,motor_4_open,51.0,35.0625,8,31.0,30.0,29.0,30.0,30.0,29.0,31.0,30.0,29.0,32.0,32.0,51.0,48.0,42.0,45.0,42.0
2025-12-25T13:33:33.050154,15743.186,5652,Ring,motor_5_flexed,51.0,35.0,8,31.0,30.0,29.0,30.0,30.0,29.0,31.0,30.0,29.0,32.0,32.0,51.0,48.0,42.0,44.0,42.0
2025-12-25T13:33:34.938070,15745.078,5652,Ring,motor_5_open,51.0,35.0625,8,31.0,30.0,29.0,30.0,30.0,29.0,31.0,30.0,29.0,32.0,32.0,51.0,48.0,42.0,45.0,42.0
2025-12-25T13:33:35.834027,15745.973,5653,Ring,motor_6_flexed,51.0,35.0625,8,31.0,30.0,29.0,30.0,30.0,29.0,31.0,30.0,29.0,32.0,32.0,51.0,48.0,42.0,45.0,42.0
2025-12-25T13:33:37.721941,15747.861,5653,Ring,motor_6_open,51.0,35.125,8,31.0,30.0,29.0,30.0,30.0,29.0,31.0,30.0,29.0,32.0,32.0,51.0,48.0,42.0,45.0,43.0
2025-12-25T13:33:38.617909,15748.758,5654,Pinky,motor_7_flexed,51.0,35.0625,8,31.0,30.0,29.0,30.0,30.0,29.0,31.0,30.0,29.0,32.0,32.0,51.0,48.0,42.0,45.0,42.0
2025-12-25T13:33:40.505814,15750.642,5654,Pinky,motor_7_open,51.0,35.0625,8,31.0,30.0,29.0,30.0,30.0,29.0,31.0,30.0,29.0,32.0,32.0,51.0,48.0,42.0,45.0,42.0
2025-12-25T13:33:41.401774,15751.539,5655,Pinky,motor_8_flexed,51.0,35.0,8,31.0,30.0,29.0,30.0,30.0,29.0,31.0,30.0,29.0,32.0,32.0,51.0,48.0,42.0,44.0,42.0
2025-12-25T13:33:43.289699,15753.427,5655,Pinky,motor_8_open,51.0,35.125,8,31.0,30.0,29.0,30.0,30.0,29.0,31.0,30.0,29.0,32.0,32.0,51.0,48.0,42.0,45.0,43.0
2025-12-25T13:33:44.185648,15754.325,5656,Pinky,motor_9_flexed,51.0,35.0625,8,31.0,30.0,29.0,30.0,30.0,29.0,31.0,30.0,29.0,32.0,32.0,51.0,48.0,42.0,44.0,43.0
2025-12-25T13:33:46.073563,15756.212,5656,Pinky,motor_9_open,51.0,35.0625,8,31.0,30.0,29.0,30.0,30.0,29.0,31.0,30.0,29.0,32.0,32.0,51.0,48.0,42.0,45.0,42.0
2025-12-25T13:33:46.969520,15757.108,5657,Thumb,motor_13_flexed,51.0,35.0625,8,31.0,30.0,29.0,30.0,30.0,29.0,31.0,30.0,29.0,32.0,32.0,51.0,48.0,42.0,45.0,42.0
2025-12-25T13:33:48.857432,15758.994,5657,Thumb,motor_13_open,51.0,35.125,8,31.0,30.0,29.0,30.0,30.0,29.0,31.0,30.0,29.0,32.0,32.0,51.0,48.0,42.0,45.0,43.0
2025-12-25T13:33:49.753392,15759.893,5658,Thumb,motor_14_flexed,51.0,35.125,8,31.0,30.0,29.0,30.0,30.0,29.0,31.0,30.0,29.0,32.0,32.0,51.0,48.0,42.0,45.0,43.0
2025-12-25T13:33:51.641309,15761.779,5658,Thumb,motor_14_open,51.0,35.0,8,31.0,30.0,29.0,30.0,30.0,29.0,31.0,30.0,29.0,32.0,32.0,51.0,48.0,42.0,44.0,42.0
2025-12-25T13:33:52.537276,15762.67,5659,Thumb,motor_12_flexed,51.0,35.0625,8,31.0,30.0,29.0,30.0,30.0,29.0,31.0,30.0,29.0,32.0,32.0,51.0,48.0,42.0,45.0,42.0
2025-12-25T13:33:54.425180,15764.563,5659,Thumb,motor_12_open,51.0,35.0625,8,31.0,30.0,29.0,30.0,30.0,29.0,31.0,30.0,29.0,32.0,32.0,51.0,48.0,42.0,44.0,43.0
2025-12-25T13:33:55.321139,15765.459,5660,Index,motor_2_flexed,51.0,35.0625,8,31.0,30.0,29.0,30.0,30.0,29.0,31.0,30.0,29.0,32.0,32.0,51.0,48.0,42.0,45.0,42.0
2025-12-25T13:33:57.209056,15767.34,5660,Index,motor_2_open,51.0,35.0625,8,31.0,30.0,29.0,30.0,30.0,29.0,31.0,30.0,29.0,32.0,32.0,51.0,48.0,42.0,44.0,43.0
2025-12-25T13:33:58.105001,15768.238,5661,Index,motor_1_flexed,51.0,35.0625,8,31.0,30.0,29.0,30.0,30.0,29.0,31.0,30.0,29.0,32.0,32.0,51.0,48.0,42.0,45.0,42.0
2025-12-25T13:33:59.992928,15770.129,5661,Index,motor_1_open,51.0,35.0625,8,31.0,30.0,29.0,30.0,30.0,29.0,31.0,30.0,29.0,32.0,32.0,51.0,48.0,42.0,44.0,43.0
2025-12-25T13:34:00.888887,15771.028,5662,Index,motor_3_flexed,51.0,35.0625,8,31.0,30.0,29.0,30.0,30.0,29.0,31.0,30.0,29.0,32.0,32.0,51.0,48.0,42.0,44.0,43.0
2025-12-25T13:34:02.776800,15772.914,5662,Index,motor_3_open,51.0,35.125,8,31.0,30.0,29.0,30.0,30.0,29.0,31.0,30.0,29.0,32.0,32.0,51.0,48.0,42.0,45.0,43.0
2025-12-25T13:34:03.672760,15773.809,5663,Middle,motor_11_flexed,51.0,35.0625,8,31.0,30.0,29.0,30.0,30.0,29.0,31.0,30.0,29.0,32.0,32.0,51.0,48.0,42.0,44.0,43.0
2025-12-25T13:34:05.560674,15775.7,5663,Middle,motor_11_open,51.0,35.0,8,31.0,30.0,29.0,30.0,30.0,29.0,31.0,30.0,29.0,32.0,32.0,51.0,48.0,42.0,44.0,42.0
2025-12-25T13:34:06.456647,15776.598,5664,Middle,motor_10_flexed,51.0,35.125,8,31.0,30.0,29.0,30.0,30.0,29.0,31.0,30.0,29.0,32.0,32.0,51.0,48.0,42.0,45.0,43.0
2025-12-25T13:34:08.344538,15778.483,5664,Middle,motor_10_open,51.0,35.1875,8,31.0,30.0,29.0,30.0,30.0,29.0,31.0,30.0,29.0,32.0,32.0,51.0,48.0,42.0,45.0,44.0
2025-12-25T13:34:09.240517,15779.378,5665,Ring,motor_4_flexed,51.0,35.0625,8,31.0,30.0,29.0,30.0,30.0,29.0,31.0,30.0,29.0,32.0,32.0,51.0,48.0,42.0,45.0,42.0
2025-12-25T13:34:10.328454,15780.467,5665,Ring,motor_4_flex_hold,51.0,35.0625,8,31.0,30.0,29.0,30.0,30.0,29.0,31.0,30.0,29.0,32.0,32.0,51.0,48.0,42.0,44.0,43.0
2025-12-25T13:34:11.128419,15781.265,5665,Ring,motor_4_open,51.0,35.0,8,31.0,30.0,29.0,30.0,30.0,29.0,31.0,30.0,29.0,32.0,32.0,51.0,48.0,42.0,44.0,42.0
2025-12-25T13:34:12.024375,15782.161,5666,Ring,motor_5_flexed,51.0,35.125,8,31.0,30.0,29.0,30.0,30.0,29.0,31.0,30.0,29.0,32.0,32.0,51.0,48.0,42.0,45.0,43.0
2025-12-25T13:34:13.912285,15784.048,5666,Ring,motor_5_open,51.0,35.0,8,31.0,30.0,29.0,30.0,30.0,29.0,31.0,30.0,29.0,32.0,32.0,51.0,48.0,42.0,44.0,42.0
2025-12-25T13:34:14.808240,15784.944,5667,Ring,motor_6_flexed,51.0,35.0,8,31.0,30.0,29.0,30.0,30.0,29.0,31.0,30.0,29.0,32.0,32.0,51.0,48.0,42.0,44.0,42.0
2025-12-25T13:34:16.696166,15786.835,5667,Ring,motor_6_open,51.0,35.0625,8,31.0,30.0,29.0,30.0,30.0,29.0,31.0,30.0,29.0,32.0,32.0,51.0,48.0,42.0,45.0,42.0
2025-12-25T13:34:17.592124,15787.731,5668,Pinky,motor_7_flexed,51.0,35.125,8,31.0,30.0,29.0,30.0,30.0,29.0,31.0,30.0,29.0,32.0,32.0,51.0,48.0,42.0,45.0,43.0
2025-12-25T13:34:19.480041,15789.619,5668,Pinky,motor_7_open,51.0,35.0625,8,31.0,30.0,29.0,30.0,30.0,29.0,31.0,30.0,29.0,32.0,32.0,51.0,48.0,42.0,45.0,42.0
2025-12-25T13:34:20.375998,15790.513,5669,Pinky,motor_8_flexed,51.0,35.0,8,31.0,30.0,29.0,30.0,30.0,29.0,31.0,30.0,29.0,32.0,32.0,51.0,48.0,42.0,44.0,42.0
2025-12-25T13:34:22.263910,15792.401,5669,Pinky,motor_8_open,51.0,35.0,8,31.0,30.0,29.0,30.0,30.0,29.0,31.0,30.0,29.0,32.0,32.0,51.0,48.0,42.0,44.0,42.0
2025-12-25T13:34:23.159872,15793.297,5670,Pinky,motor_9_flexed,51.0,35.0,8,31.0,30.0,29.0,30.0,30.0,29.0,31.0,30.0,29.0,32.0,32.0,51.0,48.0,42.0,44.0,42.0
2025-12-25T13:34:25.047774,15795.185,5670,Pinky,motor_9_open,51.0,35.125,8,31.0,30.0,29.0,30.0,30.0,29.0,31.0,30.0,29.0,32.0,32.0,51.0,48.0,42.0,45.0,43.0
2025-12-25T13:34:25.943732,15796.078,5671,Thumb,motor_13_flexed,51.0,35.25,8,31.0,30.0,29.0,30.0,30.0,29.0,31.0,30.0,29.0,32.0,32.0,51.0,48.0,42.0,45.0,45.0
2025-12-25T13:34:27.831659,15797.971,5671,Thumb,motor_13_open,51.0,35.125,8,31.0,30.0,29.0,30.0,30.0,29.0,31.0,30.0,29.0,32.0,32.0,51.0,48.0,42.0,45.0,43.0
2025-12-25T13:34:28.727620,15798.866,5672,Thumb,motor_14_flexed,51.0,35.0,8,31.0,30.0,29.0,30.0,30.0,29.0,31.0,30.0,29.0,32.0,32.0,51.0,48.0,42.0,44.0,42.0
2025-12-25T13:34:30.615532,15800.755,5672,Thumb,motor_14_open,51.0,35.125,8,31.0,30.0,29.0,30.0,30.0,29.0,31.0,30.0,29.0,32.0,32.0,51.0,48.0,42.0,45.0,43.0
2025-12-25T13:34:31.511479,15801.649,5673,Thumb,motor_12_flexed,51.0,35.0625,8,31.0,30.0,29.0,30.0,30.0,29.0,31.0,30.0,29.0,32.0,32.0,51.0,48.0,42.0,45.0,42.0
2025-12-25T13:34:33.399395,15803.536,5673,Thumb,motor_12_open,51.0,35.0625,8,31.0,30.0,29.0,30.0,30.0,29.0,31.0,30.0,29.0,32.0,32.0,51.0,48.0,42.0,45.0,42.0
2025-12-25T13:34:34.295354,15804.433,5674,Index,motor_2_flexed,51.0,35.125,8,31.0,30.0,29.0,30.0,30.0,29.0,31.0,30.0,29.0,32.0,32.0,51.0,48.0,42.0,45.0,43.0
2025-12-25T13:34:36.183283,15806.322,5674,Index,motor_2_open,51.0,35.0625,8,31.0,30.0,29.0,30.0,30.0,29.0,31.0,30.0,29.0,32.0,32.0,51.0,48.0,42.0,45.0,42.0
2025-12-25T13:34:37.079240,15807.217,5675,Index,motor_1_flexed,51.0,35.0625,8,31.0,30.0,29.0,30.0,30.0,29.0,31.0,30.0,29.0,32.0,32.0,51.0,48.0,42.0,45.0,42.0
2025-12-25T13:34:38.967154,15809.104,5675,Index,motor_1_open,51.0,35.125,8,31.0,30.0,29.0,30.0,30.0,29.0,31.0,30.0,29.0,32.0,32.0,51.0,48.0,42.0,45.0,43.0
2025-12-25T13:34:39.863110,15809.999,5676,Index,motor_3_flexed,51.0,35.0625,8,31.0,30.0,29.0,30.0,30.0,29.0,31.0,30.0,29.0,32.0,32.0,51.0,48.0,42.0,45.0,42.0
2025-12-25T13:34:41.751022,15811.888,5676,Index,motor_3_open,51.0,35.0,8,31.0,30.0,29.0,30.0,30.0,29.0,31.0,30.0,29.0,32.0,32.0,51.0,48.0,42.0,44.0,42.0
2025-12-25T13:34:42.646984,15812.785,5677,Middle,motor_11_flexed,51.0,35.125,8,31.0,30.0,29.0,30.0,30.0,29.0,31.0,30.0,29.0,32.0,32.0,51.0,48.0,42.0,44.0,44.0
2025-12-25T13:34:44.534900,15814.672,5677,Middle,motor_11_open,51.0,35.0625,8,31.0,30.0,29.0,30.0,30.0,29.0,31.0,30.0,29.0,32.0,32.0,51.0,48.0,42.0,45.0,42.0
2025-12-25T13:34:45.430862,15815.567,5678,Middle,motor_10_flexed,51.0,35.0625,8,31.0,30.0,29.0,30.0,30.0,29.0,31.0,30.0,29.0,32.0,32.0,51.0,48.0,42.0,44.0,43.0
2025-12-25T13:34:47.318769,15817.455,5678,Middle,motor_10_open,51.0,35.0625,8,31.0,30.0,29.0,30.0,30.0,29.0,31.0,30.0,29.0,32.0,32.0,51.0,48.0,42.0,45.0,42.0
2025-12-25T13:34:48.214731,15818.352,5679,Ring,motor_4_flexed,51.0,35.0625,8,31.0,30.0,29.0,30.0,30.0,29.0,31.0,30.0,29.0,32.0,32.0,51.0,48.0,42.0,45.0,42.0
2025-12-25T13:34:50.102654,15820.238,5679,Ring,motor_4_open,51.0,35.0,8,31.0,30.0,29.0,30.0,30.0,29.0,31.0,30.0,29.0,32.0,32.0,51.0,48.0,42.0,44.0,42.0
2025-12-25T13:34:50.998603,15821.137,5680,Ring,motor_5_flexed,51.0,35.0625,8,31.0,30.0,29.0,30.0,30.0,29.0,31.0,30.0,29.0,32.0,32.0,51.0,48.0,42.0,45.0,42.0
2025-12-25T13:34:52.886518,15823.023,5680,Ring,motor_5_open,51.0,35.0,8,31.0,30.0,29.0,30.0,30.0,29.0,31.0,30.0,29.0,32.0,32.0,51.0,48.0,42.0,44.0,42.0
2025-12-25T13:34:53.782476,15823.921,5681,Ring,motor_6_flexed,51.0,35.0,8,31.0,30.0,29.0,30.0,30.0,29.0,31.0,30.0,29.0,32.0,32.0,51.0,48.0,42.0,44.0,42.0
2025-12-25T13:34:55.670393,15825.808,5681,Ring,motor_6_open,51.0,35.0,8,31.0,30.0,29.0,30.0,30.0,29.0,31.0,30.0,29.0,32.0,32.0,51.0,48.0,42.0,44.0,42.0
2025-12-25T13:34:56.566350,15826.704,5682,Pinky,motor_7_flexed,51.0,35.0625,8,31.0,30.0,29.0,30.0,30.0,29.0,31.0,30.0,29.0,32.0,32.0,51.0,48.0,42.0,45.0,42.0
2025-12-25T13:34:58.470264,15828.607,5682,Pinky,motor_7_open,51.0,35.0,8,31.0,30.0,29.0,30.0,30.0,29.0,31.0,30.0,29.0,32.0,32.0,51.0,48.0,42.0,44.0,42.0
2025-12-25T13:34:59.366232,15829.504,5683,Pinky,motor_8_flexed,51.0,35.0,8,31.0,30.0,29.0,30.0,30.0,29.0,31.0,30.0,29.0,32.0,32.0,51.0,48.0,42.0,44.0,42.0
2025-12-25T13:35:01.254139,15831.394,5683,Pinky,motor_8_open,51.0,35.125,8,31.0,30.0,29.0,30.0,30.0,29.0,31.0,30.0,29.0,32.0,32.0,51.0,48.0,42.0,45.0,43.0
2025-12-25T13:35:02.150096,15832.288,5684,Pinky,motor_9_flexed,51.0,35.0625,8,31.0,30.0,29.0,30.0,30.0,29.0,31.0,30.0,29.0,32.0,32.0,51.0,48.0,42.0,44.0,43.0
2025-12-25T13:35:04.038023,15834.176,5684,Pinky,motor_9_open,51.0,35.0,8,31.0,30.0,29.0,30.0,30.0,29.0,31.0,30.0,29.0,32.0,32.0,51.0,48.0,42.0,44.0,42.0
2025-12-25T13:35:04.933968,15835.069,5685,Thumb,motor_13_flexed,51.0,35.0625,8,31.0,30.0,29.0,30.0,30.0,29.0,31.0,30.0,29.0,32.0,32.0,51.0,48.0,42.0,45.0,42.0
2025-12-25T13:35:06.821883,15836.962,5685,Thumb,motor_13_open,51.0,35.125,8,31.0,30.0,29.0,30.0,30.0,29.0,31.0,30.0,29.0,32.0,32.0,51.0,48.0,42.0,45.0,43.0
2025-12-25T13:35:07.717841,15837.857,5686,Thumb,motor_14_flexed,51.0,35.0625,8,31.0,30.0,29.0,30.0,30.0,29.0,31.0,30.0,29.0,32.0,32.0,51.0,48.0,42.0,45.0,42.0
2025-12-25T13:35:09.605746,15839.744,5686,Thumb,motor_14_open,51.0,35.0625,8,31.0,30.0,29.0,30.0,30.0,29.0,31.0,30.0,29.0,32.0,32.0,51.0,48.0,42.0,45.0,42.0
2025-12-25T13:35:10.197732,15840.332,5686,Thumb,motor_14_open_hold,51.0,35.0,8,31.0,30.0,29.0,30.0,30.0,29.0,31.0,30.0,29.0,32.0,32.0,51.0,48.0,42.0,44.0,42.0
2025-12-25T13:35:10.597712,15840.733,5687,Thumb,motor_12_flexed,51.0,35.0625,8,31.0,30.0,29.0,30.0,30.0,29.0,31.0,30.0,29.0,32.0,32.0,51.0,48.0,42.0,45.0,42.0
2025-12-25T13:35:12.485626,15842.624,5687,Thumb,motor_12_open,51.0,35.0,8,31.0,30.0,29.0,30.0,30.0,29.0,31.0,30.0,29.0,32.0,32.0,51.0,48.0,42.0,44.0,42.0
2025-12-25T13:35:13.381586,15843.52,5688,Index,motor_2_flexed,51.0,35.0625,8,31.0,30.0,29.0,30.0,30.0,29.0,31.0,30.0,29.0,32.0,32.0,51.0,48.0,42.0,44.0,43.0
2025-12-25T13:35:15.269496,15845.41,5688,Index,motor_2_open,51.0,35.0,8,31.0,30.0,29.0,30.0,30.0,29.0,31.0,30.0,29.0,32.0,32.0,51.0,48.0,42.0,44.0,42.0
2025-12-25T13:35:16.165456,15846.303,5689,Index,motor_1_flexed,51.0,35.0625,8,31.0,30.0,29.0,30.0,30.0,29.0,31.0,30.0,29.0,32.0,32.0,51.0,48.0,42.0,44.0,43.0
2025-12-25T13:35:18.053370,15848.189,5689,Index,motor_1_open,51.0,35.0625,8,31.0,30.0,29.0,30.0,30.0,29.0,31.0,30.0,29.0,32.0,32.0,51.0,48.0,42.0,45.0,42.0
2025-12-25T13:35:18.949329,15849.089,5690,Index,motor_3_flexed,51.0,35.0625,8,31.0,30.0,29.0,30.0,30.0,29.0,31.0,30.0,29.0,32.0,32.0,51.0,48.0,42.0,44.0,43.0
2025-12-25T13:35:20.837245,15850.976,5690,Index,motor_3_open,51.0,35.0625,8,31.0,30.0,29.0,30.0,30.0,29.0,31.0,30.0,29.0,32.0,32.0,51.0,48.0,42.0,45.0,42.0
2025-12-25T13:35:21.733204,15851.87,5691,Middle,motor_11_flexed,51.0,35.125,8,31.0,30.0,29.0,30.0,30.0,29.0,31.0,30.0,29.0,32.0,32.0,51.0,48.0,42.0,45.0,43.0
2025-12-25T13:35:23.621116,15853.76,5691,Middle,motor_11_open,51.0,35.125,8,31.0,30.0,29.0,30.0,30.0,29.0,31.0,30.0,29.0,32.0,32.0,51.0,48.0,42.0,45.0,43.0
2025-12-25T13:35:24.517075,15854.659,5692,Middle,motor_10_flexed,51.0,35.0,8,31.0,30.0,29.0,30.0,30.0,29.0,31.0,30.0,29.0,32.0,32.0,51.0,48.0,42.0,44.0,42.0
2025-12-25T13:35:26.404988,15856.546,5692,Middle,motor_10_open,51.0,35.0,8,31.0,30.0,29.0,30.0,30.0,29.0,31.0,30.0,29.0,32.0,32.0,51.0,48.0,42.0,44.0,42.0
2025-12-25T13:35:27.300950,15857.437,5693,Ring,motor_4_flexed,51.0,35.0,8,31.0,30.0,29.0,30.0,30.0,29.0,31.0,30.0,29.0,32.0,32.0,51.0,48.0,42.0,44.0,42.0
2025-12-25T13:35:29.188858,15859.325,5693,Ring,motor_4_open,51.0,35.0625,8,31.0,30.0,29.0,30.0,30.0,29.0,31.0,30.0,29.0,32.0,32.0,51.0,48.0,42.0,45.0,42.0
2025-12-25T13:35:30.084822,15860.223,5694,Ring,motor_5_flexed,51.0,35.0,8,31.0,30.0,29.0,30.0,30.0,29.0,31.0,30.0,29.0,32.0,32.0,51.0,48.0,42.0,44.0,42.0
2025-12-25T13:35:31.972726,15862.108,5694,Ring,motor_5_open,51.0,35.0625,8,31.0,30.0,29.0,30.0,30.0,29.0,31.0,30.0,29.0,32.0,32.0,51.0,48.0,42.0,45.0,42.0
2025-12-25T13:35:32.868686,15863.008,5695,Ring,motor_6_flexed,51.0,35.0,8,31.0,30.0,29.0,30.0,30.0,29.0,31.0,30.0,29.0,32.0,32.0,51.0,48.0,42.0,44.0,42.0
2025-12-25T13:35:34.756598,15864.894,5695,Ring,motor_6_open,51.0,35.0625,8,31.0,30.0,29.0,30.0,30.0,29.0,31.0,30.0,29.0,32.0,32.0,51.0,48.0,42.0,45.0,42.0
2025-12-25T13:35:35.652556,15865.789,5696,Pinky,motor_7_flexed,51.0,35.0625,8,31.0,30.0,29.0,30.0,30.0,29.0,31.0,30.0,29.0,32.0,32.0,51.0,48.0,42.0,44.0,43.0
2025-12-25T13:35:37.540485,15867.68,5696,Pinky,motor_7_open,51.0,35.0625,8,31.0,30.0,29.0,30.0,30.0,29.0,31.0,30.0,29.0,32.0,32.0,51.0,48.0,42.0,44.0,43.0
2025-12-25T13:35:38.436445,15868.577,5697,Pinky,motor_8_flexed,51.0,35.0,8,31.0,30.0,29.0,30.0,30.0,29.0,31.0,30.0,29.0,32.0,32.0,51.0,48.0,42.0,44.0,42.0
2025-12-25T13:35:40.324358,15870.461,5697,Pinky,motor_8_open,51.0,35.0,8,31.0,30.0,29.0,30.0,30.0,29.0,31.0,30.0,29.0,32.0,32.0,51.0,48.0,42.0,44.0,42.0
2025-12-25T13:35:41.220316,15871.358,5698,Pinky,motor_9_flexed,51.0,35.0,8,31.0,30.0,29.0,30.0,30.0,29.0,31.0,30.0,29.0,32.0,32.0,51.0,48.0,42.0,44.0,42.0
2025-12-25T13:35:43.108239,15873.248,5698,Pinky,motor_9_open,51.0,35.0625,8,31.0,30.0,29.0,30.0,30.0,29.0,31.0,30.0,29.0,32.0,32.0,51.0,48.0,42.0,45.0,42.0
2025-12-25T13:35:44.004188,15874.142,5699,Thumb,motor_13_flexed,51.0,35.0,8,31.0,30.0,29.0,30.0,30.0,29.0,31.0,30.0,29.0,32.0,32.0,51.0,48.0,42.0,44.0,42.0
2025-12-25T13:35:45.892089,15876.03,5699,Thumb,motor_13_open,51.0,35.0625,8,31.0,30.0,29.0,30.0,30.0,29.0,31.0,30.0,29.0,32.0,32.0,51.0,48.0,42.0,45.0,42.0
2025-12-25T13:35:46.788062,15876.926,5700,Thumb,motor_14_flexed,51.0,35.0625,8,31.0,30.0,29.0,30.0,30.0,29.0,31.0,30.0,29.0,32.0,32.0,51.0,48.0,42.0,45.0,42.0
2025-12-25T13:35:48.675973,15878.815,5700,Thumb,motor_14_open,51.0,35.0,8,31.0,30.0,29.0,30.0,30.0,29.0,31.0,30.0,29.0,32.0,32.0,51.0,48.0,42.0,44.0,42.0
2025-12-25T13:35:49.571935,15879.711,5701,Thumb,motor_12_flexed,51.0,35.0,8,31.0,30.0,29.0,30.0,30.0,29.0,31.0,30.0,29.0,32.0,32.0,51.0,48.0,42.0,44.0,42.0
2025-12-25T13:35:51.459849,15881.599,5701,Thumb,motor_12_open,51.0,35.0625,8,31.0,30.0,29.0,30.0,30.0,29.0,31.0,30.0,29.0,32.0,32.0,51.0,48.0,42.0,44.0,43.0
2025-12-25T13:35:52.355818,15882.494,5702,Index,motor_2_flexed,51.0,35.0625,8,31.0,30.0,29.0,30.0,30.0,29.0,31.0,30.0,29.0,32.0,32.0,51.0,48.0,42.0,45.0,42.0
2025-12-25T13:35:54.243723,15884.382,5702,Index,motor_2_open,51.0,35.0625,8,31.0,30.0,29.0,30.0,30.0,29.0,31.0,30.0,29.0,32.0,32.0,51.0,48.0,42.0,45.0,42.0
2025-12-25T13:35:55.139685,15885.276,5703,Index,motor_1_flexed,51.0,35.0625,8,31.0,30.0,29.0,30.0,30.0,29.0,31.0,30.0,29.0,32.0,32.0,51.0,48.0,42.0,44.0,43.0
2025-12-25T13:35:57.027637,15887.164,5703,Index,motor_1_open,51.0,35.0625,8,31.0,30.0,29.0,30.0,30.0,29.0,31.0,30.0,29.0,32.0,32.0,51.0,48.0,42.0,44.0,43.0
2025-12-25T13:35:57.923573,15888.06,5704,Index,motor_3_flexed,51.0,35.0,8,31.0,30.0,29.0,30.0,30.0,29.0,31.0,30.0,29.0,32.0,32.0,51.0,48.0,42.0,44.0,42.0
2025-12-25T13:35:59.811475,15889.95,5704,Index,motor_3_open,51.0,35.0,8,31.0,30.0,29.0,30.0,30.0,29.0,31.0,30.0,29.0,32.0,32.0,51.0,48.0,42.0,44.0,42.0
2025-12-25T13:36:00.707430,15890.849,5705,Middle,motor_11_flexed,51.0,35.0625,8,31.0,30.0,29.0,30.0,30.0,29.0,31.0,30.0,29.0,32.0,32.0,51.0,48.0,42.0,45.0,42.0
2025-12-25T13:36:02.595369,15892.735,5705,Middle,motor_11_open,51.0,35.0,8,31.0,30.0,29.0,30.0,30.0,29.0,31.0,30.0,29.0,32.0,32.0,51.0,48.0,42.0,44.0,42.0
2025-12-25T13:36:03.491328,15893.629,5706,Middle,motor_10_flexed,51.0,35.0625,8,31.0,30.0,29.0,30.0,30.0,29.0,31.0,30.0,29.0,32.0,32.0,51.0,48.0,42.0,44.0,43.0
2025-12-25T13:36:05.379242,15895.516,5706,Middle,motor_10_open,51.0,35.0,8,31.0,30.0,29.0,30.0,30.0,28.0,31.0,30.0,29.0,32.0,32.0,51.0,48.0,42.0,45.0,42.0
2025-12-25T13:36:06.275194,15896.413,5707,Ring,motor_4_flexed,51.0,35.0625,8,31.0,30.0,29.0,30.0,30.0,28.0,31.0,30.0,29.0,32.0,32.0,51.0,48.0,42.0,45.0,43.0
2025-12-25T13:36:08.163124,15898.302,5707,Ring,motor_4_open,51.0,34.9375,8,31.0,30.0,29.0,30.0,30.0,28.0,31.0,30.0,29.0,32.0,32.0,51.0,48.0,42.0,44.0,42.0
2025-12-25T13:36:09.059078,15899.196,5708,Ring,motor_5_flexed,51.0,35.0,8,31.0,30.0,29.0,30.0,30.0,28.0,31.0,30.0,29.0,32.0,32.0,51.0,48.0,42.0,45.0,42.0
2025-12-25T13:36:10.147026,15900.285,5708,Ring,motor_5_flex_hold,51.0,35.0625,8,31.0,30.0,29.0,30.0,30.0,29.0,31.0,30.0,29.0,32.0,32.0,51.0,48.0,42.0,45.0,42.0
2025-12-25T13:36:10.947005,15901.087,5708,Ring,motor_5_open,51.0,35.0625,8,31.0,30.0,29.0,30.0,30.0,29.0,31.0,30.0,29.0,32.0,32.0,51.0,48.0,42.0,44.0,43.0
2025-12-25T13:36:11.842944,15901.982,5709,Ring,motor_6_flexed,51.0,35.0,8,31.0,30.0,29.0,30.0,30.0,29.0,31.0,30.0,29.0,32.0,32.0,51.0,48.0,42.0,44.0,42.0
2025-12-25T13:36:13.730837,15903.871,5709,Ring,motor_6_open,51.0,35.0,8,31.0,30.0,29.0,30.0,30.0,29.0,31.0,30.0,29.0,32.0,32.0,51.0,48.0,42.0,44.0,42.0
2025-12-25T13:36:14.626783,15904.764,5710,Pinky,motor_7_flexed,51.0,34.9375,8,31.0,30.0,29.0,30.0,30.0,28.0,31.0,30.0,29.0,32.0,32.0,51.0,48.0,42.0,44.0,42.0
2025-12-25T13:36:16.514706,15906.652,5710,Pinky,motor_7_open,51.0,35.0625,8,31.0,30.0,29.0,30.0,30.0,29.0,31.0,30.0,29.0,32.0,32.0,51.0,48.0,42.0,45.0,42.0
2025-12-25T13:36:17.410664,15907.547,5711,Pinky,motor_8_flexed,51.0,35.0625,8,31.0,30.0,29.0,30.0,30.0,29.0,31.0,30.0,29.0,32.0,32.0,51.0,48.0,42.0,45.0,42.0
2025-12-25T13:36:19.298579,15909.437,5711,Pinky,motor_8_open,51.0,35.0,8,31.0,30.0,29.0,30.0,30.0,29.0,31.0,30.0,29.0,32.0,32.0,51.0,48.0,42.0,44.0,42.0
2025-12-25T13:36:20.194539,15910.332,5712,Pinky,motor_9_flexed,51.0,35.0625,8,31.0,30.0,29.0,30.0,30.0,29.0,31.0,30.0,29.0,32.0,32.0,51.0,48.0,42.0,45.0,42.0
2025-12-25T13:36:22.082454,15912.219,5712,Pinky,motor_9_open,51.0,35.0,8,31.0,30.0,29.0,30.0,30.0,29.0,31.0,30.0,29.0,32.0,32.0,51.0,48.0,42.0,44.0,42.0
2025-12-25T13:36:22.978401,15913.113,5713,Thumb,motor_13_flexed,51.0,35.0,8,31.0,30.0,29.0,30.0,30.0,29.0,31.0,30.0,29.0,32.0,32.0,51.0,48.0,42.0,44.0,42.0
2025-12-25T13:36:24.866314,15915.003,5713,Thumb,motor_13_open,51.0,35.0625,8,31.0,30.0,29.0,30.0,30.0,29.0,31.0,30.0,29.0,32.0,32.0,51.0,48.0,42.0,45.0,42.0
2025-12-25T13:36:25.762274,15915.895,5714,Thumb,motor_14_flexed,51.0,35.0,8,31.0,30.0,29.0,30.0,30.0,29.0,31.0,30.0,29.0,32.0,32.0,51.0,48.0,42.0,44.0,42.0
2025-12-25T13:36:27.650187,15917.78,5714,Thumb,motor_14_open,51.0,35.0625,8,31.0,30.0,29.0,30.0,30.0,29.0,31.0,30.0,29.0,32.0,32.0,51.0,48.0,42.0,45.0,42.0
2025-12-25T13:36:28.546146,15918.679,5715,Thumb,motor_12_flexed,51.0,35.0625,8,31.0,30.0,29.0,30.0,30.0,29.0,31.0,30.0,29.0,32.0,32.0,51.0,48.0,42.0,45.0,42.0
2025-12-25T13:36:30.434058,15920.565,5715,Thumb,motor_12_open,51.0,35.0625,8,31.0,30.0,29.0,30.0,30.0,29.0,31.0,30.0,29.0,32.0,32.0,51.0,48.0,42.0,45.0,42.0
2025-12-25T13:36:31.330032,15921.468,5716,Index,motor_2_flexed,51.0,35.0,8,31.0,30.0,29.0,30.0,30.0,29.0,31.0,30.0,29.0,32.0,32.0,51.0,48.0,42.0,44.0,42.0
2025-12-25T13:36:33.217945,15923.355,5716,Index,motor_2_open,51.0,35.0625,8,31.0,30.0,29.0,30.0,30.0,29.0,31.0,30.0,29.0,32.0,32.0,51.0,48.0,42.0,44.0,43.0
2025-12-25T13:36:34.113907,15924.252,5717,Index,motor_1_flexed,51.0,35.0,8,31.0,30.0,29.0,30.0,30.0,29.0,31.0,30.0,29.0,32.0,32.0,51.0,48.0,42.0,44.0,42.0
2025-12-25T13:36:36.001822,15926.14,5717,Index,motor_1_open,51.0,35.0625,8,31.0,30.0,29.0,30.0,30.0,29.0,31.0,30.0,29.0,32.0,32.0,51.0,48.0,42.0,45.0,42.0
2025-12-25T13:36:36.897779,15927.035,5718,Index,motor_3_flexed,51.0,35.0625,8,31.0,30.0,29.0,30.0,30.0,29.0,31.0,30.0,29.0,32.0,32.0,51.0,48.0,42.0,45.0,42.0
2025-12-25T13:36:38.785693,15928.922,5718,Index,motor_3_open,51.0,35.0625,8,31.0,30.0,29.0,30.0,30.0,29.0,31.0,30.0,29.0,32.0,32.0,51.0,48.0,42.0,45.0,42.0
2025-12-25T13:36:39.681642,15929.816,5719,Middle,motor_11_flexed,51.0,35.0625,8,31.0,30.0,29.0,30.0,30.0,29.0,31.0,30.0,29.0,32.0,32.0,51.0,48.0,42.0,45.0,42.0
2025-12-25T13:36:41.569568,15931.707,5719,Middle,motor_11_open,51.0,35.0,8,31.0,30.0,29.0,30.0,30.0,29.0,31.0,30.0,29.0,32.0,32.0,51.0,48.0,42.0,44.0,42.0
2025-12-25T13:36:42.465524,15932.603,5720,Middle,motor_10_flexed,51.0,35.0625,8,31.0,30.0,29.0,30.0,30.0,29.0,31.0,30.0,29.0,32.0,32.0,51.0,48.0,42.0,45.0,42.0
2025-12-25T13:36:44.353440,15934.49,5720,Middle,motor_10_open,51.0,35.0,8,31.0,30.0,29.0,30.0,30.0,29.0,31.0,30.0,29.0,32.0,32.0,51.0,48.0,42.0,44.0,42.0
2025-12-25T13:36:45.249392,15935.387,5721,Ring,motor_4_flexed,51.0,35.0,8,31.0,30.0,29.0,30.0,30.0,29.0,31.0,30.0,29.0,32.0,32.0,51.0,48.0,42.0,44.0,42.0
2025-12-25T13:36:47.137301,15937.271,5721,Ring,motor_4_open,51.0,35.0625,8,31.0,30.0,29.0,30.0,30.0,29.0,31.0,30.0,29.0,32.0,32.0,51.0,48.0,42.0,45.0,42.0
2025-12-25T13:36:48.033272,15938.171,5722,Ring,motor_5_flexed,51.0,34.9375,8,31.0,30.0,29.0,30.0,30.0,28.0,31.0,30.0,29.0,32.0,32.0,51.0,48.0,42.0,44.0,42.0
2025-12-25T13:36:49.921194,15940.058,5722,Ring,motor_5_open,51.0,35.0,8,31.0,30.0,29.0,30.0,30.0,29.0,31.0,30.0,29.0,32.0,32.0,51.0,48.0,42.0,44.0,42.0
2025-12-25T13:36:50.817142,15940.951,5723,Ring,motor_6_flexed,51.0,35.0625,8,31.0,30.0,29.0,30.0,30.0,29.0,31.0,30.0,29.0,32.0,32.0,51.0,48.0,42.0,44.0,43.0
2025-12-25T13:36:52.705063,15942.843,5723,Ring,motor_6_open,51.0,35.0625,8,31.0,30.0,29.0,30.0,30.0,29.0,31.0,30.0,29.0,32.0,32.0,51.0,48.0,42.0,44.0,43.0
2025-12-25T13:36:53.601018,15943.74,5724,Pinky,motor_7_flexed,51.0,35.125,8,31.0,30.0,29.0,30.0,30.0,29.0,31.0,30.0,29.0,32.0,32.0,51.0,48.0,42.0,45.0,43.0
2025-12-25T13:36:55.488933,15945.629,5724,Pinky,motor_7_open,51.0,35.0625,8,31.0,30.0,29.0,30.0,30.0,29.0,31.0,30.0,29.0,32.0,32.0,51.0,48.0,42.0,45.0,42.0
2025-12-25T13:36:56.384879,15946.52,5725,Pinky,motor_8_flexed,51.0,35.0625,8,31.0,30.0,29.0,30.0,30.0,29.0,31.0,30.0,29.0,32.0,32.0,51.0,48.0,42.0,45.0,42.0
2025-12-25T13:36:58.272791,15948.405,5725,Pinky,motor_8_open,51.0,35.0625,8,31.0,30.0,29.0,30.0,30.0,29.0,31.0,30.0,29.0,32.0,32.0,51.0,48.0,42.0,44.0,43.0
2025-12-25T13:36:59.168760,15949.299,5726,Pinky,motor_9_flexed,51.0,35.0,8,31.0,30.0,29.0,30.0,30.0,29.0,31.0,30.0,29.0,32.0,32.0,51.0,48.0,42.0,44.0,42.0
2025-12-25T13:37:01.056679,15951.194,5726,Pinky,motor_9_open,51.0,35.0,8,31.0,30.0,29.0,30.0,30.0,29.0,31.0,30.0,29.0,32.0,32.0,51.0,48.0,42.0,44.0,42.0
2025-12-25T13:37:01.952639,15952.09,5727,Thumb,motor_13_flexed,51.0,35.1875,8,31.0,30.0,29.0,30.0,30.0,29.0,31.0,30.0,29.0,32.0,32.0,51.0,48.0,42.0,45.0,44.0
2025-12-25T13:37:03.840557,15953.98,5727,Thumb,motor_13_open,51.0,35.0,8,31.0,30.0,29.0,30.0,30.0,29.0,31.0,30.0,29.0,32.0,32.0,51.0,48.0,42.0,44.0,42.0
2025-12-25T13:37:04.736502,15954.871,5728,Thumb,motor_14_flexed,51.0,35.0625,8,31.0,30.0,29.0,30.0,30.0,29.0,31.0,30.0,29.0,32.0,32.0,51.0,48.0,42.0,44.0,43.0
2025-12-25T13:37:06.624425,15956.764,5728,Thumb,motor_14_open,51.0,35.0,8,31.0,30.0,29.0,30.0,30.0,29.0,31.0,30.0,29.0,32.0,32.0,51.0,48.0,42.0,44.0,42.0
2025-12-25T13:37:07.520385,15957.662,5729,Thumb,motor_12_flexed,51.0,35.0625,8,31.0,30.0,29.0,30.0,30.0,29.0,31.0,30.0,29.0,32.0,32.0,51.0,48.0,42.0,44.0,43.0
2025-12-25T13:37:09.408297,15959.547,5729,Thumb,motor_12_open,51.0,35.0625,8,31.0,30.0,29.0,30.0,30.0,28.0,31.0,30.0,29.0,32.0,32.0,51.0,48.0,42.0,45.0,43.0
2025-12-25T13:37:10.000271,15960.135,5729,Thumb,motor_12_open_hold,51.0,35.0625,8,31.0,30.0,29.0,30.0,30.0,29.0,31.0,30.0,29.0,32.0,32.0,51.0,48.0,42.0,45.0,42.0
2025-12-25T13:37:10.400252,15960.54,5730,Index,motor_2_flexed,51.0,35.0,8,31.0,30.0,29.0,30.0,30.0,29.0,31.0,30.0,29.0,32.0,32.0,51.0,48.0,42.0,44.0,42.0
2025-12-25T13:37:12.288165,15962.425,5730,Index,motor_2_open,51.0,35.0625,8,31.0,30.0,29.0,30.0,30.0,29.0,31.0,30.0,29.0,32.0,32.0,51.0,48.0,42.0,45.0,42.0
2025-12-25T13:37:13.184143,15963.323,5731,Index,motor_1_flexed,51.0,35.0,8,31.0,30.0,29.0,30.0,30.0,29.0,31.0,30.0,29.0,32.0,32.0,51.0,48.0,42.0,44.0,42.0
2025-12-25T13:37:15.072041,15965.213,5731,Index,motor_1_open,51.0,35.0625,8,31.0,30.0,29.0,30.0,30.0,29.0,31.0,30.0,29.0,32.0,32.0,51.0,48.0,42.0,44.0,43.0
2025-12-25T13:37:15.968000,15966.109,5732,Index,motor_3_flexed,51.0,35.0625,8,31.0,30.0,29.0,30.0,30.0,29.0,31.0,30.0,29.0,32.0,32.0,51.0,48.0,42.0,45.0,42.0
2025-12-25T13:37:17.855912,15967.994,5732,Index,motor_3_open,51.0,35.0625,8,31.0,30.0,29.0,30.0,30.0,29.0,31.0,30.0,29.0,32.0,32.0,51.0,48.0,42.0,45.0,42.0
2025-12-25T13:37:18.751869,15968.89,5733,Middle,motor_11_flexed,51.0,35.125,8,31.0,30.0,29.0,30.0,30.0,29.0,31.0,30.0,29.0,32.0,32.0,51.0,48.0,42.0,45.0,43.0
2025-12-25T13:37:20.639787,15970.778,5733,Middle,motor_11_open,51.0,35.0,8,31.0,30.0,29.0,30.0,30.0,28.0,31.0,30.0,29.0,32.0,32.0,51.0,48.0,42.0,45.0,42.0
2025-12-25T13:37:21.535742,15971.671,5734,Middle,motor_10_flexed,51.0,35.125,8,31.0,30.0,29.0,30.0,30.0,29.0,31.0,30.0,29.0,32.0,32.0,51.0,48.0,42.0,45.0,43.0
2025-12-25T13:37:23.423661,15973.56,5734,Middle,motor_10_open,51.0,35.0,8,31.0,30.0,29.0,30.0,30.0,29.0,31.0,30.0,29.0,32.0,32.0,51.0,48.0,42.0,44.0,42.0
2025-12-25T13:37:24.319619,15974.457,5735,Ring,motor_4_flexed,51.0,35.0,8,31.0,30.0,29.0,30.0,30.0,29.0,31.0,30.0,29.0,32.0,32.0,51.0,48.0,42.0,44.0,42.0
2025-12-25T13:37:26.207532,15976.347,5735,Ring,motor_4_open,51.0,35.0,8,31.0,30.0,29.0,30.0,30.0,29.0,31.0,30.0,29.0,32.0,32.0,51.0,48.0,42.0,44.0,42.0
2025-12-25T13:37:27.103492,15977.241,5736,Ring,motor_5_flexed,51.0,35.0625,8,31.0,30.0,29.0,30.0,30.0,29.0,31.0,30.0,29.0,32.0,32.0,51.0,48.0,42.0,45.0,42.0
2025-12-25T13:37:28.991397,15979.13,5736,Ring,motor_5_open,51.0,35.0,8,31.0,30.0,29.0,30.0,30.0,29.0,31.0,30.0,29.0,32.0,32.0,51.0,48.0,42.0,44.0,42.0
2025-12-25T13:37:29.887366,15980.023,5737,Ring,motor_6_flexed,51.0,35.0,8,31.0,30.0,29.0,30.0,30.0,29.0,31.0,30.0,29.0,32.0,32.0,51.0,48.0,42.0,44.0,42.0
2025-12-25T13:37:31.775269,15981.913,5737,Ring,motor_6_open,51.0,34.9375,8,31.0,30.0,29.0,30.0,30.0,29.0,31.0,30.0,29.0,32.0,32.0,51.0,48.0,42.0,44.0,41.0
2025-12-25T13:37:32.671232,15982.809,5738,Pinky,motor_7_flexed,51.0,35.125,8,31.0,30.0,29.0,30.0,30.0,29.0,31.0,30.0,29.0,32.0,32.0,51.0,48.0,42.0,45.0,43.0
2025-12-25T13:37:34.559152,15984.696,5738,Pinky,motor_7_open,51.0,35.0625,8,31.0,30.0,29.0,30.0,30.0,29.0,31.0,30.0,29.0,32.0,32.0,51.0,48.0,42.0,44.0,43.0
2025-12-25T13:37:35.455108,15985.588,5739,Pinky,motor_8_flexed,51.0,35.0,8,31.0,30.0,29.0,30.0,30.0,29.0,31.0,30.0,29.0,32.0,32.0,51.0,48.0,42.0,44.0,42.0
2025-12-25T13:37:37.343025,15987.481,5739,Pinky,motor_8_open,51.0,35.0625,8,31.0,30.0,29.0,30.0,30.0,29.0,31.0,30.0,29.0,32.0,32.0,51.0,48.0,42.0,44.0,43.0
2025-12-25T13:37:38.238985,15988.376,5740,Pinky,motor_9_flexed,51.0,35.0,8,31.0,30.0,29.0,30.0,30.0,29.0,31.0,30.0,29.0,32.0,32.0,51.0,48.0,42.0,44.0,42.0
2025-12-25T13:37:40.126897,15990.265,5740,Pinky,motor_9_open,51.0,35.0,8,31.0,30.0,29.0,30.0,30.0,29.0,31.0,30.0,29.0,32.0,32.0,51.0,48.0,42.0,44.0,42.0
2025-12-25T13:37:41.022857,15991.159,5741,Thumb,motor_13_flexed,51.0,35.0,8,31.0,30.0,29.0,30.0,30.0,29.0,31.0,30.0,29.0,32.0,32.0,51.0,48.0,42.0,44.0,42.0
2025-12-25T13:37:42.910776,15993.05,5741,Thumb,motor_13_open,51.0,35.0625,8,31.0,30.0,29.0,30.0,30.0,29.0,31.0,30.0,29.0,32.0,32.0,51.0,48.0,42.0,45.0,42.0
2025-12-25T13:37:43.806730,15993.944,5742,Thumb,motor_14_flexed,51.0,35.0625,8,31.0,30.0,29.0,30.0,30.0,29.0,31.0,30.0,29.0,32.0,32.0,51.0,48.0,42.0,45.0,42.0
2025-12-25T13:37:45.694645,15995.831,5742,Thumb,motor_14_open,51.0,35.0,8,31.0,30.0,29.0,30.0,30.0,29.0,31.0,30.0,29.0,32.0,32.0,51.0,48.0,42.0,44.0,42.0
2025-12-25T13:37:46.590608,15996.727,5743,Thumb,motor_12_flexed,51.0,35.0625,8,31.0,30.0,29.0,30.0,30.0,29.0,31.0,30.0,29.0,32.0,32.0,51.0,48.0,42.0,45.0,42.0
2025-12-25T13:37:48.478510,15998.617,5743,Thumb,motor_12_open,51.0,35.0625,8,31.0,30.0,29.0,30.0,30.0,29.0,31.0,30.0,29.0,32.0,32.0,51.0,48.0,42.0,44.0,43.0
2025-12-25T13:37:49.374476,15999.513,5744,Index,motor_2_flexed,51.0,35.0,8,31.0,30.0,29.0,30.0,30.0,29.0,31.0,30.0,29.0,32.0,32.0,51.0,48.0,42.0,44.0,42.0
2025-12-25T13:37:51.262392,16001.399,5744,Index,motor_2_open,51.0,35.0,8,31.0,30.0,29.0,30.0,30.0,29.0,31.0,30.0,29.0,32.0,32.0,51.0,48.0,42.0,44.0,42.0
2025-12-25T13:37:52.158358,16002.295,5745,Index,motor_1_flexed,51.0,35.0,8,31.0,30.0,29.0,30.0,30.0,29.0,31.0,30.0,29.0,32.0,32.0,51.0,48.0,42.0,44.0,42.0
2025-12-25T13:37:54.046263,16004.182,5745,Index,motor_1_open,51.0,35.0,8,31.0,30.0,29.0,30.0,30.0,28.0,31.0,30.0,29.0,32.0,32.0,51.0,48.0,42.0,45.0,42.0
2025-12-25T13:37:54.942225,16005.082,5746,Index,motor_3_flexed,51.0,35.0625,8,31.0,30.0,29.0,30.0,30.0,29.0,31.0,30.0,29.0,32.0,32.0,51.0,48.0,42.0,45.0,42.0
2025-12-25T13:37:56.830148,16006.97,5746,Index,motor_3_open,51.0,35.0625,8,31.0,30.0,29.0,30.0,30.0,29.0,31.0,30.0,29.0,32.0,32.0,51.0,48.0,42.0,45.0,42.0
2025-12-25T13:37:57.726098,16007.863,5747,Middle,motor_11_flexed,51.0,35.0625,8,31.0,30.0,29.0,30.0,30.0,29.0,31.0,30.0,29.0,32.0,32.0,51.0,48.0,42.0,45.0,42.0
2025-12-25T13:37:59.613996,16009.749,5747,Middle,motor_11_open,51.0,35.0,8,31.0,30.0,29.0,30.0,30.0,28.0,31.0,30.0,29.0,32.0,32.0,51.0,48.0,42.0,45.0,42.0
2025-12-25T13:38:00.509958,16010.647,5748,Middle,motor_10_flexed,51.0,35.0625,8,31.0,30.0,29.0,30.0,30.0,29.0,31.0,30.0,29.0,32.0,32.0,51.0,48.0,42.0,45.0,42.0
2025-12-25T13:38:02.397872,16012.535,5748,Middle,motor_10_open,51.0,35.0,8,31.0,30.0,29.0,30.0,30.0,29.0,31.0,30.0,29.0,32.0,32.0,51.0,48.0,42.0,44.0,42.0
2025-12-25T13:38:03.293831,16013.431,5749,Ring,motor_4_flexed,51.0,35.0625,8,31.0,30.0,29.0,30.0,30.0,29.0,31.0,30.0,29.0,32.0,32.0,51.0,48.0,42.0,45.0,42.0
2025-12-25T13:38:05.181746,16015.319,5749,Ring,motor_4_open,51.0,35.0625,8,31.0,30.0,29.0,30.0,30.0,29.0,31.0,30.0,29.0,32.0,32.0,51.0,48.0,42.0,45.0,42.0
2025-12-25T13:38:06.077713,16016.208,5750,Ring,motor_5_flexed,51.0,35.0,8,31.0,30.0,29.0,30.0,30.0,29.0,31.0,30.0,29.0,32.0,32.0,51.0,48.0,42.0,44.0,42.0
2025-12-25T13:38:07.965631,16018.104,5750,Ring,motor_5_open,51.0,35.0,8,31.0,30.0,29.0,30.0,30.0,29.0,31.0,30.0,29.0,32.0,32.0,51.0,48.0,42.0,44.0,42.0
2025-12-25T13:38:08.861591,16018.997,5751,Ring,motor_6_flexed,51.0,35.0625,8,31.0,30.0,29.0,30.0,30.0,29.0,31.0,30.0,29.0,32.0,32.0,51.0,48.0,42.0,45.0,42.0
2025-12-25T13:38:09.949541,16020.088,5751,Ring,motor_6_flex_hold,51.0,35.0625,8,31.0,30.0,29.0,30.0,30.0,29.0,31.0,30.0,29.0,32.0,32.0,51.0,48.0,42.0,44.0,43.0
2025-12-25T13:38:10.749516,16020.888,5751,Ring,motor_6_open,51.0,35.0625,8,31.0,30.0,29.0,30.0,30.0,29.0,31.0,30.0,29.0,32.0,32.0,51.0,48.0,42.0,45.0,42.0
2025-12-25T13:38:11.645451,16021.782,5752,Pinky,motor_7_flexed,51.0,35.125,8,31.0,30.0,29.0,30.0,30.0,29.0,31.0,30.0,29.0,32.0,32.0,51.0,48.0,42.0,45.0,43.0
2025-12-25T13:38:13.533375,16023.672,5752,Pinky,motor_7_open,51.0,35.0,8,31.0,30.0,29.0,30.0,30.0,29.0,31.0,30.0,29.0,32.0,32.0,51.0,48.0,42.0,44.0,42.0
2025-12-25T13:38:14.429354,16024.566,5753,Pinky,motor_8_flexed,51.0,35.0625,8,31.0,30.0,29.0,30.0,30.0,29.0,31.0,30.0,29.0,32.0,32.0,51.0,48.0,42.0,44.0,43.0
2025-12-25T13:38:16.317260,16026.454,5753,Pinky,motor_8_open,51.0,35.0625,8,31.0,30.0,29.0,30.0,30.0,29.0,31.0,30.0,29.0,32.0,32.0,51.0,48.0,42.0,44.0,43.0
2025-12-25T13:38:17.213213,16027.351,5754,Pinky,motor_9_flexed,51.0,35.125,8,31.0,30.0,29.0,30.0,30.0,29.0,31.0,30.0,29.0,32.0,32.0,51.0,48.0,42.0,45.0,43.0
2025-12-25T13:38:19.101142,16029.24,5754,Pinky,motor_9_open,51.0,35.0,8,31.0,30.0,29.0,30.0,30.0,29.0,31.0,30.0,29.0,32.0,32.0,51.0,48.0,42.0,44.0,42.0
2025-12-25T13:38:19.997116,16030.135,5755,Thumb,motor_13_flexed,51.0,35.0625,8,31.0,30.0,29.0,30.0,30.0,29.0,31.0,30.0,29.0,32.0,32.0,51.0,48.0,42.0,45.0,42.0
2025-12-25T13:38:21.885013,16032.024,5755,Thumb,motor_13_open,51.0,35.0,8,31.0,30.0,29.0,30.0,30.0,29.0,31.0,30.0,29.0,32.0,32.0,51.0,48.0,42.0,44.0,42.0
2025-12-25T13:38:22.780972,16032.919,5756,Thumb,motor_14_flexed,51.0,35.125,8,31.0,30.0,29.0,30.0,30.0,29.0,31.0,30.0,29.0,32.0,32.0,51.0,48.0,42.0,45.0,43.0
2025-12-25T13:38:24.668888,16034.81,5756,Thumb,motor_14_open,51.0,35.0,8,31.0,30.0,29.0,30.0,30.0,29.0,31.0,30.0,29.0,32.0,32.0,51.0,48.0,42.0,44.0,42.0
2025-12-25T13:38:25.564828,16035.705,5757,Thumb,motor_12_flexed,51.0,35.0625,8,31.0,30.0,29.0,30.0,30.0,29.0,31.0,30.0,29.0,32.0,32.0,51.0,48.0,42.0,45.0,42.0
2025-12-25T13:38:27.452741,16037.592,5757,Thumb,motor_12_open,51.0,35.0625,8,31.0,30.0,29.0,30.0,30.0,29.0,31.0,30.0,29.0,32.0,32.0,51.0,48.0,42.0,45.0,42.0
2025-12-25T13:38:28.348702,16038.486,5758,Index,motor_2_flexed,51.0,35.0,8,31.0,30.0,29.0,30.0,30.0,29.0,31.0,30.0,29.0,32.0,32.0,51.0,48.0,42.0,44.0,42.0
2025-12-25T13:38:30.236614,16040.376,5758,Index,motor_2_open,51.0,35.0,8,31.0,30.0,29.0,30.0,30.0,29.0,31.0,30.0,29.0,32.0,32.0,51.0,48.0,42.0,44.0,42.0
2025-12-25T13:38:31.132577,16041.271,5759,Index,motor_1_flexed,51.0,35.125,8,31.0,30.0,29.0,30.0,30.0,29.0,31.0,30.0,29.0,32.0,32.0,51.0,48.0,42.0,45.0,43.0
2025-12-25T13:38:33.020491,16043.158,5759,Index,motor_1_open,51.0,35.0625,8,31.0,30.0,29.0,30.0,30.0,29.0,31.0,30.0,29.0,32.0,32.0,51.0,48.0,42.0,45.0,42.0
2025-12-25T13:38:33.916448,16044.056,5760,Index,motor_3_flexed,51.0,35.0,8,31.0,30.0,29.0,30.0,30.0,29.0,31.0,30.0,29.0,32.0,32.0,51.0,48.0,42.0,44.0,42.0
2025-12-25T13:38:35.804361,16045.941,5760,Index,motor_3_open,51.0,35.0625,8,31.0,30.0,29.0,30.0,30.0,29.0,31.0,30.0,29.0,32.0,32.0,51.0,48.0,42.0,45.0,42.0
2025-12-25T13:38:36.700322,16046.839,5761,Middle,motor_11_flexed,51.0,35.0625,8,31.0,30.0,29.0,30.0,30.0,29.0,31.0,30.0,29.0,32.0,32.0,51.0,48.0,42.0,45.0,42.0
2025-12-25T13:38:38.588237,16048.728,5761,Middle,motor_11_open,51.0,35.0625,8,31.0,30.0,29.0,30.0,30.0,29.0,31.0,30.0,29.0,32.0,32.0,51.0,48.0,42.0,45.0,42.0
2025-12-25T13:38:39.484210,16049.621,5762,Middle,motor_10_flexed,51.0,35.0625,8,31.0,30.0,29.0,30.0,30.0,29.0,31.0,30.0,29.0,32.0,32.0,51.0,48.0,42.0,45.0,42.0
2025-12-25T13:38:41.372127,16051.509,5762,Middle,motor_10_open,51.0,35.0625,8,31.0,30.0,29.0,30.0,30.0,29.0,31.0,30.0,29.0,32.0,32.0,51.0,48.0,42.0,45.0,42.0
2025-12-25T13:38:42.268072,16052.407,5763,Ring,motor_4_flexed,51.0,35.0,8,31.0,30.0,29.0,30.0,30.0,29.0,31.0,30.0,29.0,32.0,32.0,51.0,48.0,42.0,44.0,42.0
2025-12-25T13:38:44.155999,16054.295,5763,Ring,motor_4_open,51.0,35.0625,8,31.0,30.0,29.0,30.0,30.0,29.0,31.0,30.0,29.0,32.0,32.0,51.0,48.0,42.0,45.0,42.0
2025-12-25T13:38:45.051931,16055.184,5764,Ring,motor_5_flexed,51.0,35.0,8,31.0,30.0,29.0,30.0,30.0,29.0,31.0,30.0,29.0,32.0,32.0,51.0,48.0,42.0,44.0,42.0
2025-12-25T13:38:46.939860,16057.072,5764,Ring,motor_5_open,51.0,35.0,8,31.0,30.0,29.0,30.0,30.0,29.0,31.0,30.0,29.0,32.0,32.0,51.0,48.0,42.0,44.0,42.0
2025-12-25T13:38:47.835819,16057.968,5765,Ring,motor_6_flexed,51.0,35.0625,8,31.0,30.0,29.0,30.0,30.0,29.0,31.0,30.0,29.0,32.0,32.0,51.0,48.0,42.0,44.0,43.0
2025-12-25T13:38:49.723739,16059.86,5765,Ring,motor_6_open,51.0,35.0625,8,31.0,30.0,29.0,30.0,30.0,29.0,31.0,30.0,29.0,32.0,32.0,51.0,48.0,42.0,45.0,42.0
2025-12-25T13:38:50.619691,16060.75,5766,Pinky,motor_7_flexed,51.0,35.125,8,31.0,30.0,29.0,30.0,30.0,29.0,31.0,30.0,29.0,32.0,32.0,51.0,48.0,42.0,46.0,42.0
2025-12-25T13:38:52.507609,16062.643,5766,Pinky,motor_7_open,51.0,35.0625,8,31.0,30.0,29.0,30.0,30.0,29.0,31.0,30.0,29.0,32.0,32.0,51.0,48.0,42.0,44.0,43.0
2025-12-25T13:38:53.403576,16063.54,5767,Pinky,motor_8_flexed,51.0,35.0625,8,31.0,30.0,29.0,30.0,30.0,29.0,31.0,30.0,29.0,32.0,32.0,51.0,48.0,42.0,45.0,42.0
2025-12-25T13:38:55.291491,16065.429,5767,Pinky,motor_8_open,51.0,35.0625,8,31.0,30.0,29.0,30.0,30.0,29.0,31.0,30.0,29.0,32.0,32.0,51.0,48.0,42.0,45.0,42.0
2025-12-25T13:38:56.187452,16066.326,5768,Pinky,motor_9_flexed,51.0,35.0,8,31.0,30.0,29.0,30.0,30.0,29.0,31.0,30.0,29.0,32.0,32.0,51.0,48.0,42.0,44.0,42.0
2025-12-25T13:38:58.075364,16068.211,5768,Pinky,motor_9_open,51.0,35.0625,8,31.0,30.0,29.0,30.0,30.0,29.0,31.0,30.0,29.0,32.0,32.0,51.0,48.0,42.0,45.0,42.0
2025-12-25T13:38:58.971326,16069.11,5769,Thumb,motor_13_flexed,51.0,35.0625,8,31.0,30.0,29.0,30.0,30.0,29.0,31.0,30.0,29.0,32.0,32.0,51.0,48.0,42.0,45.0,42.0
2025-12-25T13:39:00.859239,16070.999,5769,Thumb,motor_13_open,51.0,35.0,8,31.0,30.0,29.0,30.0,30.0,29.0,31.0,30.0,29.0,32.0,32.0,51.0,48.0,42.0,44.0,42.0
2025-12-25T13:39:01.755183,16071.889,5770,Thumb,motor_14_flexed,51.0,35.0625,8,31.0,30.0,29.0,30.0,30.0,29.0,31.0,30.0,29.0,32.0,32.0,51.0,48.0,42.0,45.0,42.0
2025-12-25T13:39:03.643102,16073.779,5770,Thumb,motor_14_open,51.0,35.0625,8,31.0,30.0,29.0,30.0,30.0,29.0,31.0,30.0,29.0,32.0,32.0,51.0,48.0,42.0,44.0,43.0
2025-12-25T13:39:04.539054,16074.674,5771,Thumb,motor_12_flexed,51.0,35.0625,8,31.0,30.0,29.0,30.0,30.0,29.0,31.0,30.0,29.0,32.0,32.0,51.0,48.0,42.0,45.0,42.0
2025-12-25T13:39:06.426966,16076.565,5771,Thumb,motor_12_open,51.0,35.0,8,31.0,30.0,29.0,30.0,30.0,29.0,31.0,30.0,29.0,32.0,32.0,51.0,48.0,42.0,44.0,42.0
2025-12-25T13:39:07.322920,16077.463,5772,Index,motor_2_flexed,51.0,35.125,8,31.0,30.0,29.0,30.0,30.0,29.0,31.0,30.0,29.0,32.0,32.0,51.0,48.0,42.0,45.0,43.0
2025-12-25T13:39:09.210841,16079.346,5772,Index,motor_2_open,51.0,35.125,8,31.0,30.0,29.0,30.0,30.0,29.0,31.0,30.0,29.0,32.0,32.0,51.0,48.0,42.0,45.0,43.0
2025-12-25T13:39:10.106793,16080.244,5773,Index,motor_1_flexed,51.0,35.0625,8,31.0,30.0,29.0,30.0,30.0,29.0,31.0,30.0,29.0,32.0,32.0,51.0,48.0,42.0,45.0,42.0
2025-12-25T13:39:11.994701,16082.131,5773,Index,motor_1_open,51.0,35.0625,8,31.0,30.0,29.0,30.0,30.0,29.0,31.0,30.0,29.0,32.0,32.0,51.0,48.0,42.0,44.0,43.0
2025-12-25T13:39:12.890683,16083.027,5774,Index,motor_3_flexed,51.0,35.0,8,31.0,30.0,29.0,30.0,30.0,29.0,31.0,30.0,29.0,32.0,32.0,51.0,48.0,42.0,44.0,42.0
2025-12-25T13:39:14.778591,16084.917,5774,Index,motor_3_open,51.0,35.0625,8,31.0,30.0,29.0,30.0,30.0,29.0,31.0,30.0,29.0,32.0,32.0,51.0,48.0,42.0,45.0,42.0
2025-12-25T13:39:15.674545,16085.81,5775,Middle,motor_11_flexed,51.0,35.0,8,31.0,30.0,29.0,30.0,30.0,29.0,31.0,30.0,29.0,32.0,32.0,51.0,48.0,42.0,44.0,42.0
2025-12-25T13:39:17.562461,16087.698,5775,Middle,motor_11_open,51.0,35.0625,8,31.0,30.0,29.0,30.0,30.0,29.0,31.0,30.0,29.0,32.0,32.0,51.0,48.0,42.0,45.0,42.0
2025-12-25T13:39:18.458409,16088.596,5776,Middle,motor_10_flexed,51.0,35.125,8,31.0,30.0,29.0,30.0,30.0,29.0,31.0,30.0,29.0,32.0,32.0,51.0,48.0,42.0,45.0,43.0
2025-12-25T13:39:20.346339,16090.477,5776,Middle,motor_10_open,51.0,35.0625,8,31.0,30.0,29.0,30.0,30.0,29.0,31.0,30.0,29.0,32.0,32.0,51.0,48.0,42.0,45.0,42.0
2025-12-25T13:39:21.242301,16091.378,5777,Ring,motor_4_flexed,51.0,35.0625,8,31.0,30.0,29.0,30.0,30.0,29.0,31.0,30.0,29.0,32.0,32.0,51.0,48.0,42.0,45.0,42.0
2025-12-25T13:39:23.130229,16093.267,5777,Ring,motor_4_open,51.0,35.0625,8,31.0,30.0,29.0,30.0,30.0,29.0,31.0,30.0,29.0,32.0,32.0,51.0,48.0,42.0,44.0,43.0
2025-12-25T13:39:24.026185,16094.166,5778,Ring,motor_5_flexed,51.0,35.0,8,31.0,30.0,29.0,30.0,30.0,29.0,31.0,30.0,29.0,32.0,32.0,51.0,48.0,42.0,44.0,42.0
2025-12-25T13:39:25.914098,16096.051,5778,Ring,motor_5_open,51.0,35.0625,8,31.0,30.0,29.0,30.0,30.0,29.0,31.0,30.0,29.0,32.0,32.0,51.0,48.0,42.0,45.0,42.0
2025-12-25T13:39:26.810069,16096.947,5779,Ring,motor_6_flexed,51.0,35.0,8,31.0,30.0,29.0,30.0,30.0,29.0,31.0,30.0,29.0,32.0,32.0,51.0,48.0,42.0,44.0,42.0
2025-12-25T13:39:28.697972,16098.837,5779,Ring,motor_6_open,51.0,35.125,8,31.0,30.0,29.0,30.0,30.0,29.0,31.0,30.0,29.0,32.0,32.0,51.0,48.0,42.0,45.0,43.0
2025-12-25T13:39:29.593931,16099.732,5780,Pinky,motor_7_flexed,51.0,35.0625,8,31.0,30.0,29.0,30.0,30.0,29.0,31.0,30.0,29.0,32.0,32.0,51.0,48.0,42.0,44.0,43.0
2025-12-25T13:39:31.481842,16101.619,5780,Pinky,motor_7_open,51.0,35.0,8,31.0,30.0,29.0,30.0,30.0,29.0,31.0,30.0,29.0,32.0,32.0,51.0,48.0,42.0,44.0,42.0
2025-12-25T13:39:32.377785,16102.514,5781,Pinky,motor_8_flexed,51.0,35.0625,8,31.0,30.0,29.0,30.0,30.0,29.0,31.0,30.0,29.0,32.0,32.0,51.0,48.0,42.0,44.0,43.0
2025-12-25T13:39:34.265701,16104.401,5781,Pinky,motor_8_open,51.0,35.0625,8,31.0,30.0,29.0,30.0,30.0,29.0,31.0,30.0,29.0,32.0,32.0,51.0,48.0,42.0,45.0,42.0
2025-12-25T13:39:35.161659,16105.298,5782,Pinky,motor_9_flexed,51.0,35.0,8,31.0,30.0,29.0,30.0,30.0,29.0,31.0,30.0,29.0,32.0,32.0,51.0,48.0,42.0,44.0,42.0
2025-12-25T13:39:37.049574,16107.186,5782,Pinky,motor_9_open,51.0,35.0625,8,31.0,30.0,29.0,30.0,30.0,29.0,31.0,30.0,29.0,32.0,32.0,51.0,48.0,42.0,45.0,42.0
2025-12-25T13:39:37.945531,16108.083,5783,Thumb,motor_13_flexed,51.0,35.0,8,31.0,30.0,29.0,30.0,30.0,29.0,31.0,30.0,29.0,32.0,32.0,51.0,48.0,42.0,44.0,42.0
2025-12-25T13:39:39.833447,16109.968,5783,Thumb,motor_13_open,51.0,35.0625,8,31.0,30.0,29.0,30.0,30.0,29.0,31.0,30.0,29.0,32.0,32.0,51.0,48.0,42.0,45.0,42.0
2025-12-25T13:39:40.729423,16110.868,5784,Thumb,motor_14_flexed,51.0,35.0,8,31.0,30.0,29.0,30.0,30.0,29.0,31.0,30.0,29.0,32.0,32.0,51.0,48.0,42.0,44.0,42.0
2025-12-25T13:39:42.617319,16112.757,5784,Thumb,motor_14_open,51.0,35.125,8,31.0,30.0,29.0,30.0,30.0,29.0,31.0,30.0,29.0,32.0,32.0,51.0,48.0,42.0,45.0,43.0
2025-12-25T13:39:43.513277,16113.653,5785,Thumb,motor_12_flexed,51.0,35.125,8,31.0,30.0,29.0,30.0,30.0,29.0,31.0,30.0,29.0,32.0,32.0,51.0,48.0,42.0,45.0,43.0
2025-12-25T13:39:45.401193,16115.541,5785,Thumb,motor_12_open,51.0,35.0625,8,31.0,30.0,29.0,30.0,30.0,29.0,31.0,30.0,29.0,32.0,32.0,51.0,48.0,42.0,45.0,42.0
2025-12-25T13:39:46.297152,16116.434,5786,Index,motor_2_flexed,51.0,35.0625,8,31.0,30.0,29.0,30.0,30.0,29.0,31.0,30.0,29.0,32.0,32.0,51.0,48.0,42.0,45.0,42.0
2025-12-25T13:39:48.185068,16118.321,5786,Index,motor_2_open,51.0,35.0,8,31.0,30.0,29.0,30.0,30.0,29.0,31.0,30.0,29.0,32.0,32.0,51.0,48.0,42.0,44.0,42.0
2025-12-25T13:39:49.081025,16119.218,5787,Index,motor_1_flexed,51.0,35.0625,8,31.0,30.0,29.0,30.0,30.0,29.0,31.0,30.0,29.0,32.0,32.0,51.0,48.0,42.0,44.0,43.0
2025-12-25T13:39:50.968941,16121.105,5787,Index,motor_1_open,51.0,35.0625,8,31.0,30.0,29.0,30.0,30.0,29.0,31.0,30.0,29.0,32.0,32.0,51.0,48.0,42.0,45.0,42.0
2025-12-25T13:39:51.864897,16122.003,5788,Index,motor_3_flexed,51.0,35.125,8,31.0,30.0,29.0,30.0,30.0,29.0,31.0,30.0,29.0,32.0,32.0,51.0,48.0,42.0,45.0,43.0
2025-12-25T13:39:53.752810,16123.89,5788,Index,motor_3_open,51.0,35.125,8,31.0,30.0,29.0,30.0,30.0,29.0,31.0,30.0,29.0,32.0,32.0,51.0,48.0,42.0,45.0,43.0
2025-12-25T13:39:54.648765,16124.787,5789,Middle,motor_11_flexed,51.0,35.0625,8,31.0,30.0,29.0,30.0,30.0,29.0,31.0,30.0,29.0,32.0,32.0,51.0,48.0,42.0,45.0,42.0
2025-12-25T13:39:56.536684,16126.676,5789,Middle,motor_11_open,51.0,35.0,8,31.0,30.0,29.0,30.0,30.0,28.0,31.0,30.0,29.0,32.0,32.0,51.0,48.0,42.0,45.0,42.0
2025-12-25T13:39:57.432643,16127.57,5790,Middle,motor_10_flexed,51.0,35.0625,8,31.0,30.0,29.0,30.0,30.0,29.0,31.0,30.0,29.0,32.0,32.0,51.0,48.0,42.0,44.0,43.0
2025-12-25T13:39:59.320544,16129.458,5790,Middle,motor_10_open,51.0,35.0,8,31.0,30.0,29.0,30.0,30.0,28.0,31.0,30.0,29.0,32.0,32.0,51.0,48.0,42.0,45.0,42.0
2025-12-25T13:40:00.216519,16130.357,5791,Ring,motor_4_flexed,51.0,35.0,8,31.0,30.0,29.0,30.0,30.0,29.0,31.0,30.0,29.0,32.0,32.0,51.0,48.0,42.0,44.0,42.0
2025-12-25T13:40:02.104432,16132.244,5791,Ring,motor_4_open,51.0,35.125,8,31.0,30.0,29.0,30.0,30.0,29.0,31.0,30.0,29.0,32.0,32.0,51.0,48.0,42.0,45.0,43.0
2025-12-25T13:40:03.000391,16133.139,5792,Ring,motor_5_flexed,51.0,35.0,8,31.0,30.0,29.0,30.0,30.0,29.0,31.0,30.0,29.0,32.0,32.0,51.0,48.0,42.0,44.0,42.0
2025-12-25T13:40:04.888305,16135.027,5792,Ring,motor_5_open,51.0,35.0,8,31.0,30.0,29.0,30.0,30.0,28.0,31.0,30.0,29.0,32.0,32.0,51.0,48.0,42.0,45.0,42.0
2025-12-25T13:40:05.784266,16135.922,5793,Ring,motor_6_flexed,51.0,35.125,8,31.0,30.0,29.0,30.0,30.0,29.0,31.0,30.0,29.0,32.0,32.0,51.0,48.0,42.0,45.0,43.0
2025-12-25T13:40:07.672181,16137.81,5793,Ring,motor_6_open,51.0,35.0,8,31.0,30.0,29.0,30.0,30.0,29.0,31.0,30.0,29.0,32.0,32.0,51.0,48.0,42.0,44.0,42.0
2025-12-25T13:40:08.568138,16138.707,5794,Pinky,motor_7_flexed,51.0,35.0625,8,31.0,30.0,29.0,30.0,30.0,29.0,31.0,30.0,29.0,32.0,32.0,51.0,48.0,42.0,45.0,42.0
2025-12-25T13:40:10.152065,16140.294,5794,Pinky,motor_7_flex_hold,51.0,35.125,8,31.0,30.0,29.0,30.0,30.0,29.0,31.0,30.0,29.0,32.0,32.0,51.0,48.0,42.0,45.0,43.0
2025-12-25T13:40:10.552057,16140.691,5794,Pinky,motor_7_open,51.0,35.125,8,31.0,30.0,29.0,30.0,30.0,29.0,31.0,30.0,29.0,32.0,32.0,51.0,48.0,42.0,45.0,43.0
2025-12-25T13:40:11.448007,16141.587,5795,Pinky,motor_8_flexed,51.0,35.0625,8,31.0,30.0,29.0,30.0,30.0,29.0,31.0,30.0,29.0,32.0,32.0,51.0,48.0,42.0,45.0,42.0
2025-12-25T13:40:13.351920,16143.479,5795,Pinky,motor_8_open,51.0,35.0,8,31.0,30.0,29.0,30.0,30.0,29.0,31.0,30.0,29.0,32.0,32.0,51.0,48.0,42.0,44.0,42.0
2025-12-25T13:40:14.247879,16144.386,5796,Pinky,motor_9_flexed,51.0,35.0,8,31.0,30.0,29.0,30.0,30.0,29.0,31.0,30.0,29.0,32.0,32.0,51.0,48.0,42.0,44.0,42.0
2025-12-25T13:40:16.135792,16146.274,5796,Pinky,motor_9_open,51.0,35.0,8,31.0,30.0,29.0,30.0,30.0,29.0,31.0,30.0,29.0,32.0,32.0,51.0,48.0,42.0,44.0,42.0
2025-12-25T13:40:17.031751,16147.171,5797,Thumb,motor_13_flexed,51.0,35.0,8,31.0,30.0,29.0,30.0,30.0,29.0,31.0,30.0,29.0,32.0,32.0,51.0,48.0,42.0,44.0,42.0
2025-12-25T13:40:18.919668,16149.058,5797,Thumb,motor_13_open,51.0,35.0625,8,31.0,30.0,29.0,30.0,30.0,29.0,31.0,30.0,29.0,32.0,32.0,51.0,48.0,42.0,45.0,42.0
2025-12-25T13:40:19.815639,16149.955,5798,Thumb,motor_14_flexed,51.0,35.125,8,31.0,30.0,29.0,30.0,30.0,29.0,31.0,30.0,29.0,32.0,32.0,51.0,48.0,42.0,45.0,43.0
2025-12-25T13:40:21.703533,16151.839,5798,Thumb,motor_14_open,51.0,35.0625,8,31.0,30.0,29.0,30.0,30.0,29.0,31.0,30.0,29.0,32.0,32.0,51.0,48.0,42.0,45.0,42.0
2025-12-25T13:40:22.599492,16152.736,5799,Thumb,motor_12_flexed,51.0,34.9375,8,31.0,30.0,29.0,30.0,30.0,29.0,31.0,30.0,29.0,32.0,32.0,51.0,48.0,42.0,44.0,41.0
2025-12-25T13:40:24.487423,16154.625,5799,Thumb,motor_12_open,51.0,35.0625,8,31.0,30.0,29.0,30.0,30.0,29.0,31.0,30.0,29.0,32.0,32.0,51.0,48.0,42.0,45.0,42.0
2025-12-25T13:40:25.383368,16155.523,5800,Index,motor_2_flexed,51.0,35.0,8,31.0,30.0,29.0,30.0,30.0,29.0,31.0,30.0,29.0,32.0,32.0,51.0,48.0,42.0,44.0,42.0
2025-12-25T13:40:27.271285,16157.408,5800,Index,motor_2_open,51.0,35.125,8,31.0,30.0,29.0,30.0,30.0,29.0,31.0,30.0,29.0,32.0,32.0,51.0,48.0,42.0,45.0,43.0
2025-12-25T13:40:28.167242,16158.298,5801,Index,motor_1_flexed,51.0,35.0,8,31.0,30.0,29.0,30.0,30.0,29.0,31.0,30.0,29.0,32.0,32.0,51.0,48.0,42.0,44.0,42.0
2025-12-25T13:40:30.055159,16160.191,5801,Index,motor_1_open,51.0,34.9375,8,31.0,30.0,29.0,30.0,30.0,29.0,31.0,30.0,29.0,32.0,32.0,51.0,48.0,42.0,45.0,40.0
2025-12-25T13:40:30.951119,16161.089,5802,Index,motor_3_flexed,51.0,35.0625,8,31.0,30.0,29.0,30.0,30.0,29.0,31.0,30.0,29.0,32.0,32.0,51.0,48.0,42.0,44.0,43.0
2025-12-25T13:40:32.839033,16162.976,5802,Index,motor_3_open,51.0,35.0,8,31.0,30.0,29.0,30.0,30.0,29.0,31.0,30.0,29.0,32.0,32.0,51.0,48.0,42.0,44.0,42.0
2025-12-25T13:40:33.735008,16163.875,5803,Middle,motor_11_flexed,51.0,35.0,8,31.0,30.0,29.0,30.0,30.0,28.0,31.0,30.0,29.0,32.0,32.0,51.0,48.0,42.0,45.0,42.0
2025-12-25T13:40:35.622904,16165.757,5803,Middle,motor_11_open,51.0,35.0625,8,31.0,30.0,29.0,30.0,30.0,29.0,31.0,30.0,29.0,32.0,32.0,51.0,48.0,42.0,44.0,43.0
2025-12-25T13:40:36.518864,16166.66,5804,Middle,motor_10_flexed,51.0,35.125,8,31.0,30.0,29.0,30.0,30.0,29.0,31.0,30.0,29.0,32.0,32.0,51.0,48.0,42.0,45.0,43.0
2025-12-25T13:40:38.406813,16168.547,5804,Middle,motor_10_open,51.0,35.0,8,31.0,30.0,29.0,30.0,30.0,29.0,31.0,30.0,29.0,32.0,32.0,51.0,48.0,42.0,44.0,42.0
2025-12-25T13:40:39.302765,16169.44,5805,Ring,motor_4_flexed,51.0,35.0,8,31.0,30.0,29.0,30.0,30.0,29.0,31.0,30.0,29.0,32.0,32.0,51.0,48.0,42.0,44.0,42.0
2025-12-25T13:40:41.190682,16171.328,5805,Ring,motor_4_open,51.0,35.0,8,31.0,30.0,29.0,30.0,30.0,28.0,31.0,30.0,29.0,32.0,32.0,51.0,48.0,42.0,45.0,42.0
2025-12-25T13:40:42.086639,16172.226,5806,Ring,motor_5_flexed,51.0,34.9375,8,31.0,30.0,29.0,30.0,30.0,28.0,31.0,30.0,29.0,32.0,32.0,51.0,48.0,42.0,44.0,42.0
2025-12-25T13:40:43.974547,16174.114,5806,Ring,motor_5_open,51.0,35.0625,8,31.0,30.0,29.0,30.0,30.0,29.0,31.0,30.0,29.0,32.0,32.0,51.0,48.0,42.0,45.0,42.0
2025-12-25T13:40:44.870512,16175.006,5807,Ring,motor_6_flexed,51.0,35.0,8,31.0,30.0,29.0,30.0,30.0,29.0,31.0,30.0,29.0,32.0,32.0,51.0,48.0,42.0,44.0,42.0
2025-12-25T13:40:46.758427,16176.896,5807,Ring,motor_6_open,51.0,35.125,8,31.0,30.0,29.0,30.0,30.0,29.0,31.0,30.0,29.0,32.0,32.0,51.0,48.0,42.0,45.0,43.0
2025-12-25T13:40:47.654358,16177.793,5808,Pinky,motor_7_flexed,51.0,35.0625,8,31.0,30.0,29.0,30.0,30.0,29.0,31.0,30.0,29.0,32.0,32.0,51.0,48.0,42.0,45.0,42.0
2025-12-25T13:40:49.542273,16179.682,5808,Pinky,motor_7_open,51.0,35.0625,8,31.0,30.0,29.0,30.0,30.0,29.0,31.0,30.0,29.0,32.0,32.0,51.0,48.0,42.0,44.0,43.0
2025-12-25T13:40:50.438230,16180.575,5809,Pinky,motor_8_flexed,51.0,35.125,8,31.0,30.0,29.0,30.0,30.0,29.0,31.0,30.0,29.0,32.0,32.0,51.0,48.0,42.0,45.0,43.0
2025-12-25T13:40:52.326144,16182.465,5809,Pinky,motor_8_open,51.0,35.0625,8,31.0,30.0,29.0,30.0,30.0,29.0,31.0,30.0,29.0,32.0,32.0,51.0,48.0,42.0,45.0,42.0
2025-12-25T13:40:53.222105,16183.359,5810,Pinky,motor_9_flexed,51.0,35.0,8,31.0,30.0,29.0,30.0,30.0,29.0,31.0,30.0,29.0,32.0,32.0,51.0,48.0,42.0,44.0,42.0
2025-12-25T13:40:55.110020,16185.248,5810,Pinky,motor_9_open,51.0,35.0625,8,31.0,30.0,29.0,30.0,30.0,29.0,31.0,30.0,29.0,32.0,32.0,51.0,48.0,42.0,45.0,42.0
2025-12-25T13:40:56.005977,16186.146,5811,Thumb,motor_13_flexed,51.0,35.125,8,31.0,30.0,29.0,30.0,30.0,29.0,31.0,30.0,29.0,32.0,32.0,51.0,48.0,42.0,45.0,43.0
2025-12-25T13:40:57.893890,16188.031,5811,Thumb,motor_13_open,51.0,35.0625,8,31.0,30.0,29.0,30.0,30.0,29.0,31.0,30.0,29.0,32.0,32.0,51.0,48.0,42.0,45.0,42.0
2025-12-25T13:40:58.789851,16188.926,5812,Thumb,motor_14_flexed,51.0,35.0625,8,31.0,30.0,29.0,30.0,30.0,29.0,31.0,30.0,29.0,32.0,32.0,51.0,48.0,42.0,45.0,42.0
2025-12-25T13:41:00.677764,16190.818,5812,Thumb,motor_14_open,51.0,35.0,8,31.0,30.0,29.0,30.0,30.0,29.0,31.0,30.0,29.0,32.0,32.0,51.0,48.0,42.0,44.0,42.0
2025-12-25T13:41:01.573723,16191.711,5813,Thumb,motor_12_flexed,51.0,35.0,8,31.0,30.0,29.0,30.0,30.0,29.0,31.0,30.0,29.0,32.0,32.0,51.0,48.0,42.0,44.0,42.0
2025-12-25T13:41:03.461641,16193.599,5813,Thumb,motor_12_open,51.0,35.0,8,31.0,30.0,29.0,30.0,30.0,28.0,31.0,30.0,29.0,32.0,32.0,51.0,48.0,42.0,45.0,42.0
2025-12-25T13:41:04.357596,16194.49,5814,Index,motor_2_flexed,51.0,34.9375,8,31.0,30.0,29.0,30.0,30.0,29.0,31.0,30.0,29.0,32.0,32.0,51.0,47.0,42.0,44.0,42.0
2025-12-25T13:41:06.245510,16196.384,5814,Index,motor_2_open,51.0,34.9375,8,31.0,30.0,29.0,30.0,30.0,28.0,31.0,30.0,29.0,32.0,32.0,51.0,47.0,42.0,45.0,42.0
2025-12-25T13:41:07.141472,16197.281,5815,Index,motor_1_flexed,51.0,35.0,8,31.0,30.0,29.0,30.0,30.0,28.0,31.0,30.0,29.0,32.0,32.0,51.0,47.0,42.0,45.0,43.0
2025-12-25T13:41:09.029421,16199.167,5815,Index,motor_1_open,51.0,34.875,8,31.0,30.0,29.0,30.0,30.0,28.0,31.0,30.0,29.0,32.0,32.0,51.0,47.0,42.0,44.0,42.0
2025-12-25T13:41:09.925365,16200.065,5816,Index,motor_3_flexed,51.0,35.0,8,31.0,30.0,29.0,30.0,30.0,29.0,31.0,30.0,29.0,32.0,32.0,51.0,47.0,42.0,44.0,43.0
