timestamp,elapsed_sec,cycle_index,finger,stage,max_temp_c,mean_temp_c,chunk_index,m01_temp_c,m02_temp_c,m03_temp_c,m04_temp_c,m05_temp_c,m06_temp_c,m07_temp_c,m08_temp_c,m09_temp_c,m10_temp_c,m11_temp_c,m12_temp_c,m13_temp_c,m14_temp_c,m15_temp_c,m16_temp_c
2025-12-25T11:11:10.973904,7201.11,2585,Ring,motor_4_open,51.0,34.625,4,30.0,29.0,28.0,30.0,30.0,28.0,30.0,30.0,29.0,32.0,32.0,51.0,47.0,42.0,44.0,42.0
2025-12-25T11:11:11.869847,7202.007,2586,Ring,motor_5_flexed,51.0,34.625,4,30.0,29.0,28.0,30.0,30.0,28.0,30.0,30.0,29.0,32.0,32.0,51.0,47.0,42.0,44.0,42.0
2025-12-25T11:11:13.757743,7203.897,2586,Ring,motor_5_open,51.0,34.625,4,30.0,29.0,28.0,30.0,30.0,28.0,30.0,30.0,29.0,32.0,32.0,51.0,47.0,42.0,44.0,42.0
2025-12-25T11:11:14.653698,7204.791,2587,Ring,motor_6_flexed,51.0,34.625,4,30.0,29.0,28.0,30.0,30.0,28.0,30.0,30.0,29.0,32.0,32.0,51.0,47.0,42.0,44.0,42.0
2025-12-25T11:11:16.541596,7206.678,2587,Ring,motor_6_open,51.0,34.625,4,30.0,29.0,28.0,30.0,30.0,28.0,30.0,30.0,29.0,32.0,32.0,51.0,47.0,42.0,44.0,42.0
2025-12-25T11:11:17.437549,7207.576,2588,Pinky,motor_7_flexed,51.0,34.5625,4,30.0,29.0,28.0,30.0,30.0,28.0,30.0,30.0,29.0,32.0,32.0,51.0,47.0,42.0,44.0,41.0
2025-12-25T11:11:19.325464,7209.465,2588,Pinky,motor_7_open,51.0,34.625,4,30.0,29.0,28.0,30.0,30.0,28.0,30.0,30.0,29.0,32.0,32.0,51.0,47.0,42.0,44.0,42.0
2025-12-25T11:11:20.221430,7210.352,2589,Pinky,motor_8_flexed,51.0,34.625,4,30.0,29.0,28.0,30.0,30.0,28.0,30.0,30.0,29.0,32.0,32.0,51.0,47.0,42.0,44.0,42.0
2025-12-25T11:11:22.109315,7212.247,2589,Pinky,motor_8_open,51.0,34.625,4,30.0,29.0,28.0,30.0,30.0,28.0,30.0,30.0,29.0,32.0,32.0,51.0,47.0,42.0,44.0,42.0
2025-12-25T11:11:23.005274,7213.144,2590,Pinky,motor_9_flexed,51.0,34.625,4,30.0,29.0,28.0,30.0,30.0,28.0,30.0,30.0,29.0,32.0,32.0,51.0,47.0,42.0,44.0,42.0
2025-12-25T11:11:24.893171,7215.031,2590,Pinky,motor_9_open,51.0,34.5625,4,30.0,29.0,28.0,30.0,30.0,28.0,30.0,30.0,29.0,32.0,32.0,51.0,47.0,42.0,44.0,41.0
2025-12-25T11:11:25.789126,7215.928,2591,Thumb,motor_13_flexed,51.0,34.625,4,30.0,29.0,28.0,30.0,30.0,28.0,30.0,30.0,29.0,32.0,32.0,51.0,47.0,42.0,44.0,42.0
2025-12-25T11:11:27.677013,7217.814,2591,Thumb,motor_13_open,51.0,34.625,4,30.0,29.0,28.0,30.0,30.0,28.0,30.0,30.0,29.0,32.0,32.0,51.0,47.0,42.0,44.0,42.0
2025-12-25T11:11:28.572976,7218.704,2592,Thumb,motor_14_flexed,51.0,34.625,4,30.0,29.0,28.0,30.0,30.0,28.0,30.0,30.0,29.0,32.0,32.0,51.0,47.0,42.0,44.0,42.0
2025-12-25T11:11:30.460871,7220.6,2592,Thumb,motor_14_open,51.0,34.5625,4,30.0,29.0,28.0,30.0,30.0,28.0,30.0,30.0,29.0,32.0,32.0,51.0,47.0,42.0,44.0,41.0
2025-12-25T11:11:31.356813,7221.493,2593,Thumb,motor_12_flexed,51.0,34.625,4,30.0,29.0,28.0,30.0,30.0,28.0,30.0,30.0,29.0,32.0,32.0,51.0,47.0,42.0,44.0,42.0
2025-12-25T11:11:33.244725,7223.383,2593,Thumb,motor_12_open,51.0,34.625,4,30.0,29.0,28.0,30.0,30.0,28.0,30.0,30.0,29.0,32.0,32.0,51.0,47.0,42.0,44.0,42.0
2025-12-25T11:11:34.140661,7224.278,2594,Index,motor_2_flexed,51.0,34.625,4,30.0,29.0,28.0,30.0,30.0,28.0,30.0,30.0,29.0,32.0,32.0,51.0,47.0,42.0,44.0,42.0
2025-12-25T11:11:36.028544,7226.167,2594,Index,motor_2_open,51.0,34.625,4,30.0,29.0,28.0,30.0,30.0,28.0,30.0,30.0,29.0,32.0,32.0,51.0,47.0,42.0,44.0,42.0
2025-12-25T11:11:36.924508,7227.064,2595,Index,motor_1_flexed,51.0,34.625,4,30.0,29.0,28.0,30.0,30.0,28.0,30.0,30.0,29.0,32.0,32.0,51.0,47.0,42.0,44.0,42.0
2025-12-25T11:11:38.812409,7228.949,2595,Index,motor_1_open,51.0,34.5625,4,30.0,29.0,28.0,30.0,30.0,28.0,30.0,30.0,29.0,32.0,32.0,51.0,47.0,42.0,44.0,41.0
2025-12-25T11:11:39.708363,7229.847,2596,Index,motor_3_flexed,51.0,34.625,4,30.0,29.0,28.0,30.0,30.0,28.0,30.0,30.0,29.0,32.0,32.0,51.0,47.0,42.0,44.0,42.0
2025-12-25T11:11:41.596253,7231.735,2596,Index,motor_3_open,51.0,34.625,4,30.0,29.0,28.0,30.0,30.0,28.0,30.0,30.0,29.0,32.0,32.0,51.0,47.0,42.0,44.0,42.0
2025-12-25T11:11:42.492205,7232.628,2597,Middle,motor_11_flexed,51.0,34.625,4,30.0,29.0,28.0,30.0,30.0,28.0,30.0,30.0,29.0,32.0,32.0,51.0,47.0,42.0,44.0,42.0
2025-12-25T11:11:44.380105,7234.518,2597,Middle,motor_11_open,51.0,34.625,4,30.0,29.0,28.0,30.0,30.0,28.0,30.0,30.0,29.0,32.0,32.0,51.0,47.0,42.0,44.0,42.0
2025-12-25T11:11:45.276054,7235.415,2598,Middle,motor_10_flexed,51.0,34.625,4,30.0,29.0,28.0,30.0,30.0,28.0,30.0,30.0,29.0,32.0,32.0,51.0,47.0,42.0,44.0,42.0
2025-12-25T11:11:47.163958,7237.302,2598,Middle,motor_10_open,51.0,34.625,4,30.0,29.0,28.0,30.0,30.0,28.0,30.0,30.0,29.0,32.0,32.0,51.0,47.0,42.0,44.0,42.0
2025-12-25T11:11:48.059907,7238.191,2599,Ring,motor_4_flexed,51.0,34.5625,4,30.0,29.0,28.0,30.0,30.0,28.0,30.0,30.0,29.0,32.0,32.0,51.0,47.0,42.0,44.0,41.0
2025-12-25T11:11:49.947839,7240.086,2599,Ring,motor_4_open,51.0,34.625,4,30.0,29.0,28.0,30.0,30.0,28.0,30.0,30.0,29.0,32.0,32.0,51.0,47.0,42.0,44.0,42.0
2025-12-25T11:11:50.843789,7240.983,2600,Ring,motor_5_flexed,51.0,34.625,4,30.0,29.0,28.0,30.0,30.0,28.0,30.0,30.0,29.0,32.0,32.0,51.0,47.0,42.0,44.0,42.0
2025-12-25T11:11:52.747686,7242.885,2600,Ring,motor_5_open,51.0,34.625,4,30.0,29.0,28.0,30.0,30.0,28.0,30.0,30.0,29.0,32.0,32.0,51.0,47.0,42.0,44.0,42.0
2025-12-25T11:11:53.643639,7243.783,2601,Ring,motor_6_flexed,51.0,34.625,4,30.0,29.0,28.0,30.0,30.0,28.0,30.0,30.0,29.0,32.0,32.0,51.0,47.0,42.0,44.0,42.0
2025-12-25T11:11:55.531528,7245.668,2601,Ring,motor_6_open,51.0,34.625,4,30.0,29.0,28.0,30.0,30.0,28.0,30.0,30.0,29.0,32.0,32.0,51.0,47.0,42.0,44.0,42.0
2025-12-25T11:11:56.427480,7246.564,2602,Pinky,motor_7_flexed,51.0,34.5625,4,30.0,29.0,28.0,30.0,30.0,28.0,30.0,30.0,29.0,32.0,32.0,51.0,47.0,42.0,44.0,41.0
2025-12-25T11:11:58.315376,7248.452,2602,Pinky,motor_7_open,51.0,34.625,4,30.0,29.0,28.0,30.0,30.0,28.0,30.0,30.0,29.0,32.0,32.0,51.0,47.0,42.0,44.0,42.0
2025-12-25T11:11:59.211336,7249.347,2603,Pinky,motor_8_flexed,51.0,34.625,4,30.0,29.0,28.0,30.0,30.0,28.0,30.0,30.0,29.0,32.0,32.0,51.0,47.0,42.0,44.0,42.0
2025-12-25T11:12:01.099242,7251.239,2603,Pinky,motor_8_open,51.0,34.5625,4,30.0,29.0,28.0,30.0,30.0,28.0,30.0,30.0,29.0,32.0,32.0,51.0,47.0,42.0,44.0,41.0
2025-12-25T11:12:01.995196,7252.131,2604,Pinky,motor_9_flexed,51.0,34.625,4,30.0,29.0,28.0,30.0,30.0,28.0,30.0,30.0,29.0,32.0,32.0,51.0,47.0,42.0,44.0,42.0
2025-12-25T11:12:03.883102,7254.02,2604,Pinky,motor_9_open,51.0,34.5625,4,30.0,29.0,28.0,30.0,30.0,28.0,30.0,30.0,29.0,32.0,32.0,51.0,47.0,42.0,44.0,41.0
2025-12-25T11:12:04.779018,7254.917,2605,Thumb,motor_13_flexed,51.0,34.625,4,30.0,29.0,28.0,30.0,30.0,28.0,30.0,30.0,29.0,32.0,32.0,51.0,47.0,42.0,44.0,42.0
2025-12-25T11:12:06.666919,7256.805,2605,Thumb,motor_13_open,51.0,34.625,4,30.0,29.0,28.0,30.0,30.0,28.0,30.0,30.0,29.0,32.0,32.0,51.0,47.0,42.0,44.0,42.0
2025-12-25T11:12:07.562874,7257.7,2606,Thumb,motor_14_flexed,51.0,34.5625,4,30.0,29.0,28.0,30.0,30.0,28.0,30.0,30.0,29.0,32.0,32.0,51.0,47.0,42.0,44.0,41.0
2025-12-25T11:12:09.450770,7259.588,2606,Thumb,motor_14_open,51.0,34.625,4,30.0,29.0,28.0,30.0,30.0,28.0,30.0,30.0,29.0,32.0,32.0,51.0,47.0,42.0,44.0,42.0
2025-12-25T11:12:10.042749,7260.176,2606,Thumb,motor_14_open_hold,51.0,34.5625,4,30.0,29.0,28.0,30.0,30.0,28.0,30.0,30.0,29.0,32.0,32.0,51.0,47.0,42.0,44.0,41.0
2025-12-25T11:12:10.442729,7260.582,2607,Thumb,motor_12_flexed,51.0,34.625,4,30.0,29.0,28.0,30.0,30.0,28.0,30.0,30.0,29.0,32.0,32.0,51.0,47.0,42.0,44.0,42.0
2025-12-25T11:12:12.330629,7262.469,2607,Thumb,motor_12_open,51.0,34.625,4,30.0,29.0,28.0,30.0,30.0,28.0,30.0,30.0,29.0,32.0,32.0,51.0,47.0,42.0,44.0,42.0
2025-12-25T11:12:13.226597,7263.364,2608,Index,motor_2_flexed,51.0,34.625,4,30.0,29.0,28.0,30.0,30.0,28.0,30.0,30.0,29.0,32.0,32.0,51.0,47.0,42.0,44.0,42.0
2025-12-25T11:12:15.114477,7265.253,2608,Index,motor_2_open,51.0,34.5625,4,30.0,29.0,28.0,30.0,30.0,28.0,30.0,30.0,29.0,32.0,32.0,51.0,47.0,42.0,44.0,41.0
2025-12-25T11:12:16.010431,7266.147,2609,Index,motor_1_flexed,51.0,34.625,4,30.0,29.0,28.0,30.0,30.0,28.0,30.0,30.0,29.0,32.0,32.0,51.0,47.0,42.0,44.0,42.0
2025-12-25T11:12:17.898364,7268.036,2609,Index,motor_1_open,51.0,34.625,4,30.0,29.0,28.0,30.0,30.0,28.0,30.0,30.0,29.0,32.0,32.0,51.0,47.0,42.0,44.0,42.0
2025-12-25T11:12:18.794297,7268.935,2610,Index,motor_3_flexed,51.0,34.625,4,30.0,29.0,28.0,30.0,30.0,28.0,30.0,30.0,29.0,32.0,32.0,51.0,47.0,42.0,44.0,42.0
2025-12-25T11:12:20.682200,7270.821,2610,Index,motor_3_open,51.0,34.625,4,30.0,29.0,28.0,30.0,30.0,28.0,30.0,30.0,29.0,32.0,32.0,51.0,47.0,42.0,44.0,42.0
2025-12-25T11:12:21.578150,7271.715,2611,Middle,motor_11_flexed,51.0,34.6875,4,30.0,29.0,28.0,30.0,30.0,28.0,30.0,30.0,29.0,32.0,32.0,51.0,47.0,42.0,45.0,42.0
2025-12-25T11:12:23.466051,7273.604,2611,Middle,motor_11_open,51.0,34.625,4,30.0,29.0,28.0,30.0,30.0,28.0,30.0,30.0,29.0,32.0,32.0,51.0,47.0,42.0,44.0,42.0
2025-12-25T11:12:24.362004,7274.499,2612,Middle,motor_10_flexed,51.0,34.625,4,30.0,29.0,28.0,30.0,30.0,28.0,30.0,30.0,29.0,32.0,32.0,51.0,47.0,42.0,44.0,42.0
2025-12-25T11:12:26.249900,7276.388,2612,Middle,motor_10_open,51.0,34.5625,4,30.0,29.0,28.0,30.0,30.0,28.0,30.0,30.0,29.0,32.0,32.0,51.0,47.0,42.0,44.0,41.0
2025-12-25T11:12:27.145854,7277.285,2613,Ring,motor_4_flexed,51.0,34.625,4,30.0,29.0,28.0,30.0,30.0,28.0,30.0,30.0,29.0,32.0,32.0,51.0,47.0,42.0,44.0,42.0
2025-12-25T11:12:29.033752,7279.168,2613,Ring,motor_4_open,51.0,34.625,4,30.0,29.0,28.0,30.0,30.0,28.0,30.0,30.0,29.0,32.0,32.0,51.0,47.0,42.0,44.0,42.0
2025-12-25T11:12:29.929708,7280.066,2614,Ring,motor_5_flexed,51.0,34.625,4,30.0,29.0,28.0,30.0,30.0,28.0,30.0,30.0,29.0,32.0,32.0,51.0,47.0,42.0,44.0,42.0
2025-12-25T11:12:31.817605,7281.959,2614,Ring,motor_5_open,51.0,34.625,4,30.0,29.0,28.0,30.0,30.0,28.0,30.0,30.0,29.0,32.0,32.0,51.0,47.0,42.0,44.0,42.0
2025-12-25T11:12:32.713560,7282.852,2615,Ring,motor_6_flexed,51.0,34.625,4,30.0,29.0,28.0,30.0,30.0,28.0,30.0,30.0,29.0,32.0,32.0,51.0,47.0,42.0,44.0,42.0
2025-12-25T11:12:34.601458,7284.74,2615,Ring,motor_6_open,51.0,34.5625,4,30.0,29.0,28.0,30.0,30.0,28.0,30.0,30.0,29.0,32.0,32.0,51.0,47.0,42.0,44.0,41.0
2025-12-25T11:12:35.497407,7285.635,2616,Pinky,motor_7_flexed,51.0,34.5625,4,30.0,29.0,28.0,30.0,30.0,28.0,30.0,30.0,29.0,32.0,32.0,51.0,47.0,42.0,44.0,41.0
2025-12-25T11:12:37.385311,7287.521,2616,Pinky,motor_7_open,51.0,34.5625,4,30.0,29.0,28.0,30.0,30.0,28.0,30.0,30.0,29.0,32.0,32.0,51.0,47.0,42.0,44.0,41.0
2025-12-25T11:12:38.281262,7288.419,2617,Pinky,motor_8_flexed,51.0,34.625,4,30.0,29.0,28.0,30.0,30.0,28.0,30.0,30.0,29.0,32.0,32.0,51.0,47.0,42.0,44.0,42.0
2025-12-25T11:12:40.169162,7290.307,2617,Pinky,motor_8_open,51.0,34.625,4,30.0,29.0,28.0,30.0,30.0,28.0,30.0,30.0,29.0,32.0,32.0,51.0,47.0,42.0,44.0,42.0
2025-12-25T11:12:41.065116,7291.2,2618,Pinky,motor_9_flexed,51.0,34.625,4,30.0,29.0,28.0,30.0,30.0,28.0,30.0,30.0,29.0,32.0,32.0,51.0,47.0,42.0,44.0,42.0
2025-12-25T11:12:42.953016,7293.092,2618,Pinky,motor_9_open,51.0,34.5625,4,30.0,29.0,28.0,30.0,30.0,28.0,30.0,30.0,29.0,32.0,32.0,51.0,47.0,42.0,44.0,41.0
2025-12-25T11:12:43.848961,7293.987,2619,Thumb,motor_13_flexed,51.0,34.625,4,30.0,29.0,28.0,30.0,30.0,28.0,30.0,30.0,29.0,32.0,32.0,51.0,47.0,42.0,44.0,42.0
2025-12-25T11:12:45.736867,7295.875,2619,Thumb,motor_13_open,51.0,34.625,4,30.0,29.0,28.0,30.0,30.0,28.0,30.0,30.0,29.0,32.0,32.0,51.0,47.0,42.0,44.0,42.0
2025-12-25T11:12:46.632819,7296.766,2620,Thumb,motor_14_flexed,51.0,34.5625,4,30.0,29.0,28.0,30.0,30.0,28.0,30.0,30.0,29.0,32.0,32.0,51.0,47.0,42.0,44.0,41.0
2025-12-25T11:12:48.520718,7298.657,2620,Thumb,motor_14_open,51.0,34.625,4,30.0,29.0,28.0,30.0,30.0,28.0,30.0,30.0,29.0,32.0,32.0,51.0,47.0,42.0,44.0,42.0
2025-12-25T11:12:49.416665,7299.555,2621,Thumb,motor_12_flexed,51.0,34.5625,4,30.0,29.0,28.0,30.0,30.0,28.0,30.0,30.0,29.0,32.0,32.0,51.0,47.0,42.0,44.0,41.0
2025-12-25T11:12:51.304571,7301.444,2621,Thumb,motor_12_open,51.0,34.625,4,30.0,29.0,28.0,30.0,30.0,28.0,30.0,30.0,29.0,32.0,32.0,51.0,47.0,42.0,44.0,42.0
2025-12-25T11:12:52.200526,7302.341,2622,Index,motor_2_flexed,51.0,34.625,4,30.0,29.0,28.0,30.0,30.0,28.0,30.0,30.0,29.0,32.0,32.0,51.0,47.0,42.0,44.0,42.0
2025-12-25T11:12:54.088420,7304.227,2622,Index,motor_2_open,51.0,34.5625,4,30.0,29.0,28.0,30.0,30.0,28.0,30.0,30.0,29.0,32.0,32.0,51.0,47.0,42.0,44.0,41.0
2025-12-25T11:12:54.984373,7305.123,2623,Index,motor_1_flexed,51.0,34.5625,4,30.0,29.0,28.0,30.0,30.0,28.0,30.0,30.0,29.0,32.0,32.0,51.0,47.0,42.0,44.0,41.0
2025-12-25T11:12:56.872278,7307.011,2623,Index,motor_1_open,51.0,34.625,4,30.0,29.0,28.0,30.0,30.0,28.0,30.0,30.0,29.0,32.0,32.0,51.0,47.0,42.0,44.0,42.0
2025-12-25T11:12:57.768226,7307.905,2624,Index,motor_3_flexed,51.0,34.625,4,30.0,29.0,28.0,30.0,30.0,28.0,30.0,30.0,29.0,32.0,32.0,51.0,47.0,42.0,44.0,42.0
2025-12-25T11:12:59.656126,7309.795,2624,Index,motor_3_open,51.0,34.6875,4,30.0,29.0,28.0,30.0,30.0,28.0,30.0,30.0,29.0,32.0,32.0,51.0,47.0,42.0,45.0,42.0
2025-12-25T11:13:00.552064,7310.692,2625,Middle,motor_11_flexed,51.0,34.625,4,30.0,29.0,28.0,30.0,30.0,28.0,30.0,30.0,29.0,32.0,32.0,51.0,47.0,42.0,44.0,42.0
2025-12-25T11:13:02.439976,7312.579,2625,Middle,motor_11_open,51.0,34.6875,4,30.0,29.0,28.0,30.0,30.0,28.0,30.0,30.0,29.0,32.0,32.0,51.0,47.0,42.0,44.0,43.0
2025-12-25T11:13:03.335930,7313.472,2626,Middle,motor_10_flexed,51.0,34.625,4,30.0,29.0,28.0,30.0,30.0,28.0,30.0,30.0,29.0,32.0,32.0,51.0,47.0,42.0,44.0,42.0
2025-12-25T11:13:05.223828,7315.359,2626,Middle,motor_10_open,51.0,34.625,4,30.0,29.0,28.0,30.0,30.0,28.0,30.0,30.0,29.0,32.0,32.0,51.0,47.0,42.0,44.0,42.0
2025-12-25T11:13:06.119785,7316.255,2627,Ring,motor_4_flexed,51.0,34.625,4,30.0,29.0,28.0,30.0,30.0,28.0,30.0,30.0,29.0,32.0,32.0,51.0,47.0,42.0,44.0,42.0
2025-12-25T11:13:08.007677,7318.146,2627,Ring,motor_4_open,51.0,34.75,4,30.0,29.0,28.0,30.0,30.0,28.0,30.0,30.0,29.0,32.0,32.0,51.0,47.0,42.0,44.0,44.0
2025-12-25T11:13:08.903637,7319.043,2628,Ring,motor_5_flexed,51.0,34.5625,4,30.0,29.0,28.0,30.0,30.0,28.0,30.0,30.0,29.0,32.0,32.0,51.0,47.0,42.0,44.0,41.0
2025-12-25T11:13:09.991582,7320.13,2628,Ring,motor_5_flex_hold,51.0,34.625,4,30.0,29.0,28.0,30.0,30.0,28.0,30.0,30.0,29.0,32.0,32.0,51.0,47.0,42.0,44.0,42.0
2025-12-25T11:13:10.791515,7320.93,2628,Ring,motor_5_open,51.0,34.625,4,30.0,29.0,28.0,30.0,30.0,28.0,30.0,30.0,29.0,32.0,32.0,51.0,47.0,42.0,44.0,42.0
2025-12-25T11:13:11.687459,7321.826,2629,Ring,motor_6_flexed,51.0,34.625,4,30.0,29.0,28.0,30.0,30.0,28.0,30.0,30.0,29.0,32.0,32.0,51.0,47.0,42.0,44.0,42.0
2025-12-25T11:13:13.575356,7323.716,2629,Ring,motor_6_open,51.0,34.5625,4,30.0,29.0,28.0,30.0,30.0,28.0,30.0,30.0,29.0,32.0,32.0,51.0,47.0,42.0,44.0,41.0
2025-12-25T11:13:14.471310,7324.609,2630,Pinky,motor_7_flexed,51.0,34.625,4,30.0,29.0,28.0,30.0,30.0,28.0,30.0,30.0,29.0,32.0,32.0,51.0,47.0,42.0,44.0,42.0
2025-12-25T11:13:16.359209,7326.496,2630,Pinky,motor_7_open,51.0,34.625,4,30.0,29.0,28.0,30.0,30.0,28.0,30.0,30.0,29.0,32.0,32.0,51.0,47.0,42.0,44.0,42.0
2025-12-25T11:13:17.255171,7327.394,2631,Pinky,motor_8_flexed,51.0,34.625,4,30.0,29.0,28.0,30.0,30.0,28.0,30.0,30.0,29.0,32.0,32.0,51.0,47.0,42.0,44.0,42.0
2025-12-25T11:13:19.143069,7329.282,2631,Pinky,motor_8_open,51.0,34.5625,4,30.0,29.0,28.0,30.0,30.0,28.0,30.0,30.0,29.0,32.0,32.0,51.0,47.0,42.0,44.0,41.0
2025-12-25T11:13:20.039021,7330.176,2632,Pinky,motor_9_flexed,51.0,34.625,4,30.0,29.0,28.0,30.0,30.0,28.0,30.0,30.0,29.0,32.0,32.0,51.0,47.0,42.0,44.0,42.0
2025-12-25T11:13:21.926923,7332.063,2632,Pinky,motor_9_open,51.0,34.625,4,30.0,29.0,28.0,30.0,30.0,28.0,30.0,30.0,29.0,32.0,32.0,51.0,47.0,42.0,44.0,42.0
2025-12-25T11:13:22.822873,7332.962,2633,Thumb,motor_13_flexed,51.0,34.5625,4,30.0,29.0,28.0,30.0,30.0,28.0,30.0,30.0,29.0,32.0,32.0,51.0,47.0,42.0,44.0,41.0
2025-12-25T11:13:24.710805,7334.85,2633,Thumb,motor_13_open,51.0,34.6875,4,30.0,29.0,28.0,30.0,30.0,28.0,30.0,30.0,29.0,32.0,32.0,51.0,47.0,42.0,44.0,43.0
2025-12-25T11:13:25.606744,7335.743,2634,Thumb,motor_14_flexed,51.0,34.5625,4,30.0,29.0,28.0,30.0,30.0,28.0,30.0,30.0,29.0,32.0,32.0,51.0,47.0,42.0,44.0,41.0
2025-12-25T11:13:27.510640,7337.649,2634,Thumb,motor_14_open,51.0,34.625,4,30.0,29.0,28.0,30.0,30.0,28.0,30.0,30.0,29.0,32.0,32.0,51.0,47.0,42.0,44.0,42.0
2025-12-25T11:13:28.406593,7338.544,2635,Thumb,motor_12_flexed,51.0,34.625,4,30.0,29.0,28.0,30.0,30.0,28.0,30.0,30.0,29.0,32.0,32.0,51.0,47.0,42.0,44.0,42.0
2025-12-25T11:13:30.294493,7340.434,2635,Thumb,motor_12_open,51.0,34.625,4,30.0,29.0,28.0,30.0,30.0,28.0,30.0,30.0,29.0,32.0,32.0,51.0,47.0,42.0,44.0,42.0
2025-12-25T11:13:31.190446,7341.327,2636,Index,motor_2_flexed,51.0,34.5625,4,30.0,29.0,28.0,30.0,30.0,28.0,30.0,30.0,29.0,32.0,32.0,51.0,47.0,42.0,44.0,41.0
2025-12-25T11:13:33.078345,7343.215,2636,Index,motor_2_open,51.0,34.625,4,30.0,29.0,28.0,30.0,30.0,28.0,30.0,30.0,29.0,32.0,32.0,51.0,47.0,42.0,44.0,42.0
2025-12-25T11:13:33.974313,7344.112,2637,Index,motor_1_flexed,51.0,34.625,4,30.0,29.0,28.0,30.0,30.0,28.0,30.0,30.0,29.0,32.0,32.0,51.0,47.0,42.0,44.0,42.0
2025-12-25T11:13:35.862197,7345.999,2637,Index,motor_1_open,51.0,34.625,4,30.0,29.0,28.0,30.0,30.0,28.0,30.0,30.0,29.0,32.0,32.0,51.0,47.0,42.0,44.0,42.0
2025-12-25T11:13:36.758139,7346.896,2638,Index,motor_3_flexed,51.0,34.625,4,30.0,29.0,28.0,30.0,30.0,28.0,30.0,30.0,29.0,32.0,32.0,51.0,47.0,42.0,44.0,42.0
2025-12-25T11:13:38.646019,7348.784,2638,Index,motor_3_open,51.0,34.5625,4,30.0,29.0,28.0,30.0,30.0,28.0,30.0,30.0,29.0,32.0,32.0,51.0,47.0,42.0,44.0,41.0
2025-12-25T11:13:39.541968,7349.673,2639,Middle,motor_11_flexed,51.0,34.625,4,30.0,29.0,28.0,30.0,30.0,28.0,30.0,30.0,29.0,32.0,32.0,51.0,47.0,42.0,44.0,42.0
2025-12-25T11:13:41.429882,7351.564,2639,Middle,motor_11_open,51.0,34.5625,4,30.0,29.0,28.0,30.0,30.0,28.0,30.0,30.0,29.0,32.0,32.0,51.0,47.0,42.0,44.0,41.0
2025-12-25T11:13:42.325837,7352.464,2640,Middle,motor_10_flexed,51.0,34.625,4,30.0,29.0,28.0,30.0,30.0,28.0,30.0,30.0,29.0,32.0,32.0,51.0,47.0,42.0,44.0,42.0
2025-12-25T11:13:44.213734,7354.351,2640,Middle,motor_10_open,51.0,34.625,4,30.0,29.0,28.0,30.0,30.0,28.0,30.0,30.0,29.0,32.0,32.0,51.0,47.0,42.0,44.0,42.0
2025-12-25T11:13:45.109676,7355.244,2641,Ring,motor_4_flexed,51.0,34.625,4,30.0,29.0,28.0,30.0,30.0,28.0,30.0,30.0,29.0,32.0,32.0,51.0,47.0,42.0,44.0,42.0
2025-12-25T11:13:46.997574,7357.135,2641,Ring,motor_4_open,51.0,34.4375,4,30.0,29.0,28.0,30.0,30.0,28.0,30.0,30.0,29.0,32.0,32.0,51.0,47.0,42.0,44.0,39.0
2025-12-25T11:13:47.893525,7358.032,2642,Ring,motor_5_flexed,51.0,34.625,4,30.0,29.0,28.0,30.0,30.0,28.0,30.0,30.0,29.0,32.0,32.0,51.0,47.0,42.0,44.0,42.0
2025-12-25T11:13:49.781427,7359.922,2642,Ring,motor_5_open,51.0,34.625,4,30.0,29.0,28.0,30.0,30.0,28.0,30.0,30.0,29.0,32.0,32.0,51.0,47.0,42.0,44.0,42.0
2025-12-25T11:13:50.677390,7360.815,2643,Ring,motor_6_flexed,51.0,34.625,4,30.0,29.0,28.0,30.0,30.0,28.0,30.0,30.0,29.0,32.0,32.0,51.0,47.0,42.0,44.0,42.0
2025-12-25T11:13:52.565292,7362.703,2643,Ring,motor_6_open,51.0,34.625,4,30.0,29.0,28.0,30.0,30.0,28.0,30.0,30.0,29.0,32.0,32.0,51.0,47.0,42.0,44.0,42.0
2025-12-25T11:13:53.461241,7363.599,2644,Pinky,motor_7_flexed,51.0,34.5625,4,30.0,29.0,28.0,30.0,30.0,28.0,30.0,30.0,29.0,32.0,32.0,51.0,47.0,42.0,44.0,41.0
2025-12-25T11:13:55.349142,7365.486,2644,Pinky,motor_7_open,51.0,34.625,4,30.0,29.0,28.0,30.0,30.0,28.0,30.0,30.0,29.0,32.0,32.0,51.0,47.0,42.0,44.0,42.0
2025-12-25T11:13:56.245084,7366.382,2645,Pinky,motor_8_flexed,51.0,34.5625,4,30.0,29.0,28.0,30.0,30.0,28.0,30.0,30.0,29.0,32.0,32.0,51.0,47.0,42.0,44.0,41.0
2025-12-25T11:13:58.132992,7368.271,2645,Pinky,motor_8_open,51.0,34.625,4,30.0,29.0,28.0,30.0,30.0,28.0,30.0,30.0,29.0,32.0,32.0,51.0,47.0,42.0,44.0,42.0
2025-12-25T11:13:59.028937,7369.166,2646,Pinky,motor_9_flexed,51.0,34.625,4,30.0,29.0,28.0,30.0,30.0,28.0,30.0,30.0,29.0,32.0,32.0,51.0,47.0,42.0,44.0,42.0
2025-12-25T11:14:00.916827,7371.056,2646,Pinky,motor_9_open,51.0,34.625,4,30.0,29.0,28.0,30.0,30.0,28.0,30.0,30.0,29.0,32.0,32.0,51.0,47.0,42.0,44.0,42.0
2025-12-25T11:14:01.812778,7371.949,2647,Thumb,motor_13_flexed,51.0,34.625,4,30.0,29.0,28.0,30.0,30.0,28.0,30.0,30.0,29.0,32.0,32.0,51.0,47.0,42.0,44.0,42.0
2025-12-25T11:14:03.700701,7373.841,2647,Thumb,motor_13_open,51.0,34.625,4,30.0,29.0,28.0,30.0,30.0,28.0,30.0,30.0,29.0,32.0,32.0,51.0,47.0,42.0,44.0,42.0
2025-12-25T11:14:04.596650,7374.733,2648,Thumb,motor_14_flexed,51.0,34.625,4,30.0,29.0,28.0,30.0,30.0,28.0,30.0,30.0,29.0,32.0,32.0,51.0,47.0,42.0,44.0,42.0
2025-12-25T11:14:06.484538,7376.623,2648,Thumb,motor_14_open,51.0,34.625,4,30.0,29.0,28.0,30.0,30.0,28.0,30.0,30.0,29.0,32.0,32.0,51.0,47.0,42.0,44.0,42.0
2025-12-25T11:14:07.380500,7377.52,2649,Thumb,motor_12_flexed,51.0,34.5625,4,30.0,29.0,28.0,30.0,30.0,28.0,30.0,30.0,29.0,32.0,32.0,51.0,47.0,42.0,44.0,41.0
2025-12-25T11:14:09.268386,7379.4,2649,Thumb,motor_12_open,51.0,34.5625,4,30.0,29.0,28.0,30.0,30.0,28.0,30.0,30.0,29.0,32.0,32.0,51.0,47.0,42.0,44.0,41.0
2025-12-25T11:14:10.164342,7380.297,2650,Index,motor_2_flexed,51.0,34.5625,4,30.0,29.0,28.0,30.0,30.0,28.0,30.0,30.0,29.0,32.0,32.0,51.0,47.0,42.0,44.0,41.0
2025-12-25T11:14:12.052245,7382.191,2650,Index,motor_2_open,51.0,34.625,4,30.0,29.0,28.0,30.0,30.0,28.0,30.0,30.0,29.0,32.0,32.0,51.0,47.0,42.0,44.0,42.0
2025-12-25T11:14:12.948198,7383.085,2651,Index,motor_1_flexed,51.0,34.625,4,30.0,29.0,28.0,30.0,30.0,28.0,30.0,30.0,29.0,32.0,32.0,51.0,47.0,42.0,44.0,42.0
2025-12-25T11:14:14.836130,7384.977,2651,Index,motor_1_open,51.0,34.625,4,30.0,29.0,28.0,30.0,30.0,28.0,30.0,30.0,29.0,32.0,32.0,51.0,47.0,42.0,44.0,42.0
2025-12-25T11:14:15.732057,7385.874,2652,Index,motor_3_flexed,51.0,34.5625,4,30.0,29.0,28.0,30.0,30.0,28.0,30.0,30.0,29.0,32.0,32.0,51.0,47.0,42.0,44.0,41.0
2025-12-25T11:14:17.619960,7387.758,2652,Index,motor_3_open,51.0,34.625,4,30.0,29.0,28.0,30.0,30.0,28.0,30.0,30.0,29.0,32.0,32.0,51.0,47.0,42.0,44.0,42.0
2025-12-25T11:14:18.515908,7388.655,2653,Middle,motor_11_flexed,51.0,34.5625,4,30.0,29.0,28.0,30.0,30.0,28.0,30.0,30.0,29.0,32.0,32.0,51.0,47.0,42.0,44.0,41.0
2025-12-25T11:14:20.403807,7390.544,2653,Middle,motor_11_open,51.0,34.625,4,30.0,29.0,28.0,30.0,30.0,28.0,30.0,30.0,29.0,32.0,32.0,51.0,47.0,42.0,44.0,42.0
2025-12-25T11:14:21.299758,7391.436,2654,Middle,motor_10_flexed,51.0,34.5625,4,30.0,29.0,28.0,30.0,30.0,28.0,30.0,30.0,29.0,32.0,32.0,51.0,47.0,42.0,44.0,41.0
2025-12-25T11:14:23.187675,7393.326,2654,Middle,motor_10_open,51.0,34.625,4,30.0,29.0,28.0,30.0,30.0,28.0,30.0,30.0,29.0,32.0,32.0,51.0,47.0,42.0,44.0,42.0
2025-12-25T11:14:24.083613,7394.224,2655,Ring,motor_4_flexed,51.0,34.625,4,30.0,29.0,28.0,30.0,30.0,28.0,30.0,30.0,29.0,32.0,32.0,51.0,47.0,42.0,44.0,42.0
2025-12-25T11:14:25.971525,7396.111,2655,Ring,motor_4_open,51.0,34.625,4,30.0,29.0,28.0,30.0,30.0,28.0,30.0,30.0,29.0,32.0,32.0,51.0,47.0,42.0,44.0,42.0
2025-12-25T11:14:26.867486,7397.004,2656,Ring,motor_5_flexed,51.0,34.5625,4,30.0,29.0,28.0,30.0,30.0,28.0,30.0,30.0,29.0,32.0,32.0,51.0,47.0,42.0,44.0,41.0
2025-12-25T11:14:28.755367,7398.893,2656,Ring,motor_5_open,51.0,34.625,4,30.0,29.0,28.0,30.0,30.0,28.0,30.0,30.0,29.0,32.0,32.0,51.0,47.0,42.0,44.0,42.0
2025-12-25T11:14:29.651330,7399.792,2657,Ring,motor_6_flexed,51.0,34.625,4,30.0,29.0,28.0,30.0,30.0,28.0,30.0,30.0,29.0,32.0,32.0,51.0,47.0,42.0,44.0,42.0
2025-12-25T11:14:31.539244,7401.68,2657,Ring,motor_6_open,51.0,34.5625,4,30.0,29.0,28.0,30.0,30.0,28.0,30.0,30.0,29.0,32.0,32.0,51.0,47.0,42.0,44.0,41.0
2025-12-25T11:14:32.435180,7402.571,2658,Pinky,motor_7_flexed,51.0,34.5625,4,30.0,29.0,28.0,30.0,30.0,28.0,30.0,30.0,29.0,32.0,32.0,51.0,47.0,42.0,43.0,42.0
2025-12-25T11:14:34.323081,7404.46,2658,Pinky,motor_7_open,51.0,34.625,4,30.0,29.0,28.0,30.0,30.0,28.0,30.0,30.0,29.0,32.0,32.0,51.0,47.0,42.0,44.0,42.0
2025-12-25T11:14:35.219023,7405.357,2659,Pinky,motor_8_flexed,51.0,34.6875,4,30.0,29.0,28.0,30.0,30.0,28.0,30.0,30.0,29.0,32.0,32.0,51.0,47.0,42.0,45.0,42.0
2025-12-25T11:14:37.106909,7407.246,2659,Pinky,motor_8_open,51.0,34.625,4,30.0,29.0,28.0,30.0,30.0,28.0,30.0,30.0,29.0,32.0,32.0,51.0,47.0,42.0,45.0,41.0
2025-12-25T11:14:38.002903,7408.141,2660,Pinky,motor_9_flexed,51.0,34.625,4,30.0,29.0,28.0,30.0,30.0,28.0,30.0,30.0,29.0,32.0,32.0,51.0,47.0,42.0,44.0,42.0
2025-12-25T11:14:39.890800,7410.028,2660,Pinky,motor_9_open,51.0,34.625,4,30.0,29.0,28.0,30.0,30.0,28.0,30.0,30.0,29.0,32.0,32.0,51.0,47.0,42.0,44.0,42.0
2025-12-25T11:14:40.786764,7410.926,2661,Thumb,motor_13_flexed,51.0,34.625,4,30.0,29.0,28.0,30.0,30.0,28.0,30.0,30.0,29.0,32.0,32.0,51.0,47.0,42.0,44.0,42.0
2025-12-25T11:14:42.674650,7412.815,2661,Thumb,motor_13_open,51.0,34.625,4,30.0,29.0,28.0,30.0,30.0,28.0,30.0,30.0,29.0,32.0,32.0,51.0,47.0,42.0,44.0,42.0
2025-12-25T11:14:43.570602,7413.712,2662,Thumb,motor_14_flexed,51.0,34.625,4,30.0,29.0,28.0,30.0,30.0,28.0,30.0,30.0,29.0,32.0,32.0,51.0,47.0,42.0,44.0,42.0
2025-12-25T11:14:45.458517,7415.597,2662,Thumb,motor_14_open,51.0,34.625,4,30.0,29.0,28.0,30.0,30.0,28.0,30.0,30.0,29.0,32.0,32.0,51.0,47.0,42.0,44.0,42.0
2025-12-25T11:14:46.354455,7416.493,2663,Thumb,motor_12_flexed,51.0,34.625,4,30.0,29.0,28.0,30.0,30.0,28.0,30.0,30.0,29.0,32.0,32.0,51.0,47.0,42.0,44.0,42.0
2025-12-25T11:14:48.242351,7418.381,2663,Thumb,motor_12_open,51.0,34.625,4,30.0,29.0,28.0,30.0,30.0,28.0,30.0,30.0,29.0,32.0,32.0,51.0,47.0,42.0,44.0,42.0
2025-12-25T11:14:49.138290,7419.279,2664,Index,motor_2_flexed,51.0,34.625,4,30.0,29.0,28.0,30.0,30.0,28.0,30.0,30.0,29.0,32.0,32.0,51.0,47.0,42.0,44.0,42.0
2025-12-25T11:14:51.026161,7421.163,2664,Index,motor_2_open,51.0,34.625,4,30.0,29.0,28.0,30.0,30.0,28.0,30.0,30.0,29.0,32.0,32.0,51.0,47.0,42.0,44.0,42.0
2025-12-25T11:14:51.922100,7422.059,2665,Index,motor_1_flexed,51.0,34.625,4,30.0,29.0,28.0,30.0,30.0,28.0,30.0,30.0,29.0,32.0,32.0,51.0,47.0,42.0,44.0,42.0
2025-12-25T11:14:53.809953,7423.949,2665,Index,motor_1_open,51.0,34.625,4,30.0,29.0,28.0,30.0,30.0,28.0,30.0,30.0,29.0,32.0,32.0,51.0,47.0,42.0,44.0,42.0
2025-12-25T11:14:54.705915,7424.846,2666,Index,motor_3_flexed,51.0,34.625,4,30.0,29.0,28.0,30.0,30.0,28.0,30.0,30.0,29.0,32.0,32.0,51.0,47.0,42.0,44.0,42.0
2025-12-25T11:14:56.593772,7426.734,2666,Index,motor_3_open,51.0,34.6875,4,30.0,29.0,28.0,30.0,30.0,28.0,30.0,30.0,29.0,32.0,32.0,51.0,47.0,42.0,44.0,43.0
2025-12-25T11:14:57.489711,7427.63,2667,Middle,motor_11_flexed,51.0,34.625,4,30.0,29.0,28.0,30.0,30.0,28.0,30.0,30.0,29.0,32.0,32.0,51.0,47.0,42.0,44.0,42.0
2025-12-25T11:14:59.377580,7429.517,2667,Middle,motor_11_open,51.0,34.625,4,30.0,29.0,28.0,30.0,30.0,28.0,30.0,30.0,29.0,32.0,32.0,51.0,47.0,42.0,44.0,42.0
2025-12-25T11:15:00.273514,7430.413,2668,Middle,motor_10_flexed,51.0,34.5625,4,30.0,29.0,28.0,30.0,30.0,28.0,30.0,30.0,29.0,32.0,32.0,51.0,47.0,42.0,44.0,41.0
2025-12-25T11:15:02.161384,7432.3,2668,Middle,motor_10_open,51.0,34.625,4,30.0,29.0,28.0,30.0,30.0,28.0,30.0,30.0,29.0,32.0,32.0,51.0,47.0,42.0,44.0,42.0
2025-12-25T11:15:03.057324,7433.194,2669,Ring,motor_4_flexed,51.0,34.625,4,30.0,29.0,28.0,30.0,30.0,28.0,30.0,30.0,29.0,32.0,32.0,51.0,47.0,42.0,44.0,42.0
2025-12-25T11:15:04.945207,7435.083,2669,Ring,motor_4_open,51.0,34.625,4,30.0,29.0,28.0,30.0,30.0,28.0,30.0,30.0,29.0,32.0,32.0,51.0,47.0,42.0,44.0,42.0
2025-12-25T11:15:05.841147,7435.979,2670,Ring,motor_5_flexed,51.0,34.625,4,30.0,29.0,28.0,30.0,30.0,28.0,30.0,30.0,29.0,32.0,32.0,51.0,47.0,42.0,44.0,42.0
2025-12-25T11:15:07.728996,7437.868,2670,Ring,motor_5_open,51.0,34.625,4,30.0,29.0,28.0,30.0,30.0,28.0,30.0,30.0,29.0,32.0,32.0,51.0,47.0,42.0,44.0,42.0
2025-12-25T11:15:08.624926,7438.763,2671,Ring,motor_6_flexed,51.0,34.625,4,30.0,29.0,28.0,30.0,30.0,28.0,30.0,30.0,29.0,32.0,32.0,51.0,47.0,42.0,44.0,42.0
2025-12-25T11:15:10.208819,7440.351,2671,Ring,motor_6_flex_hold,51.0,34.625,4,30.0,29.0,28.0,30.0,30.0,28.0,30.0,30.0,29.0,32.0,32.0,51.0,47.0,42.0,44.0,42.0
2025-12-25T11:15:10.608794,7440.746,2671,Ring,motor_6_open,51.0,34.625,4,30.0,29.0,28.0,30.0,30.0,28.0,30.0,30.0,29.0,32.0,32.0,51.0,47.0,42.0,44.0,42.0
2025-12-25T11:15:11.504732,7441.636,2672,Pinky,motor_7_flexed,51.0,34.5625,4,30.0,29.0,28.0,30.0,30.0,28.0,30.0,30.0,29.0,32.0,32.0,51.0,47.0,42.0,44.0,41.0
2025-12-25T11:15:13.392610,7443.53,2672,Pinky,motor_7_open,51.0,34.625,4,30.0,29.0,28.0,30.0,30.0,28.0,30.0,30.0,29.0,32.0,32.0,51.0,47.0,42.0,44.0,42.0
2025-12-25T11:15:14.288554,7444.428,2673,Pinky,motor_8_flexed,51.0,34.625,4,30.0,29.0,28.0,30.0,30.0,28.0,30.0,30.0,29.0,32.0,32.0,51.0,47.0,42.0,44.0,42.0
2025-12-25T11:15:16.176429,7446.312,2673,Pinky,motor_8_open,51.0,34.625,4,30.0,29.0,28.0,30.0,30.0,28.0,30.0,30.0,29.0,32.0,32.0,51.0,47.0,42.0,44.0,42.0
2025-12-25T11:15:17.072368,7447.207,2674,Pinky,motor_9_flexed,51.0,34.625,4,30.0,29.0,28.0,30.0,30.0,28.0,30.0,30.0,29.0,32.0,32.0,51.0,47.0,42.0,44.0,42.0
2025-12-25T11:15:18.960240,7449.099,2674,Pinky,motor_9_open,51.0,34.625,4,30.0,29.0,28.0,30.0,30.0,28.0,30.0,30.0,29.0,32.0,32.0,51.0,47.0,42.0,44.0,42.0
2025-12-25T11:15:19.856184,7449.994,2675,Thumb,motor_13_flexed,51.0,34.625,4,30.0,29.0,28.0,30.0,30.0,28.0,30.0,30.0,29.0,32.0,32.0,51.0,47.0,42.0,44.0,42.0
2025-12-25T11:15:21.744051,7451.884,2675,Thumb,motor_13_open,51.0,34.625,4,30.0,29.0,28.0,30.0,30.0,28.0,30.0,30.0,29.0,32.0,32.0,51.0,47.0,42.0,44.0,42.0
2025-12-25T11:15:22.639991,7452.772,2676,Thumb,motor_14_flexed,51.0,34.5,4,30.0,29.0,28.0,30.0,30.0,28.0,30.0,30.0,29.0,32.0,32.0,51.0,47.0,42.0,44.0,40.0
2025-12-25T11:15:24.527861,7454.667,2676,Thumb,motor_14_open,51.0,34.625,4,30.0,29.0,28.0,30.0,30.0,28.0,30.0,30.0,29.0,32.0,32.0,51.0,47.0,42.0,44.0,42.0
2025-12-25T11:15:25.423794,7455.563,2677,Thumb,motor_12_flexed,51.0,34.625,4,30.0,29.0,28.0,30.0,30.0,28.0,30.0,30.0,29.0,32.0,32.0,51.0,47.0,42.0,44.0,42.0
2025-12-25T11:15:27.311679,7457.449,2677,Thumb,motor_12_open,51.0,34.625,4,30.0,29.0,28.0,30.0,30.0,28.0,30.0,30.0,29.0,32.0,32.0,51.0,47.0,42.0,44.0,42.0
2025-12-25T11:15:28.207619,7458.348,2678,Index,motor_2_flexed,51.0,34.625,4,30.0,29.0,28.0,30.0,30.0,28.0,30.0,30.0,29.0,32.0,32.0,51.0,47.0,42.0,44.0,42.0
2025-12-25T11:15:30.095492,7460.234,2678,Index,motor_2_open,51.0,34.5,4,30.0,29.0,28.0,30.0,30.0,28.0,30.0,30.0,29.0,32.0,32.0,51.0,47.0,42.0,44.0,40.0
2025-12-25T11:15:30.991431,7461.13,2679,Index,motor_1_flexed,51.0,34.625,4,30.0,29.0,28.0,30.0,30.0,28.0,30.0,30.0,29.0,32.0,32.0,51.0,47.0,42.0,44.0,42.0
2025-12-25T11:15:32.879303,7463.018,2679,Index,motor_1_open,51.0,34.625,4,30.0,29.0,28.0,30.0,30.0,28.0,30.0,30.0,29.0,32.0,32.0,51.0,47.0,42.0,44.0,42.0
2025-12-25T11:15:33.775248,7463.912,2680,Index,motor_3_flexed,51.0,34.625,4,30.0,29.0,28.0,30.0,30.0,28.0,30.0,30.0,29.0,32.0,32.0,51.0,47.0,42.0,44.0,42.0
2025-12-25T11:15:35.663118,7465.799,2680,Index,motor_3_open,51.0,34.625,4,30.0,29.0,28.0,30.0,30.0,28.0,30.0,30.0,29.0,32.0,32.0,51.0,47.0,42.0,44.0,42.0
2025-12-25T11:15:36.559057,7466.697,2681,Middle,motor_11_flexed,51.0,34.625,4,30.0,29.0,28.0,30.0,30.0,28.0,30.0,30.0,29.0,32.0,32.0,51.0,47.0,42.0,44.0,42.0
2025-12-25T11:15:38.446942,7468.582,2681,Middle,motor_11_open,51.0,34.625,4,30.0,29.0,28.0,30.0,30.0,28.0,30.0,30.0,29.0,32.0,32.0,51.0,47.0,42.0,44.0,42.0
2025-12-25T11:15:39.342872,7469.481,2682,Middle,motor_10_flexed,51.0,34.625,4,30.0,29.0,28.0,30.0,30.0,28.0,30.0,30.0,29.0,32.0,32.0,51.0,47.0,42.0,44.0,42.0
2025-12-25T11:15:41.230745,7471.368,2682,Middle,motor_10_open,51.0,34.625,4,30.0,29.0,28.0,30.0,30.0,28.0,30.0,30.0,29.0,32.0,32.0,51.0,47.0,42.0,44.0,42.0
2025-12-25T11:15:42.126703,7472.265,2683,Ring,motor_4_flexed,51.0,34.625,4,30.0,29.0,28.0,30.0,30.0,28.0,30.0,30.0,29.0,32.0,32.0,51.0,47.0,42.0,44.0,42.0
2025-12-25T11:15:44.014550,7474.154,2683,Ring,motor_4_open,51.0,34.625,4,30.0,29.0,28.0,30.0,30.0,28.0,30.0,30.0,29.0,32.0,32.0,51.0,47.0,42.0,44.0,42.0
2025-12-25T11:15:44.910501,7475.053,2684,Ring,motor_5_flexed,51.0,34.625,4,30.0,29.0,28.0,30.0,30.0,28.0,30.0,30.0,29.0,32.0,32.0,51.0,47.0,42.0,44.0,42.0
2025-12-25T11:15:46.798362,7476.932,2684,Ring,motor_5_open,51.0,34.625,4,30.0,29.0,28.0,30.0,30.0,28.0,30.0,30.0,29.0,32.0,32.0,51.0,47.0,42.0,44.0,42.0
2025-12-25T11:15:47.694317,7477.831,2685,Ring,motor_6_flexed,51.0,34.625,4,30.0,29.0,28.0,30.0,30.0,28.0,30.0,30.0,29.0,32.0,32.0,51.0,47.0,42.0,44.0,42.0
2025-12-25T11:15:49.582179,7479.722,2685,Ring,motor_6_open,51.0,34.5625,4,30.0,29.0,28.0,30.0,30.0,28.0,30.0,30.0,29.0,32.0,32.0,51.0,47.0,42.0,43.0,42.0
2025-12-25T11:15:50.478119,7480.615,2686,Pinky,motor_7_flexed,51.0,34.625,4,30.0,29.0,28.0,30.0,30.0,28.0,30.0,30.0,29.0,32.0,32.0,51.0,47.0,42.0,44.0,42.0
2025-12-25T11:15:52.366008,7482.5,2686,Pinky,motor_7_open,51.0,34.625,4,30.0,29.0,28.0,30.0,30.0,28.0,30.0,30.0,29.0,32.0,32.0,51.0,47.0,42.0,44.0,42.0
2025-12-25T11:15:53.261929,7483.396,2687,Pinky,motor_8_flexed,51.0,34.625,4,30.0,29.0,28.0,30.0,30.0,28.0,30.0,30.0,29.0,32.0,32.0,51.0,47.0,42.0,44.0,42.0
2025-12-25T11:15:55.149805,7485.287,2687,Pinky,motor_8_open,51.0,34.5625,4,30.0,29.0,28.0,30.0,30.0,28.0,30.0,30.0,29.0,32.0,32.0,51.0,47.0,42.0,44.0,41.0
2025-12-25T11:15:56.045746,7486.177,2688,Pinky,motor_9_flexed,51.0,34.625,4,30.0,29.0,28.0,30.0,30.0,28.0,30.0,30.0,29.0,32.0,32.0,51.0,47.0,42.0,44.0,42.0
2025-12-25T11:15:57.933620,7488.071,2688,Pinky,motor_9_open,51.0,34.625,4,30.0,29.0,28.0,30.0,30.0,28.0,30.0,30.0,29.0,32.0,32.0,51.0,47.0,42.0,44.0,42.0
2025-12-25T11:15:58.829557,7488.963,2689,Thumb,motor_13_flexed,51.0,34.5625,4,30.0,29.0,28.0,30.0,30.0,28.0,30.0,30.0,29.0,32.0,32.0,51.0,47.0,42.0,44.0,41.0
2025-12-25T11:16:00.717434,7490.848,2689,Thumb,motor_13_open,51.0,34.625,4,30.0,29.0,28.0,30.0,30.0,28.0,30.0,30.0,29.0,32.0,32.0,51.0,47.0,42.0,44.0,42.0
2025-12-25T11:16:01.613390,7491.745,2690,Thumb,motor_14_flexed,51.0,34.625,4,30.0,29.0,28.0,30.0,30.0,28.0,30.0,30.0,29.0,32.0,32.0,51.0,47.0,42.0,44.0,42.0
2025-12-25T11:16:03.501263,7493.636,2690,Thumb,motor_14_open,51.0,34.625,4,30.0,29.0,28.0,30.0,30.0,28.0,30.0,30.0,29.0,32.0,32.0,51.0,47.0,42.0,44.0,42.0
2025-12-25T11:16:04.397202,7494.532,2691,Thumb,motor_12_flexed,51.0,34.625,4,30.0,29.0,28.0,30.0,30.0,28.0,30.0,30.0,29.0,32.0,32.0,51.0,47.0,42.0,44.0,42.0
2025-12-25T11:16:06.285066,7496.422,2691,Thumb,motor_12_open,51.0,34.625,4,30.0,29.0,28.0,30.0,30.0,28.0,30.0,30.0,29.0,32.0,32.0,51.0,47.0,42.0,44.0,42.0
2025-12-25T11:16:07.181019,7497.318,2692,Index,motor_2_flexed,51.0,34.625,4,30.0,29.0,28.0,30.0,30.0,28.0,30.0,30.0,29.0,32.0,32.0,51.0,47.0,42.0,44.0,42.0
2025-12-25T11:16:09.068893,7499.206,2692,Index,motor_2_open,51.0,34.625,4,30.0,29.0,28.0,30.0,30.0,28.0,30.0,30.0,29.0,32.0,32.0,51.0,47.0,42.0,44.0,42.0
2025-12-25T11:16:09.964825,7500.102,2693,Index,motor_1_flexed,51.0,34.625,4,30.0,29.0,28.0,30.0,30.0,28.0,30.0,30.0,29.0,32.0,32.0,51.0,47.0,42.0,44.0,42.0
2025-12-25T11:16:11.852695,7501.983,2693,Index,motor_1_open,51.0,34.5,4,30.0,29.0,28.0,30.0,30.0,28.0,30.0,30.0,29.0,32.0,32.0,51.0,47.0,42.0,43.0,41.0
2025-12-25T11:16:12.748651,7502.886,2694,Index,motor_3_flexed,51.0,34.6875,4,30.0,29.0,28.0,30.0,30.0,28.0,30.0,30.0,29.0,32.0,32.0,51.0,47.0,42.0,45.0,42.0
2025-12-25T11:16:14.636518,7504.777,2694,Index,motor_3_open,51.0,34.5625,4,30.0,29.0,28.0,30.0,30.0,28.0,30.0,30.0,29.0,32.0,32.0,51.0,47.0,42.0,44.0,41.0
2025-12-25T11:16:15.532464,7505.671,2695,Middle,motor_11_flexed,51.0,34.6875,4,30.0,29.0,28.0,30.0,30.0,28.0,30.0,30.0,29.0,32.0,32.0,51.0,47.0,42.0,44.0,43.0
2025-12-25T11:16:17.420329,7507.558,2695,Middle,motor_11_open,51.0,34.625,4,30.0,29.0,28.0,30.0,30.0,28.0,30.0,30.0,29.0,32.0,32.0,51.0,47.0,42.0,44.0,42.0
2025-12-25T11:16:18.316281,7508.455,2696,Middle,motor_10_flexed,51.0,34.625,4,30.0,29.0,28.0,30.0,30.0,28.0,30.0,30.0,29.0,32.0,32.0,51.0,47.0,42.0,44.0,42.0
2025-12-25T11:16:20.204155,7510.343,2696,Middle,motor_10_open,51.0,34.625,4,30.0,29.0,28.0,30.0,30.0,28.0,30.0,30.0,29.0,32.0,32.0,51.0,47.0,42.0,44.0,42.0
2025-12-25T11:16:21.100098,7511.24,2697,Ring,motor_4_flexed,51.0,34.625,4,30.0,29.0,28.0,30.0,30.0,28.0,30.0,30.0,29.0,32.0,32.0,51.0,47.0,42.0,44.0,42.0
2025-12-25T11:16:22.987990,7513.125,2697,Ring,motor_4_open,51.0,34.625,4,30.0,29.0,28.0,30.0,30.0,28.0,30.0,30.0,29.0,32.0,32.0,51.0,47.0,42.0,44.0,42.0
2025-12-25T11:16:23.883930,7514.021,2698,Ring,motor_5_flexed,51.0,34.625,4,30.0,29.0,28.0,30.0,30.0,28.0,30.0,30.0,29.0,32.0,32.0,51.0,47.0,42.0,44.0,42.0
2025-12-25T11:16:25.771808,7515.911,2698,Ring,motor_5_open,51.0,34.625,4,30.0,29.0,28.0,30.0,30.0,28.0,30.0,30.0,29.0,32.0,32.0,51.0,47.0,42.0,44.0,42.0
2025-12-25T11:16:26.667748,7516.805,2699,Ring,motor_6_flexed,51.0,34.625,4,30.0,29.0,28.0,30.0,30.0,28.0,30.0,30.0,29.0,32.0,32.0,51.0,47.0,42.0,44.0,42.0
2025-12-25T11:16:28.555607,7518.691,2699,Ring,motor_6_open,51.0,34.625,4,30.0,29.0,28.0,30.0,30.0,28.0,30.0,30.0,29.0,32.0,32.0,51.0,47.0,42.0,44.0,42.0
2025-12-25T11:16:29.451548,7519.59,2700,Pinky,motor_7_flexed,51.0,34.625,4,30.0,29.0,28.0,30.0,30.0,28.0,30.0,30.0,29.0,32.0,32.0,51.0,47.0,42.0,44.0,42.0
2025-12-25T11:16:31.339429,7521.477,2700,Pinky,motor_7_open,51.0,34.625,4,30.0,29.0,28.0,30.0,30.0,28.0,30.0,30.0,29.0,32.0,32.0,51.0,47.0,42.0,44.0,42.0
2025-12-25T11:16:32.235367,7522.37,2701,Pinky,motor_8_flexed,51.0,34.625,4,30.0,29.0,28.0,30.0,30.0,28.0,30.0,30.0,29.0,32.0,32.0,51.0,47.0,42.0,44.0,42.0
2025-12-25T11:16:34.123230,7524.254,2701,Pinky,motor_8_open,51.0,34.5625,4,30.0,29.0,28.0,30.0,30.0,28.0,30.0,30.0,29.0,32.0,32.0,51.0,47.0,42.0,44.0,41.0
2025-12-25T11:16:35.019172,7525.15,2702,Pinky,motor_9_flexed,51.0,34.625,4,30.0,29.0,28.0,30.0,30.0,28.0,30.0,30.0,29.0,32.0,32.0,51.0,47.0,42.0,44.0,42.0
2025-12-25T11:16:36.907062,7527.044,2702,Pinky,motor_9_open,51.0,34.625,4,30.0,29.0,28.0,30.0,30.0,28.0,30.0,30.0,29.0,32.0,32.0,51.0,47.0,42.0,44.0,42.0
2025-12-25T11:16:37.802999,7527.937,2703,Thumb,motor_13_flexed,51.0,34.625,4,30.0,29.0,28.0,30.0,30.0,28.0,30.0,30.0,29.0,32.0,32.0,51.0,47.0,42.0,44.0,42.0
2025-12-25T11:16:39.690877,7529.826,2703,Thumb,motor_13_open,51.0,34.625,4,30.0,29.0,28.0,30.0,30.0,28.0,30.0,30.0,29.0,32.0,32.0,51.0,47.0,42.0,44.0,42.0
2025-12-25T11:16:40.586822,7530.721,2704,Thumb,motor_14_flexed,51.0,34.625,4,30.0,29.0,28.0,30.0,30.0,28.0,30.0,30.0,29.0,32.0,32.0,51.0,47.0,42.0,44.0,42.0
2025-12-25T11:16:42.474692,7532.612,2704,Thumb,motor_14_open,51.0,34.625,4,30.0,29.0,28.0,30.0,30.0,28.0,30.0,30.0,29.0,32.0,32.0,51.0,47.0,42.0,44.0,42.0
2025-12-25T11:16:43.370622,7533.504,2705,Thumb,motor_12_flexed,51.0,34.625,4,30.0,29.0,28.0,30.0,30.0,28.0,30.0,30.0,29.0,32.0,32.0,51.0,47.0,42.0,44.0,42.0
2025-12-25T11:16:45.258505,7535.389,2705,Thumb,motor_12_open,51.0,34.625,4,30.0,29.0,28.0,30.0,30.0,28.0,30.0,30.0,29.0,32.0,32.0,51.0,47.0,42.0,44.0,42.0
2025-12-25T11:16:46.154438,7536.285,2706,Index,motor_2_flexed,51.0,34.625,4,30.0,29.0,28.0,30.0,30.0,28.0,30.0,30.0,29.0,32.0,32.0,51.0,47.0,42.0,44.0,42.0
2025-12-25T11:16:48.042316,7538.177,2706,Index,motor_2_open,51.0,34.625,4,30.0,29.0,28.0,30.0,30.0,28.0,30.0,30.0,29.0,32.0,32.0,51.0,47.0,42.0,44.0,42.0
2025-12-25T11:16:48.938255,7539.071,2707,Index,motor_1_flexed,51.0,34.625,4,30.0,29.0,28.0,30.0,30.0,28.0,30.0,30.0,29.0,32.0,32.0,51.0,47.0,42.0,44.0,42.0
2025-12-25T11:16:50.826133,7540.957,2707,Index,motor_1_open,51.0,34.625,4,30.0,29.0,28.0,30.0,30.0,28.0,30.0,30.0,29.0,32.0,32.0,51.0,47.0,42.0,44.0,42.0
2025-12-25T11:16:51.722077,7541.853,2708,Index,motor_3_flexed,51.0,34.5625,4,30.0,29.0,28.0,30.0,30.0,28.0,30.0,30.0,29.0,32.0,32.0,51.0,47.0,42.0,44.0,41.0
2025-12-25T11:16:53.609955,7543.748,2708,Index,motor_3_open,51.0,34.625,4,30.0,29.0,28.0,30.0,30.0,28.0,30.0,30.0,29.0,32.0,32.0,51.0,47.0,42.0,44.0,42.0
2025-12-25T11:16:54.505904,7544.643,2709,Middle,motor_11_flexed,51.0,34.625,4,30.0,29.0,28.0,30.0,30.0,28.0,30.0,30.0,29.0,32.0,32.0,51.0,47.0,42.0,44.0,42.0
2025-12-25T11:16:56.393772,7546.525,2709,Middle,motor_11_open,51.0,34.625,4,30.0,29.0,28.0,30.0,30.0,28.0,30.0,30.0,29.0,32.0,32.0,51.0,47.0,42.0,44.0,42.0
2025-12-25T11:16:57.289715,7547.424,2710,Middle,motor_10_flexed,51.0,34.625,4,30.0,29.0,28.0,30.0,30.0,28.0,30.0,30.0,29.0,32.0,32.0,51.0,47.0,42.0,44.0,42.0
2025-12-25T11:16:59.177605,7549.314,2710,Middle,motor_10_open,51.0,34.625,4,30.0,29.0,28.0,30.0,30.0,28.0,30.0,30.0,29.0,32.0,32.0,51.0,47.0,42.0,44.0,42.0
2025-12-25T11:17:00.073533,7550.212,2711,Ring,motor_4_flexed,51.0,34.625,4,30.0,29.0,28.0,30.0,30.0,28.0,30.0,30.0,29.0,32.0,32.0,51.0,47.0,42.0,44.0,42.0
2025-12-25T11:17:01.961412,7552.098,2711,Ring,motor_4_open,51.0,34.625,4,30.0,29.0,28.0,30.0,30.0,28.0,30.0,30.0,29.0,32.0,32.0,51.0,47.0,42.0,44.0,42.0
2025-12-25T11:17:02.857354,7552.994,2712,Ring,motor_5_flexed,51.0,34.5625,4,30.0,29.0,28.0,30.0,30.0,28.0,30.0,30.0,29.0,32.0,32.0,51.0,47.0,42.0,44.0,41.0
2025-12-25T11:17:04.745227,7554.879,2712,Ring,motor_5_open,51.0,34.625,4,30.0,29.0,28.0,30.0,30.0,28.0,30.0,30.0,29.0,32.0,32.0,51.0,47.0,42.0,44.0,42.0
2025-12-25T11:17:05.641171,7555.779,2713,Ring,motor_6_flexed,51.0,34.625,4,30.0,29.0,28.0,30.0,30.0,28.0,30.0,30.0,29.0,32.0,32.0,51.0,47.0,42.0,44.0,42.0
2025-12-25T11:17:07.529047,7557.662,2713,Ring,motor_6_open,51.0,34.625,4,30.0,29.0,28.0,30.0,30.0,28.0,30.0,30.0,29.0,32.0,32.0,51.0,47.0,42.0,44.0,42.0
2025-12-25T11:17:08.425002,7558.562,2714,Pinky,motor_7_flexed,51.0,34.625,4,30.0,29.0,28.0,30.0,30.0,28.0,30.0,30.0,29.0,32.0,32.0,51.0,47.0,42.0,44.0,42.0
2025-12-25T11:17:10.008888,7560.151,2714,Pinky,motor_7_flex_hold,51.0,34.625,4,30.0,29.0,28.0,30.0,30.0,28.0,30.0,30.0,29.0,32.0,32.0,51.0,47.0,42.0,44.0,42.0
2025-12-25T11:17:10.408854,7560.539,2714,Pinky,motor_7_open,51.0,34.625,4,30.0,29.0,28.0,30.0,30.0,28.0,30.0,30.0,29.0,32.0,32.0,51.0,47.0,42.0,44.0,42.0
2025-12-25T11:17:11.304805,7561.442,2715,Pinky,motor_8_flexed,51.0,34.625,4,30.0,29.0,28.0,30.0,30.0,28.0,30.0,30.0,29.0,32.0,32.0,51.0,47.0,42.0,44.0,42.0
2025-12-25T11:17:13.192678,7563.325,2715,Pinky,motor_8_open,51.0,34.625,4,30.0,29.0,28.0,30.0,30.0,28.0,30.0,30.0,29.0,32.0,32.0,51.0,47.0,42.0,44.0,42.0
2025-12-25T11:17:14.088621,7564.221,2716,Pinky,motor_9_flexed,51.0,34.625,4,30.0,29.0,28.0,30.0,30.0,28.0,30.0,30.0,29.0,32.0,32.0,51.0,47.0,42.0,44.0,42.0
2025-12-25T11:17:15.976512,7566.114,2716,Pinky,motor_9_open,51.0,34.625,4,30.0,29.0,28.0,30.0,30.0,28.0,30.0,30.0,29.0,32.0,32.0,51.0,47.0,42.0,44.0,42.0
2025-12-25T11:17:16.872453,7567.01,2717,Thumb,motor_13_flexed,51.0,34.625,4,30.0,29.0,28.0,30.0,30.0,28.0,30.0,30.0,29.0,32.0,32.0,51.0,47.0,42.0,44.0,42.0
2025-12-25T11:17:18.760329,7568.897,2717,Thumb,motor_13_open,51.0,34.625,4,30.0,29.0,28.0,30.0,30.0,28.0,30.0,30.0,29.0,32.0,32.0,51.0,47.0,42.0,44.0,42.0
2025-12-25T11:17:19.656274,7569.798,2718,Thumb,motor_14_flexed,51.0,34.625,4,30.0,29.0,28.0,30.0,30.0,28.0,30.0,30.0,29.0,32.0,32.0,51.0,47.0,42.0,44.0,42.0
2025-12-25T11:17:21.544151,7571.684,2718,Thumb,motor_14_open,51.0,34.625,4,30.0,29.0,28.0,30.0,30.0,28.0,30.0,30.0,29.0,32.0,32.0,51.0,47.0,42.0,44.0,42.0
2025-12-25T11:17:22.440090,7572.579,2719,Thumb,motor_12_flexed,51.0,34.625,4,30.0,29.0,28.0,30.0,30.0,28.0,30.0,30.0,29.0,32.0,32.0,51.0,47.0,42.0,44.0,42.0
2025-12-25T11:17:24.327970,7574.467,2719,Thumb,motor_12_open,51.0,34.625,4,30.0,29.0,28.0,30.0,30.0,28.0,30.0,30.0,29.0,32.0,32.0,51.0,47.0,42.0,44.0,42.0
2025-12-25T11:17:25.223912,7575.365,2720,Index,motor_2_flexed,51.0,34.5625,4,30.0,29.0,28.0,30.0,30.0,28.0,30.0,30.0,29.0,32.0,32.0,51.0,47.0,42.0,44.0,41.0
2025-12-25T11:17:27.111781,7577.251,2720,Index,motor_2_open,51.0,34.625,4,30.0,29.0,28.0,30.0,30.0,28.0,30.0,30.0,29.0,32.0,32.0,51.0,47.0,42.0,44.0,42.0
2025-12-25T11:17:28.007725,7578.145,2721,Index,motor_1_flexed,51.0,34.625,4,30.0,29.0,28.0,30.0,30.0,28.0,30.0,30.0,29.0,32.0,32.0,51.0,47.0,42.0,44.0,42.0
2025-12-25T11:17:29.895602,7580.035,2721,Index,motor_1_open,51.0,34.625,4,30.0,29.0,28.0,30.0,30.0,28.0,30.0,30.0,29.0,32.0,32.0,51.0,47.0,42.0,44.0,42.0
2025-12-25T11:17:30.791543,7580.93,2722,Index,motor_3_flexed,51.0,34.625,4,30.0,29.0,28.0,30.0,30.0,28.0,30.0,30.0,29.0,32.0,32.0,51.0,47.0,42.0,44.0,42.0
2025-12-25T11:17:32.679432,7582.818,2722,Index,motor_3_open,51.0,34.625,4,30.0,29.0,28.0,30.0,30.0,28.0,30.0,30.0,29.0,32.0,32.0,51.0,47.0,42.0,44.0,42.0
2025-12-25T11:17:33.575410,7583.713,2723,Middle,motor_11_flexed,51.0,34.625,4,30.0,29.0,28.0,30.0,30.0,28.0,30.0,30.0,29.0,32.0,32.0,51.0,47.0,42.0,44.0,42.0
2025-12-25T11:17:35.463281,7585.601,2723,Middle,motor_11_open,51.0,34.625,4,30.0,29.0,28.0,30.0,30.0,28.0,30.0,30.0,29.0,32.0,32.0,51.0,47.0,42.0,44.0,42.0
2025-12-25T11:17:36.359226,7586.498,2724,Middle,motor_10_flexed,51.0,34.625,4,30.0,29.0,28.0,30.0,30.0,28.0,30.0,30.0,29.0,32.0,32.0,51.0,47.0,42.0,44.0,42.0
2025-12-25T11:17:38.247107,7588.389,2724,Middle,motor_10_open,51.0,34.625,4,30.0,29.0,28.0,30.0,30.0,28.0,30.0,30.0,29.0,32.0,32.0,51.0,47.0,42.0,44.0,42.0
2025-12-25T11:17:39.143045,7589.281,2725,Ring,motor_4_flexed,51.0,34.625,4,30.0,29.0,28.0,30.0,30.0,28.0,30.0,30.0,29.0,32.0,32.0,51.0,47.0,42.0,44.0,42.0
2025-12-25T11:17:41.030927,7591.17,2725,Ring,motor_4_open,51.0,34.625,4,30.0,29.0,28.0,30.0,30.0,28.0,30.0,30.0,29.0,32.0,32.0,51.0,47.0,42.0,44.0,42.0
2025-12-25T11:17:41.926868,7592.064,2726,Ring,motor_5_flexed,51.0,34.625,4,30.0,29.0,28.0,30.0,30.0,28.0,30.0,30.0,29.0,32.0,32.0,51.0,47.0,42.0,44.0,42.0
2025-12-25T11:17:43.814735,7593.954,2726,Ring,motor_5_open,51.0,34.625,4,30.0,29.0,28.0,30.0,30.0,28.0,30.0,30.0,29.0,32.0,32.0,51.0,47.0,42.0,44.0,42.0
2025-12-25T11:17:44.710675,7594.848,2727,Ring,motor_6_flexed,51.0,34.625,4,30.0,29.0,28.0,30.0,30.0,28.0,30.0,30.0,29.0,32.0,32.0,51.0,47.0,42.0,44.0,42.0
2025-12-25T11:17:46.598549,7596.734,2727,Ring,motor_6_open,51.0,34.625,4,30.0,29.0,28.0,30.0,30.0,28.0,30.0,30.0,29.0,32.0,32.0,51.0,47.0,42.0,44.0,42.0
2025-12-25T11:17:47.494501,7597.631,2728,Pinky,motor_7_flexed,51.0,34.625,4,30.0,29.0,28.0,30.0,30.0,28.0,30.0,30.0,29.0,32.0,32.0,51.0,47.0,42.0,44.0,42.0
2025-12-25T11:17:49.382375,7599.521,2728,Pinky,motor_7_open,51.0,34.625,4,30.0,29.0,28.0,30.0,30.0,28.0,30.0,30.0,29.0,32.0,32.0,51.0,47.0,42.0,44.0,42.0
2025-12-25T11:17:50.278319,7600.417,2729,Pinky,motor_8_flexed,51.0,34.625,4,30.0,29.0,28.0,30.0,30.0,28.0,30.0,30.0,29.0,32.0,32.0,51.0,47.0,42.0,44.0,42.0
2025-12-25T11:17:52.166204,7602.304,2729,Pinky,motor_8_open,51.0,34.625,4,30.0,29.0,28.0,30.0,30.0,28.0,30.0,30.0,29.0,32.0,32.0,51.0,47.0,42.0,44.0,42.0
2025-12-25T11:17:53.062140,7603.202,2730,Pinky,motor_9_flexed,51.0,34.625,4,30.0,29.0,28.0,30.0,30.0,28.0,30.0,30.0,29.0,32.0,32.0,51.0,47.0,42.0,44.0,42.0
2025-12-25T11:17:54.950010,7605.089,2730,Pinky,motor_9_open,51.0,34.5625,4,30.0,29.0,28.0,30.0,30.0,28.0,30.0,30.0,29.0,32.0,32.0,51.0,47.0,42.0,44.0,41.0
2025-12-25T11:17:55.845959,7605.985,2731,Thumb,motor_13_flexed,51.0,34.625,4,30.0,29.0,28.0,30.0,30.0,28.0,30.0,30.0,29.0,32.0,32.0,51.0,47.0,42.0,44.0,42.0
2025-12-25T11:17:57.733841,7607.873,2731,Thumb,motor_13_open,51.0,34.625,4,30.0,29.0,28.0,30.0,30.0,28.0,30.0,30.0,29.0,32.0,32.0,51.0,47.0,42.0,44.0,42.0
2025-12-25T11:17:58.629782,7608.77,2732,Thumb,motor_14_flexed,51.0,34.625,4,30.0,29.0,28.0,30.0,30.0,28.0,30.0,30.0,29.0,32.0,32.0,51.0,47.0,42.0,44.0,42.0
2025-12-25T11:18:00.517661,7610.656,2732,Thumb,motor_14_open,51.0,34.5625,4,30.0,29.0,28.0,30.0,30.0,28.0,30.0,30.0,29.0,32.0,32.0,51.0,47.0,42.0,44.0,41.0
2025-12-25T11:18:01.413601,7611.552,2733,Thumb,motor_12_flexed,51.0,34.625,4,30.0,29.0,28.0,30.0,30.0,28.0,30.0,30.0,29.0,32.0,32.0,51.0,47.0,42.0,44.0,42.0
2025-12-25T11:18:03.301484,7613.438,2733,Thumb,motor_12_open,51.0,34.625,4,30.0,29.0,28.0,30.0,30.0,28.0,30.0,30.0,29.0,32.0,32.0,51.0,47.0,42.0,44.0,42.0
2025-12-25T11:18:04.197425,7614.334,2734,Index,motor_2_flexed,51.0,34.5625,4,30.0,29.0,28.0,30.0,30.0,28.0,30.0,30.0,29.0,32.0,32.0,51.0,47.0,42.0,44.0,41.0
2025-12-25T11:18:06.085319,7616.223,2734,Index,motor_2_open,51.0,34.625,4,30.0,29.0,28.0,30.0,30.0,28.0,30.0,30.0,29.0,32.0,32.0,51.0,47.0,42.0,44.0,42.0
2025-12-25T11:18:06.981234,7617.122,2735,Index,motor_1_flexed,51.0,34.4375,4,30.0,29.0,28.0,30.0,30.0,28.0,30.0,30.0,29.0,32.0,32.0,51.0,47.0,42.0,44.0,39.0
2025-12-25T11:18:08.869128,7619.009,2735,Index,motor_1_open,51.0,34.625,4,30.0,29.0,28.0,30.0,30.0,28.0,30.0,30.0,29.0,32.0,32.0,51.0,47.0,42.0,44.0,42.0
2025-12-25T11:18:09.765070,7619.902,2736,Index,motor_3_flexed,51.0,34.625,4,30.0,29.0,28.0,30.0,30.0,28.0,30.0,30.0,29.0,32.0,32.0,51.0,47.0,42.0,44.0,42.0
2025-12-25T11:18:10.868999,7621.0,2736,Index,motor_3_flex_hold,51.0,34.625,4,30.0,29.0,28.0,30.0,30.0,28.0,30.0,30.0,29.0,32.0,32.0,51.0,47.0,42.0,44.0,42.0
2025-12-25T11:18:11.668950,7621.808,2736,Index,motor_3_open,51.0,34.5625,4,30.0,29.0,28.0,30.0,30.0,28.0,30.0,30.0,29.0,32.0,32.0,51.0,47.0,42.0,44.0,41.0
2025-12-25T11:18:12.564878,7622.706,2737,Middle,motor_11_flexed,51.0,34.625,4,30.0,29.0,28.0,30.0,30.0,28.0,30.0,30.0,29.0,32.0,32.0,51.0,47.0,42.0,44.0,42.0
2025-12-25T11:18:14.452772,7624.592,2737,Middle,motor_11_open,51.0,34.625,4,30.0,29.0,28.0,30.0,30.0,28.0,30.0,30.0,29.0,32.0,32.0,51.0,47.0,42.0,44.0,42.0
2025-12-25T11:18:15.348729,7625.487,2738,Middle,motor_10_flexed,51.0,34.625,4,30.0,29.0,28.0,30.0,30.0,28.0,30.0,30.0,29.0,32.0,32.0,51.0,47.0,42.0,44.0,42.0
2025-12-25T11:18:17.236579,7627.375,2738,Middle,motor_10_open,51.0,34.625,4,30.0,29.0,28.0,30.0,30.0,28.0,30.0,30.0,29.0,32.0,32.0,51.0,47.0,42.0,44.0,42.0
2025-12-25T11:18:18.132537,7628.263,2739,Ring,motor_4_flexed,51.0,34.625,4,30.0,29.0,28.0,30.0,30.0,28.0,30.0,30.0,29.0,32.0,32.0,51.0,47.0,42.0,44.0,42.0
2025-12-25T11:18:20.020421,7630.158,2739,Ring,motor_4_open,51.0,34.6875,4,30.0,29.0,28.0,30.0,30.0,28.0,30.0,30.0,29.0,32.0,32.0,51.0,47.0,42.0,45.0,42.0
2025-12-25T11:18:20.916363,7631.051,2740,Ring,motor_5_flexed,51.0,34.625,4,30.0,29.0,28.0,30.0,30.0,28.0,30.0,30.0,29.0,32.0,32.0,51.0,47.0,42.0,44.0,42.0
2025-12-25T11:18:22.804233,7632.94,2740,Ring,motor_5_open,51.0,34.625,4,30.0,29.0,28.0,30.0,30.0,28.0,30.0,30.0,29.0,32.0,32.0,51.0,47.0,42.0,44.0,42.0
2025-12-25T11:18:23.700178,7633.836,2741,Ring,motor_6_flexed,51.0,34.625,4,30.0,29.0,28.0,30.0,30.0,28.0,30.0,30.0,29.0,32.0,32.0,51.0,47.0,42.0,44.0,42.0
2025-12-25T11:18:25.588043,7635.724,2741,Ring,motor_6_open,51.0,34.625,4,30.0,29.0,28.0,30.0,30.0,28.0,30.0,30.0,29.0,32.0,32.0,51.0,47.0,42.0,44.0,42.0
2025-12-25T11:18:26.483985,7636.62,2742,Pinky,motor_7_flexed,51.0,34.625,4,30.0,29.0,28.0,30.0,30.0,28.0,30.0,30.0,29.0,32.0,32.0,51.0,47.0,42.0,44.0,42.0
2025-12-25T11:18:28.371865,7638.507,2742,Pinky,motor_7_open,51.0,34.625,4,30.0,29.0,28.0,30.0,30.0,28.0,30.0,30.0,29.0,32.0,32.0,51.0,47.0,42.0,44.0,42.0
2025-12-25T11:18:29.267810,7639.406,2743,Pinky,motor_8_flexed,51.0,34.625,4,30.0,29.0,28.0,30.0,30.0,28.0,30.0,30.0,29.0,32.0,32.0,51.0,47.0,42.0,44.0,42.0
2025-12-25T11:18:31.155691,7641.294,2743,Pinky,motor_8_open,51.0,34.625,4,30.0,29.0,28.0,30.0,30.0,28.0,30.0,30.0,29.0,32.0,32.0,51.0,47.0,42.0,44.0,42.0
2025-12-25T11:18:32.051636,7642.191,2744,Pinky,motor_9_flexed,51.0,34.5625,4,30.0,29.0,28.0,30.0,30.0,28.0,30.0,30.0,29.0,32.0,32.0,51.0,47.0,42.0,44.0,41.0
2025-12-25T11:18:33.939494,7644.079,2744,Pinky,motor_9_open,51.0,34.625,4,30.0,29.0,28.0,30.0,30.0,28.0,30.0,30.0,29.0,32.0,32.0,51.0,47.0,42.0,44.0,42.0
2025-12-25T11:18:34.835455,7644.973,2745,Thumb,motor_13_flexed,51.0,34.6875,4,30.0,29.0,28.0,30.0,30.0,28.0,30.0,30.0,29.0,32.0,32.0,51.0,47.0,42.0,45.0,42.0
2025-12-25T11:18:36.723337,7646.862,2745,Thumb,motor_13_open,51.0,34.625,4,30.0,29.0,28.0,30.0,30.0,28.0,30.0,30.0,29.0,32.0,32.0,51.0,47.0,42.0,44.0,42.0
2025-12-25T11:18:37.619281,7647.758,2746,Thumb,motor_14_flexed,51.0,34.625,4,30.0,29.0,28.0,30.0,30.0,28.0,30.0,30.0,29.0,32.0,32.0,51.0,47.0,42.0,44.0,42.0
2025-12-25T11:18:39.507159,7649.642,2746,Thumb,motor_14_open,51.0,34.5625,4,30.0,29.0,28.0,30.0,30.0,28.0,30.0,30.0,29.0,32.0,32.0,51.0,47.0,42.0,44.0,41.0
2025-12-25T11:18:40.403103,7650.539,2747,Thumb,motor_12_flexed,51.0,34.625,4,30.0,29.0,28.0,30.0,30.0,28.0,30.0,30.0,29.0,32.0,32.0,51.0,47.0,42.0,44.0,42.0
2025-12-25T11:18:42.290990,7652.43,2747,Thumb,motor_12_open,51.0,34.625,4,30.0,29.0,28.0,30.0,30.0,28.0,30.0,30.0,29.0,32.0,32.0,51.0,47.0,42.0,44.0,42.0
2025-12-25T11:18:43.186937,7653.323,2748,Index,motor_2_flexed,51.0,34.625,4,30.0,29.0,28.0,30.0,30.0,28.0,30.0,30.0,29.0,32.0,32.0,51.0,47.0,42.0,44.0,42.0
2025-12-25T11:18:45.074815,7655.206,2748,Index,motor_2_open,51.0,34.6875,4,30.0,29.0,28.0,30.0,30.0,28.0,30.0,30.0,29.0,32.0,32.0,51.0,47.0,42.0,44.0,43.0
2025-12-25T11:18:45.970758,7656.109,2749,Index,motor_1_flexed,51.0,34.625,4,30.0,29.0,28.0,30.0,30.0,28.0,30.0,30.0,29.0,32.0,32.0,51.0,47.0,42.0,44.0,42.0
2025-12-25T11:18:47.858642,7657.994,2749,Index,motor_1_open,51.0,34.625,4,30.0,29.0,28.0,30.0,30.0,28.0,30.0,30.0,29.0,32.0,32.0,51.0,47.0,42.0,44.0,42.0
2025-12-25T11:18:48.754585,7658.891,2750,Index,motor_3_flexed,51.0,34.625,4,30.0,29.0,28.0,30.0,30.0,28.0,30.0,30.0,29.0,32.0,32.0,51.0,47.0,42.0,44.0,42.0
2025-12-25T11:18:50.642468,7660.778,2750,Index,motor_3_open,51.0,34.625,4,30.0,29.0,28.0,30.0,30.0,28.0,30.0,30.0,29.0,32.0,32.0,51.0,47.0,42.0,44.0,42.0
2025-12-25T11:18:51.538390,7661.669,2751,Middle,motor_11_flexed,51.0,34.625,4,30.0,29.0,28.0,30.0,30.0,28.0,30.0,30.0,29.0,32.0,32.0,51.0,47.0,42.0,44.0,42.0
2025-12-25T11:18:53.426287,7663.56,2751,Middle,motor_11_open,51.0,34.625,4,30.0,29.0,28.0,30.0,30.0,28.0,30.0,30.0,29.0,32.0,32.0,51.0,47.0,42.0,44.0,42.0
2025-12-25T11:18:54.322231,7664.461,2752,Middle,motor_10_flexed,51.0,34.5625,4,30.0,29.0,28.0,30.0,30.0,28.0,30.0,30.0,29.0,32.0,32.0,51.0,47.0,42.0,44.0,41.0
2025-12-25T11:18:56.210112,7666.346,2752,Middle,motor_10_open,51.0,34.625,4,30.0,29.0,28.0,30.0,30.0,28.0,30.0,30.0,29.0,32.0,32.0,51.0,47.0,42.0,44.0,42.0
2025-12-25T11:18:57.106067,7667.243,2753,Ring,motor_4_flexed,51.0,34.625,4,30.0,29.0,28.0,30.0,30.0,28.0,30.0,30.0,29.0,32.0,32.0,51.0,47.0,42.0,44.0,42.0
2025-12-25T11:18:58.993954,7669.132,2753,Ring,motor_4_open,51.0,34.625,4,30.0,29.0,28.0,30.0,30.0,28.0,30.0,30.0,29.0,32.0,32.0,51.0,47.0,42.0,44.0,42.0
2025-12-25T11:18:59.889871,7670.028,2754,Ring,motor_5_flexed,51.0,34.625,4,30.0,29.0,28.0,30.0,30.0,28.0,30.0,30.0,29.0,32.0,32.0,51.0,47.0,42.0,44.0,42.0
2025-12-25T11:19:01.777754,7671.916,2754,Ring,motor_5_open,51.0,34.625,4,30.0,29.0,28.0,30.0,30.0,28.0,30.0,30.0,29.0,32.0,32.0,51.0,47.0,42.0,44.0,42.0
2025-12-25T11:19:02.673700,7672.809,2755,Ring,motor_6_flexed,51.0,34.625,4,30.0,29.0,28.0,30.0,30.0,28.0,30.0,30.0,29.0,32.0,32.0,51.0,47.0,42.0,44.0,42.0
2025-12-25T11:19:04.561580,7674.698,2755,Ring,motor_6_open,51.0,34.625,4,30.0,29.0,28.0,30.0,30.0,28.0,30.0,30.0,29.0,32.0,32.0,51.0,47.0,42.0,44.0,42.0
2025-12-25T11:19:05.457522,7675.594,2756,Pinky,motor_7_flexed,51.0,34.625,4,30.0,29.0,28.0,30.0,30.0,28.0,30.0,30.0,29.0,32.0,32.0,51.0,47.0,42.0,44.0,42.0
2025-12-25T11:19:07.345404,7677.482,2756,Pinky,motor_7_open,51.0,34.5625,4,30.0,29.0,28.0,30.0,30.0,28.0,30.0,30.0,29.0,32.0,32.0,51.0,47.0,42.0,44.0,41.0
2025-12-25T11:19:08.241353,7678.382,2757,Pinky,motor_8_flexed,51.0,34.625,4,30.0,29.0,28.0,30.0,30.0,28.0,30.0,30.0,29.0,32.0,32.0,51.0,47.0,42.0,44.0,42.0
2025-12-25T11:19:10.129228,7680.268,2757,Pinky,motor_8_open,51.0,34.625,4,30.0,29.0,28.0,30.0,30.0,28.0,30.0,30.0,29.0,32.0,32.0,51.0,47.0,42.0,44.0,42.0
2025-12-25T11:19:11.025176,7681.163,2758,Pinky,motor_9_flexed,51.0,34.5625,4,30.0,29.0,28.0,30.0,30.0,28.0,30.0,30.0,29.0,32.0,32.0,51.0,47.0,42.0,44.0,41.0
2025-12-25T11:19:12.913064,7683.054,2758,Pinky,motor_9_open,51.0,34.625,4,30.0,29.0,28.0,30.0,30.0,28.0,30.0,30.0,29.0,32.0,32.0,51.0,47.0,42.0,44.0,42.0
2025-12-25T11:19:13.809000,7683.948,2759,Thumb,motor_13_flexed,51.0,34.5,4,30.0,29.0,28.0,30.0,30.0,28.0,30.0,30.0,29.0,32.0,32.0,51.0,47.0,42.0,43.0,41.0
2025-12-25T11:19:15.696883,7685.835,2759,Thumb,motor_13_open,51.0,34.625,4,30.0,29.0,28.0,30.0,30.0,28.0,30.0,30.0,29.0,32.0,32.0,51.0,47.0,42.0,44.0,42.0
2025-12-25T11:19:16.592824,7686.732,2760,Thumb,motor_14_flexed,51.0,34.5625,4,30.0,29.0,28.0,30.0,30.0,28.0,30.0,30.0,29.0,32.0,32.0,51.0,47.0,42.0,44.0,41.0
2025-12-25T11:19:18.480706,7688.621,2760,Thumb,motor_14_open,51.0,34.625,4,30.0,29.0,28.0,30.0,30.0,28.0,30.0,30.0,29.0,32.0,32.0,51.0,47.0,42.0,44.0,42.0
2025-12-25T11:19:19.376650,7689.516,2761,Thumb,motor_12_flexed,51.0,34.625,4,30.0,29.0,28.0,30.0,30.0,28.0,30.0,30.0,29.0,32.0,32.0,51.0,47.0,42.0,44.0,42.0
2025-12-25T11:19:21.264531,7691.402,2761,Thumb,motor_12_open,51.0,34.5625,4,30.0,29.0,28.0,30.0,30.0,28.0,30.0,30.0,29.0,32.0,32.0,51.0,47.0,42.0,44.0,41.0
2025-12-25T11:19:22.160486,7692.299,2762,Index,motor_2_flexed,51.0,34.625,4,30.0,29.0,28.0,30.0,30.0,28.0,30.0,30.0,29.0,32.0,32.0,51.0,47.0,42.0,44.0,42.0
2025-12-25T11:19:24.048357,7694.186,2762,Index,motor_2_open,51.0,34.625,4,30.0,29.0,28.0,30.0,30.0,28.0,30.0,30.0,29.0,32.0,32.0,51.0,47.0,42.0,44.0,42.0
2025-12-25T11:19:24.944301,7695.084,2763,Index,motor_1_flexed,51.0,34.625,4,30.0,29.0,28.0,30.0,30.0,28.0,30.0,30.0,29.0,32.0,32.0,51.0,47.0,42.0,44.0,42.0
2025-12-25T11:19:26.832196,7696.971,2763,Index,motor_1_open,51.0,34.625,4,30.0,29.0,28.0,30.0,30.0,28.0,30.0,30.0,29.0,32.0,32.0,51.0,47.0,42.0,44.0,42.0
2025-12-25T11:19:27.728126,7697.864,2764,Index,motor_3_flexed,51.0,34.625,4,30.0,29.0,28.0,30.0,30.0,28.0,30.0,30.0,29.0,32.0,32.0,51.0,47.0,42.0,44.0,42.0
2025-12-25T11:19:29.616010,7699.753,2764,Index,motor_3_open,51.0,34.625,4,30.0,29.0,28.0,30.0,30.0,28.0,30.0,30.0,29.0,32.0,32.0,51.0,47.0,42.0,44.0,42.0
2025-12-25T11:19:30.511951,7700.651,2765,Middle,motor_11_flexed,51.0,34.625,4,30.0,29.0,28.0,30.0,30.0,28.0,30.0,30.0,29.0,32.0,32.0,51.0,47.0,42.0,44.0,42.0
2025-12-25T11:19:32.399824,7702.533,2765,Middle,motor_11_open,51.0,34.5625,4,30.0,29.0,28.0,30.0,30.0,28.0,30.0,30.0,29.0,32.0,32.0,51.0,47.0,42.0,44.0,41.0
2025-12-25T11:19:33.295766,7703.432,2766,Middle,motor_10_flexed,51.0,34.625,4,30.0,29.0,28.0,30.0,30.0,28.0,30.0,30.0,29.0,32.0,32.0,51.0,47.0,42.0,44.0,42.0
2025-12-25T11:19:35.183650,7705.319,2766,Middle,motor_10_open,51.0,34.625,4,30.0,29.0,28.0,30.0,30.0,28.0,30.0,30.0,29.0,32.0,32.0,51.0,47.0,42.0,44.0,42.0
2025-12-25T11:19:36.079607,7706.219,2767,Ring,motor_4_flexed,51.0,34.625,4,30.0,29.0,28.0,30.0,30.0,28.0,30.0,30.0,29.0,32.0,32.0,51.0,47.0,42.0,44.0,42.0
2025-12-25T11:19:37.967500,7708.105,2767,Ring,motor_4_open,51.0,34.5625,4,30.0,29.0,28.0,30.0,30.0,28.0,30.0,30.0,29.0,32.0,32.0,51.0,47.0,42.0,44.0,41.0
2025-12-25T11:19:38.863446,7708.999,2768,Ring,motor_5_flexed,51.0,34.625,4,30.0,29.0,28.0,30.0,30.0,28.0,30.0,30.0,29.0,32.0,32.0,51.0,47.0,42.0,44.0,42.0
2025-12-25T11:19:40.751329,7710.888,2768,Ring,motor_5_open,51.0,34.625,4,30.0,29.0,28.0,30.0,30.0,28.0,30.0,30.0,29.0,32.0,32.0,51.0,47.0,42.0,44.0,42.0
2025-12-25T11:19:41.647276,7711.787,2769,Ring,motor_6_flexed,51.0,34.625,4,30.0,29.0,28.0,30.0,30.0,28.0,30.0,30.0,29.0,32.0,32.0,51.0,47.0,42.0,44.0,42.0
2025-12-25T11:19:43.535155,7713.674,2769,Ring,motor_6_open,51.0,34.5,4,30.0,29.0,28.0,30.0,30.0,28.0,30.0,30.0,29.0,32.0,32.0,51.0,47.0,42.0,42.0,42.0
2025-12-25T11:19:44.431099,7714.568,2770,Pinky,motor_7_flexed,51.0,34.625,4,30.0,29.0,28.0,30.0,30.0,28.0,30.0,30.0,29.0,32.0,32.0,51.0,47.0,42.0,44.0,42.0
2025-12-25T11:19:46.318983,7716.456,2770,Pinky,motor_7_open,51.0,34.625,4,30.0,29.0,28.0,30.0,30.0,28.0,30.0,30.0,29.0,32.0,32.0,51.0,47.0,42.0,44.0,42.0
2025-12-25T11:19:47.214920,7717.351,2771,Pinky,motor_8_flexed,51.0,34.625,4,30.0,29.0,28.0,30.0,30.0,28.0,30.0,30.0,29.0,32.0,32.0,51.0,47.0,42.0,44.0,42.0
2025-12-25T11:19:49.102784,7719.24,2771,Pinky,motor_8_open,51.0,34.625,4,30.0,29.0,28.0,30.0,30.0,28.0,30.0,30.0,29.0,32.0,32.0,51.0,47.0,42.0,44.0,42.0
2025-12-25T11:19:49.998729,7720.136,2772,Pinky,motor_9_flexed,51.0,34.625,4,30.0,29.0,28.0,30.0,30.0,28.0,30.0,30.0,29.0,32.0,32.0,51.0,47.0,42.0,44.0,42.0
2025-12-25T11:19:51.886621,7722.023,2772,Pinky,motor_9_open,51.0,34.625,4,30.0,29.0,28.0,30.0,30.0,28.0,30.0,30.0,29.0,32.0,32.0,51.0,47.0,42.0,44.0,42.0
2025-12-25T11:19:52.782564,7722.92,2773,Thumb,motor_13_flexed,51.0,34.625,4,30.0,29.0,28.0,30.0,30.0,28.0,30.0,30.0,29.0,32.0,32.0,51.0,47.0,42.0,44.0,42.0
2025-12-25T11:19:54.670465,7724.81,2773,Thumb,motor_13_open,51.0,34.625,4,30.0,29.0,28.0,30.0,30.0,28.0,30.0,30.0,29.0,32.0,32.0,51.0,47.0,42.0,44.0,42.0
2025-12-25T11:19:55.566408,7725.705,2774,Thumb,motor_14_flexed,51.0,34.625,4,30.0,29.0,28.0,30.0,30.0,28.0,30.0,30.0,29.0,32.0,32.0,51.0,47.0,42.0,44.0,42.0
2025-12-25T11:19:57.454289,7727.591,2774,Thumb,motor_14_open,51.0,34.625,4,30.0,29.0,28.0,30.0,30.0,28.0,30.0,30.0,29.0,32.0,32.0,51.0,47.0,42.0,44.0,42.0
2025-12-25T11:19:58.350235,7728.487,2775,Thumb,motor_12_flexed,51.0,34.5,4,30.0,29.0,28.0,30.0,30.0,28.0,30.0,30.0,29.0,32.0,32.0,51.0,47.0,42.0,42.0,42.0
2025-12-25T11:20:00.238090,7730.377,2775,Thumb,motor_12_open,51.0,34.625,4,30.0,29.0,28.0,30.0,30.0,28.0,30.0,30.0,29.0,32.0,32.0,51.0,47.0,42.0,44.0,42.0
2025-12-25T11:20:01.134036,7731.271,2776,Index,motor_2_flexed,51.0,34.625,4,30.0,29.0,28.0,30.0,30.0,28.0,30.0,30.0,29.0,32.0,32.0,51.0,47.0,42.0,44.0,42.0
2025-12-25T11:20:03.021930,7733.159,2776,Index,motor_2_open,51.0,34.625,4,30.0,29.0,28.0,30.0,30.0,28.0,30.0,30.0,29.0,32.0,32.0,51.0,47.0,42.0,44.0,42.0
2025-12-25T11:20:03.917861,7734.054,2777,Index,motor_1_flexed,51.0,34.625,4,30.0,29.0,28.0,30.0,30.0,28.0,30.0,30.0,29.0,32.0,32.0,51.0,47.0,42.0,44.0,42.0
2025-12-25T11:20:05.805763,7735.944,2777,Index,motor_1_open,51.0,34.75,4,30.0,29.0,28.0,30.0,30.0,28.0,30.0,30.0,29.0,32.0,32.0,51.0,47.0,42.0,44.0,44.0
2025-12-25T11:20:06.701701,7736.84,2778,Index,motor_3_flexed,51.0,34.625,4,30.0,29.0,28.0,30.0,30.0,28.0,30.0,30.0,29.0,32.0,32.0,51.0,47.0,42.0,44.0,42.0
2025-12-25T11:20:08.589589,7738.725,2778,Index,motor_3_open,51.0,34.625,4,30.0,29.0,28.0,30.0,30.0,28.0,30.0,30.0,29.0,32.0,32.0,51.0,47.0,42.0,44.0,42.0
2025-12-25T11:20:09.485525,7739.624,2779,Middle,motor_11_flexed,51.0,34.625,4,30.0,29.0,28.0,30.0,30.0,28.0,30.0,30.0,29.0,32.0,32.0,51.0,47.0,42.0,44.0,42.0
2025-12-25T11:20:10.573468,7740.712,2779,Middle,motor_11_flex_hold,51.0,34.625,4,30.0,29.0,28.0,30.0,30.0,28.0,30.0,30.0,29.0,32.0,32.0,51.0,47.0,42.0,44.0,42.0
2025-12-25T11:20:11.373408,7741.513,2779,Middle,motor_11_open,51.0,34.625,4,30.0,29.0,28.0,30.0,30.0,28.0,30.0,30.0,29.0,32.0,32.0,51.0,47.0,42.0,44.0,42.0
2025-12-25T11:20:12.269355,7742.409,2780,Middle,motor_10_flexed,51.0,34.625,4,30.0,29.0,28.0,30.0,30.0,28.0,30.0,30.0,29.0,32.0,32.0,51.0,47.0,42.0,44.0,42.0
2025-12-25T11:20:14.157237,7744.296,2780,Middle,motor_10_open,51.0,34.625,4,30.0,29.0,28.0,30.0,30.0,28.0,30.0,30.0,29.0,32.0,32.0,51.0,47.0,42.0,44.0,42.0
2025-12-25T11:20:15.053185,7745.189,2781,Ring,motor_4_flexed,51.0,34.625,4,30.0,29.0,28.0,30.0,30.0,28.0,30.0,30.0,29.0,32.0,32.0,51.0,47.0,42.0,44.0,42.0
2025-12-25T11:20:16.941095,7747.08,2781,Ring,motor_4_open,51.0,34.625,4,30.0,29.0,28.0,30.0,30.0,28.0,30.0,30.0,29.0,32.0,32.0,51.0,47.0,42.0,44.0,42.0
2025-12-25T11:20:17.837014,7747.975,2782,Ring,motor_5_flexed,51.0,34.625,4,30.0,29.0,28.0,30.0,30.0,28.0,30.0,30.0,29.0,32.0,32.0,51.0,47.0,42.0,44.0,42.0
2025-12-25T11:20:19.724902,7749.864,2782,Ring,motor_5_open,51.0,34.625,4,30.0,29.0,28.0,30.0,30.0,28.0,30.0,30.0,29.0,32.0,32.0,51.0,47.0,42.0,44.0,42.0
2025-12-25T11:20:20.620867,7750.759,2783,Ring,motor_6_flexed,51.0,34.625,4,30.0,29.0,28.0,30.0,30.0,28.0,30.0,30.0,29.0,32.0,32.0,51.0,47.0,42.0,44.0,42.0
2025-12-25T11:20:22.508752,7752.649,2783,Ring,motor_6_open,51.0,34.625,4,30.0,29.0,28.0,30.0,30.0,28.0,30.0,30.0,29.0,32.0,32.0,51.0,47.0,42.0,44.0,42.0
2025-12-25T11:20:23.404693,7753.545,2784,Pinky,motor_7_flexed,51.0,34.625,4,30.0,29.0,28.0,30.0,30.0,28.0,30.0,30.0,29.0,32.0,32.0,51.0,47.0,42.0,44.0,42.0
2025-12-25T11:20:25.292582,7755.432,2784,Pinky,motor_7_open,51.0,34.625,4,30.0,29.0,28.0,30.0,30.0,28.0,30.0,30.0,29.0,32.0,32.0,51.0,47.0,42.0,44.0,42.0
2025-12-25T11:20:26.188523,7756.328,2785,Pinky,motor_8_flexed,51.0,34.625,4,30.0,29.0,28.0,30.0,30.0,28.0,30.0,30.0,29.0,32.0,32.0,51.0,47.0,42.0,44.0,42.0
2025-12-25T11:20:28.076409,7758.215,2785,Pinky,motor_8_open,51.0,34.625,4,30.0,29.0,28.0,30.0,30.0,28.0,30.0,30.0,29.0,32.0,32.0,51.0,47.0,42.0,44.0,42.0
2025-12-25T11:20:28.972318,7759.111,2786,Pinky,motor_9_flexed,51.0,34.5,4,30.0,29.0,28.0,30.0,30.0,28.0,30.0,30.0,29.0,32.0,32.0,51.0,47.0,42.0,44.0,40.0
2025-12-25T11:20:30.860190,7760.998,2786,Pinky,motor_9_open,51.0,34.625,4,30.0,29.0,28.0,30.0,30.0,28.0,30.0,30.0,29.0,32.0,32.0,51.0,47.0,42.0,44.0,42.0
2025-12-25T11:20:31.756141,7761.893,2787,Thumb,motor_13_flexed,51.0,34.625,4,30.0,29.0,28.0,30.0,30.0,28.0,30.0,30.0,29.0,32.0,32.0,51.0,47.0,42.0,44.0,42.0
2025-12-25T11:20:33.644041,7763.782,2787,Thumb,motor_13_open,51.0,34.625,4,30.0,29.0,28.0,30.0,30.0,28.0,30.0,30.0,29.0,32.0,32.0,51.0,47.0,42.0,44.0,42.0
2025-12-25T11:20:34.539978,7764.677,2788,Thumb,motor_14_flexed,51.0,34.625,4,30.0,29.0,28.0,30.0,30.0,28.0,30.0,30.0,29.0,32.0,32.0,51.0,47.0,42.0,44.0,42.0
2025-12-25T11:20:36.427862,7766.568,2788,Thumb,motor_14_open,51.0,34.625,4,30.0,29.0,28.0,30.0,30.0,28.0,30.0,30.0,29.0,32.0,32.0,51.0,47.0,42.0,44.0,42.0
2025-12-25T11:20:37.323805,7767.461,2789,Thumb,motor_12_flexed,51.0,34.625,4,30.0,29.0,28.0,30.0,30.0,28.0,30.0,30.0,29.0,32.0,32.0,51.0,47.0,42.0,44.0,42.0
2025-12-25T11:20:39.211690,7769.349,2789,Thumb,motor_12_open,51.0,34.625,4,30.0,29.0,28.0,30.0,30.0,28.0,30.0,30.0,29.0,32.0,32.0,51.0,47.0,42.0,44.0,42.0
2025-12-25T11:20:40.107628,7770.245,2790,Index,motor_2_flexed,51.0,34.625,4,30.0,29.0,28.0,30.0,30.0,28.0,30.0,30.0,29.0,32.0,32.0,51.0,47.0,42.0,44.0,42.0
2025-12-25T11:20:41.995537,7772.135,2790,Index,motor_2_open,51.0,34.625,4,30.0,29.0,28.0,30.0,30.0,28.0,30.0,30.0,29.0,32.0,32.0,51.0,47.0,42.0,44.0,42.0
2025-12-25T11:20:42.891493,7773.03,2791,Index,motor_1_flexed,51.0,34.625,4,30.0,29.0,28.0,30.0,30.0,28.0,30.0,30.0,29.0,32.0,32.0,51.0,47.0,42.0,44.0,42.0
2025-12-25T11:20:44.779366,7774.916,2791,Index,motor_1_open,51.0,34.625,4,30.0,29.0,28.0,30.0,30.0,28.0,30.0,30.0,29.0,32.0,32.0,51.0,47.0,42.0,44.0,42.0
2025-12-25T11:20:45.675310,7775.813,2792,Index,motor_3_flexed,51.0,34.625,4,30.0,29.0,28.0,30.0,30.0,28.0,30.0,30.0,29.0,32.0,32.0,51.0,47.0,42.0,44.0,42.0
2025-12-25T11:20:47.563201,7777.702,2792,Index,motor_3_open,51.0,34.625,4,30.0,29.0,28.0,30.0,30.0,28.0,30.0,30.0,29.0,32.0,32.0,51.0,47.0,42.0,44.0,42.0
2025-12-25T11:20:48.459138,7778.596,2793,Middle,motor_11_flexed,51.0,34.625,4,30.0,29.0,28.0,30.0,30.0,28.0,30.0,30.0,29.0,32.0,32.0,51.0,47.0,42.0,44.0,42.0
2025-12-25T11:20:50.347024,7780.485,2793,Middle,motor_11_open,51.0,34.625,4,30.0,29.0,28.0,30.0,30.0,28.0,30.0,30.0,29.0,32.0,32.0,51.0,47.0,42.0,44.0,42.0
2025-12-25T11:20:51.242961,7781.379,2794,Middle,motor_10_flexed,51.0,34.5625,4,30.0,29.0,28.0,30.0,30.0,28.0,30.0,30.0,29.0,32.0,32.0,51.0,47.0,42.0,44.0,41.0
2025-12-25T11:20:53.130850,7783.268,2794,Middle,motor_10_open,51.0,34.625,4,30.0,29.0,28.0,30.0,30.0,28.0,30.0,30.0,29.0,32.0,32.0,51.0,47.0,42.0,44.0,42.0
2025-12-25T11:20:54.026798,7784.167,2795,Ring,motor_4_flexed,51.0,34.625,4,30.0,29.0,28.0,30.0,30.0,28.0,30.0,30.0,29.0,32.0,32.0,51.0,47.0,42.0,44.0,42.0
2025-12-25T11:20:55.914664,7786.054,2795,Ring,motor_4_open,51.0,34.625,4,30.0,29.0,28.0,30.0,30.0,28.0,30.0,30.0,29.0,32.0,32.0,51.0,47.0,42.0,44.0,42.0
2025-12-25T11:20:56.810623,7786.947,2796,Ring,motor_5_flexed,51.0,34.625,4,30.0,29.0,28.0,30.0,30.0,28.0,30.0,30.0,29.0,32.0,32.0,51.0,47.0,42.0,44.0,42.0
2025-12-25T11:20:58.698493,7788.836,2796,Ring,motor_5_open,51.0,34.625,4,30.0,29.0,28.0,30.0,30.0,28.0,30.0,30.0,29.0,32.0,32.0,51.0,47.0,42.0,44.0,42.0
2025-12-25T11:20:59.594438,7789.734,2797,Ring,motor_6_flexed,51.0,34.625,4,30.0,29.0,28.0,30.0,30.0,28.0,30.0,30.0,29.0,32.0,32.0,51.0,47.0,42.0,44.0,42.0
2025-12-25T11:21:01.482341,7791.618,2797,Ring,motor_6_open,51.0,34.625,4,30.0,29.0,28.0,30.0,30.0,28.0,30.0,30.0,29.0,32.0,32.0,51.0,47.0,42.0,44.0,42.0
2025-12-25T11:21:02.378257,7792.515,2798,Pinky,motor_7_flexed,51.0,34.625,4,30.0,29.0,28.0,30.0,30.0,28.0,30.0,30.0,29.0,32.0,32.0,51.0,47.0,42.0,44.0,42.0
2025-12-25T11:21:04.266138,7794.399,2798,Pinky,motor_7_open,51.0,34.625,4,30.0,29.0,28.0,30.0,30.0,28.0,30.0,30.0,29.0,32.0,32.0,51.0,47.0,42.0,44.0,42.0
2025-12-25T11:21:05.162093,7795.301,2799,Pinky,motor_8_flexed,51.0,34.625,4,30.0,29.0,28.0,30.0,30.0,28.0,30.0,30.0,29.0,32.0,32.0,51.0,47.0,42.0,44.0,42.0
2025-12-25T11:21:07.049984,7797.19,2799,Pinky,motor_8_open,51.0,34.625,4,30.0,29.0,28.0,30.0,30.0,28.0,30.0,30.0,29.0,32.0,32.0,51.0,47.0,42.0,44.0,42.0
2025-12-25T11:21:07.945926,7798.082,2800,Pinky,motor_9_flexed,51.0,34.625,4,30.0,29.0,28.0,30.0,30.0,28.0,30.0,30.0,29.0,32.0,32.0,51.0,47.0,42.0,44.0,42.0
2025-12-25T11:21:09.849811,7799.985,2800,Pinky,motor_9_open,51.0,34.625,4,30.0,29.0,28.0,30.0,30.0,28.0,30.0,30.0,29.0,32.0,32.0,51.0,47.0,42.0,44.0,42.0
2025-12-25T11:21:10.441778,7800.575,2800,Pinky,motor_9_open_hold,51.0,34.625,4,30.0,29.0,28.0,30.0,30.0,28.0,30.0,30.0,29.0,32.0,32.0,51.0,47.0,42.0,44.0,42.0
2025-12-25T11:21:10.841751,7800.981,2801,Thumb,motor_13_flexed,51.0,34.625,4,30.0,29.0,28.0,30.0,30.0,28.0,30.0,30.0,29.0,32.0,32.0,51.0,47.0,42.0,44.0,42.0
2025-12-25T11:21:12.729636,7802.871,2801,Thumb,motor_13_open,51.0,34.625,4,30.0,29.0,28.0,30.0,30.0,28.0,30.0,30.0,29.0,32.0,32.0,51.0,47.0,42.0,44.0,42.0
2025-12-25T11:21:13.625580,7803.765,2802,Thumb,motor_14_flexed,51.0,34.625,4,30.0,29.0,28.0,30.0,30.0,28.0,30.0,30.0,29.0,32.0,32.0,51.0,47.0,42.0,44.0,42.0
2025-12-25T11:21:15.513465,7805.651,2802,Thumb,motor_14_open,51.0,34.625,4,30.0,29.0,28.0,30.0,30.0,28.0,30.0,30.0,29.0,32.0,32.0,51.0,47.0,42.0,44.0,42.0
2025-12-25T11:21:16.409410,7806.547,2803,Thumb,motor_12_flexed,51.0,34.625,4,30.0,29.0,28.0,30.0,30.0,28.0,30.0,30.0,29.0,32.0,32.0,51.0,47.0,42.0,44.0,42.0
2025-12-25T11:21:18.297296,7808.436,2803,Thumb,motor_12_open,51.0,34.625,4,30.0,29.0,28.0,30.0,30.0,28.0,30.0,30.0,29.0,32.0,32.0,51.0,47.0,42.0,44.0,42.0
2025-12-25T11:21:19.193231,7809.332,2804,Index,motor_2_flexed,51.0,34.625,4,30.0,29.0,28.0,30.0,30.0,28.0,30.0,30.0,29.0,32.0,32.0,51.0,47.0,42.0,44.0,42.0
2025-12-25T11:21:21.081113,7811.218,2804,Index,motor_2_open,51.0,34.625,4,30.0,29.0,28.0,30.0,30.0,28.0,30.0,30.0,29.0,32.0,32.0,51.0,47.0,42.0,44.0,42.0
2025-12-25T11:21:21.977063,7812.116,2805,Index,motor_1_flexed,51.0,34.625,4,30.0,29.0,28.0,30.0,30.0,28.0,30.0,30.0,29.0,32.0,32.0,51.0,47.0,42.0,44.0,42.0
2025-12-25T11:21:23.864954,7814.002,2805,Index,motor_1_open,51.0,34.625,4,30.0,29.0,28.0,30.0,30.0,28.0,30.0,30.0,29.0,32.0,32.0,51.0,47.0,42.0,44.0,42.0
2025-12-25T11:21:24.760899,7814.899,2806,Index,motor_3_flexed,51.0,34.625,4,30.0,29.0,28.0,30.0,30.0,28.0,30.0,30.0,29.0,32.0,32.0,51.0,47.0,42.0,44.0,42.0
2025-12-25T11:21:26.648789,7816.78,2806,Index,motor_3_open,51.0,34.625,4,30.0,29.0,28.0,30.0,30.0,28.0,30.0,30.0,29.0,32.0,32.0,51.0,47.0,42.0,44.0,42.0
2025-12-25T11:21:27.544732,7817.682,2807,Middle,motor_11_flexed,51.0,34.6875,4,31.0,29.0,28.0,30.0,30.0,28.0,30.0,30.0,29.0,32.0,32.0,51.0,47.0,42.0,44.0,42.0
2025-12-25T11:21:29.432617,7819.569,2807,Middle,motor_11_open,51.0,34.5625,4,30.0,29.0,28.0,30.0,30.0,28.0,30.0,30.0,29.0,32.0,32.0,51.0,47.0,42.0,44.0,41.0
2025-12-25T11:21:30.328555,7820.468,2808,Middle,motor_10_flexed,51.0,34.625,4,30.0,29.0,28.0,30.0,30.0,28.0,30.0,30.0,29.0,32.0,32.0,51.0,47.0,42.0,44.0,42.0
2025-12-25T11:21:32.216448,7822.355,2808,Middle,motor_10_open,51.0,34.625,4,30.0,29.0,28.0,30.0,30.0,28.0,30.0,30.0,29.0,32.0,32.0,51.0,47.0,42.0,44.0,42.0
2025-12-25T11:21:33.112392,7823.249,2809,Ring,motor_4_flexed,51.0,34.625,4,30.0,29.0,28.0,30.0,30.0,28.0,30.0,30.0,29.0,32.0,32.0,51.0,47.0,42.0,44.0,42.0
2025-12-25T11:21:35.000278,7825.131,2809,Ring,motor_4_open,51.0,34.4375,4,30.0,29.0,28.0,30.0,30.0,28.0,30.0,30.0,29.0,32.0,32.0,51.0,47.0,42.0,44.0,39.0
2025-12-25T11:21:35.896216,7826.035,2810,Ring,motor_5_flexed,51.0,34.625,4,30.0,29.0,28.0,30.0,30.0,28.0,30.0,30.0,29.0,32.0,32.0,51.0,47.0,42.0,44.0,42.0
2025-12-25T11:21:37.784107,7827.922,2810,Ring,motor_5_open,51.0,34.625,4,30.0,29.0,28.0,30.0,30.0,28.0,30.0,30.0,29.0,32.0,32.0,51.0,47.0,42.0,44.0,42.0
2025-12-25T11:21:38.680054,7828.817,2811,Ring,motor_6_flexed,51.0,34.625,4,30.0,29.0,28.0,30.0,30.0,28.0,30.0,30.0,29.0,32.0,32.0,51.0,47.0,42.0,44.0,42.0
2025-12-25T11:21:40.567949,7830.706,2811,Ring,motor_6_open,51.0,34.625,4,30.0,29.0,28.0,30.0,30.0,28.0,30.0,30.0,29.0,32.0,32.0,51.0,47.0,42.0,44.0,42.0
2025-12-25T11:21:41.463881,7831.602,2812,Pinky,motor_7_flexed,51.0,34.625,4,30.0,29.0,28.0,30.0,30.0,28.0,30.0,30.0,29.0,32.0,32.0,51.0,47.0,42.0,44.0,42.0
2025-12-25T11:21:43.351774,7833.492,2812,Pinky,motor_7_open,51.0,34.625,4,30.0,29.0,28.0,30.0,30.0,28.0,30.0,30.0,29.0,32.0,32.0,51.0,47.0,42.0,44.0,42.0
2025-12-25T11:21:44.247712,7834.386,2813,Pinky,motor_8_flexed,51.0,34.5625,4,30.0,29.0,28.0,30.0,30.0,28.0,30.0,30.0,29.0,32.0,32.0,51.0,47.0,42.0,44.0,41.0
2025-12-25T11:21:46.135593,7836.272,2813,Pinky,motor_8_open,51.0,34.625,4,30.0,29.0,28.0,30.0,30.0,28.0,30.0,30.0,29.0,32.0,32.0,51.0,47.0,42.0,44.0,42.0
2025-12-25T11:21:47.031535,7837.17,2814,Pinky,motor_9_flexed,51.0,34.625,4,30.0,29.0,28.0,30.0,30.0,28.0,30.0,30.0,29.0,32.0,32.0,51.0,47.0,42.0,44.0,42.0
2025-12-25T11:21:48.919420,7839.059,2814,Pinky,motor_9_open,51.0,34.625,4,30.0,29.0,28.0,30.0,30.0,28.0,30.0,30.0,29.0,32.0,32.0,51.0,47.0,42.0,44.0,42.0
2025-12-25T11:21:49.815379,7839.951,2815,Thumb,motor_13_flexed,51.0,34.5625,4,30.0,29.0,28.0,30.0,30.0,28.0,30.0,30.0,29.0,32.0,32.0,51.0,47.0,42.0,44.0,41.0
2025-12-25T11:21:51.703262,7841.84,2815,Thumb,motor_13_open,51.0,34.625,4,30.0,29.0,28.0,30.0,30.0,28.0,30.0,30.0,29.0,32.0,32.0,51.0,47.0,42.0,44.0,42.0
2025-12-25T11:21:52.599206,7842.737,2816,Thumb,motor_14_flexed,51.0,34.5625,4,30.0,29.0,28.0,30.0,30.0,28.0,30.0,30.0,29.0,32.0,32.0,51.0,47.0,42.0,44.0,41.0
2025-12-25T11:21:54.487106,7844.626,2816,Thumb,motor_14_open,51.0,34.625,4,30.0,29.0,28.0,30.0,30.0,28.0,30.0,30.0,29.0,32.0,32.0,51.0,47.0,42.0,44.0,42.0
2025-12-25T11:21:55.383037,7845.52,2817,Thumb,motor_12_flexed,51.0,34.625,4,30.0,29.0,28.0,30.0,30.0,28.0,30.0,30.0,29.0,32.0,32.0,51.0,47.0,42.0,44.0,42.0
2025-12-25T11:21:57.270918,7847.409,2817,Thumb,motor_12_open,51.0,34.625,4,30.0,29.0,28.0,30.0,30.0,28.0,30.0,30.0,29.0,32.0,32.0,51.0,47.0,42.0,44.0,42.0
2025-12-25T11:21:58.166864,7848.303,2818,Index,motor_2_flexed,51.0,34.625,4,30.0,29.0,28.0,30.0,30.0,28.0,30.0,30.0,29.0,32.0,32.0,51.0,47.0,42.0,44.0,42.0
2025-12-25T11:22:00.054750,7850.194,2818,Index,motor_2_open,51.0,34.625,4,30.0,29.0,28.0,30.0,30.0,28.0,30.0,30.0,29.0,32.0,32.0,51.0,47.0,42.0,44.0,42.0
2025-12-25T11:22:00.950696,7851.089,2819,Index,motor_1_flexed,51.0,34.625,4,30.0,29.0,28.0,30.0,30.0,28.0,30.0,30.0,29.0,32.0,32.0,51.0,47.0,42.0,44.0,42.0
2025-12-25T11:22:02.838579,7852.975,2819,Index,motor_1_open,51.0,34.5625,4,30.0,29.0,28.0,30.0,30.0,28.0,30.0,30.0,29.0,32.0,32.0,51.0,47.0,42.0,44.0,41.0
2025-12-25T11:22:03.734542,7853.872,2820,Index,motor_3_flexed,51.0,34.625,4,30.0,29.0,28.0,30.0,30.0,28.0,30.0,30.0,29.0,32.0,32.0,51.0,47.0,42.0,44.0,42.0
2025-12-25T11:22:05.622409,7855.761,2820,Index,motor_3_open,51.0,34.625,4,30.0,29.0,28.0,30.0,30.0,28.0,30.0,30.0,29.0,32.0,32.0,51.0,47.0,42.0,44.0,42.0
2025-12-25T11:22:06.518353,7856.658,2821,Middle,motor_11_flexed,51.0,34.625,4,30.0,29.0,28.0,30.0,30.0,28.0,30.0,30.0,29.0,32.0,32.0,51.0,47.0,42.0,44.0,42.0
2025-12-25T11:22:08.406241,7858.545,2821,Middle,motor_11_open,51.0,34.625,4,30.0,29.0,28.0,30.0,30.0,28.0,30.0,30.0,29.0,32.0,32.0,51.0,47.0,42.0,44.0,42.0
2025-12-25T11:22:09.302190,7859.438,2822,Middle,motor_10_flexed,51.0,34.5625,4,30.0,29.0,28.0,30.0,30.0,28.0,30.0,30.0,29.0,32.0,32.0,51.0,47.0,42.0,44.0,41.0
2025-12-25T11:22:10.390122,7860.529,2822,Middle,motor_10_flex_hold,51.0,34.5625,4,30.0,29.0,28.0,30.0,30.0,28.0,30.0,30.0,29.0,32.0,32.0,51.0,47.0,42.0,44.0,41.0
2025-12-25T11:22:11.190073,7861.328,2822,Middle,motor_10_open,51.0,34.5625,4,30.0,29.0,28.0,30.0,30.0,28.0,30.0,30.0,29.0,32.0,32.0,51.0,47.0,42.0,44.0,41.0
2025-12-25T11:22:12.086022,7862.223,2823,Ring,motor_4_flexed,51.0,34.5625,4,30.0,29.0,28.0,30.0,30.0,28.0,30.0,30.0,29.0,32.0,32.0,51.0,47.0,42.0,44.0,41.0
2025-12-25T11:22:13.973914,7864.111,2823,Ring,motor_4_open,51.0,34.5625,4,30.0,29.0,28.0,30.0,30.0,28.0,30.0,30.0,29.0,32.0,32.0,51.0,47.0,42.0,44.0,41.0
2025-12-25T11:22:14.869859,7865.007,2824,Ring,motor_5_flexed,51.0,34.625,4,30.0,29.0,28.0,30.0,30.0,28.0,30.0,30.0,29.0,32.0,32.0,51.0,47.0,42.0,44.0,42.0
2025-12-25T11:22:16.757744,7866.895,2824,Ring,motor_5_open,51.0,34.5625,4,30.0,29.0,28.0,30.0,30.0,28.0,30.0,30.0,29.0,32.0,32.0,51.0,47.0,42.0,44.0,41.0
2025-12-25T11:22:17.653690,7867.792,2825,Ring,motor_6_flexed,51.0,34.625,4,30.0,29.0,28.0,30.0,30.0,28.0,30.0,30.0,29.0,32.0,32.0,51.0,47.0,42.0,44.0,42.0
2025-12-25T11:22:19.541576,7869.679,2825,Ring,motor_6_open,51.0,34.625,4,30.0,29.0,28.0,30.0,30.0,28.0,30.0,30.0,29.0,32.0,32.0,51.0,47.0,42.0,44.0,42.0
2025-12-25T11:22:20.437511,7870.573,2826,Pinky,motor_7_flexed,51.0,34.625,4,30.0,29.0,28.0,30.0,30.0,28.0,30.0,30.0,29.0,32.0,32.0,51.0,47.0,42.0,44.0,42.0
2025-12-25T11:22:22.325395,7872.457,2826,Pinky,motor_7_open,51.0,34.625,4,30.0,29.0,28.0,30.0,30.0,28.0,30.0,30.0,29.0,32.0,32.0,51.0,47.0,42.0,44.0,42.0
2025-12-25T11:22:23.221342,7873.36,2827,Pinky,motor_8_flexed,51.0,34.625,4,30.0,29.0,28.0,30.0,30.0,28.0,30.0,30.0,29.0,32.0,32.0,51.0,47.0,42.0,44.0,42.0
2025-12-25T11:22:25.109218,7875.241,2827,Pinky,motor_8_open,51.0,34.625,4,30.0,29.0,28.0,30.0,30.0,28.0,30.0,30.0,29.0,32.0,32.0,51.0,47.0,42.0,44.0,42.0
2025-12-25T11:22:26.005175,7876.142,2828,Pinky,motor_9_flexed,51.0,34.625,4,30.0,29.0,28.0,30.0,30.0,28.0,30.0,30.0,29.0,32.0,32.0,51.0,47.0,42.0,44.0,42.0
2025-12-25T11:22:27.893072,7878.031,2828,Pinky,motor_9_open,51.0,34.625,4,30.0,29.0,28.0,30.0,30.0,28.0,30.0,30.0,29.0,32.0,32.0,51.0,47.0,42.0,44.0,42.0
2025-12-25T11:22:28.789019,7878.927,2829,Thumb,motor_13_flexed,51.0,34.4375,4,30.0,29.0,28.0,30.0,30.0,28.0,30.0,30.0,29.0,32.0,32.0,51.0,47.0,42.0,44.0,39.0
2025-12-25T11:22:30.676900,7880.815,2829,Thumb,motor_13_open,51.0,34.8125,4,30.0,29.0,28.0,30.0,30.0,28.0,30.0,30.0,29.0,32.0,32.0,51.0,47.0,42.0,45.0,44.0
2025-12-25T11:22:31.572844,7881.709,2830,Thumb,motor_14_flexed,51.0,34.625,4,30.0,29.0,28.0,30.0,30.0,28.0,30.0,30.0,29.0,32.0,32.0,51.0,47.0,42.0,44.0,42.0
2025-12-25T11:22:33.460732,7883.6,2830,Thumb,motor_14_open,51.0,34.625,4,30.0,29.0,28.0,30.0,30.0,28.0,30.0,30.0,29.0,32.0,32.0,51.0,47.0,42.0,44.0,42.0
2025-12-25T11:22:34.356676,7884.495,2831,Thumb,motor_12_flexed,51.0,34.625,4,30.0,29.0,28.0,30.0,30.0,28.0,30.0,30.0,29.0,32.0,32.0,51.0,47.0,42.0,44.0,42.0
2025-12-25T11:22:36.244556,7886.383,2831,Thumb,motor_12_open,51.0,34.625,4,30.0,29.0,28.0,30.0,30.0,28.0,30.0,30.0,29.0,32.0,32.0,51.0,47.0,42.0,44.0,42.0
2025-12-25T11:22:37.140508,7887.278,2832,Index,motor_2_flexed,51.0,34.625,4,30.0,29.0,28.0,30.0,30.0,28.0,30.0,30.0,29.0,32.0,32.0,51.0,47.0,42.0,44.0,42.0
2025-12-25T11:22:39.028404,7889.167,2832,Index,motor_2_open,51.0,34.625,4,30.0,29.0,28.0,30.0,30.0,28.0,30.0,30.0,29.0,32.0,32.0,51.0,47.0,42.0,44.0,42.0
2025-12-25T11:22:39.924346,7890.061,2833,Index,motor_1_flexed,51.0,34.625,4,30.0,29.0,28.0,30.0,30.0,28.0,30.0,30.0,29.0,32.0,32.0,51.0,47.0,42.0,44.0,42.0
2025-12-25T11:22:41.812233,7891.95,2833,Index,motor_1_open,51.0,34.625,4,30.0,29.0,28.0,30.0,30.0,28.0,30.0,30.0,29.0,32.0,32.0,51.0,47.0,42.0,44.0,42.0
2025-12-25T11:22:42.708186,7892.846,2834,Index,motor_3_flexed,51.0,34.625,4,30.0,29.0,28.0,30.0,30.0,28.0,30.0,30.0,29.0,32.0,32.0,51.0,47.0,42.0,44.0,42.0
2025-12-25T11:22:44.596066,7894.732,2834,Index,motor_3_open,51.0,34.625,4,30.0,29.0,28.0,30.0,30.0,28.0,30.0,30.0,29.0,32.0,32.0,51.0,47.0,42.0,44.0,42.0
2025-12-25T11:22:45.492013,7895.63,2835,Middle,motor_11_flexed,51.0,34.5625,4,30.0,29.0,28.0,30.0,30.0,28.0,30.0,30.0,29.0,32.0,32.0,51.0,47.0,42.0,44.0,41.0
2025-12-25T11:22:47.379906,7897.517,2835,Middle,motor_11_open,51.0,34.625,4,30.0,29.0,28.0,30.0,30.0,28.0,30.0,30.0,29.0,32.0,32.0,51.0,47.0,42.0,44.0,42.0
2025-12-25T11:22:48.275846,7898.415,2836,Middle,motor_10_flexed,51.0,34.625,4,30.0,29.0,28.0,30.0,30.0,28.0,30.0,30.0,29.0,32.0,32.0,51.0,47.0,42.0,44.0,42.0
2025-12-25T11:22:50.163726,7900.301,2836,Middle,motor_10_open,51.0,34.625,4,30.0,29.0,28.0,30.0,30.0,28.0,30.0,30.0,29.0,32.0,32.0,51.0,47.0,42.0,44.0,42.0
2025-12-25T11:22:51.059674,7901.195,2837,Ring,motor_4_flexed,51.0,34.6875,4,30.0,29.0,28.0,30.0,30.0,28.0,30.0,30.0,29.0,32.0,32.0,51.0,48.0,42.0,44.0,42.0
2025-12-25T11:22:52.947558,7903.086,2837,Ring,motor_4_open,51.0,34.6875,4,30.0,29.0,28.0,30.0,30.0,28.0,30.0,30.0,29.0,32.0,32.0,51.0,48.0,42.0,44.0,42.0
2025-12-25T11:22:53.843504,7903.98,2838,Ring,motor_5_flexed,51.0,34.6875,4,30.0,29.0,28.0,30.0,30.0,28.0,30.0,30.0,29.0,32.0,32.0,51.0,48.0,42.0,44.0,42.0
2025-12-25T11:22:55.731392,7905.869,2838,Ring,motor_5_open,51.0,34.6875,4,30.0,29.0,28.0,30.0,30.0,28.0,30.0,30.0,29.0,32.0,32.0,51.0,48.0,42.0,44.0,42.0
2025-12-25T11:22:56.627345,7906.764,2839,Ring,motor_6_flexed,51.0,34.625,4,30.0,29.0,28.0,30.0,30.0,28.0,30.0,30.0,29.0,32.0,32.0,51.0,48.0,42.0,44.0,41.0
2025-12-25T11:22:58.515223,7908.653,2839,Ring,motor_6_open,51.0,34.6875,4,30.0,29.0,28.0,30.0,30.0,28.0,30.0,30.0,29.0,32.0,32.0,51.0,48.0,42.0,44.0,42.0
2025-12-25T11:22:59.411173,7909.552,2840,Pinky,motor_7_flexed,51.0,34.625,4,30.0,29.0,28.0,30.0,29.0,28.0,30.0,30.0,29.0,32.0,32.0,51.0,48.0,42.0,44.0,42.0
2025-12-25T11:23:01.299067,7911.437,2840,Pinky,motor_7_open,51.0,34.625,4,30.0,29.0,28.0,30.0,30.0,28.0,30.0,30.0,29.0,32.0,32.0,51.0,48.0,42.0,44.0,41.0
2025-12-25T11:23:02.195001,7912.332,2841,Pinky,motor_8_flexed,51.0,34.6875,4,30.0,29.0,28.0,30.0,30.0,28.0,30.0,30.0,29.0,32.0,32.0,51.0,48.0,42.0,44.0,42.0
2025-12-25T11:23:04.082891,7914.22,2841,Pinky,motor_8_open,51.0,34.6875,4,30.0,29.0,28.0,30.0,30.0,28.0,30.0,30.0,29.0,32.0,32.0,51.0,48.0,42.0,44.0,42.0
2025-12-25T11:23:04.978839,7915.116,2842,Pinky,motor_9_flexed,51.0,34.6875,4,30.0,29.0,28.0,30.0,30.0,28.0,30.0,30.0,29.0,32.0,32.0,51.0,48.0,42.0,44.0,42.0
2025-12-25T11:23:06.866735,7917.003,2842,Pinky,motor_9_open,51.0,34.6875,4,30.0,29.0,28.0,30.0,30.0,28.0,30.0,30.0,29.0,32.0,32.0,51.0,48.0,42.0,44.0,42.0
2025-12-25T11:23:07.762679,7917.901,2843,Thumb,motor_13_flexed,51.0,34.625,4,30.0,29.0,28.0,30.0,30.0,28.0,30.0,30.0,29.0,32.0,32.0,51.0,48.0,42.0,44.0,41.0
2025-12-25T11:23:09.650555,7919.785,2843,Thumb,motor_13_open,51.0,34.6875,4,30.0,29.0,28.0,30.0,30.0,28.0,30.0,30.0,29.0,32.0,32.0,51.0,48.0,42.0,44.0,42.0
2025-12-25T11:23:10.242520,7920.376,2843,Thumb,motor_13_open_hold,51.0,34.6875,4,30.0,29.0,28.0,30.0,30.0,28.0,30.0,30.0,29.0,32.0,32.0,51.0,48.0,42.0,44.0,42.0
2025-12-25T11:23:10.642510,7920.777,2844,Thumb,motor_14_flexed,51.0,34.6875,4,30.0,29.0,28.0,30.0,30.0,28.0,30.0,30.0,29.0,32.0,32.0,51.0,48.0,42.0,44.0,42.0
2025-12-25T11:23:12.530384,7922.669,2844,Thumb,motor_14_open,51.0,34.6875,4,30.0,29.0,28.0,30.0,30.0,28.0,30.0,30.0,29.0,32.0,32.0,51.0,48.0,42.0,44.0,42.0
2025-12-25T11:23:13.426329,7923.566,2845,Thumb,motor_12_flexed,51.0,34.6875,4,30.0,29.0,28.0,30.0,30.0,28.0,30.0,30.0,29.0,32.0,32.0,51.0,48.0,42.0,44.0,42.0
2025-12-25T11:23:15.314225,7925.453,2845,Thumb,motor_12_open,51.0,34.6875,4,30.0,29.0,28.0,30.0,30.0,28.0,30.0,30.0,29.0,32.0,32.0,51.0,48.0,42.0,44.0,42.0
2025-12-25T11:23:16.210171,7926.347,2846,Index,motor_2_flexed,51.0,34.6875,4,30.0,29.0,28.0,30.0,30.0,28.0,30.0,30.0,29.0,32.0,32.0,51.0,48.0,42.0,44.0,42.0
2025-12-25T11:23:18.098057,7928.237,2846,Index,motor_2_open,51.0,34.6875,4,30.0,29.0,28.0,30.0,30.0,28.0,30.0,30.0,29.0,32.0,32.0,51.0,48.0,42.0,44.0,42.0
2025-12-25T11:23:18.994005,7929.134,2847,Index,motor_1_flexed,51.0,34.75,4,30.0,29.0,28.0,30.0,30.0,28.0,30.0,30.0,29.0,32.0,32.0,51.0,48.0,42.0,44.0,43.0
2025-12-25T11:23:20.881889,7931.014,2847,Index,motor_1_open,51.0,34.625,4,30.0,29.0,28.0,30.0,30.0,28.0,30.0,30.0,29.0,32.0,32.0,51.0,47.0,42.0,44.0,42.0
2025-12-25T11:23:21.777838,7931.917,2848,Index,motor_3_flexed,51.0,34.625,4,30.0,29.0,28.0,30.0,30.0,28.0,30.0,30.0,29.0,32.0,32.0,51.0,47.0,42.0,44.0,42.0
2025-12-25T11:23:23.665726,7933.804,2848,Index,motor_3_open,51.0,34.625,4,30.0,29.0,28.0,30.0,30.0,28.0,30.0,30.0,29.0,32.0,32.0,51.0,47.0,42.0,44.0,42.0
2025-12-25T11:23:24.561672,7934.699,2849,Middle,motor_11_flexed,51.0,34.75,4,30.0,29.0,28.0,30.0,30.0,28.0,30.0,30.0,29.0,32.0,32.0,51.0,47.0,42.0,44.0,44.0
2025-12-25T11:23:26.449558,7936.588,2849,Middle,motor_11_open,51.0,34.625,4,30.0,29.0,28.0,30.0,30.0,28.0,30.0,30.0,29.0,32.0,32.0,51.0,47.0,42.0,44.0,42.0
2025-12-25T11:23:27.345505,7937.482,2850,Middle,motor_10_flexed,51.0,34.5625,4,30.0,29.0,28.0,30.0,30.0,28.0,30.0,30.0,29.0,32.0,32.0,51.0,47.0,42.0,44.0,41.0
2025-12-25T11:23:29.233394,7939.372,2850,Middle,motor_10_open,51.0,34.625,4,30.0,29.0,28.0,30.0,30.0,28.0,30.0,30.0,29.0,32.0,32.0,51.0,47.0,42.0,44.0,42.0
2025-12-25T11:23:30.129338,7940.269,2851,Ring,motor_4_flexed,51.0,34.625,4,30.0,29.0,28.0,30.0,30.0,28.0,30.0,30.0,29.0,32.0,32.0,51.0,47.0,42.0,44.0,42.0
2025-12-25T11:23:32.017244,7942.148,2851,Ring,motor_4_open,51.0,34.5625,4,30.0,29.0,28.0,30.0,30.0,28.0,30.0,30.0,29.0,32.0,32.0,51.0,47.0,42.0,44.0,41.0
2025-12-25T11:23:32.913193,7943.05,2852,Ring,motor_5_flexed,51.0,34.625,4,30.0,29.0,28.0,30.0,30.0,28.0,30.0,30.0,29.0,32.0,32.0,51.0,47.0,42.0,44.0,42.0
2025-12-25T11:23:34.801077,7944.939,2852,Ring,motor_5_open,51.0,34.75,4,30.0,29.0,28.0,30.0,30.0,28.0,30.0,30.0,29.0,32.0,32.0,51.0,47.0,42.0,44.0,44.0
2025-12-25T11:23:35.697026,7945.835,2853,Ring,motor_6_flexed,51.0,34.625,4,30.0,29.0,28.0,30.0,30.0,28.0,30.0,30.0,29.0,32.0,32.0,51.0,47.0,42.0,44.0,42.0
2025-12-25T11:23:37.584912,7947.722,2853,Ring,motor_6_open,51.0,34.625,4,30.0,29.0,28.0,30.0,30.0,28.0,30.0,30.0,29.0,32.0,32.0,51.0,47.0,42.0,44.0,42.0
2025-12-25T11:23:38.480847,7948.618,2854,Pinky,motor_7_flexed,51.0,34.625,4,30.0,29.0,28.0,30.0,30.0,28.0,30.0,30.0,29.0,32.0,32.0,51.0,47.0,42.0,44.0,42.0
2025-12-25T11:23:40.368750,7950.506,2854,Pinky,motor_7_open,51.0,34.625,4,30.0,29.0,28.0,30.0,30.0,28.0,30.0,30.0,29.0,32.0,32.0,51.0,47.0,42.0,44.0,42.0
2025-12-25T11:23:41.264692,7951.404,2855,Pinky,motor_8_flexed,51.0,34.6875,4,30.0,29.0,28.0,30.0,30.0,28.0,30.0,30.0,29.0,32.0,32.0,51.0,47.0,42.0,44.0,43.0
2025-12-25T11:23:43.152571,7953.291,2855,Pinky,motor_8_open,51.0,34.625,4,30.0,29.0,28.0,30.0,30.0,28.0,30.0,30.0,29.0,32.0,32.0,51.0,47.0,42.0,44.0,42.0
2025-12-25T11:23:44.048516,7954.185,2856,Pinky,motor_9_flexed,51.0,34.5,4,30.0,29.0,28.0,30.0,30.0,28.0,30.0,30.0,29.0,32.0,32.0,51.0,47.0,42.0,44.0,40.0
2025-12-25T11:23:45.936386,7956.072,2856,Pinky,motor_9_open,51.0,34.625,4,30.0,29.0,28.0,30.0,30.0,28.0,30.0,30.0,29.0,32.0,32.0,51.0,47.0,42.0,44.0,42.0
2025-12-25T11:23:46.832323,7956.97,2857,Thumb,motor_13_flexed,51.0,34.625,4,30.0,29.0,28.0,30.0,30.0,28.0,30.0,30.0,29.0,32.0,32.0,51.0,47.0,42.0,44.0,42.0
2025-12-25T11:23:48.720234,7958.859,2857,Thumb,motor_13_open,51.0,34.625,4,30.0,29.0,28.0,30.0,30.0,28.0,30.0,30.0,29.0,32.0,32.0,51.0,47.0,42.0,44.0,42.0
2025-12-25T11:23:49.616185,7959.755,2858,Thumb,motor_14_flexed,51.0,34.625,4,30.0,29.0,28.0,30.0,30.0,28.0,30.0,30.0,29.0,32.0,32.0,51.0,47.0,42.0,44.0,42.0
2025-12-25T11:23:51.504067,7961.643,2858,Thumb,motor_14_open,51.0,34.625,4,30.0,29.0,28.0,30.0,30.0,28.0,30.0,30.0,29.0,32.0,32.0,51.0,47.0,42.0,44.0,42.0
2025-12-25T11:23:52.400011,7962.534,2859,Thumb,motor_12_flexed,51.0,34.625,4,30.0,29.0,28.0,30.0,30.0,28.0,30.0,30.0,29.0,32.0,32.0,51.0,47.0,42.0,44.0,42.0
2025-12-25T11:23:54.287910,7964.426,2859,Thumb,motor_12_open,51.0,34.625,4,30.0,29.0,28.0,30.0,30.0,28.0,30.0,30.0,29.0,32.0,32.0,51.0,47.0,42.0,44.0,42.0
2025-12-25T11:23:55.183836,7965.323,2860,Index,motor_2_flexed,51.0,34.625,4,30.0,29.0,28.0,30.0,30.0,28.0,30.0,30.0,29.0,32.0,32.0,51.0,47.0,42.0,44.0,42.0
2025-12-25T11:23:57.071725,7967.21,2860,Index,motor_2_open,51.0,34.625,4,30.0,29.0,28.0,30.0,30.0,28.0,30.0,30.0,29.0,32.0,32.0,51.0,47.0,42.0,44.0,42.0
2025-12-25T11:23:57.967670,7968.102,2861,Index,motor_1_flexed,51.0,34.625,4,30.0,29.0,28.0,30.0,30.0,28.0,30.0,30.0,29.0,32.0,32.0,51.0,47.0,42.0,44.0,42.0
2025-12-25T11:23:59.871556,7970.01,2861,Index,motor_1_open,51.0,34.625,4,30.0,29.0,28.0,30.0,30.0,28.0,30.0,30.0,29.0,32.0,32.0,51.0,47.0,42.0,44.0,42.0
2025-12-25T11:24:00.767503,7970.899,2862,Index,motor_3_flexed,51.0,34.625,4,30.0,29.0,28.0,30.0,30.0,28.0,30.0,30.0,29.0,32.0,32.0,51.0,47.0,42.0,44.0,42.0
2025-12-25T11:24:02.655391,7972.786,2862,Index,motor_3_open,51.0,34.5625,4,30.0,29.0,28.0,30.0,30.0,28.0,30.0,30.0,29.0,32.0,32.0,51.0,47.0,42.0,44.0,41.0
2025-12-25T11:24:03.551347,7973.682,2863,Middle,motor_11_flexed,51.0,34.6875,4,30.0,29.0,28.0,30.0,30.0,28.0,30.0,30.0,29.0,32.0,32.0,51.0,47.0,42.0,44.0,43.0
2025-12-25T11:24:05.439225,7975.57,2863,Middle,motor_11_open,51.0,34.625,4,30.0,29.0,28.0,30.0,30.0,28.0,30.0,30.0,29.0,32.0,32.0,51.0,47.0,42.0,44.0,42.0
2025-12-25T11:24:06.335186,7976.473,2864,Middle,motor_10_flexed,51.0,34.6875,4,30.0,29.0,28.0,30.0,30.0,28.0,30.0,30.0,29.0,32.0,32.0,51.0,47.0,42.0,44.0,43.0
2025-12-25T11:24:08.223086,7978.364,2864,Middle,motor_10_open,51.0,34.625,4,30.0,29.0,28.0,30.0,30.0,28.0,30.0,30.0,29.0,32.0,32.0,51.0,47.0,42.0,44.0,42.0
2025-12-25T11:24:09.119022,7979.256,2865,Ring,motor_4_flexed,51.0,34.625,4,30.0,29.0,28.0,30.0,30.0,28.0,30.0,30.0,29.0,32.0,32.0,51.0,47.0,42.0,44.0,42.0
2025-12-25T11:24:10.206947,7980.345,2865,Ring,motor_4_flex_hold,51.0,34.625,4,30.0,29.0,28.0,30.0,30.0,28.0,30.0,30.0,29.0,32.0,32.0,51.0,47.0,42.0,44.0,42.0
2025-12-25T11:24:11.006896,7981.14,2865,Ring,motor_4_open,51.0,34.625,4,30.0,29.0,28.0,30.0,30.0,28.0,30.0,30.0,29.0,32.0,32.0,51.0,47.0,42.0,44.0,42.0
2025-12-25T11:24:11.902842,7982.041,2866,Ring,motor_5_flexed,51.0,34.5625,4,30.0,29.0,28.0,30.0,30.0,28.0,30.0,30.0,29.0,32.0,32.0,51.0,47.0,42.0,44.0,41.0
2025-12-25T11:24:13.790743,7983.929,2866,Ring,motor_5_open,51.0,34.625,4,30.0,29.0,28.0,30.0,30.0,28.0,30.0,30.0,29.0,32.0,32.0,51.0,47.0,42.0,44.0,42.0
2025-12-25T11:24:14.686688,7984.824,2867,Ring,motor_6_flexed,51.0,34.5625,4,30.0,29.0,28.0,30.0,30.0,28.0,30.0,30.0,29.0,32.0,32.0,51.0,47.0,42.0,44.0,41.0
2025-12-25T11:24:16.574579,7986.711,2867,Ring,motor_6_open,51.0,34.625,4,30.0,29.0,28.0,30.0,30.0,28.0,30.0,30.0,29.0,32.0,32.0,51.0,47.0,42.0,44.0,42.0
2025-12-25T11:24:17.470541,7987.609,2868,Pinky,motor_7_flexed,51.0,34.625,4,30.0,29.0,28.0,30.0,30.0,28.0,30.0,30.0,29.0,32.0,32.0,51.0,47.0,42.0,44.0,42.0
2025-12-25T11:24:19.358414,7989.497,2868,Pinky,motor_7_open,51.0,34.625,4,30.0,29.0,28.0,30.0,30.0,28.0,30.0,30.0,29.0,32.0,32.0,51.0,47.0,42.0,44.0,42.0
2025-12-25T11:24:20.254360,7990.39,2869,Pinky,motor_8_flexed,51.0,34.625,4,30.0,29.0,28.0,30.0,30.0,28.0,30.0,30.0,29.0,32.0,32.0,51.0,47.0,42.0,44.0,42.0
2025-12-25T11:24:22.142267,7992.28,2869,Pinky,motor_8_open,51.0,34.625,4,30.0,29.0,28.0,30.0,30.0,28.0,30.0,30.0,29.0,32.0,32.0,51.0,47.0,42.0,44.0,42.0
2025-12-25T11:24:23.038194,7993.177,2870,Pinky,motor_9_flexed,51.0,34.5625,4,30.0,29.0,28.0,30.0,30.0,28.0,30.0,30.0,29.0,32.0,32.0,51.0,47.0,42.0,44.0,41.0
2025-12-25T11:24:24.926083,7995.064,2870,Pinky,motor_9_open,51.0,34.625,4,30.0,29.0,28.0,30.0,30.0,28.0,30.0,30.0,29.0,32.0,32.0,51.0,47.0,42.0,44.0,42.0
2025-12-25T11:24:25.822023,7995.959,2871,Thumb,motor_13_flexed,51.0,34.625,4,30.0,29.0,28.0,30.0,30.0,28.0,30.0,30.0,29.0,32.0,32.0,51.0,47.0,42.0,44.0,42.0
2025-12-25T11:24:27.709918,7997.848,2871,Thumb,motor_13_open,51.0,34.625,4,30.0,29.0,28.0,30.0,30.0,28.0,30.0,30.0,29.0,32.0,32.0,51.0,47.0,42.0,44.0,42.0
2025-12-25T11:24:28.605865,7998.745,2872,Thumb,motor_14_flexed,51.0,34.625,4,30.0,29.0,28.0,30.0,30.0,28.0,30.0,30.0,29.0,32.0,32.0,51.0,47.0,42.0,44.0,42.0
2025-12-25T11:24:30.493753,8000.632,2872,Thumb,motor_14_open,51.0,34.625,4,30.0,29.0,28.0,30.0,30.0,28.0,30.0,30.0,29.0,32.0,32.0,51.0,47.0,42.0,44.0,42.0
2025-12-25T11:24:31.389703,8001.526,2873,Thumb,motor_12_flexed,51.0,34.625,4,30.0,29.0,28.0,30.0,30.0,28.0,30.0,30.0,29.0,32.0,32.0,51.0,47.0,42.0,44.0,42.0
2025-12-25T11:24:33.277589,8003.415,2873,Thumb,motor_12_open,51.0,34.625,4,30.0,29.0,28.0,30.0,30.0,28.0,30.0,30.0,29.0,32.0,32.0,51.0,47.0,42.0,44.0,42.0
2025-12-25T11:24:34.173537,8004.312,2874,Index,motor_2_flexed,51.0,34.625,4,30.0,29.0,28.0,30.0,30.0,28.0,30.0,30.0,29.0,32.0,32.0,51.0,47.0,42.0,44.0,42.0
2025-12-25T11:24:36.061425,8006.2,2874,Index,motor_2_open,51.0,34.625,4,30.0,29.0,28.0,30.0,30.0,28.0,30.0,30.0,29.0,32.0,32.0,51.0,47.0,42.0,44.0,42.0
2025-12-25T11:24:36.957372,8007.096,2875,Index,motor_1_flexed,51.0,34.5,4,30.0,29.0,28.0,30.0,30.0,28.0,30.0,30.0,29.0,32.0,32.0,51.0,47.0,42.0,43.0,41.0
2025-12-25T11:24:38.845253,8008.983,2875,Index,motor_1_open,51.0,34.5625,4,30.0,29.0,28.0,30.0,30.0,28.0,30.0,30.0,29.0,32.0,32.0,51.0,47.0,42.0,44.0,41.0
2025-12-25T11:24:39.741206,8009.878,2876,Index,motor_3_flexed,51.0,34.625,4,30.0,29.0,28.0,30.0,30.0,28.0,30.0,30.0,29.0,32.0,32.0,51.0,47.0,42.0,44.0,42.0
2025-12-25T11:24:41.629098,8011.768,2876,Index,motor_3_open,51.0,34.5625,4,30.0,29.0,28.0,30.0,30.0,28.0,30.0,30.0,29.0,32.0,32.0,51.0,47.0,42.0,44.0,41.0
2025-12-25T11:24:42.525044,8012.664,2877,Middle,motor_11_flexed,51.0,34.625,4,30.0,29.0,28.0,30.0,30.0,28.0,30.0,30.0,29.0,32.0,32.0,51.0,47.0,42.0,44.0,42.0
2025-12-25T11:24:44.412922,8014.55,2877,Middle,motor_11_open,51.0,34.625,4,30.0,29.0,28.0,30.0,30.0,28.0,30.0,30.0,29.0,32.0,32.0,51.0,47.0,42.0,44.0,42.0
2025-12-25T11:24:45.308880,8015.446,2878,Middle,motor_10_flexed,51.0,34.5625,4,30.0,29.0,28.0,30.0,30.0,28.0,30.0,30.0,29.0,32.0,32.0,51.0,47.0,42.0,44.0,41.0
2025-12-25T11:24:47.196768,8017.334,2878,Middle,motor_10_open,51.0,34.5625,4,30.0,29.0,28.0,30.0,30.0,28.0,30.0,30.0,29.0,32.0,32.0,51.0,47.0,42.0,43.0,42.0
2025-12-25T11:24:48.092715,8018.233,2879,Ring,motor_4_flexed,51.0,34.625,4,30.0,29.0,28.0,30.0,30.0,28.0,30.0,30.0,29.0,32.0,32.0,51.0,47.0,42.0,44.0,42.0
2025-12-25T11:24:49.980603,8020.118,2879,Ring,motor_4_open,51.0,34.625,4,30.0,29.0,28.0,30.0,30.0,28.0,30.0,30.0,29.0,32.0,32.0,51.0,47.0,42.0,44.0,42.0
2025-12-25T11:24:50.876549,8021.014,2880,Ring,motor_5_flexed,51.0,34.625,4,30.0,29.0,28.0,30.0,30.0,28.0,30.0,30.0,29.0,32.0,32.0,51.0,47.0,42.0,44.0,42.0
2025-12-25T11:24:52.764441,8022.904,2880,Ring,motor_5_open,51.0,34.5625,4,30.0,29.0,28.0,30.0,30.0,28.0,30.0,30.0,29.0,32.0,32.0,51.0,47.0,42.0,44.0,41.0
2025-12-25T11:24:53.660378,8023.791,2881,Ring,motor_6_flexed,51.0,34.625,4,30.0,29.0,28.0,30.0,30.0,28.0,30.0,30.0,29.0,32.0,32.0,51.0,47.0,42.0,44.0,42.0
2025-12-25T11:24:55.548273,8025.687,2881,Ring,motor_6_open,51.0,34.5625,4,30.0,29.0,28.0,30.0,30.0,28.0,30.0,30.0,29.0,32.0,32.0,51.0,47.0,42.0,43.0,42.0
2025-12-25T11:24:56.444224,8026.582,2882,Pinky,motor_7_flexed,51.0,34.625,4,30.0,29.0,28.0,30.0,30.0,28.0,30.0,30.0,29.0,32.0,32.0,51.0,47.0,42.0,44.0,42.0
2025-12-25T11:24:58.332111,8028.47,2882,Pinky,motor_7_open,51.0,34.625,4,30.0,29.0,28.0,30.0,30.0,28.0,30.0,30.0,29.0,32.0,32.0,51.0,47.0,42.0,44.0,42.0
2025-12-25T11:24:59.228060,8029.367,2883,Pinky,motor_8_flexed,51.0,34.6875,4,30.0,29.0,28.0,30.0,30.0,28.0,30.0,30.0,29.0,32.0,32.0,51.0,47.0,42.0,46.0,41.0
2025-12-25T11:25:01.115951,8031.255,2883,Pinky,motor_8_open,51.0,34.625,4,30.0,29.0,28.0,30.0,30.0,28.0,30.0,30.0,29.0,32.0,32.0,51.0,47.0,42.0,44.0,42.0
2025-12-25T11:25:02.011893,8032.151,2884,Pinky,motor_9_flexed,51.0,34.625,4,30.0,29.0,28.0,30.0,30.0,28.0,30.0,30.0,29.0,32.0,32.0,51.0,47.0,42.0,44.0,42.0
2025-12-25T11:25:03.899785,8034.039,2884,Pinky,motor_9_open,51.0,34.625,4,30.0,29.0,28.0,30.0,30.0,28.0,30.0,30.0,29.0,32.0,32.0,51.0,47.0,42.0,44.0,42.0
2025-12-25T11:25:04.795728,8034.936,2885,Thumb,motor_13_flexed,51.0,34.625,4,30.0,29.0,28.0,30.0,30.0,28.0,30.0,30.0,29.0,32.0,32.0,51.0,47.0,42.0,44.0,42.0
2025-12-25T11:25:06.683619,8036.821,2885,Thumb,motor_13_open,51.0,34.625,4,30.0,29.0,28.0,30.0,30.0,28.0,30.0,30.0,29.0,32.0,32.0,51.0,47.0,42.0,44.0,42.0
2025-12-25T11:25:07.579566,8037.716,2886,Thumb,motor_14_flexed,51.0,34.625,4,30.0,29.0,28.0,30.0,30.0,28.0,30.0,30.0,29.0,32.0,32.0,51.0,47.0,42.0,44.0,42.0
2025-12-25T11:25:09.467455,8039.605,2886,Thumb,motor_14_open,51.0,34.5625,4,30.0,29.0,28.0,30.0,30.0,28.0,30.0,30.0,29.0,32.0,32.0,51.0,47.0,42.0,44.0,41.0
2025-12-25T11:25:10.059421,8040.194,2886,Thumb,motor_14_open_hold,51.0,34.625,4,30.0,29.0,28.0,30.0,30.0,28.0,30.0,30.0,29.0,32.0,32.0,51.0,47.0,42.0,44.0,42.0
2025-12-25T11:25:10.459410,8040.597,2887,Thumb,motor_12_flexed,51.0,34.625,4,30.0,29.0,28.0,30.0,30.0,28.0,30.0,30.0,29.0,32.0,32.0,51.0,47.0,42.0,44.0,42.0
2025-12-25T11:25:12.347285,8042.485,2887,Thumb,motor_12_open,51.0,34.5625,4,30.0,29.0,28.0,30.0,30.0,28.0,30.0,30.0,29.0,32.0,32.0,51.0,47.0,42.0,44.0,41.0
2025-12-25T11:25:13.243234,8043.382,2888,Index,motor_2_flexed,51.0,34.5625,4,30.0,29.0,28.0,30.0,30.0,28.0,30.0,30.0,29.0,32.0,32.0,51.0,47.0,42.0,44.0,41.0
2025-12-25T11:25:15.131140,8045.268,2888,Index,motor_2_open,51.0,34.625,4,30.0,29.0,28.0,30.0,30.0,28.0,30.0,30.0,29.0,32.0,32.0,51.0,47.0,42.0,44.0,42.0
2025-12-25T11:25:16.027058,8046.165,2889,Index,motor_1_flexed,51.0,34.5625,4,30.0,29.0,28.0,30.0,30.0,28.0,30.0,30.0,29.0,32.0,32.0,51.0,47.0,42.0,44.0,41.0
2025-12-25T11:25:17.914944,8048.052,2889,Index,motor_1_open,51.0,34.625,4,30.0,29.0,28.0,30.0,30.0,28.0,30.0,30.0,29.0,32.0,32.0,51.0,47.0,42.0,44.0,42.0
2025-12-25T11:25:18.810897,8048.944,2890,Index,motor_3_flexed,51.0,34.625,4,30.0,29.0,28.0,30.0,30.0,28.0,30.0,30.0,29.0,32.0,32.0,51.0,47.0,42.0,44.0,42.0
2025-12-25T11:25:20.698797,8050.836,2890,Index,motor_3_open,51.0,34.625,4,30.0,29.0,28.0,30.0,30.0,28.0,30.0,30.0,29.0,32.0,32.0,51.0,47.0,42.0,44.0,42.0
2025-12-25T11:25:21.594741,8051.731,2891,Middle,motor_11_flexed,51.0,34.5,4,30.0,29.0,28.0,30.0,30.0,28.0,30.0,30.0,29.0,32.0,32.0,51.0,47.0,42.0,44.0,40.0
2025-12-25T11:25:23.482631,8053.62,2891,Middle,motor_11_open,51.0,34.625,4,30.0,29.0,28.0,30.0,30.0,28.0,30.0,30.0,29.0,32.0,32.0,51.0,47.0,42.0,44.0,42.0
2025-12-25T11:25:24.378594,8054.518,2892,Middle,motor_10_flexed,51.0,34.625,4,30.0,29.0,28.0,30.0,30.0,28.0,30.0,30.0,29.0,32.0,32.0,51.0,47.0,42.0,44.0,42.0
2025-12-25T11:25:26.266467,8056.406,2892,Middle,motor_10_open,51.0,34.625,4,30.0,29.0,28.0,30.0,30.0,28.0,30.0,30.0,29.0,32.0,32.0,51.0,47.0,42.0,44.0,42.0
2025-12-25T11:25:27.162414,8057.296,2893,Ring,motor_4_flexed,51.0,34.5625,4,30.0,29.0,28.0,30.0,30.0,28.0,30.0,30.0,29.0,32.0,32.0,51.0,47.0,42.0,44.0,41.0
2025-12-25T11:25:29.050306,8059.187,2893,Ring,motor_4_open,51.0,34.625,4,30.0,29.0,28.0,30.0,30.0,28.0,30.0,30.0,29.0,32.0,32.0,51.0,47.0,42.0,44.0,42.0
2025-12-25T11:25:29.946255,8060.084,2894,Ring,motor_5_flexed,51.0,34.625,4,30.0,29.0,28.0,30.0,30.0,28.0,30.0,30.0,29.0,32.0,32.0,51.0,47.0,42.0,44.0,42.0
2025-12-25T11:25:31.834144,8061.971,2894,Ring,motor_5_open,51.0,34.625,4,30.0,29.0,28.0,30.0,30.0,28.0,30.0,30.0,29.0,32.0,32.0,51.0,47.0,42.0,44.0,42.0
2025-12-25T11:25:32.730092,8062.868,2895,Ring,motor_6_flexed,51.0,34.5625,4,30.0,29.0,28.0,30.0,30.0,28.0,30.0,30.0,29.0,32.0,32.0,51.0,47.0,42.0,44.0,41.0
2025-12-25T11:25:34.617980,8064.756,2895,Ring,motor_6_open,51.0,34.625,4,30.0,29.0,28.0,30.0,30.0,28.0,30.0,30.0,29.0,32.0,32.0,51.0,47.0,42.0,44.0,42.0
2025-12-25T11:25:35.513924,8065.652,2896,Pinky,motor_7_flexed,51.0,34.625,4,30.0,29.0,28.0,30.0,30.0,28.0,30.0,30.0,29.0,32.0,32.0,51.0,47.0,42.0,44.0,42.0
2025-12-25T11:25:37.401817,8067.541,2896,Pinky,motor_7_open,51.0,34.625,4,30.0,29.0,28.0,30.0,30.0,28.0,30.0,30.0,29.0,32.0,32.0,51.0,47.0,42.0,44.0,42.0
2025-12-25T11:25:38.297763,8068.435,2897,Pinky,motor_8_flexed,51.0,34.625,4,30.0,29.0,28.0,30.0,30.0,28.0,30.0,30.0,29.0,32.0,32.0,51.0,47.0,42.0,44.0,42.0
2025-12-25T11:25:40.185653,8070.323,2897,Pinky,motor_8_open,51.0,34.625,4,30.0,29.0,28.0,30.0,30.0,28.0,30.0,30.0,29.0,32.0,32.0,51.0,47.0,42.0,44.0,42.0
2025-12-25T11:25:41.081600,8071.219,2898,Pinky,motor_9_flexed,51.0,34.625,4,30.0,29.0,28.0,30.0,30.0,28.0,30.0,30.0,29.0,32.0,32.0,51.0,47.0,42.0,44.0,42.0
2025-12-25T11:25:42.969490,8073.11,2898,Pinky,motor_9_open,51.0,34.625,4,30.0,29.0,28.0,30.0,30.0,28.0,30.0,30.0,29.0,32.0,32.0,51.0,47.0,42.0,44.0,42.0
2025-12-25T11:25:43.865438,8074.004,2899,Thumb,motor_13_flexed,51.0,34.625,4,30.0,29.0,28.0,30.0,30.0,28.0,30.0,30.0,29.0,32.0,32.0,51.0,47.0,42.0,44.0,42.0
2025-12-25T11:25:45.753329,8075.894,2899,Thumb,motor_13_open,51.0,34.625,4,30.0,29.0,28.0,30.0,30.0,28.0,30.0,30.0,29.0,32.0,32.0,51.0,47.0,42.0,44.0,42.0
2025-12-25T11:25:46.649272,8076.786,2900,Thumb,motor_14_flexed,51.0,34.625,4,30.0,29.0,28.0,30.0,30.0,28.0,30.0,30.0,29.0,32.0,32.0,51.0,47.0,42.0,44.0,42.0
2025-12-25T11:25:48.537161,8078.676,2900,Thumb,motor_14_open,51.0,34.625,4,30.0,29.0,28.0,30.0,30.0,28.0,30.0,30.0,29.0,32.0,32.0,51.0,47.0,42.0,44.0,42.0
2025-12-25T11:25:49.433111,8079.572,2901,Thumb,motor_12_flexed,51.0,34.625,4,30.0,29.0,28.0,30.0,30.0,28.0,30.0,30.0,29.0,32.0,32.0,51.0,47.0,42.0,44.0,42.0
2025-12-25T11:25:51.320999,8081.458,2901,Thumb,motor_12_open,51.0,34.5625,4,30.0,29.0,28.0,30.0,30.0,28.0,30.0,30.0,29.0,32.0,32.0,51.0,47.0,42.0,44.0,41.0
2025-12-25T11:25:52.216946,8082.353,2902,Index,motor_2_flexed,51.0,34.625,4,30.0,29.0,28.0,30.0,30.0,28.0,30.0,30.0,29.0,32.0,32.0,51.0,47.0,42.0,44.0,42.0
2025-12-25T11:25:54.104839,8084.244,2902,Index,motor_2_open,51.0,34.625,4,30.0,29.0,28.0,30.0,30.0,28.0,30.0,30.0,29.0,32.0,32.0,51.0,47.0,42.0,44.0,42.0
2025-12-25T11:25:55.000784,8085.139,2903,Index,motor_1_flexed,51.0,34.5625,4,30.0,29.0,28.0,30.0,30.0,28.0,30.0,30.0,29.0,32.0,32.0,51.0,47.0,42.0,44.0,41.0
2025-12-25T11:25:56.888675,8087.025,2903,Index,motor_1_open,51.0,34.625,4,30.0,29.0,28.0,30.0,30.0,28.0,30.0,30.0,29.0,32.0,32.0,51.0,47.0,42.0,44.0,42.0
2025-12-25T11:25:57.784621,8087.924,2904,Index,motor_3_flexed,51.0,34.625,4,30.0,29.0,28.0,30.0,30.0,28.0,30.0,30.0,29.0,32.0,32.0,51.0,47.0,42.0,44.0,42.0
2025-12-25T11:25:59.672513,8089.812,2904,Index,motor_3_open,51.0,34.5625,4,30.0,29.0,28.0,30.0,30.0,28.0,30.0,30.0,29.0,32.0,32.0,51.0,47.0,42.0,44.0,41.0
2025-12-25T11:26:00.568459,8090.708,2905,Middle,motor_11_flexed,51.0,34.5625,4,30.0,29.0,28.0,30.0,30.0,28.0,30.0,30.0,29.0,32.0,32.0,51.0,47.0,42.0,44.0,41.0
2025-12-25T11:26:02.456349,8092.594,2905,Middle,motor_11_open,51.0,34.5625,4,30.0,29.0,28.0,30.0,30.0,28.0,30.0,30.0,29.0,32.0,32.0,51.0,47.0,42.0,44.0,41.0
2025-12-25T11:26:03.352293,8093.49,2906,Middle,motor_10_flexed,51.0,34.625,4,30.0,29.0,28.0,30.0,30.0,28.0,30.0,30.0,29.0,32.0,32.0,51.0,47.0,42.0,44.0,42.0
2025-12-25T11:26:05.240174,8095.378,2906,Middle,motor_10_open,51.0,34.5625,4,30.0,29.0,28.0,30.0,30.0,28.0,30.0,30.0,29.0,32.0,32.0,51.0,47.0,42.0,44.0,41.0
2025-12-25T11:26:06.136122,8096.275,2907,Ring,motor_4_flexed,51.0,34.625,4,30.0,29.0,28.0,30.0,30.0,28.0,30.0,30.0,29.0,32.0,32.0,51.0,47.0,42.0,44.0,42.0
2025-12-25T11:26:08.024013,8098.155,2907,Ring,motor_4_open,51.0,34.5625,4,30.0,29.0,28.0,30.0,30.0,28.0,30.0,30.0,29.0,32.0,32.0,51.0,47.0,42.0,44.0,41.0
2025-12-25T11:26:08.919969,8099.051,2908,Ring,motor_5_flexed,51.0,34.625,4,30.0,29.0,28.0,30.0,30.0,28.0,30.0,30.0,29.0,32.0,32.0,51.0,47.0,42.0,44.0,42.0
2025-12-25T11:26:10.007908,8100.146,2908,Ring,motor_5_flex_hold,51.0,34.5625,4,30.0,29.0,28.0,30.0,30.0,28.0,30.0,30.0,29.0,32.0,32.0,51.0,47.0,42.0,44.0,41.0
2025-12-25T11:26:10.807857,8100.946,2908,Ring,motor_5_open,51.0,34.625,4,30.0,29.0,28.0,30.0,30.0,28.0,30.0,30.0,29.0,32.0,32.0,51.0,47.0,42.0,44.0,42.0
2025-12-25T11:26:11.703799,8101.844,2909,Ring,motor_6_flexed,51.0,34.5,4,30.0,29.0,28.0,30.0,30.0,28.0,30.0,30.0,29.0,32.0,32.0,51.0,47.0,42.0,44.0,40.0
2025-12-25T11:26:13.591689,8103.729,2909,Ring,motor_6_open,51.0,34.625,4,30.0,29.0,28.0,30.0,30.0,28.0,30.0,30.0,29.0,32.0,32.0,51.0,47.0,42.0,44.0,42.0
2025-12-25T11:26:14.487635,8104.624,2910,Pinky,motor_7_flexed,51.0,34.5,4,30.0,29.0,28.0,30.0,30.0,28.0,30.0,30.0,29.0,32.0,32.0,51.0,47.0,42.0,44.0,40.0
2025-12-25T11:26:16.375526,8106.512,2910,Pinky,motor_7_open,51.0,34.625,4,30.0,29.0,28.0,30.0,30.0,28.0,30.0,30.0,29.0,32.0,32.0,51.0,47.0,42.0,44.0,42.0
2025-12-25T11:26:17.271480,8107.41,2911,Pinky,motor_8_flexed,51.0,34.5625,4,30.0,29.0,28.0,30.0,30.0,28.0,30.0,30.0,29.0,32.0,32.0,51.0,47.0,42.0,44.0,41.0
2025-12-25T11:26:19.159363,8109.296,2911,Pinky,motor_8_open,51.0,34.625,4,30.0,29.0,28.0,30.0,30.0,28.0,30.0,30.0,29.0,32.0,32.0,51.0,47.0,42.0,44.0,42.0
2025-12-25T11:26:20.055311,8110.187,2912,Pinky,motor_9_flexed,51.0,34.625,4,30.0,29.0,28.0,30.0,30.0,28.0,30.0,30.0,29.0,32.0,32.0,51.0,47.0,42.0,44.0,42.0
2025-12-25T11:26:21.943222,8112.08,2912,Pinky,motor_9_open,51.0,34.625,4,30.0,29.0,28.0,30.0,30.0,28.0,30.0,30.0,29.0,32.0,32.0,51.0,47.0,42.0,44.0,42.0
2025-12-25T11:26:22.839149,8112.977,2913,Thumb,motor_13_flexed,51.0,34.5625,4,30.0,29.0,28.0,30.0,30.0,28.0,30.0,30.0,29.0,32.0,32.0,51.0,47.0,42.0,44.0,41.0
2025-12-25T11:26:24.727038,8114.864,2913,Thumb,motor_13_open,51.0,34.5,4,30.0,29.0,28.0,30.0,30.0,28.0,30.0,30.0,29.0,32.0,32.0,51.0,47.0,42.0,42.0,42.0
2025-12-25T11:26:25.622990,8115.759,2914,Thumb,motor_14_flexed,51.0,34.625,4,30.0,29.0,28.0,30.0,30.0,28.0,30.0,30.0,29.0,32.0,32.0,51.0,47.0,42.0,44.0,42.0
2025-12-25T11:26:27.510875,8117.648,2914,Thumb,motor_14_open,51.0,34.625,4,30.0,29.0,28.0,30.0,30.0,28.0,30.0,30.0,29.0,32.0,32.0,51.0,47.0,42.0,44.0,42.0
2025-12-25T11:26:28.406823,8118.542,2915,Thumb,motor_12_flexed,51.0,34.625,4,30.0,29.0,28.0,30.0,30.0,28.0,30.0,30.0,29.0,32.0,32.0,51.0,47.0,42.0,44.0,42.0
2025-12-25T11:26:30.294715,8120.431,2915,Thumb,motor_12_open,51.0,34.5625,4,30.0,29.0,28.0,30.0,30.0,28.0,30.0,30.0,29.0,32.0,32.0,51.0,47.0,42.0,44.0,41.0
2025-12-25T11:26:31.190684,8121.326,2916,Index,motor_2_flexed,51.0,34.625,4,30.0,29.0,28.0,30.0,30.0,28.0,30.0,30.0,29.0,32.0,32.0,51.0,47.0,42.0,44.0,42.0
2025-12-25T11:26:33.078562,8123.214,2916,Index,motor_2_open,51.0,34.625,4,30.0,29.0,28.0,30.0,30.0,28.0,30.0,30.0,29.0,32.0,32.0,51.0,47.0,42.0,44.0,42.0
2025-12-25T11:26:33.974508,8124.111,2917,Index,motor_1_flexed,51.0,34.625,4,30.0,29.0,28.0,30.0,30.0,28.0,30.0,30.0,29.0,32.0,32.0,51.0,47.0,42.0,44.0,42.0
2025-12-25T11:26:35.862404,8125.995,2917,Index,motor_1_open,51.0,34.625,4,30.0,29.0,28.0,30.0,30.0,28.0,30.0,30.0,29.0,32.0,32.0,51.0,47.0,42.0,44.0,42.0
2025-12-25T11:26:36.758334,8126.893,2918,Index,motor_3_flexed,51.0,34.625,4,30.0,29.0,28.0,30.0,30.0,28.0,30.0,30.0,29.0,32.0,32.0,51.0,47.0,42.0,44.0,42.0
2025-12-25T11:26:38.646223,8128.779,2918,Index,motor_3_open,51.0,34.5625,4,30.0,29.0,28.0,30.0,30.0,28.0,30.0,30.0,29.0,32.0,32.0,51.0,47.0,42.0,44.0,41.0
2025-12-25T11:26:39.542175,8129.677,2919,Middle,motor_11_flexed,51.0,34.625,4,30.0,29.0,28.0,30.0,30.0,28.0,30.0,30.0,29.0,32.0,32.0,51.0,47.0,42.0,44.0,42.0
2025-12-25T11:26:41.430075,8131.567,2919,Middle,motor_11_open,51.0,34.625,4,30.0,29.0,28.0,30.0,30.0,28.0,30.0,30.0,29.0,32.0,32.0,51.0,47.0,42.0,44.0,42.0
2025-12-25T11:26:42.326011,8132.457,2920,Middle,motor_10_flexed,51.0,34.625,4,30.0,29.0,28.0,30.0,30.0,28.0,30.0,30.0,29.0,32.0,32.0,51.0,47.0,42.0,44.0,42.0
2025-12-25T11:26:44.213912,8134.351,2920,Middle,motor_10_open,51.0,34.8125,4,30.0,29.0,28.0,30.0,30.0,28.0,30.0,30.0,29.0,32.0,32.0,51.0,47.0,42.0,44.0,45.0
2025-12-25T11:26:45.109877,8135.243,2921,Ring,motor_4_flexed,51.0,34.5625,4,30.0,29.0,28.0,30.0,30.0,28.0,30.0,30.0,29.0,32.0,32.0,51.0,47.0,42.0,43.0,42.0
2025-12-25T11:26:46.997756,8137.136,2921,Ring,motor_4_open,51.0,34.625,4,30.0,29.0,28.0,30.0,30.0,28.0,30.0,30.0,29.0,32.0,32.0,51.0,47.0,42.0,44.0,42.0
2025-12-25T11:26:47.893700,8138.03,2922,Ring,motor_5_flexed,51.0,34.75,4,30.0,29.0,28.0,30.0,30.0,28.0,30.0,30.0,29.0,32.0,32.0,51.0,47.0,42.0,44.0,44.0
2025-12-25T11:26:49.781590,8139.92,2922,Ring,motor_5_open,51.0,34.625,4,30.0,29.0,28.0,30.0,30.0,28.0,30.0,30.0,29.0,32.0,32.0,51.0,47.0,42.0,44.0,42.0
2025-12-25T11:26:50.677536,8140.815,2923,Ring,motor_6_flexed,51.0,34.5625,4,30.0,29.0,28.0,30.0,30.0,28.0,30.0,30.0,29.0,32.0,32.0,51.0,47.0,42.0,44.0,41.0
2025-12-25T11:26:52.565418,8142.705,2923,Ring,motor_6_open,51.0,34.5625,4,30.0,29.0,28.0,30.0,30.0,28.0,30.0,30.0,29.0,32.0,32.0,51.0,47.0,42.0,44.0,41.0
2025-12-25T11:26:53.461376,8143.602,2924,Pinky,motor_7_flexed,51.0,34.5625,4,30.0,29.0,28.0,30.0,30.0,28.0,30.0,30.0,29.0,32.0,32.0,51.0,47.0,42.0,44.0,41.0
2025-12-25T11:26:55.349265,8145.488,2924,Pinky,motor_7_open,51.0,34.8125,4,30.0,29.0,28.0,30.0,30.0,28.0,30.0,30.0,29.0,32.0,32.0,51.0,47.0,42.0,44.0,45.0
2025-12-25T11:26:56.245214,8146.382,2925,Pinky,motor_8_flexed,51.0,34.625,4,30.0,29.0,28.0,30.0,30.0,28.0,30.0,30.0,29.0,32.0,32.0,51.0,47.0,42.0,44.0,42.0
2025-12-25T11:26:58.133095,8148.273,2925,Pinky,motor_8_open,51.0,34.625,4,30.0,29.0,28.0,30.0,30.0,28.0,30.0,30.0,29.0,32.0,32.0,51.0,47.0,42.0,44.0,42.0
2025-12-25T11:26:59.029052,8149.165,2926,Pinky,motor_9_flexed,51.0,34.5625,4,30.0,29.0,28.0,30.0,30.0,28.0,30.0,30.0,29.0,32.0,32.0,51.0,47.0,42.0,44.0,41.0
2025-12-25T11:27:00.916933,8151.056,2926,Pinky,motor_9_open,51.0,34.5625,4,30.0,29.0,28.0,30.0,30.0,28.0,30.0,30.0,29.0,32.0,32.0,51.0,47.0,42.0,44.0,41.0
2025-12-25T11:27:01.812872,8151.952,2927,Thumb,motor_13_flexed,51.0,34.625,4,30.0,29.0,28.0,30.0,30.0,28.0,30.0,30.0,29.0,32.0,32.0,51.0,47.0,42.0,44.0,42.0
2025-12-25T11:27:03.700780,8153.839,2927,Thumb,motor_13_open,51.0,34.625,4,30.0,29.0,28.0,30.0,30.0,28.0,30.0,30.0,29.0,32.0,32.0,51.0,47.0,42.0,44.0,42.0
2025-12-25T11:27:04.596730,8154.735,2928,Thumb,motor_14_flexed,51.0,34.625,4,30.0,29.0,28.0,30.0,30.0,28.0,30.0,30.0,29.0,32.0,32.0,51.0,47.0,42.0,44.0,42.0
2025-12-25T11:27:06.484621,8156.622,2928,Thumb,motor_14_open,51.0,34.625,4,30.0,29.0,28.0,30.0,30.0,28.0,30.0,30.0,29.0,32.0,32.0,51.0,47.0,42.0,44.0,42.0
2025-12-25T11:27:07.380566,8157.519,2929,Thumb,motor_12_flexed,51.0,34.5625,4,30.0,29.0,28.0,30.0,30.0,28.0,30.0,30.0,29.0,32.0,32.0,51.0,47.0,42.0,43.0,42.0
2025-12-25T11:27:09.268458,8159.406,2929,Thumb,motor_12_open,51.0,34.625,4,30.0,29.0,28.0,30.0,30.0,28.0,30.0,30.0,29.0,32.0,32.0,51.0,47.0,42.0,44.0,42.0
2025-12-25T11:27:10.164405,8160.303,2930,Index,motor_2_flexed,51.0,34.5625,4,30.0,29.0,28.0,30.0,30.0,28.0,30.0,30.0,29.0,32.0,32.0,51.0,47.0,42.0,44.0,41.0
2025-12-25T11:27:12.052297,8162.191,2930,Index,motor_2_open,51.0,34.625,4,30.0,29.0,28.0,30.0,30.0,28.0,30.0,30.0,29.0,32.0,32.0,51.0,47.0,42.0,44.0,42.0
2025-12-25T11:27:12.948238,8163.087,2931,Index,motor_1_flexed,51.0,34.625,4,30.0,29.0,28.0,30.0,30.0,28.0,30.0,30.0,29.0,32.0,32.0,51.0,47.0,42.0,44.0,42.0
2025-12-25T11:27:14.836138,8164.974,2931,Index,motor_1_open,51.0,34.625,4,30.0,29.0,28.0,30.0,30.0,28.0,30.0,30.0,29.0,32.0,32.0,51.0,47.0,42.0,44.0,42.0
2025-12-25T11:27:15.732083,8165.87,2932,Index,motor_3_flexed,51.0,34.5625,4,30.0,29.0,28.0,30.0,30.0,28.0,30.0,30.0,29.0,32.0,32.0,51.0,47.0,42.0,44.0,41.0
2025-12-25T11:27:17.619972,8167.76,2932,Index,motor_3_open,51.0,34.625,4,30.0,29.0,28.0,30.0,30.0,28.0,30.0,30.0,29.0,32.0,32.0,51.0,47.0,42.0,44.0,42.0
2025-12-25T11:27:18.515920,8168.656,2933,Middle,motor_11_flexed,51.0,34.625,4,30.0,29.0,28.0,30.0,30.0,28.0,30.0,30.0,29.0,32.0,32.0,51.0,47.0,42.0,44.0,42.0
2025-12-25T11:27:20.403811,8170.543,2933,Middle,motor_11_open,51.0,34.625,4,30.0,29.0,28.0,30.0,30.0,28.0,30.0,30.0,29.0,32.0,32.0,51.0,47.0,42.0,44.0,42.0
2025-12-25T11:27:21.299760,8171.438,2934,Middle,motor_10_flexed,51.0,34.625,4,30.0,29.0,28.0,30.0,30.0,28.0,30.0,30.0,29.0,32.0,32.0,51.0,47.0,42.0,44.0,42.0
2025-12-25T11:27:23.187641,8173.326,2934,Middle,motor_10_open,51.0,34.5,4,30.0,29.0,28.0,30.0,30.0,28.0,30.0,30.0,29.0,32.0,32.0,51.0,47.0,42.0,44.0,40.0
2025-12-25T11:27:24.083596,8174.222,2935,Ring,motor_4_flexed,51.0,34.5625,4,30.0,29.0,28.0,30.0,30.0,28.0,30.0,30.0,29.0,32.0,32.0,51.0,47.0,42.0,44.0,41.0
2025-12-25T11:27:25.971481,8176.107,2935,Ring,motor_4_open,51.0,34.5625,4,30.0,29.0,28.0,30.0,30.0,28.0,30.0,30.0,29.0,32.0,32.0,51.0,47.0,42.0,44.0,41.0
2025-12-25T11:27:26.867429,8177.005,2936,Ring,motor_5_flexed,51.0,34.5625,4,30.0,29.0,28.0,30.0,30.0,28.0,30.0,30.0,29.0,32.0,32.0,51.0,47.0,42.0,44.0,41.0
2025-12-25T11:27:28.755327,8178.895,2936,Ring,motor_5_open,51.0,34.625,4,30.0,29.0,28.0,30.0,30.0,28.0,30.0,30.0,29.0,32.0,32.0,51.0,47.0,42.0,44.0,42.0
2025-12-25T11:27:29.651267,8179.788,2937,Ring,motor_6_flexed,51.0,34.625,4,30.0,29.0,28.0,30.0,30.0,28.0,30.0,30.0,29.0,32.0,32.0,51.0,47.0,42.0,44.0,42.0
2025-12-25T11:27:31.539168,8181.679,2937,Ring,motor_6_open,51.0,34.5625,4,30.0,29.0,28.0,30.0,30.0,28.0,30.0,30.0,29.0,32.0,32.0,51.0,47.0,42.0,44.0,41.0
2025-12-25T11:27:32.435114,8182.572,2938,Pinky,motor_7_flexed,51.0,34.625,4,30.0,29.0,28.0,30.0,30.0,28.0,30.0,30.0,29.0,32.0,32.0,51.0,47.0,42.0,44.0,42.0
2025-12-25T11:27:34.323005,8184.461,2938,Pinky,motor_7_open,51.0,34.625,4,30.0,29.0,28.0,30.0,30.0,28.0,30.0,30.0,29.0,32.0,32.0,51.0,47.0,42.0,44.0,42.0
2025-12-25T11:27:35.218944,8185.355,2939,Pinky,motor_8_flexed,51.0,34.625,4,30.0,29.0,28.0,30.0,30.0,28.0,30.0,30.0,29.0,32.0,32.0,51.0,47.0,42.0,44.0,42.0
2025-12-25T11:27:37.106835,8187.244,2939,Pinky,motor_8_open,51.0,34.625,4,30.0,29.0,28.0,30.0,30.0,28.0,30.0,30.0,29.0,32.0,32.0,51.0,47.0,42.0,44.0,42.0
2025-12-25T11:27:38.002792,8188.139,2940,Pinky,motor_9_flexed,51.0,34.625,4,30.0,29.0,28.0,30.0,30.0,28.0,30.0,30.0,29.0,32.0,32.0,51.0,47.0,42.0,44.0,42.0
2025-12-25T11:27:39.890670,8190.027,2940,Pinky,motor_9_open,51.0,34.625,4,30.0,29.0,28.0,30.0,30.0,28.0,30.0,30.0,29.0,32.0,32.0,51.0,47.0,42.0,44.0,42.0
2025-12-25T11:27:40.786622,8190.925,2941,Thumb,motor_13_flexed,51.0,34.625,4,30.0,29.0,28.0,30.0,30.0,28.0,30.0,30.0,29.0,32.0,32.0,51.0,47.0,42.0,44.0,42.0
2025-12-25T11:27:42.674537,8192.811,2941,Thumb,motor_13_open,51.0,34.625,4,30.0,29.0,28.0,30.0,30.0,28.0,30.0,30.0,29.0,32.0,32.0,51.0,47.0,42.0,44.0,42.0
2025-12-25T11:27:43.570470,8193.708,2942,Thumb,motor_14_flexed,51.0,34.5625,4,30.0,29.0,28.0,30.0,30.0,28.0,30.0,30.0,29.0,32.0,32.0,51.0,47.0,42.0,44.0,41.0
2025-12-25T11:27:45.458362,8195.596,2942,Thumb,motor_14_open,51.0,34.625,4,30.0,29.0,28.0,30.0,30.0,28.0,30.0,30.0,29.0,32.0,32.0,51.0,47.0,42.0,44.0,42.0
2025-12-25T11:27:46.354312,8196.492,2943,Thumb,motor_12_flexed,51.0,34.5625,4,30.0,29.0,28.0,30.0,30.0,28.0,30.0,30.0,29.0,32.0,32.0,51.0,47.0,42.0,44.0,41.0
2025-12-25T11:27:48.242187,8198.374,2943,Thumb,motor_12_open,51.0,34.625,4,30.0,29.0,28.0,30.0,30.0,28.0,30.0,30.0,29.0,32.0,32.0,51.0,47.0,42.0,44.0,42.0
2025-12-25T11:27:49.138136,8199.269,2944,Index,motor_2_flexed,51.0,34.5625,4,30.0,29.0,28.0,30.0,30.0,28.0,30.0,30.0,29.0,32.0,32.0,51.0,47.0,42.0,44.0,41.0
2025-12-25T11:27:51.026040,8201.164,2944,Index,motor_2_open,51.0,34.625,4,30.0,29.0,28.0,30.0,30.0,28.0,30.0,30.0,29.0,32.0,32.0,51.0,47.0,42.0,44.0,42.0
2025-12-25T11:27:51.921994,8202.06,2945,Index,motor_1_flexed,51.0,34.625,4,30.0,29.0,28.0,30.0,30.0,28.0,30.0,30.0,29.0,32.0,32.0,51.0,47.0,42.0,44.0,42.0
2025-12-25T11:27:53.809880,8203.948,2945,Index,motor_1_open,51.0,34.625,4,30.0,29.0,28.0,30.0,30.0,28.0,30.0,30.0,29.0,32.0,32.0,51.0,47.0,42.0,44.0,42.0
2025-12-25T11:27:54.705827,8204.843,2946,Index,motor_3_flexed,51.0,34.625,4,30.0,29.0,28.0,30.0,30.0,28.0,30.0,30.0,29.0,32.0,32.0,51.0,47.0,42.0,44.0,42.0
2025-12-25T11:27:56.593737,8206.731,2946,Index,motor_3_open,51.0,34.625,4,30.0,29.0,28.0,30.0,30.0,28.0,30.0,30.0,29.0,32.0,32.0,51.0,47.0,42.0,44.0,42.0
2025-12-25T11:27:57.489657,8207.629,2947,Middle,motor_11_flexed,51.0,34.5625,4,30.0,29.0,28.0,30.0,30.0,28.0,30.0,30.0,29.0,32.0,32.0,51.0,47.0,42.0,44.0,41.0
2025-12-25T11:27:59.377557,8209.516,2947,Middle,motor_11_open,51.0,34.625,4,30.0,29.0,28.0,30.0,30.0,28.0,30.0,30.0,29.0,32.0,32.0,51.0,47.0,42.0,44.0,42.0
2025-12-25T11:28:00.273506,8210.411,2948,Middle,motor_10_flexed,51.0,34.5625,4,30.0,29.0,28.0,30.0,30.0,28.0,30.0,30.0,29.0,32.0,32.0,51.0,47.0,42.0,44.0,41.0
2025-12-25T11:28:02.161398,8212.294,2948,Middle,motor_10_open,51.0,34.5625,4,30.0,29.0,28.0,30.0,30.0,28.0,30.0,30.0,29.0,32.0,32.0,51.0,47.0,42.0,44.0,41.0
2025-12-25T11:28:03.057343,8213.193,2949,Ring,motor_4_flexed,51.0,34.625,4,30.0,29.0,28.0,30.0,30.0,28.0,30.0,30.0,29.0,32.0,32.0,51.0,47.0,42.0,44.0,42.0
2025-12-25T11:28:04.945237,8215.084,2949,Ring,motor_4_open,51.0,34.625,4,30.0,29.0,28.0,30.0,30.0,28.0,30.0,30.0,29.0,32.0,32.0,51.0,47.0,42.0,44.0,42.0
2025-12-25T11:28:05.841176,8215.977,2950,Ring,motor_5_flexed,51.0,34.625,4,30.0,29.0,28.0,30.0,30.0,28.0,30.0,30.0,29.0,32.0,32.0,51.0,47.0,42.0,44.0,42.0
2025-12-25T11:28:07.729067,8217.864,2950,Ring,motor_5_open,51.0,34.625,4,30.0,29.0,28.0,30.0,30.0,28.0,30.0,30.0,29.0,32.0,32.0,51.0,47.0,42.0,44.0,42.0
2025-12-25T11:28:08.625015,8218.763,2951,Ring,motor_6_flexed,51.0,34.625,4,30.0,29.0,28.0,30.0,30.0,28.0,30.0,30.0,29.0,32.0,32.0,51.0,47.0,42.0,44.0,42.0
2025-12-25T11:28:10.208931,8220.351,2951,Ring,motor_6_flex_hold,51.0,34.5625,4,30.0,29.0,28.0,30.0,30.0,28.0,30.0,30.0,29.0,32.0,32.0,51.0,47.0,42.0,44.0,41.0
2025-12-25T11:28:10.608910,8220.747,2951,Ring,motor_6_open,51.0,34.5625,4,30.0,29.0,28.0,30.0,30.0,28.0,30.0,30.0,29.0,32.0,32.0,51.0,47.0,42.0,44.0,41.0
2025-12-25T11:28:11.504858,8221.644,2952,Pinky,motor_7_flexed,51.0,34.625,4,30.0,29.0,28.0,30.0,30.0,28.0,30.0,30.0,29.0,32.0,32.0,51.0,47.0,42.0,44.0,42.0
2025-12-25T11:28:13.392750,8223.532,2952,Pinky,motor_7_open,51.0,34.625,4,30.0,29.0,28.0,30.0,30.0,28.0,30.0,30.0,29.0,32.0,32.0,51.0,47.0,42.0,44.0,42.0
2025-12-25T11:28:14.288698,8224.425,2953,Pinky,motor_8_flexed,51.0,34.625,4,30.0,29.0,28.0,30.0,30.0,28.0,30.0,30.0,29.0,32.0,32.0,51.0,47.0,42.0,44.0,42.0
2025-12-25T11:28:16.176588,8226.313,2953,Pinky,motor_8_open,51.0,34.625,4,30.0,29.0,28.0,30.0,30.0,28.0,30.0,30.0,29.0,32.0,32.0,51.0,47.0,42.0,44.0,42.0
2025-12-25T11:28:17.072542,8227.213,2954,Pinky,motor_9_flexed,51.0,34.5625,4,30.0,29.0,28.0,30.0,30.0,28.0,30.0,30.0,29.0,32.0,32.0,51.0,47.0,42.0,44.0,41.0
2025-12-25T11:28:18.960427,8229.101,2954,Pinky,motor_9_open,51.0,34.5625,4,30.0,29.0,28.0,30.0,30.0,28.0,30.0,30.0,29.0,32.0,32.0,51.0,47.0,42.0,44.0,41.0
2025-12-25T11:28:19.856375,8229.994,2955,Thumb,motor_13_flexed,51.0,34.625,4,30.0,29.0,28.0,30.0,30.0,28.0,30.0,30.0,29.0,32.0,32.0,51.0,47.0,42.0,44.0,42.0
2025-12-25T11:28:21.744269,8231.884,2955,Thumb,motor_13_open,51.0,34.625,4,30.0,29.0,28.0,30.0,30.0,28.0,30.0,30.0,29.0,32.0,32.0,51.0,47.0,42.0,44.0,42.0
2025-12-25T11:28:22.640213,8232.781,2956,Thumb,motor_14_flexed,51.0,34.625,4,30.0,29.0,28.0,30.0,30.0,28.0,30.0,30.0,29.0,32.0,32.0,51.0,47.0,42.0,44.0,42.0
2025-12-25T11:28:24.528107,8234.668,2956,Thumb,motor_14_open,51.0,34.625,4,30.0,29.0,28.0,30.0,30.0,28.0,30.0,30.0,29.0,32.0,32.0,51.0,47.0,42.0,44.0,42.0
2025-12-25T11:28:25.424055,8235.563,2957,Thumb,motor_12_flexed,51.0,34.5625,4,30.0,29.0,28.0,30.0,30.0,28.0,30.0,30.0,29.0,32.0,32.0,51.0,47.0,42.0,44.0,41.0
2025-12-25T11:28:27.311947,8237.449,2957,Thumb,motor_12_open,51.0,34.625,4,30.0,29.0,28.0,30.0,30.0,28.0,30.0,30.0,29.0,32.0,32.0,51.0,47.0,42.0,44.0,42.0
2025-12-25T11:28:28.207896,8238.346,2958,Index,motor_2_flexed,51.0,34.625,4,30.0,29.0,28.0,30.0,30.0,28.0,30.0,30.0,29.0,32.0,32.0,51.0,47.0,42.0,44.0,42.0
2025-12-25T11:28:30.095787,8240.235,2958,Index,motor_2_open,51.0,34.625,4,30.0,29.0,28.0,30.0,30.0,28.0,30.0,30.0,29.0,32.0,32.0,51.0,47.0,42.0,44.0,42.0
2025-12-25T11:28:30.991744,8241.131,2959,Index,motor_1_flexed,51.0,34.5625,4,30.0,29.0,28.0,30.0,30.0,28.0,30.0,30.0,29.0,32.0,32.0,51.0,47.0,42.0,44.0,41.0
2025-12-25T11:28:32.879629,8243.016,2959,Index,motor_1_open,51.0,34.5625,4,30.0,29.0,28.0,30.0,30.0,28.0,30.0,30.0,29.0,32.0,32.0,51.0,47.0,42.0,44.0,41.0
2025-12-25T11:28:33.775564,8243.914,2960,Index,motor_3_flexed,51.0,34.625,4,30.0,29.0,28.0,30.0,30.0,28.0,30.0,30.0,29.0,32.0,32.0,51.0,47.0,42.0,44.0,42.0
2025-12-25T11:28:35.663466,8245.799,2960,Index,motor_3_open,51.0,34.625,4,30.0,29.0,28.0,30.0,30.0,28.0,30.0,30.0,29.0,32.0,32.0,51.0,47.0,42.0,44.0,42.0
2025-12-25T11:28:36.559449,8246.699,2961,Middle,motor_11_flexed,51.0,34.625,4,30.0,29.0,28.0,30.0,30.0,28.0,30.0,30.0,29.0,32.0,32.0,51.0,47.0,42.0,44.0,42.0
2025-12-25T11:28:38.447338,8248.584,2961,Middle,motor_11_open,51.0,34.625,4,30.0,29.0,28.0,30.0,30.0,28.0,30.0,30.0,29.0,32.0,32.0,51.0,47.0,42.0,44.0,42.0
2025-12-25T11:28:39.343286,8249.483,2962,Middle,motor_10_flexed,51.0,34.6875,4,30.0,29.0,28.0,30.0,30.0,28.0,30.0,30.0,29.0,32.0,32.0,51.0,47.0,42.0,44.0,43.0
2025-12-25T11:28:41.231152,8251.37,2962,Middle,motor_10_open,51.0,34.625,4,30.0,29.0,28.0,30.0,30.0,28.0,30.0,30.0,29.0,32.0,32.0,51.0,47.0,42.0,44.0,42.0
2025-12-25T11:28:42.127130,8252.267,2963,Ring,motor_4_flexed,51.0,34.625,4,30.0,29.0,28.0,30.0,30.0,28.0,30.0,30.0,29.0,32.0,32.0,51.0,47.0,42.0,44.0,42.0
2025-12-25T11:28:44.014988,8254.155,2963,Ring,motor_4_open,51.0,34.625,4,30.0,29.0,28.0,30.0,30.0,28.0,30.0,30.0,29.0,32.0,32.0,51.0,47.0,42.0,44.0,42.0
2025-12-25T11:28:44.910949,8255.048,2964,Ring,motor_5_flexed,51.0,34.625,4,30.0,29.0,28.0,30.0,30.0,28.0,30.0,30.0,29.0,32.0,32.0,51.0,47.0,42.0,44.0,42.0
2025-12-25T11:28:46.798826,8256.938,2964,Ring,motor_5_open,51.0,34.625,4,30.0,29.0,28.0,30.0,30.0,28.0,30.0,30.0,29.0,32.0,32.0,51.0,47.0,42.0,44.0,42.0
2025-12-25T11:28:47.694774,8257.833,2965,Ring,motor_6_flexed,51.0,34.625,4,30.0,29.0,28.0,30.0,30.0,28.0,30.0,30.0,29.0,32.0,32.0,51.0,47.0,42.0,44.0,42.0
2025-12-25T11:28:49.582681,8259.719,2965,Ring,motor_6_open,51.0,34.5625,4,30.0,29.0,28.0,30.0,30.0,28.0,30.0,30.0,29.0,32.0,32.0,51.0,47.0,42.0,44.0,41.0
2025-12-25T11:28:50.478617,8260.618,2966,Pinky,motor_7_flexed,51.0,34.625,4,30.0,29.0,28.0,30.0,30.0,28.0,30.0,30.0,29.0,32.0,32.0,51.0,47.0,42.0,44.0,42.0
2025-12-25T11:28:52.366507,8262.505,2966,Pinky,motor_7_open,51.0,34.625,4,30.0,29.0,28.0,30.0,30.0,28.0,30.0,30.0,29.0,32.0,32.0,51.0,47.0,42.0,44.0,42.0
2025-12-25T11:28:53.262454,8263.4,2967,Pinky,motor_8_flexed,51.0,34.625,4,30.0,29.0,28.0,30.0,30.0,28.0,30.0,30.0,29.0,32.0,32.0,51.0,47.0,42.0,44.0,42.0
2025-12-25T11:28:55.150343,8265.287,2967,Pinky,motor_8_open,51.0,34.625,4,30.0,29.0,28.0,30.0,30.0,28.0,30.0,30.0,29.0,32.0,32.0,51.0,47.0,42.0,44.0,42.0
2025-12-25T11:28:56.046295,8266.182,2968,Pinky,motor_9_flexed,51.0,34.625,4,30.0,29.0,28.0,30.0,30.0,28.0,30.0,30.0,29.0,32.0,32.0,51.0,47.0,42.0,44.0,42.0
2025-12-25T11:28:57.934183,8268.071,2968,Pinky,motor_9_open,51.0,34.625,4,30.0,29.0,28.0,30.0,30.0,28.0,30.0,30.0,29.0,32.0,32.0,51.0,47.0,42.0,44.0,42.0
2025-12-25T11:28:58.830150,8268.969,2969,Thumb,motor_13_flexed,51.0,34.5625,4,30.0,29.0,28.0,30.0,30.0,28.0,30.0,30.0,29.0,32.0,32.0,51.0,47.0,42.0,44.0,41.0
2025-12-25T11:29:00.718029,8270.857,2969,Thumb,motor_13_open,51.0,34.6875,4,30.0,29.0,28.0,30.0,30.0,28.0,30.0,30.0,29.0,32.0,32.0,51.0,47.0,42.0,44.0,43.0
2025-12-25T11:29:01.613976,8271.75,2970,Thumb,motor_14_flexed,51.0,34.625,4,30.0,29.0,28.0,30.0,30.0,28.0,30.0,30.0,29.0,32.0,32.0,51.0,47.0,42.0,44.0,42.0
2025-12-25T11:29:03.501866,8273.639,2970,Thumb,motor_14_open,51.0,34.625,4,30.0,29.0,28.0,30.0,30.0,28.0,30.0,30.0,29.0,32.0,32.0,51.0,47.0,42.0,44.0,42.0
2025-12-25T11:29:04.397817,8274.535,2971,Thumb,motor_12_flexed,51.0,34.625,4,30.0,29.0,28.0,30.0,30.0,28.0,30.0,30.0,29.0,32.0,32.0,51.0,47.0,42.0,44.0,42.0
2025-12-25T11:29:06.285708,8276.423,2971,Thumb,motor_12_open,51.0,34.625,4,30.0,29.0,28.0,30.0,30.0,28.0,30.0,30.0,29.0,32.0,32.0,51.0,47.0,42.0,44.0,42.0
2025-12-25T11:29:07.181644,8277.312,2972,Index,motor_2_flexed,51.0,34.625,4,30.0,29.0,28.0,30.0,30.0,28.0,30.0,30.0,29.0,32.0,32.0,51.0,47.0,42.0,44.0,42.0
2025-12-25T11:29:09.069549,8279.207,2972,Index,motor_2_open,51.0,34.625,4,30.0,29.0,28.0,30.0,30.0,28.0,30.0,30.0,29.0,32.0,32.0,51.0,47.0,42.0,44.0,42.0
2025-12-25T11:29:09.965495,8280.103,2973,Index,motor_1_flexed,51.0,34.625,4,30.0,29.0,28.0,30.0,30.0,28.0,30.0,30.0,29.0,32.0,32.0,51.0,47.0,42.0,44.0,42.0
2025-12-25T11:29:11.853389,8281.994,2973,Index,motor_1_open,51.0,34.6875,4,30.0,29.0,28.0,30.0,30.0,28.0,30.0,30.0,29.0,32.0,32.0,51.0,47.0,42.0,45.0,42.0
2025-12-25T11:29:12.749339,8282.885,2974,Index,motor_3_flexed,51.0,34.625,4,30.0,29.0,28.0,30.0,30.0,28.0,30.0,30.0,29.0,32.0,32.0,51.0,47.0,42.0,44.0,42.0
2025-12-25T11:29:14.637218,8284.772,2974,Index,motor_3_open,51.0,34.625,4,31.0,29.0,28.0,30.0,30.0,28.0,30.0,30.0,29.0,32.0,32.0,51.0,47.0,42.0,44.0,41.0
2025-12-25T11:29:15.533166,8285.671,2975,Middle,motor_11_flexed,51.0,34.625,4,30.0,29.0,28.0,30.0,30.0,28.0,30.0,30.0,29.0,32.0,32.0,51.0,47.0,42.0,44.0,42.0
2025-12-25T11:29:17.421072,8287.56,2975,Middle,motor_11_open,51.0,34.5625,4,30.0,29.0,28.0,30.0,30.0,28.0,30.0,30.0,29.0,32.0,32.0,51.0,47.0,42.0,44.0,41.0
2025-12-25T11:29:18.317019,8288.454,2976,Middle,motor_10_flexed,51.0,34.625,4,30.0,29.0,28.0,30.0,30.0,28.0,30.0,30.0,29.0,32.0,32.0,51.0,47.0,42.0,45.0,41.0
2025-12-25T11:29:20.204909,8290.343,2976,Middle,motor_10_open,51.0,34.5625,4,30.0,29.0,28.0,30.0,30.0,28.0,30.0,30.0,29.0,32.0,32.0,51.0,47.0,42.0,44.0,41.0
2025-12-25T11:29:21.100859,8291.238,2977,Ring,motor_4_flexed,51.0,34.625,4,30.0,29.0,28.0,30.0,30.0,28.0,30.0,30.0,29.0,32.0,32.0,51.0,47.0,42.0,44.0,42.0
2025-12-25T11:29:22.988752,8293.131,2977,Ring,motor_4_open,51.0,34.625,4,30.0,29.0,28.0,30.0,30.0,28.0,30.0,30.0,29.0,32.0,32.0,51.0,47.0,42.0,44.0,42.0
2025-12-25T11:29:23.884701,8294.025,2978,Ring,motor_5_flexed,51.0,34.625,4,30.0,29.0,28.0,30.0,30.0,28.0,30.0,30.0,29.0,32.0,32.0,51.0,47.0,42.0,44.0,42.0
2025-12-25T11:29:25.772591,8295.911,2978,Ring,motor_5_open,51.0,34.625,4,30.0,29.0,28.0,30.0,30.0,28.0,30.0,30.0,29.0,32.0,32.0,51.0,47.0,42.0,45.0,41.0
2025-12-25T11:29:26.668525,8296.806,2979,Ring,motor_6_flexed,51.0,34.625,4,30.0,29.0,28.0,30.0,30.0,28.0,30.0,30.0,29.0,32.0,32.0,51.0,47.0,42.0,44.0,42.0
2025-12-25T11:29:28.556434,8298.695,2979,Ring,motor_6_open,51.0,34.625,4,30.0,29.0,28.0,30.0,30.0,28.0,30.0,30.0,29.0,32.0,32.0,51.0,47.0,42.0,44.0,42.0
2025-12-25T11:29:29.452380,8299.591,2980,Pinky,motor_7_flexed,51.0,34.625,4,30.0,29.0,28.0,30.0,30.0,28.0,30.0,30.0,29.0,32.0,32.0,51.0,47.0,42.0,44.0,42.0
2025-12-25T11:29:31.340260,8301.471,2980,Pinky,motor_7_open,51.0,34.625,4,30.0,29.0,28.0,30.0,30.0,28.0,30.0,30.0,29.0,32.0,32.0,51.0,47.0,42.0,44.0,42.0
2025-12-25T11:29:32.236220,8302.373,2981,Pinky,motor_8_flexed,51.0,34.625,4,30.0,29.0,28.0,30.0,30.0,28.0,30.0,30.0,29.0,32.0,32.0,51.0,47.0,42.0,44.0,42.0
2025-12-25T11:29:34.124110,8304.261,2981,Pinky,motor_8_open,51.0,34.625,4,30.0,29.0,28.0,30.0,30.0,28.0,30.0,30.0,29.0,32.0,32.0,51.0,47.0,42.0,44.0,42.0
2025-12-25T11:29:35.020060,8305.159,2982,Pinky,motor_9_flexed,51.0,34.6875,4,30.0,29.0,28.0,30.0,30.0,28.0,30.0,30.0,29.0,32.0,32.0,51.0,47.0,42.0,45.0,42.0
2025-12-25T11:29:36.907955,8307.047,2982,Pinky,motor_9_open,51.0,34.625,4,30.0,29.0,28.0,30.0,30.0,28.0,30.0,30.0,29.0,32.0,32.0,51.0,47.0,42.0,44.0,42.0
2025-12-25T11:29:37.803907,8307.941,2983,Thumb,motor_13_flexed,51.0,34.625,4,30.0,29.0,28.0,30.0,30.0,28.0,30.0,30.0,29.0,32.0,32.0,51.0,47.0,42.0,44.0,42.0
2025-12-25T11:29:39.691796,8309.832,2983,Thumb,motor_13_open,51.0,34.625,4,30.0,29.0,28.0,30.0,30.0,28.0,30.0,30.0,29.0,32.0,32.0,51.0,47.0,42.0,44.0,42.0
2025-12-25T11:29:40.587743,8310.728,2984,Thumb,motor_14_flexed,51.0,34.625,4,30.0,29.0,28.0,30.0,30.0,28.0,30.0,30.0,29.0,32.0,32.0,51.0,47.0,42.0,44.0,42.0
2025-12-25T11:29:42.475642,8312.614,2984,Thumb,motor_14_open,51.0,34.625,4,30.0,29.0,28.0,30.0,30.0,28.0,30.0,30.0,29.0,32.0,32.0,51.0,47.0,42.0,44.0,42.0
2025-12-25T11:29:43.371584,8313.512,2985,Thumb,motor_12_flexed,51.0,34.6875,4,30.0,29.0,28.0,30.0,30.0,28.0,30.0,30.0,29.0,32.0,32.0,51.0,47.0,42.0,45.0,42.0
2025-12-25T11:29:45.259475,8315.398,2985,Thumb,motor_12_open,51.0,34.625,4,30.0,29.0,28.0,30.0,30.0,28.0,30.0,30.0,29.0,32.0,32.0,51.0,47.0,42.0,44.0,42.0
2025-12-25T11:29:46.155411,8316.293,2986,Index,motor_2_flexed,51.0,34.6875,4,30.0,29.0,28.0,30.0,30.0,28.0,30.0,30.0,29.0,32.0,32.0,51.0,47.0,42.0,45.0,42.0
2025-12-25T11:29:48.043306,8318.181,2986,Index,motor_2_open,51.0,34.625,4,30.0,29.0,28.0,30.0,30.0,28.0,30.0,30.0,29.0,32.0,32.0,51.0,47.0,42.0,44.0,42.0
2025-12-25T11:29:48.939253,8319.076,2987,Index,motor_1_flexed,51.0,34.625,4,30.0,29.0,28.0,30.0,30.0,28.0,30.0,30.0,29.0,32.0,32.0,51.0,47.0,42.0,44.0,42.0
2025-12-25T11:29:50.827142,8320.96,2987,Index,motor_1_open,51.0,34.625,4,30.0,29.0,28.0,30.0,30.0,28.0,30.0,30.0,29.0,32.0,32.0,51.0,47.0,42.0,44.0,42.0
2025-12-25T11:29:51.723100,8321.856,2988,Index,motor_3_flexed,51.0,34.625,4,30.0,29.0,28.0,30.0,30.0,28.0,30.0,30.0,29.0,32.0,32.0,51.0,47.0,42.0,44.0,42.0
2025-12-25T11:29:53.626985,8323.764,2988,Index,motor_3_open,51.0,34.625,4,30.0,29.0,28.0,30.0,30.0,28.0,30.0,30.0,29.0,32.0,32.0,51.0,47.0,42.0,44.0,42.0
2025-12-25T11:29:54.522937,8324.659,2989,Middle,motor_11_flexed,51.0,34.625,4,30.0,29.0,28.0,30.0,30.0,28.0,30.0,30.0,29.0,32.0,32.0,51.0,47.0,42.0,44.0,42.0
2025-12-25T11:29:56.410840,8326.549,2989,Middle,motor_11_open,51.0,34.6875,4,30.0,29.0,28.0,30.0,30.0,28.0,30.0,30.0,29.0,32.0,32.0,51.0,47.0,42.0,45.0,42.0
2025-12-25T11:29:57.306773,8327.444,2990,Middle,motor_10_flexed,51.0,34.625,4,30.0,29.0,28.0,30.0,30.0,28.0,30.0,30.0,29.0,32.0,32.0,51.0,47.0,42.0,44.0,42.0
2025-12-25T11:29:59.194667,8329.332,2990,Middle,motor_10_open,51.0,34.625,4,30.0,29.0,28.0,30.0,30.0,28.0,30.0,30.0,29.0,32.0,32.0,51.0,47.0,42.0,44.0,42.0
2025-12-25T11:30:00.090629,8330.228,2991,Ring,motor_4_flexed,51.0,34.625,4,30.0,29.0,28.0,30.0,30.0,28.0,30.0,30.0,29.0,32.0,32.0,51.0,47.0,42.0,44.0,42.0
2025-12-25T11:30:01.978520,8332.115,2991,Ring,motor_4_open,51.0,34.625,4,30.0,29.0,28.0,30.0,30.0,28.0,30.0,30.0,29.0,32.0,32.0,51.0,47.0,42.0,44.0,42.0
2025-12-25T11:30:02.874462,8333.011,2992,Ring,motor_5_flexed,51.0,34.625,4,30.0,29.0,28.0,30.0,30.0,28.0,30.0,30.0,29.0,32.0,32.0,51.0,47.0,42.0,45.0,41.0
2025-12-25T11:30:04.762350,8334.902,2992,Ring,motor_5_open,51.0,34.625,4,30.0,29.0,28.0,30.0,30.0,28.0,30.0,30.0,29.0,32.0,32.0,51.0,47.0,42.0,44.0,42.0
2025-12-25T11:30:05.658303,8335.797,2993,Ring,motor_6_flexed,51.0,34.625,4,30.0,29.0,28.0,30.0,30.0,28.0,30.0,30.0,29.0,32.0,32.0,51.0,47.0,42.0,44.0,42.0
2025-12-25T11:30:07.546203,8337.685,2993,Ring,motor_6_open,51.0,34.625,4,30.0,29.0,28.0,30.0,30.0,28.0,30.0,30.0,29.0,32.0,32.0,51.0,47.0,42.0,45.0,41.0
2025-12-25T11:30:08.442149,8338.578,2994,Pinky,motor_7_flexed,51.0,34.625,4,30.0,29.0,28.0,30.0,30.0,28.0,30.0,30.0,29.0,32.0,32.0,51.0,47.0,42.0,44.0,42.0
2025-12-25T11:30:10.026059,8340.168,2994,Pinky,motor_7_flex_hold,51.0,34.625,4,30.0,29.0,28.0,30.0,30.0,28.0,30.0,30.0,29.0,32.0,32.0,51.0,47.0,42.0,44.0,42.0
2025-12-25T11:30:10.426034,8340.56,2994,Pinky,motor_7_open,51.0,34.625,4,30.0,29.0,28.0,30.0,30.0,28.0,30.0,30.0,29.0,32.0,32.0,51.0,47.0,42.0,44.0,42.0
2025-12-25T11:30:11.321987,8341.458,2995,Pinky,motor_8_flexed,51.0,34.625,4,30.0,29.0,28.0,30.0,30.0,28.0,30.0,30.0,29.0,32.0,32.0,51.0,47.0,42.0,44.0,42.0
2025-12-25T11:30:13.209871,8343.349,2995,Pinky,motor_8_open,51.0,34.625,4,30.0,29.0,28.0,30.0,30.0,28.0,30.0,30.0,29.0,32.0,32.0,51.0,47.0,42.0,44.0,42.0
2025-12-25T11:30:14.105818,8344.244,2996,Pinky,motor_9_flexed,51.0,34.625,4,30.0,29.0,28.0,30.0,30.0,28.0,30.0,30.0,29.0,32.0,32.0,51.0,47.0,42.0,44.0,42.0
2025-12-25T11:30:15.993719,8346.131,2996,Pinky,motor_9_open,51.0,34.5625,4,30.0,29.0,28.0,30.0,30.0,28.0,30.0,30.0,29.0,32.0,32.0,51.0,47.0,42.0,44.0,41.0
2025-12-25T11:30:16.889668,8347.028,2997,Thumb,motor_13_flexed,51.0,34.625,4,30.0,29.0,28.0,30.0,30.0,28.0,30.0,30.0,29.0,32.0,32.0,51.0,47.0,42.0,44.0,42.0
2025-12-25T11:30:18.777553,8348.918,2997,Thumb,motor_13_open,51.0,34.5625,4,30.0,29.0,28.0,30.0,30.0,28.0,30.0,30.0,29.0,32.0,32.0,51.0,47.0,42.0,44.0,41.0
2025-12-25T11:30:19.673503,8349.809,2998,Thumb,motor_14_flexed,51.0,34.625,4,30.0,29.0,28.0,30.0,30.0,28.0,30.0,30.0,29.0,32.0,32.0,51.0,47.0,42.0,44.0,42.0
2025-12-25T11:30:21.561395,8351.698,2998,Thumb,motor_14_open,51.0,34.5625,4,30.0,29.0,28.0,30.0,30.0,28.0,30.0,30.0,29.0,32.0,32.0,51.0,47.0,42.0,44.0,41.0
2025-12-25T11:30:22.457342,8352.594,2999,Thumb,motor_12_flexed,51.0,34.625,4,30.0,29.0,28.0,30.0,30.0,28.0,30.0,30.0,29.0,32.0,32.0,51.0,47.0,42.0,44.0,42.0
2025-12-25T11:30:24.345235,8354.484,2999,Thumb,motor_12_open,51.0,34.5625,4,30.0,29.0,28.0,30.0,30.0,28.0,30.0,30.0,29.0,32.0,32.0,51.0,47.0,42.0,44.0,41.0
2025-12-25T11:30:25.241183,8355.38,3000,Index,motor_2_flexed,51.0,34.625,4,30.0,29.0,28.0,30.0,30.0,28.0,30.0,30.0,29.0,32.0,32.0,51.0,47.0,42.0,44.0,42.0
2025-12-25T11:30:27.129076,8357.266,3000,Index,motor_2_open,51.0,34.625,4,30.0,29.0,28.0,30.0,30.0,28.0,30.0,30.0,29.0,32.0,32.0,51.0,47.0,42.0,44.0,42.0
2025-12-25T11:30:28.025026,8358.16,3001,Index,motor_1_flexed,51.0,34.625,4,30.0,29.0,28.0,30.0,30.0,28.0,30.0,30.0,29.0,32.0,32.0,51.0,47.0,42.0,44.0,42.0
2025-12-25T11:30:29.912918,8360.053,3001,Index,motor_1_open,51.0,34.5625,4,30.0,29.0,28.0,30.0,30.0,28.0,30.0,30.0,29.0,32.0,32.0,51.0,47.0,42.0,43.0,42.0
2025-12-25T11:30:30.808859,8360.946,3002,Index,motor_3_flexed,51.0,34.5625,4,30.0,29.0,28.0,30.0,30.0,28.0,30.0,30.0,29.0,32.0,32.0,51.0,47.0,42.0,44.0,41.0
2025-12-25T11:30:32.696756,8362.833,3002,Index,motor_3_open,51.0,34.625,4,30.0,29.0,28.0,30.0,30.0,28.0,30.0,30.0,29.0,32.0,32.0,51.0,47.0,42.0,44.0,42.0
2025-12-25T11:30:33.592693,8363.723,3003,Middle,motor_11_flexed,51.0,34.6875,4,31.0,29.0,28.0,30.0,30.0,28.0,30.0,30.0,29.0,32.0,32.0,51.0,47.0,42.0,44.0,42.0
2025-12-25T11:30:35.480627,8365.618,3003,Middle,motor_11_open,51.0,34.625,4,30.0,29.0,28.0,30.0,30.0,28.0,30.0,30.0,29.0,32.0,32.0,51.0,47.0,42.0,44.0,42.0
2025-12-25T11:30:36.376546,8366.51,3004,Middle,motor_10_flexed,51.0,34.5625,4,30.0,29.0,28.0,30.0,30.0,28.0,30.0,30.0,29.0,32.0,32.0,51.0,47.0,42.0,44.0,41.0
2025-12-25T11:30:38.264470,8368.401,3004,Middle,motor_10_open,51.0,34.625,4,30.0,29.0,28.0,30.0,30.0,28.0,30.0,30.0,29.0,32.0,32.0,51.0,47.0,42.0,44.0,42.0
2025-12-25T11:30:39.160415,8369.298,3005,Ring,motor_4_flexed,51.0,34.625,4,30.0,29.0,28.0,30.0,30.0,28.0,30.0,30.0,29.0,32.0,32.0,51.0,47.0,42.0,44.0,42.0
2025-12-25T11:30:41.048306,8371.184,3005,Ring,motor_4_open,51.0,34.5625,4,30.0,29.0,28.0,30.0,30.0,28.0,30.0,30.0,29.0,32.0,32.0,51.0,47.0,42.0,44.0,41.0
2025-12-25T11:30:41.944258,8372.084,3006,Ring,motor_5_flexed,51.0,34.625,4,30.0,29.0,28.0,30.0,30.0,28.0,30.0,30.0,29.0,32.0,32.0,51.0,47.0,42.0,44.0,42.0
2025-12-25T11:30:43.832149,8373.97,3006,Ring,motor_5_open,51.0,34.625,4,30.0,29.0,28.0,30.0,30.0,28.0,30.0,30.0,29.0,32.0,32.0,51.0,47.0,42.0,44.0,42.0
2025-12-25T11:30:44.728107,8374.867,3007,Ring,motor_6_flexed,51.0,34.625,4,30.0,29.0,28.0,30.0,30.0,28.0,30.0,30.0,29.0,32.0,32.0,51.0,47.0,42.0,44.0,42.0
2025-12-25T11:30:46.615990,8376.755,3007,Ring,motor_6_open,51.0,34.625,4,30.0,29.0,28.0,30.0,30.0,28.0,30.0,30.0,29.0,32.0,32.0,51.0,47.0,42.0,44.0,42.0
2025-12-25T11:30:47.511912,8377.651,3008,Pinky,motor_7_flexed,51.0,34.625,4,30.0,29.0,28.0,30.0,30.0,28.0,30.0,30.0,29.0,32.0,32.0,51.0,47.0,42.0,44.0,42.0
2025-12-25T11:30:49.399825,8379.537,3008,Pinky,motor_7_open,51.0,34.5625,4,30.0,29.0,28.0,30.0,30.0,28.0,30.0,30.0,29.0,32.0,32.0,51.0,47.0,42.0,44.0,41.0
2025-12-25T11:30:50.295757,8380.43,3009,Pinky,motor_8_flexed,51.0,34.625,4,30.0,29.0,28.0,30.0,30.0,28.0,30.0,30.0,29.0,32.0,32.0,51.0,47.0,42.0,44.0,42.0
2025-12-25T11:30:52.183650,8382.322,3009,Pinky,motor_8_open,51.0,34.625,4,30.0,29.0,28.0,30.0,30.0,28.0,30.0,30.0,29.0,32.0,32.0,51.0,47.0,42.0,44.0,42.0
2025-12-25T11:30:53.079606,8383.218,3010,Pinky,motor_9_flexed,51.0,34.625,4,30.0,29.0,28.0,30.0,30.0,28.0,30.0,30.0,29.0,32.0,32.0,51.0,47.0,42.0,44.0,42.0
2025-12-25T11:30:54.967499,8385.107,3010,Pinky,motor_9_open,51.0,34.6875,4,30.0,29.0,28.0,30.0,30.0,28.0,30.0,30.0,29.0,32.0,32.0,51.0,47.0,42.0,44.0,43.0
2025-12-25T11:30:55.863447,8386.002,3011,Thumb,motor_13_flexed,51.0,34.625,4,30.0,29.0,28.0,30.0,30.0,28.0,30.0,30.0,29.0,32.0,32.0,51.0,47.0,42.0,44.0,42.0
2025-12-25T11:30:57.751340,8387.888,3011,Thumb,motor_13_open,51.0,34.625,4,30.0,29.0,28.0,30.0,30.0,28.0,30.0,30.0,29.0,32.0,32.0,51.0,47.0,42.0,44.0,42.0
2025-12-25T11:30:58.647297,8388.786,3012,Thumb,motor_14_flexed,51.0,34.625,4,30.0,29.0,28.0,30.0,30.0,28.0,30.0,30.0,29.0,32.0,32.0,51.0,47.0,42.0,44.0,42.0
2025-12-25T11:31:00.535180,8390.67,3012,Thumb,motor_14_open,51.0,34.5625,4,30.0,29.0,28.0,30.0,30.0,28.0,30.0,30.0,29.0,32.0,32.0,51.0,47.0,42.0,44.0,41.0
2025-12-25T11:31:01.431130,8391.567,3013,Thumb,motor_12_flexed,51.0,34.625,4,30.0,29.0,28.0,30.0,30.0,28.0,30.0,30.0,29.0,32.0,32.0,51.0,47.0,42.0,44.0,42.0
2025-12-25T11:31:03.319044,8393.455,3013,Thumb,motor_12_open,51.0,34.5625,4,30.0,29.0,28.0,30.0,30.0,28.0,30.0,30.0,29.0,32.0,32.0,51.0,47.0,42.0,44.0,41.0
2025-12-25T11:31:04.214979,8394.353,3014,Index,motor_2_flexed,51.0,34.625,4,30.0,29.0,28.0,30.0,30.0,28.0,30.0,30.0,29.0,32.0,32.0,51.0,47.0,42.0,44.0,42.0
2025-12-25T11:31:06.102868,8396.238,3014,Index,motor_2_open,51.0,34.625,4,30.0,29.0,28.0,30.0,30.0,28.0,30.0,30.0,29.0,32.0,32.0,51.0,47.0,42.0,44.0,42.0
2025-12-25T11:31:06.998834,8397.135,3015,Index,motor_1_flexed,51.0,34.5625,4,30.0,29.0,28.0,30.0,30.0,28.0,30.0,30.0,29.0,32.0,32.0,51.0,47.0,42.0,44.0,41.0
2025-12-25T11:31:08.886725,8399.024,3015,Index,motor_1_open,51.0,34.625,4,30.0,29.0,28.0,30.0,30.0,28.0,30.0,30.0,29.0,32.0,32.0,51.0,47.0,42.0,44.0,42.0
2025-12-25T11:31:09.782671,8399.919,3016,Index,motor_3_flexed,51.0,34.625,4,30.0,29.0,28.0,30.0,30.0,28.0,30.0,30.0,29.0,32.0,32.0,51.0,47.0,42.0,44.0,42.0
2025-12-25T11:31:10.870613,8401.009,3016,Index,motor_3_flex_hold,51.0,34.5625,4,30.0,29.0,28.0,30.0,30.0,28.0,30.0,30.0,29.0,32.0,32.0,51.0,47.0,42.0,44.0,41.0
2025-12-25T11:31:11.670555,8401.81,3016,Index,motor_3_open,51.0,34.5625,4,30.0,29.0,28.0,30.0,30.0,28.0,30.0,30.0,29.0,32.0,32.0,51.0,47.0,42.0,43.0,42.0
2025-12-25T11:31:12.566519,8402.704,3017,Middle,motor_11_flexed,51.0,34.625,4,30.0,29.0,28.0,30.0,30.0,28.0,30.0,30.0,29.0,32.0,32.0,51.0,47.0,42.0,44.0,42.0
2025-12-25T11:31:14.454394,8404.591,3017,Middle,motor_11_open,51.0,34.5625,4,30.0,29.0,28.0,30.0,30.0,28.0,30.0,30.0,29.0,32.0,32.0,51.0,47.0,42.0,44.0,41.0
2025-12-25T11:31:15.350343,8405.484,3018,Middle,motor_10_flexed,51.0,34.625,4,30.0,29.0,28.0,30.0,30.0,28.0,30.0,30.0,29.0,32.0,32.0,51.0,47.0,42.0,44.0,42.0
2025-12-25T11:31:17.238251,8407.374,3018,Middle,motor_10_open,51.0,34.625,4,30.0,29.0,28.0,30.0,30.0,28.0,30.0,30.0,29.0,32.0,32.0,51.0,47.0,42.0,44.0,42.0
2025-12-25T11:31:18.134198,8408.271,3019,Ring,motor_4_flexed,51.0,34.625,4,30.0,29.0,28.0,30.0,30.0,28.0,30.0,30.0,29.0,32.0,32.0,51.0,47.0,42.0,44.0,42.0
2025-12-25T11:31:20.022063,8410.159,3019,Ring,motor_4_open,51.0,34.625,4,30.0,29.0,28.0,30.0,30.0,28.0,30.0,30.0,29.0,32.0,32.0,51.0,47.0,42.0,44.0,42.0
2025-12-25T11:31:20.918010,8411.048,3020,Ring,motor_5_flexed,51.0,34.625,4,30.0,29.0,28.0,30.0,30.0,28.0,30.0,30.0,29.0,32.0,32.0,51.0,47.0,42.0,44.0,42.0
2025-12-25T11:31:22.805903,8412.943,3020,Ring,motor_5_open,51.0,34.625,4,30.0,29.0,28.0,30.0,30.0,28.0,30.0,30.0,29.0,32.0,32.0,51.0,47.0,42.0,44.0,42.0
2025-12-25T11:31:23.701850,8413.838,3021,Ring,motor_6_flexed,51.0,34.6875,4,30.0,29.0,28.0,30.0,30.0,28.0,30.0,30.0,29.0,32.0,32.0,51.0,47.0,42.0,45.0,42.0
2025-12-25T11:31:25.589746,8415.722,3021,Ring,motor_6_open,51.0,34.625,4,30.0,29.0,28.0,30.0,30.0,28.0,30.0,30.0,29.0,32.0,32.0,51.0,47.0,42.0,44.0,42.0
2025-12-25T11:31:26.485696,8416.618,3022,Pinky,motor_7_flexed,51.0,34.625,4,30.0,29.0,28.0,30.0,30.0,28.0,30.0,30.0,29.0,32.0,32.0,51.0,47.0,42.0,44.0,42.0
2025-12-25T11:31:28.373599,8418.507,3022,Pinky,motor_7_open,51.0,34.625,4,30.0,29.0,28.0,30.0,30.0,28.0,30.0,30.0,29.0,32.0,32.0,51.0,47.0,42.0,44.0,42.0
2025-12-25T11:31:29.269549,8419.406,3023,Pinky,motor_8_flexed,51.0,34.625,4,30.0,29.0,28.0,30.0,30.0,28.0,30.0,30.0,29.0,32.0,32.0,51.0,47.0,42.0,44.0,42.0
2025-12-25T11:31:31.157460,8421.294,3023,Pinky,motor_8_open,51.0,34.625,4,30.0,29.0,28.0,30.0,30.0,28.0,30.0,30.0,29.0,32.0,32.0,51.0,47.0,42.0,44.0,42.0
2025-12-25T11:31:32.053408,8422.188,3024,Pinky,motor_9_flexed,51.0,34.5625,4,30.0,29.0,28.0,30.0,30.0,28.0,30.0,30.0,29.0,32.0,32.0,51.0,47.0,42.0,44.0,41.0
2025-12-25T11:31:33.941300,8424.079,3024,Pinky,motor_9_open,51.0,34.5625,4,30.0,29.0,28.0,30.0,30.0,28.0,30.0,30.0,29.0,32.0,32.0,51.0,47.0,42.0,44.0,41.0
2025-12-25T11:31:34.837235,8424.978,3025,Thumb,motor_13_flexed,51.0,34.625,4,30.0,29.0,28.0,30.0,30.0,28.0,30.0,30.0,29.0,32.0,32.0,51.0,47.0,42.0,44.0,42.0
2025-12-25T11:31:36.725115,8426.864,3025,Thumb,motor_13_open,51.0,34.625,4,30.0,29.0,28.0,30.0,30.0,28.0,30.0,30.0,29.0,32.0,32.0,51.0,47.0,42.0,44.0,42.0
2025-12-25T11:31:37.621064,8427.758,3026,Thumb,motor_14_flexed,51.0,34.625,4,30.0,29.0,28.0,30.0,30.0,28.0,30.0,30.0,29.0,32.0,32.0,51.0,47.0,42.0,44.0,42.0
2025-12-25T11:31:39.508968,8429.647,3026,Thumb,motor_14_open,51.0,34.625,4,30.0,29.0,28.0,30.0,30.0,28.0,30.0,30.0,29.0,32.0,32.0,51.0,47.0,42.0,44.0,42.0
2025-12-25T11:31:40.404919,8430.544,3027,Thumb,motor_12_flexed,51.0,34.5625,4,30.0,29.0,28.0,30.0,30.0,28.0,30.0,30.0,29.0,32.0,32.0,51.0,47.0,42.0,44.0,41.0
2025-12-25T11:31:42.292811,8432.433,3027,Thumb,motor_12_open,51.0,34.625,4,30.0,29.0,28.0,30.0,30.0,28.0,30.0,30.0,29.0,32.0,32.0,51.0,47.0,42.0,44.0,42.0
2025-12-25T11:31:43.188761,8433.328,3028,Index,motor_2_flexed,51.0,34.5625,4,30.0,29.0,28.0,30.0,30.0,28.0,30.0,30.0,29.0,32.0,32.0,51.0,47.0,42.0,44.0,41.0
2025-12-25T11:31:45.076652,8435.215,3028,Index,motor_2_open,51.0,34.625,4,30.0,29.0,28.0,30.0,30.0,28.0,30.0,30.0,29.0,32.0,32.0,51.0,47.0,42.0,44.0,42.0
2025-12-25T11:31:45.972590,8436.11,3029,Index,motor_1_flexed,51.0,34.625,4,30.0,29.0,28.0,30.0,30.0,28.0,30.0,30.0,29.0,32.0,32.0,51.0,47.0,42.0,44.0,42.0
2025-12-25T11:31:47.860491,8437.999,3029,Index,motor_1_open,51.0,34.6875,4,30.0,29.0,28.0,30.0,30.0,28.0,30.0,30.0,29.0,32.0,32.0,51.0,47.0,42.0,45.0,42.0
2025-12-25T11:31:48.756420,8438.887,3030,Index,motor_3_flexed,51.0,34.625,4,30.0,29.0,28.0,30.0,30.0,28.0,30.0,30.0,29.0,32.0,32.0,51.0,47.0,42.0,44.0,42.0
2025-12-25T11:31:50.644336,8440.775,3030,Index,motor_3_open,51.0,34.5625,4,30.0,29.0,28.0,30.0,30.0,28.0,30.0,30.0,29.0,32.0,32.0,51.0,47.0,42.0,44.0,41.0
2025-12-25T11:31:51.540304,8441.679,3031,Middle,motor_11_flexed,51.0,34.5625,4,30.0,29.0,28.0,30.0,30.0,28.0,30.0,30.0,29.0,32.0,32.0,51.0,47.0,42.0,44.0,41.0
2025-12-25T11:31:53.428190,8443.567,3031,Middle,motor_11_open,51.0,34.625,4,30.0,29.0,28.0,30.0,30.0,28.0,30.0,30.0,29.0,32.0,32.0,51.0,47.0,42.0,44.0,42.0
2025-12-25T11:31:54.324144,8444.46,3032,Middle,motor_10_flexed,51.0,34.625,4,30.0,29.0,28.0,30.0,30.0,28.0,30.0,30.0,29.0,32.0,32.0,51.0,47.0,42.0,44.0,42.0
2025-12-25T11:31:56.212049,8446.35,3032,Middle,motor_10_open,51.0,34.625,4,30.0,29.0,28.0,30.0,30.0,28.0,30.0,30.0,29.0,32.0,32.0,51.0,47.0,42.0,44.0,42.0
2025-12-25T11:31:57.107988,8447.246,3033,Ring,motor_4_flexed,51.0,34.625,4,30.0,29.0,28.0,30.0,30.0,28.0,30.0,30.0,29.0,32.0,32.0,51.0,47.0,42.0,44.0,42.0
2025-12-25T11:31:58.995881,8449.136,3033,Ring,motor_4_open,51.0,34.5,4,30.0,29.0,28.0,30.0,30.0,28.0,30.0,30.0,29.0,32.0,32.0,51.0,47.0,42.0,44.0,40.0
2025-12-25T11:31:59.891830,8450.03,3034,Ring,motor_5_flexed,51.0,34.5625,4,30.0,29.0,28.0,30.0,30.0,28.0,30.0,30.0,29.0,32.0,32.0,51.0,47.0,42.0,44.0,41.0
2025-12-25T11:32:01.779712,8451.912,3034,Ring,motor_5_open,51.0,34.625,4,30.0,29.0,28.0,30.0,30.0,28.0,30.0,30.0,29.0,32.0,32.0,51.0,47.0,42.0,44.0,42.0
2025-12-25T11:32:02.675658,8452.81,3035,Ring,motor_6_flexed,51.0,34.5625,4,30.0,29.0,28.0,30.0,30.0,28.0,30.0,30.0,29.0,32.0,32.0,51.0,47.0,42.0,44.0,41.0
2025-12-25T11:32:04.563562,8454.696,3035,Ring,motor_6_open,51.0,34.625,4,30.0,29.0,28.0,30.0,30.0,28.0,30.0,30.0,29.0,32.0,32.0,51.0,47.0,42.0,44.0,42.0
2025-12-25T11:32:05.459509,8455.59,3036,Pinky,motor_7_flexed,51.0,34.625,4,30.0,29.0,28.0,30.0,30.0,28.0,30.0,30.0,29.0,32.0,32.0,51.0,47.0,42.0,44.0,42.0
2025-12-25T11:32:07.347387,8457.478,3036,Pinky,motor_7_open,51.0,34.625,4,30.0,29.0,28.0,30.0,30.0,28.0,30.0,30.0,29.0,32.0,32.0,51.0,47.0,42.0,44.0,42.0
2025-12-25T11:32:08.243344,8458.374,3037,Pinky,motor_8_flexed,51.0,34.625,4,30.0,29.0,28.0,30.0,30.0,28.0,30.0,30.0,29.0,32.0,32.0,51.0,47.0,42.0,44.0,42.0
2025-12-25T11:32:10.131240,8460.27,3037,Pinky,motor_8_open,51.0,34.625,4,30.0,29.0,28.0,30.0,30.0,28.0,30.0,30.0,29.0,32.0,32.0,51.0,47.0,42.0,44.0,42.0
2025-12-25T11:32:11.027181,8461.166,3038,Pinky,motor_9_flexed,51.0,34.5625,4,30.0,29.0,28.0,30.0,30.0,28.0,30.0,30.0,29.0,32.0,32.0,51.0,47.0,42.0,44.0,41.0
2025-12-25T11:32:12.915073,8463.052,3038,Pinky,motor_9_open,51.0,34.625,4,30.0,29.0,28.0,30.0,30.0,28.0,30.0,30.0,29.0,32.0,32.0,51.0,47.0,42.0,44.0,42.0
2025-12-25T11:32:13.811024,8463.948,3039,Thumb,motor_13_flexed,51.0,34.625,4,30.0,29.0,28.0,30.0,30.0,28.0,30.0,30.0,29.0,32.0,32.0,51.0,47.0,42.0,44.0,42.0
2025-12-25T11:32:15.698916,8465.837,3039,Thumb,motor_13_open,51.0,34.625,4,30.0,29.0,28.0,30.0,30.0,28.0,30.0,30.0,29.0,32.0,32.0,51.0,47.0,42.0,44.0,42.0
2025-12-25T11:32:16.594865,8466.735,3040,Thumb,motor_14_flexed,51.0,34.5625,4,30.0,29.0,28.0,30.0,30.0,28.0,30.0,30.0,29.0,32.0,32.0,51.0,47.0,42.0,44.0,41.0
2025-12-25T11:32:18.482775,8468.623,3040,Thumb,motor_14_open,51.0,34.625,4,30.0,29.0,28.0,30.0,30.0,28.0,30.0,30.0,29.0,32.0,32.0,51.0,47.0,42.0,44.0,42.0
2025-12-25T11:32:19.378735,8469.518,3041,Thumb,motor_12_flexed,51.0,34.5625,4,30.0,29.0,28.0,30.0,30.0,28.0,30.0,30.0,29.0,32.0,32.0,51.0,47.0,42.0,44.0,41.0
2025-12-25T11:32:21.266618,8471.404,3041,Thumb,motor_12_open,51.0,34.625,4,30.0,29.0,28.0,30.0,30.0,28.0,30.0,30.0,29.0,32.0,32.0,51.0,47.0,42.0,44.0,42.0
2025-12-25T11:32:22.162569,8472.302,3042,Index,motor_2_flexed,51.0,34.5625,4,30.0,29.0,28.0,30.0,30.0,28.0,30.0,30.0,29.0,32.0,32.0,51.0,47.0,42.0,44.0,41.0
2025-12-25T11:32:24.050480,8474.185,3042,Index,motor_2_open,51.0,34.625,4,30.0,29.0,28.0,30.0,30.0,28.0,30.0,30.0,29.0,32.0,32.0,51.0,47.0,42.0,44.0,42.0
2025-12-25T11:32:24.946413,8475.082,3043,Index,motor_1_flexed,51.0,34.5625,4,30.0,29.0,28.0,30.0,30.0,28.0,30.0,30.0,29.0,32.0,32.0,51.0,47.0,42.0,44.0,41.0
2025-12-25T11:32:26.834276,8476.971,3043,Index,motor_1_open,51.0,34.625,4,30.0,29.0,28.0,30.0,30.0,28.0,30.0,30.0,29.0,32.0,32.0,51.0,47.0,42.0,44.0,42.0
2025-12-25T11:32:27.730242,8477.862,3044,Index,motor_3_flexed,51.0,34.625,4,30.0,29.0,28.0,30.0,30.0,28.0,30.0,30.0,29.0,32.0,32.0,51.0,47.0,42.0,44.0,42.0
2025-12-25T11:32:29.618138,8479.755,3044,Index,motor_3_open,51.0,34.625,4,30.0,29.0,28.0,30.0,30.0,28.0,30.0,30.0,29.0,32.0,32.0,51.0,47.0,42.0,44.0,42.0
2025-12-25T11:32:30.514085,8480.648,3045,Middle,motor_11_flexed,51.0,34.5625,4,30.0,29.0,28.0,30.0,30.0,28.0,30.0,30.0,29.0,32.0,32.0,51.0,47.0,42.0,44.0,41.0
2025-12-25T11:32:32.401980,8482.539,3045,Middle,motor_11_open,51.0,34.5625,4,30.0,29.0,28.0,30.0,30.0,28.0,30.0,30.0,29.0,32.0,32.0,51.0,47.0,42.0,44.0,41.0
2025-12-25T11:32:33.297927,8483.435,3046,Middle,motor_10_flexed,51.0,34.625,4,30.0,29.0,28.0,30.0,30.0,28.0,30.0,30.0,29.0,32.0,32.0,51.0,47.0,42.0,44.0,42.0
2025-12-25T11:32:35.185813,8485.32,3046,Middle,motor_10_open,51.0,34.8125,4,30.0,29.0,28.0,30.0,30.0,28.0,30.0,30.0,29.0,32.0,32.0,51.0,47.0,42.0,44.0,45.0
2025-12-25T11:32:36.081763,8486.217,3047,Ring,motor_4_flexed,51.0,34.625,4,30.0,29.0,28.0,30.0,30.0,28.0,30.0,30.0,29.0,32.0,32.0,51.0,47.0,42.0,44.0,42.0
2025-12-25T11:32:37.969643,8488.104,3047,Ring,motor_4_open,51.0,34.5625,4,30.0,29.0,28.0,30.0,30.0,28.0,30.0,30.0,29.0,32.0,32.0,51.0,47.0,42.0,44.0,41.0
2025-12-25T11:32:38.865594,8489.003,3048,Ring,motor_5_flexed,51.0,34.625,4,30.0,29.0,28.0,30.0,30.0,28.0,30.0,30.0,29.0,32.0,32.0,51.0,47.0,42.0,44.0,42.0
2025-12-25T11:32:40.753498,8490.893,3048,Ring,motor_5_open,51.0,34.625,4,30.0,29.0,28.0,30.0,30.0,28.0,30.0,30.0,29.0,32.0,32.0,51.0,47.0,42.0,44.0,42.0
2025-12-25T11:32:41.649448,8491.789,3049,Ring,motor_6_flexed,51.0,34.625,4,30.0,29.0,28.0,30.0,30.0,28.0,30.0,30.0,29.0,32.0,32.0,51.0,47.0,42.0,44.0,42.0
2025-12-25T11:32:43.537342,8493.676,3049,Ring,motor_6_open,51.0,34.625,4,30.0,29.0,28.0,30.0,30.0,28.0,30.0,30.0,29.0,32.0,32.0,51.0,47.0,42.0,44.0,42.0
2025-12-25T11:32:44.433291,8494.572,3050,Pinky,motor_7_flexed,51.0,34.625,4,30.0,29.0,28.0,30.0,30.0,28.0,30.0,30.0,29.0,32.0,32.0,51.0,47.0,42.0,44.0,42.0
2025-12-25T11:32:46.321172,8496.459,3050,Pinky,motor_7_open,51.0,34.625,4,30.0,29.0,28.0,30.0,30.0,28.0,30.0,30.0,29.0,32.0,32.0,51.0,47.0,42.0,44.0,42.0
2025-12-25T11:32:47.217124,8497.354,3051,Pinky,motor_8_flexed,51.0,34.5625,4,30.0,29.0,28.0,30.0,30.0,28.0,30.0,30.0,29.0,32.0,32.0,51.0,47.0,42.0,44.0,41.0
2025-12-25T11:32:49.105014,8499.236,3051,Pinky,motor_8_open,51.0,34.625,4,30.0,29.0,28.0,30.0,30.0,28.0,30.0,30.0,29.0,32.0,32.0,51.0,47.0,42.0,44.0,42.0
2025-12-25T11:32:50.000967,8500.138,3052,Pinky,motor_9_flexed,51.0,34.5625,4,30.0,29.0,28.0,30.0,30.0,28.0,30.0,30.0,29.0,32.0,32.0,51.0,47.0,42.0,44.0,41.0
2025-12-25T11:32:51.888860,8502.029,3052,Pinky,motor_9_open,51.0,34.5625,4,30.0,29.0,28.0,30.0,30.0,28.0,30.0,30.0,29.0,32.0,32.0,51.0,47.0,42.0,44.0,41.0
2025-12-25T11:32:52.784808,8502.923,3053,Thumb,motor_13_flexed,51.0,34.625,4,30.0,29.0,28.0,30.0,30.0,28.0,30.0,30.0,29.0,32.0,32.0,51.0,47.0,42.0,44.0,42.0
2025-12-25T11:32:54.672700,8504.811,3053,Thumb,motor_13_open,51.0,34.5625,4,30.0,29.0,28.0,30.0,30.0,28.0,30.0,30.0,29.0,32.0,32.0,51.0,47.0,42.0,44.0,41.0
2025-12-25T11:32:55.568651,8505.708,3054,Thumb,motor_14_flexed,51.0,34.5625,4,30.0,29.0,28.0,30.0,30.0,28.0,30.0,30.0,29.0,32.0,32.0,51.0,47.0,42.0,44.0,41.0
2025-12-25T11:32:57.456556,8507.595,3054,Thumb,motor_14_open,51.0,34.5625,4,30.0,29.0,28.0,30.0,30.0,28.0,30.0,30.0,29.0,32.0,32.0,51.0,47.0,42.0,44.0,41.0
2025-12-25T11:32:58.352521,8508.495,3055,Thumb,motor_12_flexed,51.0,34.625,4,30.0,29.0,28.0,30.0,30.0,28.0,30.0,30.0,29.0,32.0,32.0,51.0,47.0,42.0,44.0,42.0
2025-12-25T11:33:00.240398,8510.379,3055,Thumb,motor_12_open,51.0,34.5625,4,30.0,29.0,28.0,30.0,30.0,28.0,30.0,30.0,29.0,32.0,32.0,51.0,47.0,42.0,44.0,41.0
2025-12-25T11:33:01.136346,8511.271,3056,Index,motor_2_flexed,51.0,34.5625,4,30.0,29.0,28.0,30.0,30.0,28.0,30.0,30.0,29.0,32.0,32.0,51.0,47.0,42.0,44.0,41.0
2025-12-25T11:33:03.024246,8513.163,3056,Index,motor_2_open,51.0,34.5625,4,30.0,29.0,28.0,30.0,30.0,28.0,30.0,30.0,29.0,32.0,32.0,51.0,47.0,42.0,44.0,41.0
2025-12-25T11:33:03.920189,8514.06,3057,Index,motor_1_flexed,51.0,34.625,4,30.0,29.0,28.0,30.0,30.0,28.0,30.0,30.0,29.0,32.0,32.0,51.0,47.0,42.0,44.0,42.0
2025-12-25T11:33:05.808083,8515.945,3057,Index,motor_1_open,51.0,34.5625,4,30.0,29.0,28.0,30.0,30.0,28.0,30.0,30.0,29.0,32.0,32.0,51.0,47.0,42.0,44.0,41.0
2025-12-25T11:33:06.704034,8516.844,3058,Index,motor_3_flexed,51.0,34.5625,4,30.0,29.0,28.0,30.0,30.0,28.0,30.0,30.0,29.0,32.0,32.0,51.0,47.0,42.0,44.0,41.0
2025-12-25T11:33:08.591925,8518.732,3058,Index,motor_3_open,51.0,34.5625,4,30.0,29.0,28.0,30.0,30.0,28.0,30.0,30.0,29.0,32.0,32.0,51.0,47.0,42.0,44.0,41.0
2025-12-25T11:33:09.487876,8519.627,3059,Middle,motor_11_flexed,51.0,34.625,4,30.0,29.0,28.0,30.0,30.0,28.0,30.0,30.0,29.0,32.0,32.0,51.0,47.0,42.0,44.0,42.0
2025-12-25T11:33:10.575805,8520.714,3059,Middle,motor_11_flex_hold,51.0,34.625,4,30.0,29.0,28.0,30.0,30.0,28.0,30.0,30.0,29.0,32.0,32.0,51.0,47.0,42.0,44.0,42.0
2025-12-25T11:33:11.375767,8521.515,3059,Middle,motor_11_open,51.0,34.5625,4,30.0,29.0,28.0,30.0,30.0,28.0,30.0,30.0,29.0,32.0,32.0,51.0,47.0,42.0,44.0,41.0
2025-12-25T11:33:12.271725,8522.408,3060,Middle,motor_10_flexed,51.0,34.625,4,30.0,29.0,28.0,30.0,30.0,28.0,30.0,30.0,29.0,32.0,32.0,51.0,47.0,42.0,44.0,42.0
2025-12-25T11:33:14.159602,8524.297,3060,Middle,motor_10_open,51.0,34.625,4,30.0,29.0,28.0,30.0,30.0,28.0,30.0,30.0,29.0,32.0,32.0,51.0,47.0,42.0,44.0,42.0
2025-12-25T11:33:15.055550,8525.193,3061,Ring,motor_4_flexed,51.0,34.625,4,30.0,29.0,28.0,30.0,30.0,28.0,30.0,30.0,29.0,32.0,32.0,51.0,47.0,42.0,44.0,42.0
2025-12-25T11:33:16.943463,8527.082,3061,Ring,motor_4_open,51.0,34.625,4,30.0,29.0,28.0,30.0,30.0,28.0,30.0,30.0,29.0,32.0,32.0,51.0,47.0,42.0,44.0,42.0
2025-12-25T11:33:17.839404,8527.975,3062,Ring,motor_5_flexed,51.0,34.625,4,30.0,29.0,28.0,30.0,30.0,28.0,30.0,30.0,29.0,32.0,32.0,51.0,47.0,42.0,44.0,42.0
2025-12-25T11:33:19.727298,8529.867,3062,Ring,motor_5_open,51.0,34.625,4,30.0,29.0,28.0,30.0,30.0,28.0,30.0,30.0,29.0,32.0,32.0,51.0,47.0,42.0,44.0,42.0
2025-12-25T11:33:20.623244,8530.76,3063,Ring,motor_6_flexed,51.0,34.625,4,30.0,29.0,28.0,30.0,30.0,28.0,30.0,30.0,29.0,32.0,32.0,51.0,47.0,42.0,44.0,42.0
2025-12-25T11:33:22.511137,8532.649,3063,Ring,motor_6_open,51.0,34.625,4,30.0,29.0,28.0,30.0,30.0,28.0,30.0,30.0,29.0,32.0,32.0,51.0,47.0,42.0,44.0,42.0
2025-12-25T11:33:23.407090,8533.546,3064,Pinky,motor_7_flexed,51.0,34.625,4,30.0,29.0,28.0,30.0,30.0,28.0,30.0,30.0,29.0,32.0,32.0,51.0,47.0,42.0,44.0,42.0
2025-12-25T11:33:25.294975,8535.43,3064,Pinky,motor_7_open,51.0,34.5625,4,30.0,29.0,28.0,30.0,30.0,28.0,30.0,30.0,29.0,32.0,32.0,51.0,47.0,42.0,44.0,41.0
2025-12-25T11:33:26.190932,8536.325,3065,Pinky,motor_8_flexed,51.0,34.5625,4,30.0,29.0,28.0,30.0,30.0,28.0,30.0,30.0,29.0,32.0,32.0,51.0,47.0,42.0,44.0,41.0
2025-12-25T11:33:28.078828,8538.217,3065,Pinky,motor_8_open,51.0,34.625,4,30.0,29.0,28.0,30.0,30.0,28.0,30.0,30.0,29.0,32.0,32.0,51.0,47.0,42.0,44.0,42.0
2025-12-25T11:33:28.974774,8539.113,3066,Pinky,motor_9_flexed,51.0,34.5625,4,30.0,29.0,28.0,30.0,30.0,28.0,30.0,30.0,29.0,32.0,32.0,51.0,47.0,42.0,44.0,41.0
2025-12-25T11:33:30.862682,8541.0,3066,Pinky,motor_9_open,51.0,34.625,4,30.0,29.0,28.0,30.0,30.0,28.0,30.0,30.0,29.0,32.0,32.0,51.0,47.0,42.0,44.0,42.0
2025-12-25T11:33:31.758619,8541.896,3067,Thumb,motor_13_flexed,51.0,34.625,4,30.0,29.0,28.0,30.0,30.0,28.0,30.0,30.0,29.0,32.0,32.0,51.0,47.0,42.0,44.0,42.0
2025-12-25T11:33:33.646512,8543.785,3067,Thumb,motor_13_open,51.0,34.625,4,30.0,29.0,28.0,30.0,30.0,28.0,30.0,30.0,29.0,32.0,32.0,51.0,47.0,42.0,44.0,42.0
2025-12-25T11:33:34.542479,8544.681,3068,Thumb,motor_14_flexed,51.0,34.625,4,30.0,29.0,28.0,30.0,30.0,28.0,30.0,30.0,29.0,32.0,32.0,51.0,47.0,42.0,44.0,42.0
2025-12-25T11:33:36.430373,8546.567,3068,Thumb,motor_14_open,51.0,34.625,4,30.0,29.0,28.0,30.0,30.0,28.0,30.0,30.0,29.0,32.0,32.0,51.0,47.0,42.0,44.0,42.0
2025-12-25T11:33:37.326312,8547.462,3069,Thumb,motor_12_flexed,51.0,34.625,4,30.0,29.0,28.0,30.0,30.0,28.0,30.0,30.0,29.0,32.0,32.0,51.0,47.0,42.0,44.0,42.0
2025-12-25T11:33:39.214210,8549.353,3069,Thumb,motor_12_open,51.0,34.5625,4,30.0,29.0,28.0,30.0,30.0,28.0,30.0,30.0,29.0,32.0,32.0,51.0,47.0,42.0,44.0,41.0
2025-12-25T11:33:40.110170,8550.247,3070,Index,motor_2_flexed,51.0,34.625,4,30.0,29.0,28.0,30.0,30.0,28.0,30.0,30.0,29.0,32.0,32.0,51.0,47.0,42.0,44.0,42.0
2025-12-25T11:33:41.998048,8552.134,3070,Index,motor_2_open,51.0,34.625,4,30.0,29.0,28.0,30.0,30.0,28.0,30.0,30.0,29.0,32.0,32.0,51.0,47.0,42.0,44.0,42.0
2025-12-25T11:33:42.894009,8553.033,3071,Index,motor_1_flexed,51.0,34.625,4,30.0,29.0,28.0,30.0,30.0,28.0,30.0,30.0,29.0,32.0,32.0,51.0,47.0,42.0,44.0,42.0
2025-12-25T11:33:44.781901,8554.921,3071,Index,motor_1_open,51.0,34.625,4,30.0,29.0,28.0,30.0,30.0,28.0,30.0,30.0,29.0,32.0,32.0,51.0,47.0,42.0,44.0,42.0
2025-12-25T11:33:45.677853,8555.818,3072,Index,motor_3_flexed,51.0,34.5625,4,30.0,29.0,28.0,30.0,30.0,28.0,30.0,30.0,29.0,32.0,32.0,51.0,47.0,42.0,44.0,41.0
2025-12-25T11:33:47.565745,8557.706,3072,Index,motor_3_open,51.0,34.5625,4,30.0,29.0,28.0,30.0,30.0,28.0,30.0,30.0,29.0,32.0,32.0,51.0,47.0,42.0,44.0,41.0
2025-12-25T11:33:48.461695,8558.599,3073,Middle,motor_11_flexed,51.0,34.6875,4,30.0,29.0,28.0,30.0,30.0,28.0,30.0,30.0,29.0,32.0,32.0,51.0,47.0,42.0,44.0,43.0
2025-12-25T11:33:50.349586,8560.488,3073,Middle,motor_11_open,51.0,34.625,4,30.0,29.0,28.0,30.0,30.0,28.0,30.0,30.0,29.0,32.0,32.0,51.0,47.0,42.0,44.0,42.0
2025-12-25T11:33:51.245524,8561.386,3074,Middle,motor_10_flexed,51.0,34.625,4,30.0,29.0,28.0,30.0,30.0,28.0,30.0,30.0,29.0,32.0,32.0,51.0,47.0,42.0,44.0,42.0
2025-12-25T11:33:53.133429,8563.272,3074,Middle,motor_10_open,51.0,34.625,4,30.0,29.0,28.0,30.0,30.0,28.0,30.0,30.0,29.0,32.0,32.0,51.0,47.0,42.0,44.0,42.0
2025-12-25T11:33:54.029385,8564.168,3075,Ring,motor_4_flexed,51.0,34.5625,4,30.0,29.0,28.0,30.0,30.0,28.0,30.0,30.0,29.0,32.0,32.0,51.0,47.0,42.0,43.0,42.0
2025-12-25T11:33:55.917275,8566.054,3075,Ring,motor_4_open,51.0,34.5625,4,30.0,29.0,28.0,30.0,30.0,28.0,30.0,30.0,29.0,32.0,32.0,51.0,47.0,42.0,44.0,41.0
2025-12-25T11:33:56.813227,8566.952,3076,Ring,motor_5_flexed,51.0,34.625,4,30.0,29.0,28.0,30.0,30.0,28.0,30.0,30.0,29.0,32.0,32.0,51.0,47.0,42.0,44.0,42.0
2025-12-25T11:33:58.701123,8568.84,3076,Ring,motor_5_open,51.0,34.5625,4,30.0,29.0,28.0,30.0,30.0,28.0,30.0,30.0,29.0,32.0,32.0,51.0,47.0,42.0,44.0,41.0
2025-12-25T11:33:59.597072,8569.734,3077,Ring,motor_6_flexed,51.0,34.6875,4,30.0,29.0,28.0,30.0,30.0,28.0,30.0,30.0,29.0,32.0,32.0,51.0,47.0,42.0,44.0,43.0
2025-12-25T11:34:01.484960,8571.622,3077,Ring,motor_6_open,51.0,34.625,4,30.0,29.0,28.0,30.0,30.0,28.0,30.0,30.0,29.0,32.0,32.0,51.0,47.0,42.0,44.0,42.0
2025-12-25T11:34:02.380915,8572.52,3078,Pinky,motor_7_flexed,51.0,34.625,4,30.0,29.0,28.0,30.0,30.0,28.0,30.0,30.0,29.0,32.0,32.0,51.0,47.0,42.0,44.0,42.0
2025-12-25T11:34:04.268809,8574.405,3078,Pinky,motor_7_open,51.0,34.625,4,30.0,29.0,28.0,30.0,30.0,28.0,30.0,30.0,29.0,32.0,32.0,51.0,47.0,42.0,44.0,42.0
2025-12-25T11:34:05.164717,8575.296,3079,Pinky,motor_8_flexed,51.0,34.5625,4,30.0,29.0,28.0,30.0,30.0,28.0,30.0,30.0,29.0,32.0,32.0,51.0,47.0,42.0,44.0,41.0
2025-12-25T11:34:07.052621,8577.19,3079,Pinky,motor_8_open,51.0,34.625,4,30.0,29.0,28.0,30.0,30.0,28.0,30.0,30.0,29.0,32.0,32.0,51.0,47.0,42.0,44.0,42.0
2025-12-25T11:34:07.948565,8578.086,3080,Pinky,motor_9_flexed,51.0,34.625,4,30.0,29.0,28.0,30.0,30.0,28.0,30.0,30.0,29.0,32.0,32.0,51.0,47.0,42.0,44.0,42.0
2025-12-25T11:34:09.836477,8579.977,3080,Pinky,motor_9_open,51.0,34.5625,4,30.0,29.0,28.0,30.0,30.0,28.0,30.0,30.0,29.0,32.0,32.0,51.0,47.0,42.0,44.0,41.0
2025-12-25T11:34:10.428438,8580.562,3080,Pinky,motor_9_open_hold,51.0,34.625,4,30.0,29.0,28.0,30.0,30.0,28.0,30.0,30.0,29.0,32.0,32.0,51.0,47.0,42.0,44.0,42.0
2025-12-25T11:34:10.828418,8580.968,3081,Thumb,motor_13_flexed,51.0,34.625,4,30.0,29.0,28.0,30.0,30.0,28.0,30.0,30.0,29.0,32.0,32.0,51.0,47.0,42.0,44.0,42.0
2025-12-25T11:34:12.716312,8582.854,3081,Thumb,motor_13_open,51.0,34.5625,4,30.0,29.0,28.0,30.0,30.0,28.0,30.0,30.0,29.0,32.0,32.0,51.0,47.0,42.0,44.0,41.0
2025-12-25T11:34:13.612263,8583.75,3082,Thumb,motor_14_flexed,51.0,34.625,4,30.0,29.0,28.0,30.0,30.0,28.0,30.0,30.0,29.0,32.0,32.0,51.0,47.0,42.0,44.0,42.0
2025-12-25T11:34:15.500156,8585.638,3082,Thumb,motor_14_open,51.0,34.5625,4,30.0,29.0,28.0,30.0,30.0,28.0,30.0,30.0,29.0,32.0,32.0,51.0,47.0,42.0,44.0,41.0
2025-12-25T11:34:16.396106,8586.534,3083,Thumb,motor_12_flexed,51.0,34.625,4,30.0,29.0,28.0,30.0,30.0,28.0,30.0,30.0,29.0,32.0,32.0,51.0,47.0,42.0,44.0,42.0
2025-12-25T11:34:18.283999,8588.424,3083,Thumb,motor_12_open,51.0,34.5625,4,30.0,29.0,28.0,30.0,30.0,28.0,30.0,30.0,29.0,32.0,32.0,51.0,47.0,42.0,43.0,42.0
2025-12-25T11:34:19.179957,8589.318,3084,Index,motor_2_flexed,51.0,34.625,4,30.0,29.0,28.0,30.0,30.0,28.0,30.0,30.0,29.0,32.0,32.0,51.0,47.0,42.0,44.0,42.0
2025-12-25T11:34:21.067830,8591.206,3084,Index,motor_2_open,51.0,34.625,4,30.0,29.0,28.0,30.0,30.0,28.0,30.0,30.0,29.0,32.0,32.0,51.0,47.0,42.0,44.0,42.0
2025-12-25T11:34:21.963777,8592.102,3085,Index,motor_1_flexed,51.0,34.5625,4,30.0,29.0,28.0,30.0,30.0,28.0,30.0,30.0,29.0,32.0,32.0,51.0,47.0,42.0,44.0,41.0
2025-12-25T11:34:23.851683,8593.984,3085,Index,motor_1_open,51.0,34.625,4,30.0,29.0,28.0,30.0,30.0,28.0,30.0,30.0,29.0,32.0,32.0,51.0,47.0,42.0,44.0,42.0
2025-12-25T11:34:24.747621,8594.883,3086,Index,motor_3_flexed,51.0,34.5625,4,30.0,29.0,28.0,30.0,30.0,28.0,30.0,30.0,29.0,32.0,32.0,51.0,47.0,42.0,44.0,41.0
2025-12-25T11:34:26.635526,8596.774,3086,Index,motor_3_open,51.0,34.5625,4,30.0,29.0,28.0,30.0,30.0,28.0,30.0,30.0,29.0,32.0,32.0,51.0,47.0,42.0,44.0,41.0
2025-12-25T11:34:27.531478,8597.67,3087,Middle,motor_11_flexed,51.0,34.5625,4,30.0,29.0,28.0,30.0,30.0,28.0,30.0,30.0,29.0,32.0,32.0,51.0,47.0,42.0,44.0,41.0
2025-12-25T11:34:29.419400,8599.559,3087,Middle,motor_11_open,51.0,34.625,4,30.0,29.0,28.0,30.0,30.0,28.0,30.0,30.0,29.0,32.0,32.0,51.0,47.0,42.0,44.0,42.0
2025-12-25T11:34:30.315349,8600.455,3088,Middle,motor_10_flexed,51.0,34.5625,4,30.0,29.0,28.0,30.0,30.0,28.0,30.0,30.0,29.0,32.0,32.0,51.0,47.0,42.0,44.0,41.0
2025-12-25T11:34:32.203242,8602.343,3088,Middle,motor_10_open,51.0,34.625,4,30.0,29.0,28.0,30.0,30.0,28.0,30.0,30.0,29.0,32.0,32.0,51.0,47.0,42.0,44.0,42.0
2025-12-25T11:34:33.099205,8603.239,3089,Ring,motor_4_flexed,51.0,34.5625,4,30.0,29.0,28.0,30.0,30.0,28.0,30.0,30.0,29.0,32.0,32.0,51.0,47.0,42.0,44.0,41.0
2025-12-25T11:34:34.987062,8605.127,3089,Ring,motor_4_open,51.0,34.625,4,30.0,29.0,28.0,30.0,30.0,28.0,30.0,30.0,29.0,32.0,32.0,51.0,47.0,42.0,44.0,42.0
2025-12-25T11:34:35.883036,8606.022,3090,Ring,motor_5_flexed,51.0,34.625,4,30.0,29.0,28.0,30.0,30.0,28.0,30.0,30.0,29.0,32.0,32.0,51.0,47.0,42.0,44.0,42.0
2025-12-25T11:34:37.786919,8607.924,3090,Ring,motor_5_open,51.0,34.625,4,30.0,29.0,28.0,30.0,30.0,28.0,30.0,30.0,29.0,32.0,32.0,51.0,47.0,42.0,44.0,42.0
2025-12-25T11:34:38.682849,8608.821,3091,Ring,motor_6_flexed,51.0,34.625,4,30.0,29.0,28.0,30.0,30.0,28.0,30.0,30.0,29.0,32.0,32.0,51.0,47.0,42.0,44.0,42.0
2025-12-25T11:34:40.570747,8610.71,3091,Ring,motor_6_open,51.0,34.625,4,30.0,29.0,28.0,30.0,30.0,28.0,30.0,30.0,29.0,32.0,32.0,51.0,47.0,42.0,44.0,42.0
2025-12-25T11:34:41.466695,8611.604,3092,Pinky,motor_7_flexed,51.0,34.5625,4,30.0,29.0,28.0,30.0,30.0,28.0,30.0,30.0,29.0,32.0,32.0,51.0,47.0,42.0,44.0,41.0
2025-12-25T11:34:43.354574,8613.486,3092,Pinky,motor_7_open,51.0,34.625,4,30.0,29.0,28.0,30.0,30.0,28.0,30.0,30.0,29.0,32.0,32.0,51.0,47.0,42.0,44.0,42.0
2025-12-25T11:34:44.250524,8614.382,3093,Pinky,motor_8_flexed,51.0,34.625,4,30.0,29.0,28.0,30.0,30.0,28.0,30.0,30.0,29.0,32.0,32.0,51.0,47.0,42.0,44.0,42.0
2025-12-25T11:34:46.138431,8616.275,3093,Pinky,motor_8_open,51.0,34.625,4,30.0,29.0,28.0,30.0,30.0,28.0,30.0,30.0,29.0,32.0,32.0,51.0,47.0,42.0,44.0,42.0
2025-12-25T11:34:47.034380,8617.172,3094,Pinky,motor_9_flexed,51.0,34.625,4,30.0,29.0,28.0,30.0,30.0,28.0,30.0,30.0,29.0,32.0,32.0,51.0,47.0,42.0,44.0,42.0
2025-12-25T11:34:48.922275,8619.058,3094,Pinky,motor_9_open,51.0,34.5625,4,30.0,29.0,28.0,30.0,30.0,28.0,30.0,30.0,29.0,32.0,32.0,51.0,47.0,42.0,44.0,41.0
2025-12-25T11:34:49.818224,8619.955,3095,Thumb,motor_13_flexed,51.0,34.625,4,30.0,29.0,28.0,30.0,30.0,28.0,30.0,30.0,29.0,32.0,32.0,51.0,47.0,42.0,44.0,42.0
2025-12-25T11:34:51.706119,8621.844,3095,Thumb,motor_13_open,51.0,34.625,4,30.0,29.0,28.0,30.0,30.0,28.0,30.0,30.0,29.0,32.0,32.0,51.0,47.0,42.0,44.0,42.0
2025-12-25T11:34:52.602067,8622.742,3096,Thumb,motor_14_flexed,51.0,34.5625,4,30.0,29.0,28.0,30.0,30.0,28.0,30.0,30.0,29.0,32.0,32.0,51.0,47.0,42.0,44.0,41.0
2025-12-25T11:34:54.489965,8624.628,3096,Thumb,motor_14_open,51.0,34.625,4,30.0,29.0,28.0,30.0,30.0,28.0,30.0,30.0,29.0,32.0,32.0,51.0,47.0,42.0,44.0,42.0
2025-12-25T11:34:55.385913,8625.524,3097,Thumb,motor_12_flexed,51.0,34.5625,4,30.0,29.0,28.0,30.0,30.0,28.0,30.0,30.0,29.0,32.0,32.0,51.0,47.0,42.0,44.0,41.0
2025-12-25T11:34:57.273808,8627.411,3097,Thumb,motor_12_open,51.0,34.625,4,30.0,29.0,28.0,30.0,30.0,28.0,30.0,30.0,29.0,32.0,32.0,51.0,47.0,42.0,44.0,42.0
2025-12-25T11:34:58.169756,8628.309,3098,Index,motor_2_flexed,51.0,34.625,4,30.0,29.0,28.0,30.0,30.0,28.0,30.0,30.0,29.0,32.0,32.0,51.0,47.0,42.0,44.0,42.0
2025-12-25T11:35:00.057639,8630.192,3098,Index,motor_2_open,51.0,34.625,4,30.0,29.0,28.0,30.0,30.0,28.0,30.0,30.0,29.0,32.0,32.0,51.0,47.0,42.0,44.0,42.0
2025-12-25T11:35:00.953588,8631.086,3099,Index,motor_1_flexed,51.0,34.625,4,30.0,29.0,28.0,30.0,30.0,28.0,30.0,30.0,29.0,32.0,32.0,51.0,47.0,42.0,44.0,42.0
2025-12-25T11:35:02.841482,8632.978,3099,Index,motor_1_open,51.0,34.625,4,30.0,29.0,28.0,30.0,30.0,28.0,30.0,30.0,29.0,32.0,32.0,51.0,47.0,42.0,44.0,42.0
2025-12-25T11:35:03.737432,8633.871,3100,Index,motor_3_flexed,51.0,34.625,4,30.0,29.0,28.0,30.0,30.0,28.0,30.0,30.0,29.0,32.0,32.0,51.0,48.0,42.0,44.0,41.0
2025-12-25T11:35:05.625337,8635.764,3100,Index,motor_3_open,51.0,34.6875,4,30.0,29.0,28.0,30.0,30.0,28.0,30.0,30.0,29.0,32.0,32.0,51.0,48.0,42.0,44.0,42.0
2025-12-25T11:35:06.521288,8636.66,3101,Middle,motor_11_flexed,51.0,34.625,4,30.0,29.0,28.0,30.0,30.0,28.0,30.0,30.0,29.0,32.0,32.0,51.0,48.0,42.0,44.0,41.0
2025-12-25T11:35:08.409183,8638.545,3101,Middle,motor_11_open,51.0,34.5625,4,30.0,29.0,28.0,30.0,30.0,28.0,30.0,30.0,29.0,32.0,32.0,51.0,48.0,42.0,44.0,40.0
2025-12-25T11:35:09.305129,8639.443,3102,Middle,motor_10_flexed,51.0,34.6875,4,30.0,29.0,28.0,30.0,30.0,28.0,30.0,30.0,29.0,32.0,32.0,51.0,48.0,42.0,44.0,42.0
2025-12-25T11:35:10.393072,8640.531,3102,Middle,motor_10_flex_hold,51.0,34.6875,4,30.0,29.0,28.0,30.0,30.0,28.0,30.0,30.0,29.0,32.0,32.0,51.0,48.0,42.0,44.0,42.0
2025-12-25T11:35:11.193025,8641.334,3102,Middle,motor_10_open,51.0,34.625,4,30.0,29.0,28.0,30.0,30.0,28.0,30.0,30.0,29.0,32.0,32.0,51.0,48.0,42.0,44.0,41.0
2025-12-25T11:35:12.088977,8642.228,3103,Ring,motor_4_flexed,51.0,34.6875,4,30.0,29.0,28.0,30.0,30.0,28.0,30.0,30.0,29.0,32.0,32.0,51.0,48.0,42.0,44.0,42.0
2025-12-25T11:35:13.976868,8644.116,3103,Ring,motor_4_open,51.0,34.625,4,30.0,29.0,28.0,30.0,30.0,28.0,30.0,30.0,29.0,32.0,32.0,51.0,48.0,42.0,44.0,41.0
2025-12-25T11:35:14.872819,8645.012,3104,Ring,motor_5_flexed,51.0,34.6875,4,30.0,29.0,28.0,30.0,30.0,28.0,30.0,30.0,29.0,32.0,32.0,51.0,48.0,42.0,44.0,42.0
2025-12-25T11:35:16.760720,8646.901,3104,Ring,motor_5_open,51.0,34.6875,4,30.0,29.0,28.0,30.0,30.0,28.0,30.0,30.0,29.0,32.0,32.0,51.0,48.0,42.0,44.0,42.0
2025-12-25T11:35:17.656662,8647.795,3105,Ring,motor_6_flexed,51.0,34.6875,4,30.0,29.0,28.0,30.0,30.0,28.0,30.0,30.0,29.0,32.0,32.0,51.0,48.0,42.0,44.0,42.0
2025-12-25T11:35:19.544543,8649.681,3105,Ring,motor_6_open,51.0,34.625,4,30.0,29.0,28.0,30.0,30.0,28.0,30.0,30.0,29.0,32.0,32.0,51.0,48.0,42.0,44.0,41.0
2025-12-25T11:35:20.440521,8650.578,3106,Pinky,motor_7_flexed,51.0,34.6875,4,30.0,29.0,28.0,30.0,30.0,28.0,30.0,30.0,29.0,32.0,32.0,51.0,48.0,42.0,44.0,42.0
2025-12-25T11:35:22.328401,8652.47,3106,Pinky,motor_7_open,51.0,34.6875,4,30.0,29.0,28.0,30.0,30.0,28.0,30.0,30.0,29.0,32.0,32.0,51.0,48.0,42.0,44.0,42.0
2025-12-25T11:35:23.224343,8653.363,3107,Pinky,motor_8_flexed,51.0,34.6875,4,30.0,29.0,28.0,30.0,30.0,28.0,30.0,30.0,29.0,32.0,32.0,51.0,48.0,42.0,44.0,42.0
2025-12-25T11:35:25.112232,8655.251,3107,Pinky,motor_8_open,51.0,34.6875,4,30.0,29.0,28.0,30.0,30.0,28.0,30.0,30.0,29.0,32.0,32.0,51.0,48.0,42.0,44.0,42.0
2025-12-25T11:35:26.008190,8656.145,3108,Pinky,motor_9_flexed,51.0,34.625,4,30.0,29.0,28.0,30.0,30.0,28.0,30.0,30.0,29.0,32.0,32.0,51.0,48.0,42.0,44.0,41.0
2025-12-25T11:35:27.896079,8658.034,3108,Pinky,motor_9_open,51.0,34.6875,4,30.0,29.0,28.0,30.0,30.0,28.0,30.0,30.0,29.0,32.0,32.0,51.0,48.0,42.0,44.0,42.0
2025-12-25T11:35:28.792026,8658.931,3109,Thumb,motor_13_flexed,51.0,34.875,4,30.0,29.0,28.0,30.0,30.0,28.0,30.0,30.0,29.0,32.0,32.0,51.0,48.0,42.0,44.0,45.0
2025-12-25T11:35:30.679943,8660.816,3109,Thumb,motor_13_open,51.0,34.75,4,30.0,29.0,28.0,30.0,30.0,28.0,31.0,30.0,29.0,32.0,32.0,51.0,48.0,42.0,44.0,42.0
2025-12-25T11:35:31.575884,8661.715,3110,Thumb,motor_14_flexed,51.0,34.6875,4,30.0,29.0,28.0,30.0,30.0,28.0,30.0,30.0,29.0,32.0,32.0,51.0,48.0,42.0,44.0,42.0
2025-12-25T11:35:33.463776,8663.601,3110,Thumb,motor_14_open,51.0,34.6875,4,30.0,29.0,28.0,30.0,30.0,28.0,30.0,30.0,29.0,32.0,32.0,51.0,48.0,42.0,44.0,42.0
2025-12-25T11:35:34.359727,8664.499,3111,Thumb,motor_12_flexed,51.0,34.625,4,30.0,29.0,28.0,30.0,30.0,28.0,30.0,30.0,29.0,32.0,32.0,51.0,48.0,42.0,44.0,41.0
2025-12-25T11:35:36.247620,8666.385,3111,Thumb,motor_12_open,51.0,34.625,4,30.0,29.0,28.0,30.0,30.0,28.0,30.0,30.0,29.0,32.0,32.0,51.0,48.0,42.0,44.0,41.0
2025-12-25T11:35:37.143571,8667.282,3112,Index,motor_2_flexed,51.0,34.625,4,30.0,29.0,28.0,30.0,30.0,28.0,30.0,30.0,29.0,32.0,32.0,51.0,48.0,42.0,44.0,41.0
2025-12-25T11:35:39.031463,8669.167,3112,Index,motor_2_open,51.0,34.625,4,30.0,29.0,28.0,30.0,30.0,28.0,30.0,30.0,29.0,32.0,32.0,51.0,48.0,42.0,44.0,41.0
2025-12-25T11:35:39.927426,8670.067,3113,Index,motor_1_flexed,51.0,34.625,4,30.0,29.0,28.0,30.0,30.0,28.0,30.0,30.0,29.0,32.0,32.0,51.0,48.0,42.0,44.0,41.0
2025-12-25T11:35:41.815308,8671.956,3113,Index,motor_1_open,51.0,34.625,4,30.0,29.0,28.0,30.0,30.0,28.0,30.0,30.0,29.0,32.0,32.0,51.0,48.0,42.0,44.0,41.0
2025-12-25T11:35:42.711257,8672.85,3114,Index,motor_3_flexed,51.0,34.6875,4,30.0,29.0,28.0,30.0,30.0,28.0,30.0,30.0,29.0,32.0,32.0,51.0,48.0,42.0,44.0,42.0
2025-12-25T11:35:44.599167,8674.738,3114,Index,motor_3_open,51.0,34.6875,4,30.0,29.0,28.0,30.0,30.0,28.0,30.0,30.0,29.0,32.0,32.0,51.0,48.0,42.0,44.0,42.0
2025-12-25T11:35:45.495101,8675.635,3115,Middle,motor_11_flexed,51.0,34.625,4,30.0,29.0,28.0,30.0,30.0,28.0,30.0,30.0,29.0,32.0,32.0,51.0,48.0,42.0,44.0,41.0
2025-12-25T11:35:47.382986,8677.521,3115,Middle,motor_11_open,51.0,34.6875,4,30.0,29.0,28.0,30.0,30.0,28.0,30.0,30.0,29.0,32.0,32.0,51.0,48.0,42.0,44.0,42.0
2025-12-25T11:35:48.278933,8678.415,3116,Middle,motor_10_flexed,51.0,34.625,4,30.0,29.0,28.0,30.0,30.0,28.0,30.0,30.0,29.0,32.0,32.0,51.0,48.0,42.0,44.0,41.0
2025-12-25T11:35:50.166829,8680.302,3116,Middle,motor_10_open,51.0,34.6875,4,30.0,29.0,28.0,30.0,30.0,28.0,30.0,30.0,29.0,32.0,32.0,51.0,48.0,42.0,44.0,42.0
2025-12-25T11:35:51.062778,8681.201,3117,Ring,motor_4_flexed,51.0,34.625,4,30.0,29.0,28.0,30.0,30.0,28.0,30.0,30.0,29.0,32.0,32.0,51.0,48.0,42.0,44.0,41.0
2025-12-25T11:35:52.950684,8683.089,3117,Ring,motor_4_open,51.0,34.6875,4,30.0,29.0,28.0,30.0,30.0,28.0,30.0,30.0,29.0,32.0,32.0,51.0,48.0,42.0,44.0,42.0
2025-12-25T11:35:53.846649,8683.986,3118,Ring,motor_5_flexed,51.0,34.6875,4,30.0,29.0,28.0,30.0,30.0,28.0,30.0,30.0,29.0,32.0,32.0,51.0,48.0,42.0,44.0,42.0
2025-12-25T11:35:55.734527,8685.874,3118,Ring,motor_5_open,51.0,34.6875,4,30.0,29.0,28.0,30.0,30.0,28.0,30.0,30.0,29.0,32.0,32.0,51.0,48.0,42.0,44.0,42.0
2025-12-25T11:35:56.630479,8686.772,3119,Ring,motor_6_flexed,51.0,34.6875,4,30.0,29.0,28.0,30.0,30.0,28.0,30.0,30.0,29.0,32.0,32.0,51.0,48.0,42.0,44.0,42.0
2025-12-25T11:35:58.518372,8688.656,3119,Ring,motor_6_open,51.0,34.6875,4,30.0,29.0,28.0,30.0,30.0,28.0,30.0,30.0,29.0,32.0,32.0,51.0,48.0,42.0,44.0,42.0
2025-12-25T11:35:59.414322,8689.552,3120,Pinky,motor_7_flexed,51.0,34.6875,4,30.0,29.0,28.0,30.0,30.0,28.0,30.0,30.0,29.0,32.0,32.0,51.0,48.0,42.0,44.0,42.0
2025-12-25T11:36:01.302218,8691.439,3120,Pinky,motor_7_open,51.0,34.6875,4,30.0,29.0,28.0,30.0,30.0,28.0,30.0,30.0,29.0,32.0,32.0,51.0,48.0,42.0,44.0,42.0
2025-12-25T11:36:02.198164,8692.337,3121,Pinky,motor_8_flexed,51.0,34.6875,4,30.0,29.0,28.0,30.0,30.0,28.0,30.0,30.0,29.0,32.0,32.0,51.0,48.0,42.0,44.0,42.0
2025-12-25T11:36:04.086053,8694.224,3121,Pinky,motor_8_open,51.0,34.6875,4,30.0,29.0,28.0,30.0,30.0,28.0,30.0,30.0,29.0,32.0,32.0,51.0,48.0,42.0,44.0,42.0
2025-12-25T11:36:04.982012,8695.118,3122,Pinky,motor_9_flexed,51.0,34.625,4,30.0,29.0,28.0,30.0,30.0,28.0,30.0,30.0,29.0,32.0,32.0,51.0,48.0,42.0,44.0,41.0
2025-12-25T11:36:06.869905,8697.007,3122,Pinky,motor_9_open,51.0,34.6875,4,30.0,29.0,28.0,30.0,30.0,28.0,30.0,30.0,29.0,32.0,32.0,51.0,48.0,42.0,44.0,42.0
2025-12-25T11:36:07.765852,8697.904,3123,Thumb,motor_13_flexed,51.0,34.6875,4,30.0,29.0,28.0,30.0,30.0,28.0,30.0,30.0,29.0,32.0,32.0,51.0,48.0,42.0,44.0,42.0
2025-12-25T11:36:09.653750,8699.794,3123,Thumb,motor_13_open,51.0,34.6875,4,30.0,29.0,28.0,30.0,30.0,28.0,30.0,30.0,29.0,32.0,32.0,51.0,48.0,42.0,44.0,42.0
2025-12-25T11:36:10.245714,8700.38,3123,Thumb,motor_13_open_hold,51.0,34.6875,4,30.0,29.0,28.0,30.0,30.0,28.0,30.0,30.0,29.0,32.0,32.0,51.0,48.0,42.0,44.0,42.0
2025-12-25T11:36:10.645692,8700.786,3124,Thumb,motor_14_flexed,51.0,34.625,4,30.0,29.0,28.0,30.0,30.0,28.0,30.0,30.0,29.0,32.0,32.0,51.0,48.0,42.0,44.0,41.0
2025-12-25T11:36:12.533585,8702.671,3124,Thumb,motor_14_open,51.0,34.625,4,30.0,29.0,28.0,30.0,30.0,28.0,30.0,30.0,29.0,32.0,32.0,51.0,48.0,42.0,44.0,41.0
2025-12-25T11:36:13.429536,8703.569,3125,Thumb,motor_12_flexed,51.0,34.6875,4,30.0,29.0,28.0,30.0,30.0,28.0,30.0,30.0,29.0,32.0,32.0,51.0,48.0,42.0,44.0,42.0
2025-12-25T11:36:15.317431,8705.456,3125,Thumb,motor_12_open,51.0,34.625,4,30.0,29.0,28.0,30.0,30.0,28.0,30.0,30.0,29.0,32.0,32.0,51.0,48.0,42.0,44.0,41.0
2025-12-25T11:36:16.213379,8706.352,3126,Index,motor_2_flexed,51.0,34.625,4,30.0,29.0,28.0,30.0,30.0,28.0,30.0,30.0,29.0,32.0,32.0,51.0,47.0,42.0,44.0,42.0
2025-12-25T11:36:18.101275,8708.24,3126,Index,motor_2_open,51.0,34.625,4,30.0,29.0,28.0,30.0,30.0,28.0,30.0,30.0,29.0,32.0,32.0,51.0,47.0,42.0,44.0,42.0
2025-12-25T11:36:18.997231,8709.136,3127,Index,motor_1_flexed,51.0,34.625,4,30.0,29.0,28.0,30.0,30.0,28.0,30.0,30.0,29.0,32.0,32.0,51.0,47.0,42.0,44.0,42.0
2025-12-25T11:36:20.885118,8711.02,3127,Index,motor_1_open,51.0,34.625,4,30.0,29.0,28.0,30.0,30.0,28.0,30.0,30.0,29.0,32.0,32.0,51.0,47.0,42.0,44.0,42.0
2025-12-25T11:36:21.781065,8711.92,3128,Index,motor_3_flexed,51.0,34.6875,4,30.0,29.0,28.0,30.0,30.0,28.0,30.0,30.0,29.0,32.0,32.0,51.0,47.0,42.0,45.0,42.0
2025-12-25T11:36:23.668970,8713.809,3128,Index,motor_3_open,51.0,34.625,4,30.0,29.0,28.0,30.0,30.0,28.0,30.0,30.0,29.0,32.0,32.0,51.0,47.0,42.0,44.0,42.0
2025-12-25T11:36:24.564913,8714.702,3129,Middle,motor_11_flexed,51.0,34.5625,4,30.0,29.0,28.0,30.0,30.0,28.0,30.0,30.0,29.0,32.0,32.0,51.0,47.0,42.0,44.0,41.0
2025-12-25T11:36:26.452802,8716.591,3129,Middle,motor_11_open,51.0,34.625,4,30.0,29.0,28.0,30.0,30.0,28.0,30.0,30.0,29.0,32.0,32.0,51.0,47.0,42.0,44.0,42.0
2025-12-25T11:36:27.348758,8717.489,3130,Middle,motor_10_flexed,51.0,34.625,4,30.0,29.0,28.0,30.0,30.0,28.0,30.0,30.0,29.0,32.0,32.0,51.0,47.0,42.0,44.0,42.0
2025-12-25T11:36:29.236653,8719.375,3130,Middle,motor_10_open,51.0,34.625,4,30.0,29.0,28.0,30.0,30.0,28.0,30.0,30.0,29.0,32.0,32.0,51.0,47.0,42.0,44.0,42.0
2025-12-25T11:36:30.132602,8720.274,3131,Ring,motor_4_flexed,51.0,34.625,4,30.0,29.0,28.0,30.0,30.0,28.0,30.0,30.0,29.0,32.0,32.0,51.0,47.0,42.0,44.0,42.0
2025-12-25T11:36:32.020499,8722.159,3131,Ring,motor_4_open,51.0,34.625,4,30.0,29.0,28.0,30.0,30.0,28.0,30.0,30.0,29.0,32.0,32.0,51.0,47.0,42.0,44.0,42.0
2025-12-25T11:36:32.916440,8723.054,3132,Ring,motor_5_flexed,51.0,34.5625,4,30.0,29.0,28.0,30.0,30.0,28.0,30.0,30.0,29.0,32.0,32.0,51.0,47.0,42.0,44.0,41.0
2025-12-25T11:36:34.804332,8724.942,3132,Ring,motor_5_open,51.0,34.5625,4,30.0,29.0,28.0,30.0,30.0,28.0,30.0,30.0,29.0,32.0,32.0,51.0,47.0,42.0,44.0,41.0
2025-12-25T11:36:35.700291,8725.837,3133,Ring,motor_6_flexed,51.0,34.625,4,30.0,29.0,28.0,30.0,30.0,28.0,30.0,30.0,29.0,32.0,32.0,51.0,47.0,42.0,44.0,42.0
2025-12-25T11:36:37.588197,8727.726,3133,Ring,motor_6_open,51.0,34.5625,4,30.0,29.0,28.0,30.0,30.0,28.0,30.0,30.0,29.0,32.0,32.0,51.0,47.0,42.0,44.0,41.0
2025-12-25T11:36:38.484134,8728.621,3134,Pinky,motor_7_flexed,51.0,34.5625,4,30.0,29.0,28.0,30.0,30.0,28.0,30.0,30.0,29.0,32.0,32.0,51.0,47.0,42.0,44.0,41.0
2025-12-25T11:36:40.372029,8730.511,3134,Pinky,motor_7_open,51.0,34.5625,4,30.0,29.0,28.0,30.0,30.0,28.0,30.0,30.0,29.0,32.0,32.0,51.0,47.0,42.0,44.0,41.0
2025-12-25T11:36:41.267979,8731.405,3135,Pinky,motor_8_flexed,51.0,34.625,4,30.0,29.0,28.0,30.0,30.0,28.0,30.0,30.0,29.0,32.0,32.0,51.0,47.0,42.0,44.0,42.0
2025-12-25T11:36:43.155872,8733.293,3135,Pinky,motor_8_open,51.0,34.625,4,30.0,29.0,28.0,30.0,30.0,28.0,30.0,30.0,29.0,32.0,32.0,51.0,47.0,42.0,44.0,42.0
2025-12-25T11:36:44.051823,8734.188,3136,Pinky,motor_9_flexed,51.0,34.625,4,30.0,29.0,28.0,30.0,30.0,28.0,30.0,30.0,29.0,32.0,32.0,51.0,47.0,42.0,44.0,42.0
2025-12-25T11:36:45.939716,8736.079,3136,Pinky,motor_9_open,51.0,34.625,4,30.0,29.0,28.0,30.0,30.0,28.0,30.0,30.0,29.0,32.0,32.0,51.0,47.0,42.0,44.0,42.0
2025-12-25T11:36:46.835675,8736.974,3137,Thumb,motor_13_flexed,51.0,34.625,4,30.0,29.0,28.0,30.0,30.0,28.0,30.0,30.0,29.0,32.0,32.0,51.0,47.0,42.0,44.0,42.0
2025-12-25T11:36:48.723552,8738.86,3137,Thumb,motor_13_open,51.0,34.625,4,30.0,29.0,28.0,30.0,30.0,28.0,30.0,30.0,29.0,32.0,32.0,51.0,47.0,42.0,44.0,42.0
2025-12-25T11:36:49.619502,8739.757,3138,Thumb,motor_14_flexed,51.0,34.625,4,30.0,29.0,28.0,30.0,30.0,28.0,30.0,30.0,29.0,32.0,32.0,51.0,47.0,42.0,44.0,42.0
2025-12-25T11:36:51.507407,8741.648,3138,Thumb,motor_14_open,51.0,34.5625,4,30.0,29.0,28.0,30.0,30.0,28.0,30.0,30.0,29.0,32.0,32.0,51.0,47.0,42.0,44.0,41.0
2025-12-25T11:36:52.403357,8742.543,3139,Thumb,motor_12_flexed,51.0,34.5625,4,30.0,29.0,28.0,30.0,30.0,28.0,30.0,30.0,29.0,32.0,32.0,51.0,47.0,42.0,44.0,41.0
2025-12-25T11:36:54.291251,8744.427,3139,Thumb,motor_12_open,51.0,34.625,4,30.0,29.0,28.0,30.0,30.0,28.0,30.0,30.0,29.0,32.0,32.0,51.0,47.0,42.0,44.0,42.0
2025-12-25T11:36:55.187198,8745.325,3140,Index,motor_2_flexed,51.0,34.625,4,30.0,29.0,28.0,30.0,30.0,28.0,30.0,30.0,29.0,32.0,32.0,51.0,47.0,42.0,44.0,42.0
2025-12-25T11:36:57.075095,8747.212,3140,Index,motor_2_open,51.0,34.625,4,30.0,29.0,28.0,30.0,30.0,28.0,30.0,30.0,29.0,32.0,32.0,51.0,47.0,42.0,44.0,42.0
2025-12-25T11:36:57.971044,8748.108,3141,Index,motor_1_flexed,51.0,34.6875,4,30.0,29.0,28.0,30.0,30.0,28.0,30.0,30.0,29.0,32.0,32.0,51.0,47.0,42.0,45.0,42.0
2025-12-25T11:36:59.858936,8749.997,3141,Index,motor_1_open,51.0,34.5625,4,30.0,29.0,28.0,30.0,30.0,28.0,30.0,30.0,29.0,32.0,32.0,51.0,47.0,42.0,44.0,41.0
2025-12-25T11:37:00.754871,8750.892,3142,Index,motor_3_flexed,51.0,34.625,4,30.0,29.0,28.0,30.0,30.0,28.0,30.0,30.0,29.0,32.0,32.0,51.0,47.0,42.0,44.0,42.0
2025-12-25T11:37:02.642784,8752.779,3142,Index,motor_3_open,51.0,34.625,4,30.0,29.0,28.0,30.0,30.0,28.0,30.0,30.0,29.0,32.0,32.0,51.0,47.0,42.0,44.0,42.0
2025-12-25T11:37:03.538730,8753.678,3143,Middle,motor_11_flexed,51.0,34.625,4,30.0,29.0,28.0,30.0,30.0,28.0,30.0,30.0,29.0,32.0,32.0,51.0,47.0,42.0,44.0,42.0
2025-12-25T11:37:05.426626,8755.567,3143,Middle,motor_11_open,51.0,34.5625,4,30.0,29.0,28.0,30.0,30.0,28.0,30.0,30.0,29.0,32.0,32.0,51.0,47.0,42.0,44.0,41.0
2025-12-25T11:37:06.322578,8756.459,3144,Middle,motor_10_flexed,51.0,34.625,4,30.0,29.0,28.0,30.0,30.0,28.0,30.0,30.0,29.0,32.0,32.0,51.0,47.0,42.0,44.0,42.0
2025-12-25T11:37:08.210471,8758.347,3144,Middle,motor_10_open,51.0,34.625,4,30.0,29.0,28.0,30.0,30.0,28.0,30.0,30.0,29.0,32.0,32.0,51.0,47.0,42.0,44.0,42.0
2025-12-25T11:37:09.106421,8759.244,3145,Ring,motor_4_flexed,51.0,34.625,4,30.0,29.0,28.0,30.0,30.0,28.0,30.0,30.0,29.0,32.0,32.0,51.0,47.0,42.0,44.0,42.0
2025-12-25T11:37:10.194361,8760.333,3145,Ring,motor_4_flex_hold,51.0,34.625,4,30.0,29.0,28.0,30.0,30.0,28.0,30.0,30.0,29.0,32.0,32.0,51.0,47.0,42.0,44.0,42.0
2025-12-25T11:37:10.994318,8761.132,3145,Ring,motor_4_open,51.0,34.5625,4,30.0,29.0,28.0,30.0,30.0,28.0,30.0,30.0,29.0,32.0,32.0,51.0,47.0,42.0,44.0,41.0
2025-12-25T11:37:11.890265,8762.027,3146,Ring,motor_5_flexed,51.0,34.625,4,30.0,29.0,28.0,30.0,30.0,28.0,30.0,30.0,29.0,32.0,32.0,51.0,47.0,42.0,44.0,42.0
2025-12-25T11:37:13.778161,8763.914,3146,Ring,motor_5_open,51.0,34.625,4,30.0,29.0,28.0,30.0,30.0,28.0,30.0,30.0,29.0,32.0,32.0,51.0,47.0,42.0,44.0,42.0
2025-12-25T11:37:14.674107,8764.812,3147,Ring,motor_6_flexed,51.0,34.5625,4,30.0,29.0,28.0,30.0,30.0,28.0,30.0,30.0,29.0,32.0,32.0,51.0,47.0,42.0,44.0,41.0
2025-12-25T11:37:16.562007,8766.7,3147,Ring,motor_6_open,51.0,34.625,4,30.0,29.0,28.0,30.0,30.0,28.0,30.0,30.0,29.0,32.0,32.0,51.0,47.0,42.0,44.0,42.0
2025-12-25T11:37:17.457954,8767.596,3148,Pinky,motor_7_flexed,51.0,34.625,4,30.0,29.0,28.0,30.0,30.0,28.0,30.0,30.0,29.0,32.0,32.0,51.0,47.0,42.0,44.0,42.0
2025-12-25T11:37:19.345849,8769.482,3148,Pinky,motor_7_open,51.0,34.625,4,30.0,29.0,28.0,30.0,30.0,28.0,30.0,30.0,29.0,32.0,32.0,51.0,47.0,42.0,44.0,42.0
2025-12-25T11:37:20.241799,8770.374,3149,Pinky,motor_8_flexed,51.0,34.625,4,30.0,29.0,28.0,30.0,30.0,28.0,30.0,30.0,29.0,32.0,32.0,51.0,47.0,42.0,44.0,42.0
2025-12-25T11:37:22.129694,8772.267,3149,Pinky,motor_8_open,51.0,34.625,4,30.0,29.0,28.0,30.0,30.0,28.0,30.0,30.0,29.0,32.0,32.0,51.0,47.0,42.0,44.0,42.0
2025-12-25T11:37:23.025642,8773.165,3150,Pinky,motor_9_flexed,51.0,34.5625,4,30.0,29.0,28.0,30.0,30.0,28.0,30.0,30.0,29.0,32.0,32.0,51.0,47.0,42.0,44.0,41.0
2025-12-25T11:37:24.913539,8775.051,3150,Pinky,motor_9_open,51.0,34.625,4,30.0,29.0,28.0,30.0,30.0,28.0,30.0,30.0,29.0,32.0,32.0,51.0,47.0,42.0,44.0,42.0
2025-12-25T11:37:25.809492,8775.946,3151,Thumb,motor_13_flexed,51.0,34.625,4,30.0,29.0,28.0,30.0,30.0,28.0,30.0,30.0,29.0,32.0,32.0,51.0,47.0,42.0,44.0,42.0
2025-12-25T11:37:27.697379,8777.836,3151,Thumb,motor_13_open,51.0,34.625,4,30.0,29.0,28.0,30.0,30.0,28.0,30.0,30.0,29.0,32.0,32.0,51.0,47.0,42.0,44.0,42.0
2025-12-25T11:37:28.593331,8778.732,3152,Thumb,motor_14_flexed,51.0,34.625,4,30.0,29.0,28.0,30.0,30.0,28.0,30.0,30.0,29.0,32.0,32.0,51.0,47.0,42.0,44.0,42.0
2025-12-25T11:37:30.481224,8780.618,3152,Thumb,motor_14_open,51.0,34.5625,4,30.0,29.0,28.0,30.0,30.0,28.0,30.0,30.0,29.0,32.0,32.0,51.0,47.0,42.0,44.0,41.0
2025-12-25T11:37:31.377163,8781.509,3153,Thumb,motor_12_flexed,51.0,34.5625,4,30.0,29.0,28.0,30.0,30.0,28.0,30.0,30.0,29.0,32.0,32.0,51.0,47.0,42.0,44.0,41.0
2025-12-25T11:37:33.265059,8783.401,3153,Thumb,motor_12_open,51.0,34.5625,4,30.0,29.0,28.0,30.0,30.0,28.0,30.0,30.0,29.0,32.0,32.0,51.0,47.0,42.0,44.0,41.0
2025-12-25T11:37:34.161013,8784.298,3154,Index,motor_2_flexed,51.0,34.5,4,30.0,29.0,28.0,30.0,30.0,28.0,30.0,30.0,29.0,32.0,32.0,51.0,47.0,42.0,44.0,40.0
2025-12-25T11:37:36.048906,8786.186,3154,Index,motor_2_open,51.0,34.625,4,30.0,29.0,28.0,30.0,30.0,28.0,30.0,30.0,29.0,32.0,32.0,51.0,47.0,42.0,44.0,42.0
2025-12-25T11:37:36.944866,8787.085,3155,Index,motor_1_flexed,51.0,34.625,4,30.0,29.0,28.0,30.0,30.0,28.0,30.0,30.0,29.0,32.0,32.0,51.0,47.0,42.0,44.0,42.0
2025-12-25T11:37:38.832761,8788.969,3155,Index,motor_1_open,51.0,34.5625,4,30.0,29.0,28.0,30.0,30.0,28.0,30.0,30.0,29.0,32.0,32.0,51.0,47.0,42.0,44.0,41.0
2025-12-25T11:37:39.728719,8789.87,3156,Index,motor_3_flexed,51.0,34.5625,4,30.0,29.0,28.0,30.0,30.0,28.0,30.0,30.0,29.0,32.0,32.0,51.0,47.0,42.0,44.0,41.0
2025-12-25T11:37:41.616606,8791.755,3156,Index,motor_3_open,51.0,34.625,4,30.0,29.0,28.0,30.0,30.0,28.0,30.0,30.0,29.0,32.0,32.0,51.0,47.0,42.0,44.0,42.0
2025-12-25T11:37:42.512551,8792.651,3157,Middle,motor_11_flexed,51.0,34.625,4,30.0,29.0,28.0,30.0,30.0,28.0,30.0,30.0,29.0,32.0,32.0,51.0,47.0,42.0,44.0,42.0
2025-12-25T11:37:44.400462,8794.537,3157,Middle,motor_11_open,51.0,34.625,4,30.0,29.0,28.0,30.0,30.0,28.0,30.0,30.0,29.0,32.0,32.0,51.0,47.0,42.0,44.0,42.0
2025-12-25T11:37:45.296402,8795.434,3158,Middle,motor_10_flexed,51.0,34.625,4,30.0,29.0,28.0,30.0,30.0,28.0,30.0,30.0,29.0,32.0,32.0,51.0,47.0,42.0,44.0,42.0
2025-12-25T11:37:47.184295,8797.325,3158,Middle,motor_10_open,51.0,34.5625,4,30.0,29.0,28.0,30.0,30.0,27.0,30.0,30.0,29.0,32.0,32.0,51.0,47.0,42.0,44.0,42.0
2025-12-25T11:37:48.080247,8798.219,3159,Ring,motor_4_flexed,51.0,34.5625,4,30.0,29.0,28.0,30.0,30.0,28.0,30.0,30.0,29.0,32.0,32.0,51.0,47.0,42.0,44.0,41.0
2025-12-25T11:37:49.968133,8800.106,3159,Ring,motor_4_open,51.0,34.5625,4,30.0,29.0,28.0,30.0,30.0,28.0,30.0,30.0,29.0,32.0,32.0,51.0,47.0,42.0,44.0,41.0
2025-12-25T11:37:50.864089,8800.999,3160,Ring,motor_5_flexed,51.0,34.625,4,30.0,29.0,28.0,30.0,30.0,28.0,30.0,30.0,29.0,32.0,32.0,51.0,47.0,42.0,44.0,42.0
2025-12-25T11:37:52.751986,8802.892,3160,Ring,motor_5_open,51.0,34.625,4,30.0,29.0,28.0,30.0,30.0,28.0,30.0,30.0,29.0,32.0,32.0,51.0,47.0,42.0,44.0,42.0
2025-12-25T11:37:53.647948,8803.788,3161,Ring,motor_6_flexed,51.0,34.625,4,30.0,29.0,28.0,30.0,30.0,28.0,30.0,30.0,29.0,32.0,32.0,51.0,47.0,42.0,44.0,42.0
2025-12-25T11:37:55.535829,8805.674,3161,Ring,motor_6_open,51.0,34.5625,4,30.0,29.0,28.0,30.0,30.0,28.0,30.0,30.0,29.0,32.0,32.0,51.0,47.0,42.0,44.0,41.0
2025-12-25T11:37:56.431779,8806.572,3162,Pinky,motor_7_flexed,51.0,34.625,4,30.0,29.0,28.0,30.0,30.0,28.0,30.0,30.0,29.0,32.0,32.0,51.0,47.0,42.0,44.0,42.0
2025-12-25T11:37:58.319689,8808.457,3162,Pinky,motor_7_open,51.0,34.625,4,30.0,29.0,28.0,30.0,30.0,28.0,30.0,30.0,29.0,32.0,32.0,51.0,47.0,42.0,44.0,42.0
2025-12-25T11:37:59.215625,8809.354,3163,Pinky,motor_8_flexed,51.0,34.625,4,30.0,29.0,28.0,30.0,30.0,28.0,30.0,30.0,29.0,32.0,32.0,51.0,47.0,42.0,44.0,42.0
2025-12-25T11:38:01.103519,8811.239,3163,Pinky,motor_8_open,51.0,34.5625,4,30.0,29.0,28.0,30.0,30.0,28.0,30.0,30.0,29.0,32.0,32.0,51.0,47.0,42.0,44.0,41.0
2025-12-25T11:38:01.999469,8812.137,3164,Pinky,motor_9_flexed,51.0,34.5,4,30.0,29.0,28.0,30.0,30.0,28.0,30.0,30.0,29.0,32.0,32.0,51.0,47.0,42.0,44.0,40.0
2025-12-25T11:38:03.887363,8814.027,3164,Pinky,motor_9_open,51.0,34.5625,4,30.0,29.0,28.0,30.0,30.0,28.0,30.0,30.0,29.0,32.0,32.0,51.0,47.0,42.0,44.0,41.0
2025-12-25T11:38:04.783315,8814.92,3165,Thumb,motor_13_flexed,51.0,34.625,4,30.0,29.0,28.0,30.0,30.0,28.0,30.0,30.0,29.0,32.0,32.0,51.0,47.0,42.0,44.0,42.0
2025-12-25T11:38:06.671207,8816.809,3165,Thumb,motor_13_open,51.0,34.625,4,30.0,29.0,28.0,30.0,30.0,28.0,30.0,30.0,29.0,32.0,32.0,51.0,47.0,42.0,44.0,42.0
2025-12-25T11:38:07.567177,8817.705,3166,Thumb,motor_14_flexed,51.0,34.625,4,30.0,29.0,28.0,30.0,30.0,28.0,30.0,30.0,29.0,32.0,32.0,51.0,47.0,42.0,44.0,42.0
2025-12-25T11:38:09.455054,8819.593,3166,Thumb,motor_14_open,51.0,34.5625,4,30.0,29.0,28.0,30.0,30.0,28.0,30.0,30.0,29.0,32.0,32.0,51.0,47.0,42.0,44.0,41.0
2025-12-25T11:38:10.047018,8820.181,3166,Thumb,motor_14_open_hold,51.0,34.625,4,30.0,29.0,28.0,30.0,30.0,28.0,30.0,30.0,29.0,32.0,32.0,51.0,47.0,42.0,44.0,42.0
2025-12-25T11:38:10.447000,8820.585,3167,Thumb,motor_12_flexed,51.0,34.625,4,30.0,29.0,28.0,30.0,30.0,28.0,30.0,30.0,29.0,32.0,32.0,51.0,47.0,42.0,44.0,42.0
2025-12-25T11:38:12.334891,8822.472,3167,Thumb,motor_12_open,51.0,34.5625,4,30.0,29.0,28.0,30.0,30.0,28.0,30.0,30.0,29.0,32.0,32.0,51.0,47.0,42.0,44.0,41.0
2025-12-25T11:38:13.230844,8823.367,3168,Index,motor_2_flexed,51.0,34.625,4,30.0,29.0,28.0,30.0,30.0,28.0,30.0,30.0,29.0,32.0,32.0,51.0,47.0,42.0,44.0,42.0
2025-12-25T11:38:15.118735,8825.252,3168,Index,motor_2_open,51.0,34.625,4,30.0,29.0,28.0,30.0,30.0,28.0,30.0,30.0,29.0,32.0,32.0,51.0,47.0,42.0,44.0,42.0
2025-12-25T11:38:16.014684,8826.153,3169,Index,motor_1_flexed,51.0,34.5625,4,30.0,29.0,28.0,30.0,30.0,28.0,30.0,30.0,29.0,32.0,32.0,51.0,47.0,42.0,44.0,41.0
2025-12-25T11:38:17.902578,8828.039,3169,Index,motor_1_open,51.0,34.625,4,30.0,29.0,28.0,30.0,30.0,28.0,30.0,30.0,29.0,32.0,32.0,51.0,47.0,42.0,44.0,42.0
2025-12-25T11:38:18.798532,8828.935,3170,Index,motor_3_flexed,51.0,34.5625,4,30.0,29.0,28.0,30.0,30.0,28.0,30.0,30.0,29.0,32.0,32.0,51.0,47.0,42.0,44.0,41.0
2025-12-25T11:38:20.686417,8830.822,3170,Index,motor_3_open,51.0,34.5625,4,30.0,29.0,28.0,30.0,30.0,28.0,30.0,30.0,29.0,32.0,32.0,51.0,47.0,42.0,44.0,41.0
2025-12-25T11:38:21.582376,8831.72,3171,Middle,motor_11_flexed,51.0,34.625,4,30.0,29.0,28.0,30.0,30.0,28.0,30.0,30.0,29.0,32.0,32.0,51.0,47.0,42.0,44.0,42.0
2025-12-25T11:38:23.470276,8833.609,3171,Middle,motor_11_open,51.0,34.625,4,30.0,29.0,28.0,30.0,30.0,28.0,30.0,30.0,29.0,32.0,32.0,51.0,47.0,42.0,44.0,42.0
2025-12-25T11:38:24.366222,8834.505,3172,Middle,motor_10_flexed,51.0,34.5625,4,30.0,29.0,28.0,30.0,30.0,28.0,30.0,30.0,29.0,32.0,32.0,51.0,47.0,42.0,44.0,41.0
2025-12-25T11:38:26.254113,8836.391,3172,Middle,motor_10_open,51.0,34.625,4,30.0,29.0,28.0,30.0,30.0,28.0,30.0,30.0,29.0,32.0,32.0,51.0,47.0,42.0,44.0,42.0
2025-12-25T11:38:27.150066,8837.286,3173,Ring,motor_4_flexed,51.0,34.625,4,30.0,29.0,28.0,30.0,30.0,28.0,30.0,30.0,29.0,32.0,32.0,51.0,47.0,42.0,44.0,42.0
2025-12-25T11:38:29.037953,8839.176,3173,Ring,motor_4_open,51.0,34.625,4,30.0,29.0,28.0,30.0,30.0,28.0,30.0,30.0,29.0,32.0,32.0,51.0,47.0,42.0,44.0,42.0
2025-12-25T11:38:29.933900,8840.069,3174,Ring,motor_5_flexed,51.0,34.625,4,30.0,29.0,28.0,30.0,30.0,28.0,30.0,30.0,29.0,32.0,32.0,51.0,47.0,42.0,44.0,42.0
2025-12-25T11:38:31.821807,8841.96,3174,Ring,motor_5_open,51.0,34.625,4,30.0,29.0,28.0,30.0,30.0,28.0,30.0,30.0,29.0,32.0,32.0,51.0,47.0,42.0,44.0,42.0
2025-12-25T11:38:32.717751,8842.854,3175,Ring,motor_6_flexed,51.0,34.625,4,30.0,29.0,28.0,30.0,30.0,28.0,30.0,30.0,29.0,32.0,32.0,51.0,47.0,42.0,44.0,42.0
2025-12-25T11:38:34.605648,8844.741,3175,Ring,motor_6_open,51.0,34.625,4,30.0,29.0,28.0,30.0,30.0,28.0,30.0,30.0,29.0,32.0,32.0,51.0,47.0,42.0,44.0,42.0
2025-12-25T11:38:35.501598,8845.639,3176,Pinky,motor_7_flexed,51.0,34.625,4,30.0,29.0,28.0,30.0,30.0,28.0,30.0,30.0,29.0,32.0,32.0,51.0,47.0,42.0,44.0,42.0
2025-12-25T11:38:37.389505,8847.526,3176,Pinky,motor_7_open,51.0,34.5625,4,30.0,29.0,28.0,30.0,30.0,28.0,30.0,30.0,29.0,32.0,32.0,51.0,47.0,42.0,44.0,41.0
2025-12-25T11:38:38.285445,8848.423,3177,Pinky,motor_8_flexed,51.0,34.5625,4,30.0,29.0,28.0,30.0,30.0,28.0,30.0,30.0,29.0,32.0,32.0,51.0,47.0,42.0,44.0,41.0
2025-12-25T11:38:40.173340,8850.312,3177,Pinky,motor_8_open,51.0,34.5625,4,30.0,29.0,28.0,30.0,30.0,28.0,30.0,30.0,29.0,32.0,32.0,51.0,47.0,42.0,44.0,41.0
2025-12-25T11:38:41.069290,8851.208,3178,Pinky,motor_9_flexed,51.0,34.625,4,30.0,29.0,28.0,30.0,30.0,28.0,30.0,30.0,29.0,32.0,32.0,51.0,47.0,42.0,44.0,42.0
2025-12-25T11:38:42.957185,8853.095,3178,Pinky,motor_9_open,51.0,34.625,4,30.0,29.0,28.0,30.0,30.0,28.0,30.0,30.0,29.0,32.0,32.0,51.0,47.0,42.0,44.0,42.0
2025-12-25T11:38:43.853133,8853.991,3179,Thumb,motor_13_flexed,51.0,34.625,4,30.0,29.0,28.0,30.0,30.0,28.0,30.0,30.0,29.0,32.0,32.0,51.0,47.0,42.0,44.0,42.0
2025-12-25T11:38:45.741022,8855.878,3179,Thumb,motor_13_open,51.0,34.5625,4,30.0,29.0,28.0,30.0,30.0,28.0,30.0,30.0,29.0,32.0,32.0,51.0,47.0,42.0,44.0,41.0
2025-12-25T11:38:46.636993,8856.776,3180,Thumb,motor_14_flexed,51.0,34.5625,4,30.0,29.0,28.0,30.0,30.0,28.0,30.0,30.0,29.0,32.0,32.0,51.0,47.0,42.0,44.0,41.0
2025-12-25T11:38:48.524874,8858.663,3180,Thumb,motor_14_open,51.0,34.625,4,30.0,29.0,28.0,30.0,30.0,28.0,30.0,30.0,29.0,32.0,32.0,51.0,47.0,42.0,44.0,42.0
2025-12-25T11:38:49.420825,8859.56,3181,Thumb,motor_12_flexed,51.0,34.5625,4,30.0,29.0,28.0,30.0,30.0,28.0,30.0,30.0,29.0,32.0,32.0,51.0,47.0,42.0,44.0,41.0
2025-12-25T11:38:51.308734,8861.448,3181,Thumb,motor_12_open,51.0,34.5625,4,30.0,29.0,28.0,30.0,30.0,28.0,30.0,30.0,29.0,32.0,32.0,51.0,47.0,42.0,44.0,41.0
2025-12-25T11:38:52.204650,8862.344,3182,Index,motor_2_flexed,51.0,34.625,4,30.0,29.0,28.0,30.0,30.0,28.0,30.0,30.0,29.0,32.0,32.0,51.0,47.0,42.0,44.0,42.0
2025-12-25T11:38:54.092554,8864.23,3182,Index,motor_2_open,51.0,34.5625,4,30.0,29.0,28.0,30.0,30.0,28.0,30.0,30.0,29.0,32.0,32.0,51.0,47.0,42.0,44.0,41.0
2025-12-25T11:38:54.988523,8865.124,3183,Index,motor_1_flexed,51.0,34.5625,4,30.0,29.0,28.0,30.0,30.0,28.0,30.0,30.0,29.0,32.0,32.0,51.0,47.0,42.0,44.0,41.0
2025-12-25T11:38:56.876400,8867.016,3183,Index,motor_1_open,51.0,34.625,4,30.0,29.0,28.0,30.0,30.0,28.0,30.0,30.0,29.0,32.0,32.0,51.0,47.0,42.0,44.0,42.0
2025-12-25T11:38:57.772360,8867.911,3184,Index,motor_3_flexed,51.0,34.625,4,30.0,29.0,28.0,30.0,30.0,28.0,30.0,30.0,29.0,32.0,32.0,51.0,47.0,42.0,44.0,42.0
2025-12-25T11:38:59.660254,8869.799,3184,Index,motor_3_open,51.0,34.625,4,30.0,29.0,28.0,30.0,30.0,28.0,30.0,30.0,29.0,32.0,32.0,51.0,47.0,42.0,44.0,42.0
2025-12-25T11:39:00.556219,8870.693,3185,Middle,motor_11_flexed,51.0,34.625,4,30.0,29.0,28.0,30.0,30.0,28.0,30.0,30.0,29.0,32.0,32.0,51.0,47.0,42.0,44.0,42.0
2025-12-25T11:39:02.444100,8872.581,3185,Middle,motor_11_open,51.0,34.625,4,30.0,29.0,28.0,30.0,30.0,28.0,30.0,30.0,29.0,32.0,32.0,51.0,47.0,42.0,44.0,42.0
2025-12-25T11:39:03.340049,8873.479,3186,Middle,motor_10_flexed,51.0,34.5625,4,30.0,29.0,28.0,30.0,30.0,28.0,30.0,30.0,29.0,32.0,32.0,51.0,47.0,42.0,44.0,41.0
2025-12-25T11:39:05.227943,8875.363,3186,Middle,motor_10_open,51.0,34.625,4,30.0,29.0,28.0,30.0,30.0,28.0,30.0,30.0,29.0,32.0,32.0,51.0,47.0,42.0,44.0,42.0
2025-12-25T11:39:06.123893,8876.262,3187,Ring,motor_4_flexed,51.0,34.5625,4,30.0,29.0,28.0,30.0,30.0,28.0,30.0,30.0,29.0,32.0,32.0,51.0,47.0,42.0,44.0,41.0
2025-12-25T11:39:08.011788,8878.147,3187,Ring,motor_4_open,51.0,34.5625,4,30.0,29.0,28.0,30.0,30.0,28.0,30.0,30.0,29.0,32.0,32.0,51.0,47.0,42.0,44.0,41.0
2025-12-25T11:39:08.907738,8879.047,3188,Ring,motor_5_flexed,51.0,34.625,4,30.0,29.0,28.0,30.0,30.0,28.0,30.0,30.0,29.0,32.0,32.0,51.0,47.0,42.0,44.0,42.0
2025-12-25T11:39:09.995678,8880.134,3188,Ring,motor_5_flex_hold,51.0,34.5625,4,30.0,29.0,28.0,30.0,30.0,28.0,30.0,30.0,29.0,32.0,32.0,51.0,47.0,42.0,44.0,41.0
2025-12-25T11:39:10.795634,8880.935,3188,Ring,motor_5_open,51.0,34.625,4,30.0,29.0,28.0,30.0,30.0,28.0,30.0,30.0,29.0,32.0,32.0,51.0,47.0,42.0,44.0,42.0
2025-12-25T11:39:11.691583,8881.828,3189,Ring,motor_6_flexed,51.0,34.625,4,30.0,29.0,28.0,30.0,30.0,28.0,30.0,30.0,29.0,32.0,32.0,51.0,47.0,42.0,44.0,42.0
2025-12-25T11:39:13.579479,8883.717,3189,Ring,motor_6_open,51.0,34.625,4,30.0,29.0,28.0,30.0,30.0,28.0,30.0,30.0,29.0,32.0,32.0,51.0,47.0,42.0,44.0,42.0
2025-12-25T11:39:14.475427,8884.611,3190,Pinky,motor_7_flexed,51.0,34.5625,4,30.0,29.0,28.0,30.0,30.0,28.0,30.0,30.0,29.0,32.0,32.0,51.0,47.0,42.0,44.0,41.0
2025-12-25T11:39:16.363323,8886.502,3190,Pinky,motor_7_open,51.0,34.625,4,30.0,29.0,28.0,30.0,30.0,28.0,30.0,30.0,29.0,32.0,32.0,51.0,47.0,42.0,44.0,42.0
2025-12-25T11:39:17.259283,8887.399,3191,Pinky,motor_8_flexed,51.0,34.625,4,30.0,29.0,28.0,30.0,30.0,28.0,30.0,30.0,29.0,32.0,32.0,51.0,47.0,42.0,44.0,42.0
2025-12-25T11:39:19.147170,8889.286,3191,Pinky,motor_8_open,51.0,34.625,4,30.0,29.0,28.0,30.0,30.0,28.0,30.0,30.0,29.0,32.0,32.0,51.0,47.0,42.0,44.0,42.0
2025-12-25T11:39:20.043120,8890.178,3192,Pinky,motor_9_flexed,51.0,34.625,4,30.0,29.0,28.0,30.0,30.0,28.0,30.0,30.0,29.0,32.0,32.0,51.0,47.0,42.0,44.0,42.0
2025-12-25T11:39:21.947014,8892.089,3192,Pinky,motor_9_open,51.0,34.5625,4,30.0,29.0,28.0,30.0,30.0,28.0,30.0,30.0,29.0,32.0,32.0,51.0,47.0,42.0,44.0,41.0
2025-12-25T11:39:22.842964,8892.981,3193,Thumb,motor_13_flexed,51.0,34.625,4,30.0,29.0,28.0,30.0,30.0,28.0,30.0,30.0,29.0,32.0,32.0,51.0,47.0,42.0,44.0,42.0
2025-12-25T11:39:24.730861,8894.87,3193,Thumb,motor_13_open,51.0,34.625,4,30.0,29.0,28.0,30.0,30.0,28.0,30.0,30.0,29.0,32.0,32.0,51.0,47.0,42.0,44.0,42.0
2025-12-25T11:39:25.626810,8895.766,3194,Thumb,motor_14_flexed,51.0,34.625,4,30.0,29.0,28.0,30.0,30.0,28.0,30.0,30.0,29.0,32.0,32.0,51.0,47.0,42.0,44.0,42.0
2025-12-25T11:39:27.514705,8897.655,3194,Thumb,motor_14_open,51.0,34.5625,4,30.0,29.0,28.0,30.0,30.0,28.0,30.0,30.0,29.0,32.0,32.0,51.0,47.0,42.0,44.0,41.0
2025-12-25T11:39:28.410686,8898.551,3195,Thumb,motor_12_flexed,51.0,34.5625,4,30.0,29.0,28.0,30.0,30.0,28.0,30.0,30.0,29.0,32.0,32.0,51.0,47.0,42.0,44.0,41.0
2025-12-25T11:39:30.298581,8900.436,3195,Thumb,motor_12_open,51.0,34.625,4,30.0,29.0,28.0,30.0,30.0,28.0,30.0,30.0,29.0,32.0,32.0,51.0,47.0,42.0,45.0,41.0
2025-12-25T11:39:31.194531,8901.332,3196,Index,motor_2_flexed,51.0,34.625,4,30.0,29.0,28.0,30.0,30.0,28.0,30.0,30.0,29.0,32.0,32.0,51.0,47.0,42.0,44.0,42.0
2025-12-25T11:39:33.082423,8903.219,3196,Index,motor_2_open,51.0,34.625,4,30.0,29.0,28.0,30.0,30.0,28.0,30.0,30.0,29.0,32.0,32.0,51.0,47.0,42.0,44.0,42.0
2025-12-25T11:39:33.978376,8904.119,3197,Index,motor_1_flexed,51.0,34.625,4,30.0,29.0,28.0,30.0,30.0,28.0,30.0,30.0,29.0,32.0,32.0,51.0,47.0,42.0,44.0,42.0
2025-12-25T11:39:35.866271,8906.004,3197,Index,motor_1_open,51.0,34.625,4,30.0,29.0,28.0,30.0,30.0,28.0,30.0,30.0,29.0,32.0,32.0,51.0,47.0,42.0,44.0,42.0
2025-12-25T11:39:36.762220,8906.9,3198,Index,motor_3_flexed,51.0,34.625,4,30.0,29.0,28.0,30.0,30.0,28.0,30.0,30.0,29.0,32.0,32.0,51.0,47.0,42.0,44.0,42.0
2025-12-25T11:39:38.650113,8908.787,3198,Index,motor_3_open,51.0,34.5625,4,30.0,29.0,28.0,30.0,30.0,28.0,30.0,30.0,29.0,32.0,32.0,51.0,47.0,42.0,44.0,41.0
2025-12-25T11:39:39.546074,8909.684,3199,Middle,motor_11_flexed,51.0,34.625,4,30.0,29.0,28.0,30.0,30.0,28.0,30.0,30.0,29.0,32.0,32.0,51.0,47.0,42.0,44.0,42.0
2025-12-25T11:39:41.433956,8911.572,3199,Middle,motor_11_open,51.0,34.625,4,30.0,29.0,28.0,30.0,30.0,28.0,30.0,30.0,29.0,32.0,32.0,51.0,47.0,42.0,44.0,42.0
2025-12-25T11:39:42.329911,8912.467,3200,Middle,motor_10_flexed,51.0,34.5625,4,30.0,29.0,28.0,30.0,30.0,28.0,30.0,30.0,29.0,32.0,32.0,51.0,47.0,42.0,44.0,41.0
2025-12-25T11:39:44.217813,8914.357,3200,Middle,motor_10_open,51.0,34.625,4,30.0,29.0,28.0,30.0,30.0,28.0,30.0,30.0,29.0,32.0,32.0,51.0,47.0,42.0,44.0,42.0
2025-12-25T11:39:45.113757,8915.252,3201,Ring,motor_4_flexed,51.0,34.625,4,30.0,29.0,28.0,30.0,30.0,28.0,30.0,30.0,29.0,32.0,32.0,51.0,47.0,42.0,44.0,42.0
2025-12-25T11:39:47.001653,8917.141,3201,Ring,motor_4_open,51.0,34.625,4,30.0,29.0,28.0,30.0,30.0,28.0,30.0,30.0,29.0,32.0,32.0,51.0,47.0,42.0,44.0,42.0
2025-12-25T11:39:47.897576,8918.036,3202,Ring,motor_5_flexed,51.0,34.625,4,30.0,29.0,28.0,30.0,30.0,28.0,30.0,30.0,29.0,32.0,32.0,51.0,47.0,42.0,44.0,42.0
2025-12-25T11:39:49.785471,8919.921,3202,Ring,motor_5_open,51.0,34.625,4,30.0,29.0,28.0,30.0,30.0,28.0,30.0,30.0,29.0,32.0,32.0,51.0,47.0,42.0,44.0,42.0
2025-12-25T11:39:50.681422,8920.821,3203,Ring,motor_6_flexed,51.0,34.625,4,30.0,29.0,28.0,30.0,30.0,28.0,30.0,30.0,29.0,32.0,32.0,51.0,47.0,42.0,44.0,42.0
2025-12-25T11:39:52.569329,8922.707,3203,Ring,motor_6_open,51.0,34.5,4,30.0,29.0,28.0,30.0,30.0,28.0,30.0,30.0,29.0,32.0,32.0,51.0,47.0,42.0,44.0,40.0
2025-12-25T11:39:53.465290,8923.604,3204,Pinky,motor_7_flexed,51.0,34.625,4,30.0,29.0,28.0,30.0,30.0,28.0,30.0,30.0,29.0,32.0,32.0,51.0,47.0,42.0,44.0,42.0
2025-12-25T11:39:55.353173,8925.493,3204,Pinky,motor_7_open,51.0,34.625,4,30.0,29.0,28.0,30.0,30.0,28.0,30.0,30.0,29.0,32.0,32.0,51.0,47.0,42.0,44.0,42.0
2025-12-25T11:39:56.249110,8926.388,3205,Pinky,motor_8_flexed,51.0,34.6875,4,30.0,29.0,28.0,30.0,30.0,28.0,30.0,30.0,29.0,32.0,32.0,51.0,47.0,42.0,45.0,42.0
2025-12-25T11:39:58.137017,8928.277,3205,Pinky,motor_8_open,51.0,34.625,4,30.0,29.0,28.0,30.0,30.0,28.0,30.0,30.0,29.0,32.0,32.0,51.0,47.0,42.0,44.0,42.0
2025-12-25T11:39:59.032970,8929.173,3206,Pinky,motor_9_flexed,51.0,34.5625,4,30.0,29.0,28.0,30.0,30.0,28.0,30.0,30.0,29.0,32.0,32.0,51.0,47.0,42.0,44.0,41.0
2025-12-25T11:40:00.920862,8931.059,3206,Pinky,motor_9_open,51.0,34.625,4,30.0,29.0,28.0,30.0,30.0,28.0,30.0,30.0,29.0,32.0,32.0,51.0,47.0,42.0,44.0,42.0
2025-12-25T11:40:01.816815,8931.957,3207,Thumb,motor_13_flexed,51.0,34.6875,4,30.0,29.0,28.0,30.0,30.0,28.0,31.0,30.0,29.0,32.0,32.0,51.0,47.0,42.0,44.0,42.0
2025-12-25T11:40:03.704695,8933.845,3207,Thumb,motor_13_open,51.0,34.625,4,30.0,29.0,28.0,30.0,30.0,28.0,30.0,30.0,29.0,32.0,32.0,51.0,47.0,42.0,44.0,42.0
2025-12-25T11:40:04.600659,8934.74,3208,Thumb,motor_14_flexed,51.0,34.625,4,30.0,29.0,28.0,30.0,30.0,28.0,30.0,30.0,29.0,32.0,32.0,51.0,47.0,42.0,44.0,42.0
2025-12-25T11:40:06.488546,8936.627,3208,Thumb,motor_14_open,51.0,34.625,4,30.0,29.0,28.0,30.0,30.0,28.0,30.0,30.0,29.0,32.0,32.0,51.0,47.0,42.0,44.0,42.0
2025-12-25T11:40:07.384529,8937.525,3209,Thumb,motor_12_flexed,51.0,34.6875,4,30.0,29.0,28.0,30.0,30.0,29.0,30.0,30.0,29.0,32.0,32.0,51.0,47.0,42.0,44.0,42.0
2025-12-25T11:40:09.272385,8939.411,3209,Thumb,motor_12_open,51.0,34.625,4,30.0,29.0,28.0,30.0,30.0,28.0,30.0,30.0,29.0,32.0,32.0,51.0,47.0,42.0,44.0,42.0
2025-12-25T11:40:10.168360,8940.309,3210,Index,motor_2_flexed,51.0,34.625,4,30.0,29.0,28.0,30.0,30.0,28.0,30.0,30.0,29.0,32.0,32.0,51.0,47.0,42.0,44.0,42.0
2025-12-25T11:40:12.056271,8942.193,3210,Index,motor_2_open,51.0,34.625,4,30.0,29.0,28.0,30.0,30.0,28.0,30.0,30.0,29.0,32.0,32.0,51.0,47.0,42.0,44.0,42.0
2025-12-25T11:40:12.952205,8943.092,3211,Index,motor_1_flexed,51.0,34.625,4,30.0,29.0,28.0,30.0,30.0,28.0,30.0,30.0,29.0,32.0,32.0,51.0,47.0,42.0,44.0,42.0
2025-12-25T11:40:14.840088,8944.981,3211,Index,motor_1_open,51.0,34.625,4,30.0,29.0,28.0,30.0,30.0,28.0,30.0,30.0,29.0,32.0,32.0,51.0,47.0,42.0,44.0,42.0
2025-12-25T11:40:15.736037,8945.875,3212,Index,motor_3_flexed,51.0,34.625,4,30.0,29.0,28.0,30.0,30.0,28.0,30.0,30.0,29.0,32.0,32.0,51.0,47.0,42.0,44.0,42.0
2025-12-25T11:40:17.623932,8947.761,3212,Index,motor_3_open,51.0,34.625,4,30.0,29.0,28.0,30.0,30.0,28.0,30.0,30.0,29.0,32.0,32.0,51.0,47.0,42.0,44.0,42.0
2025-12-25T11:40:18.519886,8948.662,3213,Middle,motor_11_flexed,51.0,34.625,4,30.0,29.0,28.0,30.0,30.0,28.0,30.0,30.0,29.0,32.0,32.0,51.0,47.0,42.0,44.0,42.0
2025-12-25T11:40:20.407766,8950.544,3213,Middle,motor_11_open,51.0,34.5625,4,30.0,29.0,28.0,30.0,30.0,28.0,30.0,30.0,29.0,32.0,32.0,51.0,47.0,42.0,44.0,41.0
2025-12-25T11:40:21.303725,8951.442,3214,Middle,motor_10_flexed,51.0,34.5,4,30.0,29.0,28.0,30.0,30.0,28.0,30.0,30.0,29.0,32.0,32.0,51.0,47.0,42.0,43.0,41.0
2025-12-25T11:40:23.191626,8953.331,3214,Middle,motor_10_open,51.0,34.625,4,30.0,29.0,28.0,30.0,30.0,28.0,30.0,30.0,29.0,32.0,32.0,51.0,47.0,42.0,44.0,42.0
2025-12-25T11:40:24.087591,8954.226,3215,Ring,motor_4_flexed,51.0,34.625,4,30.0,29.0,28.0,30.0,30.0,28.0,30.0,30.0,29.0,32.0,32.0,51.0,47.0,42.0,44.0,42.0
2025-12-25T11:40:25.975484,8956.114,3215,Ring,motor_4_open,51.0,34.625,4,30.0,29.0,28.0,30.0,30.0,28.0,30.0,30.0,29.0,32.0,32.0,51.0,47.0,42.0,44.0,42.0
2025-12-25T11:40:26.871408,8957.01,3216,Ring,motor_5_flexed,51.0,34.5625,4,30.0,29.0,28.0,30.0,30.0,28.0,30.0,30.0,29.0,32.0,32.0,51.0,47.0,42.0,44.0,41.0
2025-12-25T11:40:28.759320,8958.899,3216,Ring,motor_5_open,51.0,34.625,4,30.0,29.0,28.0,30.0,30.0,28.0,30.0,30.0,29.0,32.0,32.0,51.0,47.0,42.0,44.0,42.0
2025-12-25T11:40:29.655268,8959.787,3217,Ring,motor_6_flexed,51.0,34.625,4,30.0,29.0,28.0,30.0,30.0,28.0,30.0,30.0,29.0,32.0,32.0,51.0,47.0,42.0,44.0,42.0
2025-12-25T11:40:31.543163,8961.68,3217,Ring,motor_6_open,51.0,34.5,4,30.0,29.0,28.0,30.0,30.0,28.0,30.0,30.0,29.0,32.0,32.0,51.0,47.0,42.0,44.0,40.0
2025-12-25T11:40:32.439114,8962.577,3218,Pinky,motor_7_flexed,51.0,34.625,4,30.0,29.0,28.0,30.0,30.0,28.0,30.0,30.0,29.0,32.0,32.0,51.0,47.0,42.0,44.0,42.0
2025-12-25T11:40:34.327010,8964.467,3218,Pinky,motor_7_open,51.0,34.625,4,30.0,29.0,28.0,30.0,30.0,28.0,30.0,30.0,29.0,32.0,32.0,51.0,47.0,42.0,44.0,42.0
2025-12-25T11:40:35.222961,8965.359,3219,Pinky,motor_8_flexed,51.0,34.625,4,30.0,29.0,28.0,30.0,30.0,28.0,30.0,30.0,29.0,32.0,32.0,51.0,47.0,42.0,44.0,42.0
2025-12-25T11:40:37.110857,8967.247,3219,Pinky,motor_8_open,51.0,34.625,4,30.0,29.0,28.0,30.0,30.0,28.0,31.0,30.0,29.0,32.0,32.0,51.0,47.0,42.0,44.0,41.0
2025-12-25T11:40:38.006801,8968.141,3220,Pinky,motor_9_flexed,51.0,34.625,4,30.0,29.0,28.0,30.0,30.0,28.0,30.0,30.0,29.0,32.0,32.0,51.0,47.0,42.0,44.0,42.0
2025-12-25T11:40:39.894678,8970.033,3220,Pinky,motor_9_open,51.0,34.5625,4,30.0,29.0,28.0,30.0,30.0,28.0,30.0,30.0,29.0,32.0,32.0,51.0,47.0,42.0,44.0,41.0
2025-12-25T11:40:40.790631,8970.93,3221,Thumb,motor_13_flexed,51.0,34.5625,4,30.0,29.0,28.0,30.0,30.0,28.0,30.0,30.0,29.0,32.0,32.0,51.0,47.0,42.0,44.0,41.0
2025-12-25T11:40:42.678515,8972.813,3221,Thumb,motor_13_open,51.0,34.5625,4,30.0,29.0,28.0,30.0,30.0,28.0,30.0,30.0,29.0,32.0,32.0,51.0,47.0,42.0,44.0,41.0
2025-12-25T11:40:43.574464,8973.711,3222,Thumb,motor_14_flexed,51.0,34.5625,4,30.0,29.0,28.0,30.0,30.0,28.0,30.0,30.0,29.0,32.0,32.0,51.0,47.0,42.0,43.0,42.0
2025-12-25T11:40:45.462380,8975.597,3222,Thumb,motor_14_open,51.0,34.625,4,30.0,29.0,28.0,30.0,30.0,28.0,30.0,30.0,29.0,32.0,32.0,51.0,47.0,42.0,44.0,42.0
2025-12-25T11:40:46.358339,8976.496,3223,Thumb,motor_12_flexed,51.0,34.625,4,30.0,29.0,28.0,30.0,30.0,28.0,30.0,30.0,29.0,32.0,32.0,51.0,47.0,42.0,44.0,42.0
2025-12-25T11:40:48.246234,8978.383,3223,Thumb,motor_12_open,51.0,34.625,4,30.0,29.0,28.0,30.0,30.0,28.0,30.0,30.0,29.0,32.0,32.0,51.0,47.0,42.0,44.0,42.0
2025-12-25T11:40:49.142182,8979.278,3224,Index,motor_2_flexed,51.0,34.625,4,30.0,29.0,28.0,30.0,30.0,28.0,30.0,30.0,29.0,32.0,32.0,51.0,47.0,42.0,44.0,42.0
2025-12-25T11:40:51.030066,8981.168,3224,Index,motor_2_open,51.0,34.625,4,30.0,29.0,28.0,30.0,30.0,28.0,30.0,30.0,29.0,32.0,32.0,51.0,47.0,42.0,44.0,42.0
2025-12-25T11:40:51.926012,8982.064,3225,Index,motor_1_flexed,51.0,34.6875,4,30.0,29.0,28.0,30.0,30.0,28.0,31.0,30.0,29.0,32.0,32.0,51.0,47.0,42.0,44.0,42.0
2025-12-25T11:40:53.813905,8983.951,3225,Index,motor_1_open,51.0,34.625,4,30.0,29.0,28.0,30.0,30.0,28.0,30.0,30.0,29.0,32.0,32.0,51.0,47.0,42.0,44.0,42.0
2025-12-25T11:40:54.709860,8984.848,3226,Index,motor_3_flexed,51.0,34.5625,4,30.0,29.0,28.0,30.0,30.0,28.0,30.0,30.0,29.0,32.0,32.0,51.0,47.0,42.0,44.0,41.0
2025-12-25T11:40:56.597752,8986.737,3226,Index,motor_3_open,51.0,34.625,4,30.0,29.0,28.0,30.0,30.0,28.0,30.0,30.0,29.0,32.0,32.0,51.0,47.0,42.0,44.0,42.0
2025-12-25T11:40:57.493702,8987.631,3227,Middle,motor_11_flexed,51.0,34.6875,4,30.0,29.0,28.0,30.0,30.0,28.0,31.0,30.0,29.0,32.0,32.0,51.0,47.0,42.0,44.0,42.0
2025-12-25T11:40:59.381600,8989.519,3227,Middle,motor_11_open,51.0,34.625,4,30.0,29.0,28.0,30.0,30.0,28.0,30.0,30.0,29.0,32.0,32.0,51.0,47.0,42.0,44.0,42.0
2025-12-25T11:41:00.277554,8990.417,3228,Middle,motor_10_flexed,51.0,34.625,4,30.0,29.0,28.0,30.0,30.0,28.0,30.0,30.0,29.0,32.0,32.0,51.0,47.0,42.0,44.0,42.0
2025-12-25T11:41:02.165442,8992.304,3228,Middle,motor_10_open,51.0,34.625,4,30.0,29.0,28.0,30.0,30.0,28.0,30.0,30.0,29.0,32.0,32.0,51.0,47.0,42.0,44.0,42.0
2025-12-25T11:41:03.061393,8993.2,3229,Ring,motor_4_flexed,51.0,34.625,4,30.0,29.0,28.0,30.0,30.0,28.0,30.0,30.0,29.0,32.0,32.0,51.0,47.0,42.0,44.0,42.0
2025-12-25T11:41:04.949301,8995.082,3229,Ring,motor_4_open,51.0,34.625,4,30.0,29.0,28.0,30.0,30.0,28.0,30.0,30.0,29.0,32.0,32.0,51.0,47.0,42.0,44.0,42.0
2025-12-25T11:41:05.845237,8995.98,3230,Ring,motor_5_flexed,51.0,34.625,4,30.0,29.0,28.0,30.0,30.0,28.0,30.0,30.0,29.0,32.0,32.0,51.0,47.0,42.0,44.0,42.0
2025-12-25T11:41:07.733135,8997.87,3230,Ring,motor_5_open,51.0,34.5625,4,30.0,29.0,28.0,30.0,30.0,28.0,30.0,30.0,29.0,32.0,32.0,51.0,47.0,42.0,44.0,41.0
2025-12-25T11:41:08.629075,8998.767,3231,Ring,motor_6_flexed,51.0,34.625,4,30.0,29.0,28.0,30.0,30.0,28.0,30.0,30.0,29.0,32.0,32.0,51.0,47.0,42.0,44.0,42.0
2025-12-25T11:41:10.212987,9000.355,3231,Ring,motor_6_flex_hold,51.0,34.625,4,30.0,29.0,28.0,30.0,30.0,28.0,30.0,30.0,29.0,32.0,32.0,51.0,47.0,42.0,44.0,42.0
