timestamp,elapsed_sec,cycle_index,finger,stage,max_temp_c,mean_temp_c,chunk_index,m01_temp_c,m02_temp_c,m03_temp_c,m04_temp_c,m05_temp_c,m06_temp_c,m07_temp_c,m08_temp_c,m09_temp_c,m10_temp_c,m11_temp_c,m12_temp_c,m13_temp_c,m14_temp_c,m15_temp_c,m16_temp_c
2025-12-25T10:41:11.389805,5401.525,1939,Middle,motor_11_open,51.0,34.5,3,30.0,29.0,28.0,30.0,30.0,28.0,30.0,30.0,29.0,31.0,32.0,51.0,47.0,42.0,43.0,42.0
2025-12-25T10:41:12.285751,5402.417,1940,Middle,motor_10_flexed,51.0,34.625,3,30.0,29.0,28.0,30.0,30.0,28.0,30.0,30.0,29.0,32.0,32.0,51.0,47.0,42.0,44.0,42.0
2025-12-25T10:41:14.173648,5404.305,1940,Middle,motor_10_open,51.0,34.4375,3,30.0,29.0,28.0,30.0,30.0,28.0,30.0,30.0,29.0,31.0,32.0,51.0,47.0,42.0,43.0,41.0
2025-12-25T10:41:15.069599,5405.202,1941,Ring,motor_4_flexed,51.0,34.5625,3,30.0,29.0,28.0,30.0,30.0,28.0,30.0,30.0,29.0,32.0,32.0,51.0,47.0,42.0,44.0,41.0
2025-12-25T10:41:16.957501,5407.095,1941,Ring,motor_4_open,51.0,34.625,3,30.0,29.0,28.0,30.0,30.0,28.0,30.0,30.0,29.0,32.0,32.0,51.0,47.0,42.0,44.0,42.0
2025-12-25T10:41:17.853452,5407.99,1942,Ring,motor_5_flexed,51.0,34.625,3,30.0,29.0,28.0,30.0,30.0,28.0,30.0,30.0,29.0,32.0,32.0,51.0,47.0,42.0,44.0,42.0
2025-12-25T10:41:19.741363,5409.88,1942,Ring,motor_5_open,51.0,34.625,3,30.0,29.0,28.0,30.0,30.0,28.0,30.0,30.0,29.0,32.0,32.0,51.0,47.0,42.0,44.0,42.0
2025-12-25T10:41:20.637303,5410.776,1943,Ring,motor_6_flexed,51.0,34.5625,3,30.0,29.0,28.0,30.0,30.0,28.0,30.0,30.0,29.0,32.0,32.0,51.0,47.0,42.0,44.0,41.0
2025-12-25T10:41:22.525213,5412.664,1943,Ring,motor_6_open,51.0,34.625,3,30.0,29.0,28.0,30.0,30.0,28.0,30.0,30.0,29.0,32.0,32.0,51.0,47.0,42.0,44.0,42.0
2025-12-25T10:41:23.421166,5413.557,1944,Pinky,motor_7_flexed,51.0,34.625,3,30.0,29.0,28.0,30.0,30.0,28.0,30.0,30.0,29.0,32.0,32.0,51.0,47.0,42.0,44.0,42.0
2025-12-25T10:41:25.309072,5415.448,1944,Pinky,motor_7_open,51.0,34.5625,3,30.0,29.0,28.0,30.0,30.0,28.0,30.0,30.0,29.0,32.0,32.0,51.0,47.0,42.0,44.0,41.0
2025-12-25T10:41:26.205013,5416.343,1945,Pinky,motor_8_flexed,51.0,34.625,3,30.0,29.0,28.0,30.0,30.0,28.0,30.0,30.0,29.0,32.0,32.0,51.0,47.0,42.0,44.0,42.0
2025-12-25T10:41:28.092916,5418.231,1945,Pinky,motor_8_open,51.0,34.5625,3,30.0,29.0,28.0,30.0,30.0,28.0,30.0,30.0,29.0,31.0,32.0,51.0,47.0,42.0,44.0,42.0
2025-12-25T10:41:28.988870,5419.126,1946,Pinky,motor_9_flexed,51.0,34.5625,3,30.0,29.0,28.0,30.0,30.0,28.0,30.0,30.0,29.0,32.0,32.0,51.0,47.0,42.0,44.0,41.0
2025-12-25T10:41:30.876766,5421.014,1946,Pinky,motor_9_open,51.0,34.625,3,30.0,29.0,28.0,30.0,30.0,28.0,30.0,30.0,29.0,32.0,32.0,51.0,47.0,42.0,44.0,42.0
2025-12-25T10:41:31.772717,5421.909,1947,Thumb,motor_13_flexed,51.0,34.5,3,30.0,29.0,28.0,30.0,30.0,28.0,30.0,30.0,29.0,31.0,32.0,51.0,47.0,42.0,44.0,41.0
2025-12-25T10:41:33.660619,5423.8,1947,Thumb,motor_13_open,51.0,34.5,3,30.0,29.0,28.0,30.0,30.0,28.0,30.0,30.0,29.0,31.0,32.0,51.0,47.0,42.0,44.0,41.0
2025-12-25T10:41:34.556580,5424.696,1948,Thumb,motor_14_flexed,51.0,34.5625,3,30.0,29.0,28.0,30.0,30.0,28.0,30.0,30.0,29.0,32.0,32.0,51.0,47.0,42.0,44.0,41.0
2025-12-25T10:41:36.444469,5426.584,1948,Thumb,motor_14_open,51.0,34.625,3,30.0,29.0,28.0,30.0,30.0,28.0,30.0,30.0,29.0,32.0,32.0,51.0,47.0,42.0,44.0,42.0
2025-12-25T10:41:37.340422,5427.48,1949,Thumb,motor_12_flexed,51.0,34.5625,3,30.0,29.0,28.0,30.0,30.0,28.0,30.0,30.0,29.0,31.0,32.0,51.0,47.0,42.0,44.0,42.0
2025-12-25T10:41:39.228318,5429.367,1949,Thumb,motor_12_open,51.0,34.5,3,30.0,29.0,28.0,30.0,30.0,28.0,30.0,30.0,29.0,31.0,32.0,51.0,47.0,42.0,44.0,41.0
2025-12-25T10:41:40.124260,5430.263,1950,Index,motor_2_flexed,51.0,34.5,3,30.0,29.0,28.0,30.0,30.0,28.0,30.0,30.0,29.0,31.0,32.0,51.0,47.0,42.0,44.0,41.0
2025-12-25T10:41:42.012171,5432.151,1950,Index,motor_2_open,51.0,34.5625,3,30.0,29.0,28.0,30.0,30.0,28.0,30.0,30.0,29.0,32.0,32.0,51.0,47.0,42.0,44.0,41.0
2025-12-25T10:41:42.908122,5433.045,1951,Index,motor_1_flexed,51.0,34.5625,3,30.0,29.0,28.0,30.0,30.0,28.0,30.0,30.0,29.0,31.0,32.0,51.0,47.0,42.0,44.0,42.0
2025-12-25T10:41:44.796017,5434.935,1951,Index,motor_1_open,51.0,34.5625,3,30.0,29.0,28.0,30.0,30.0,28.0,30.0,30.0,29.0,31.0,32.0,51.0,47.0,42.0,44.0,42.0
2025-12-25T10:41:45.691975,5435.832,1952,Index,motor_3_flexed,51.0,34.5625,3,30.0,29.0,28.0,30.0,30.0,28.0,30.0,30.0,29.0,31.0,32.0,51.0,47.0,42.0,44.0,42.0
2025-12-25T10:41:47.579862,5437.717,1952,Index,motor_3_open,51.0,34.5625,3,30.0,29.0,28.0,30.0,30.0,28.0,30.0,30.0,29.0,31.0,32.0,51.0,47.0,42.0,44.0,42.0
2025-12-25T10:41:48.475827,5438.613,1953,Middle,motor_11_flexed,51.0,34.5625,3,30.0,29.0,28.0,30.0,30.0,28.0,30.0,30.0,29.0,31.0,32.0,51.0,47.0,42.0,44.0,42.0
2025-12-25T10:41:50.363713,5440.501,1953,Middle,motor_11_open,51.0,34.5,3,30.0,29.0,28.0,30.0,30.0,28.0,30.0,30.0,29.0,31.0,32.0,51.0,47.0,42.0,44.0,41.0
2025-12-25T10:41:51.259663,5441.392,1954,Middle,motor_10_flexed,51.0,34.5625,3,30.0,29.0,28.0,30.0,30.0,28.0,30.0,30.0,29.0,31.0,32.0,51.0,47.0,42.0,44.0,42.0
2025-12-25T10:41:53.147592,5443.283,1954,Middle,motor_10_open,51.0,34.625,3,30.0,29.0,28.0,30.0,30.0,28.0,30.0,30.0,29.0,32.0,32.0,51.0,47.0,42.0,44.0,42.0
2025-12-25T10:41:54.043526,5444.183,1955,Ring,motor_4_flexed,51.0,34.625,3,30.0,29.0,28.0,30.0,30.0,28.0,30.0,30.0,29.0,32.0,32.0,51.0,47.0,42.0,44.0,42.0
2025-12-25T10:41:55.931427,5446.069,1955,Ring,motor_4_open,51.0,34.5625,3,30.0,29.0,28.0,30.0,30.0,28.0,30.0,30.0,29.0,32.0,32.0,51.0,47.0,42.0,44.0,41.0
2025-12-25T10:41:56.827378,5446.967,1956,Ring,motor_5_flexed,51.0,34.625,3,30.0,29.0,28.0,30.0,30.0,28.0,30.0,30.0,29.0,32.0,32.0,51.0,47.0,42.0,44.0,42.0
2025-12-25T10:41:58.715307,5448.853,1956,Ring,motor_5_open,51.0,34.625,3,30.0,29.0,28.0,30.0,30.0,28.0,30.0,30.0,29.0,32.0,32.0,51.0,47.0,42.0,44.0,42.0
2025-12-25T10:41:59.611259,5449.751,1957,Ring,motor_6_flexed,51.0,34.5,3,30.0,29.0,28.0,30.0,30.0,28.0,30.0,30.0,29.0,32.0,32.0,51.0,47.0,42.0,43.0,41.0
2025-12-25T10:42:01.499159,5451.637,1957,Ring,motor_6_open,51.0,34.5625,3,30.0,29.0,28.0,30.0,30.0,28.0,30.0,30.0,29.0,32.0,32.0,51.0,47.0,42.0,44.0,41.0
2025-12-25T10:42:02.395085,5452.534,1958,Pinky,motor_7_flexed,51.0,34.625,3,30.0,29.0,28.0,30.0,30.0,28.0,30.0,30.0,29.0,32.0,32.0,51.0,47.0,42.0,44.0,42.0
2025-12-25T10:42:04.283009,5454.421,1958,Pinky,motor_7_open,51.0,34.5625,3,30.0,29.0,28.0,30.0,30.0,28.0,30.0,30.0,29.0,31.0,32.0,51.0,47.0,42.0,44.0,42.0
2025-12-25T10:42:05.178961,5455.317,1959,Pinky,motor_8_flexed,51.0,34.625,3,30.0,29.0,28.0,30.0,30.0,28.0,30.0,30.0,29.0,32.0,32.0,51.0,47.0,42.0,44.0,42.0
2025-12-25T10:42:07.066817,5457.201,1959,Pinky,motor_8_open,51.0,34.625,3,30.0,29.0,28.0,30.0,30.0,28.0,30.0,30.0,29.0,32.0,32.0,51.0,47.0,42.0,44.0,42.0
2025-12-25T10:42:07.962772,5458.095,1960,Pinky,motor_9_flexed,51.0,34.5625,3,30.0,29.0,28.0,30.0,30.0,28.0,30.0,30.0,29.0,31.0,32.0,51.0,47.0,42.0,44.0,42.0
2025-12-25T10:42:09.850667,5459.987,1960,Pinky,motor_9_open,51.0,34.625,3,30.0,29.0,28.0,30.0,30.0,28.0,30.0,30.0,29.0,32.0,32.0,51.0,47.0,42.0,44.0,42.0
2025-12-25T10:42:10.442641,5460.576,1960,Pinky,motor_9_open_hold,51.0,34.625,3,30.0,29.0,28.0,30.0,30.0,28.0,30.0,30.0,29.0,32.0,32.0,51.0,47.0,42.0,44.0,42.0
2025-12-25T10:42:10.842616,5460.975,1961,Thumb,motor_13_flexed,51.0,34.5,3,30.0,29.0,28.0,30.0,30.0,28.0,30.0,30.0,29.0,31.0,32.0,51.0,47.0,42.0,43.0,42.0
2025-12-25T10:42:12.730526,5462.87,1961,Thumb,motor_13_open,51.0,34.5,3,30.0,29.0,28.0,30.0,30.0,28.0,30.0,30.0,29.0,31.0,32.0,51.0,47.0,42.0,44.0,41.0
2025-12-25T10:42:13.626468,5463.763,1962,Thumb,motor_14_flexed,51.0,34.625,3,30.0,29.0,28.0,30.0,30.0,28.0,30.0,30.0,29.0,32.0,32.0,51.0,47.0,42.0,44.0,42.0
2025-12-25T10:42:15.514377,5465.654,1962,Thumb,motor_14_open,51.0,34.625,3,30.0,29.0,28.0,30.0,30.0,28.0,30.0,30.0,29.0,32.0,32.0,51.0,47.0,42.0,44.0,42.0
2025-12-25T10:42:16.410321,5466.549,1963,Thumb,motor_12_flexed,51.0,34.5625,3,30.0,29.0,28.0,30.0,30.0,28.0,30.0,30.0,29.0,31.0,32.0,51.0,47.0,42.0,44.0,42.0
2025-12-25T10:42:18.298224,5468.435,1963,Thumb,motor_12_open,51.0,34.4375,3,30.0,29.0,28.0,30.0,30.0,28.0,30.0,30.0,29.0,31.0,32.0,51.0,47.0,42.0,43.0,41.0
2025-12-25T10:42:19.194171,5469.328,1964,Index,motor_2_flexed,51.0,34.5625,3,30.0,29.0,28.0,30.0,30.0,28.0,30.0,30.0,29.0,31.0,32.0,51.0,47.0,42.0,44.0,42.0
2025-12-25T10:42:21.082068,5471.219,1964,Index,motor_2_open,51.0,34.5625,3,30.0,29.0,28.0,30.0,30.0,28.0,30.0,30.0,29.0,31.0,32.0,51.0,47.0,42.0,44.0,42.0
2025-12-25T10:42:21.978034,5472.118,1965,Index,motor_1_flexed,51.0,34.5,3,30.0,29.0,28.0,30.0,30.0,28.0,30.0,30.0,29.0,32.0,32.0,51.0,47.0,42.0,43.0,41.0
2025-12-25T10:42:23.865932,5474.003,1965,Index,motor_1_open,51.0,34.5625,3,30.0,29.0,28.0,30.0,30.0,28.0,30.0,30.0,29.0,31.0,32.0,51.0,47.0,42.0,44.0,42.0
2025-12-25T10:42:24.761884,5474.9,1966,Index,motor_3_flexed,51.0,34.5,3,30.0,29.0,28.0,30.0,30.0,28.0,30.0,30.0,29.0,31.0,32.0,51.0,47.0,42.0,44.0,41.0
2025-12-25T10:42:26.649773,5476.786,1966,Index,motor_3_open,51.0,34.5,3,30.0,29.0,28.0,30.0,30.0,28.0,30.0,30.0,29.0,31.0,32.0,51.0,47.0,42.0,43.0,42.0
2025-12-25T10:42:27.545732,5477.683,1967,Middle,motor_11_flexed,51.0,34.5,3,30.0,29.0,28.0,30.0,30.0,28.0,30.0,30.0,29.0,31.0,32.0,51.0,47.0,42.0,43.0,42.0
2025-12-25T10:42:29.433623,5479.571,1967,Middle,motor_11_open,51.0,34.5625,3,30.0,29.0,28.0,30.0,30.0,28.0,30.0,30.0,29.0,31.0,32.0,51.0,47.0,42.0,44.0,42.0
2025-12-25T10:42:30.329577,5480.467,1968,Middle,motor_10_flexed,51.0,34.5625,3,30.0,29.0,28.0,30.0,30.0,28.0,30.0,30.0,29.0,32.0,32.0,51.0,47.0,42.0,44.0,41.0
2025-12-25T10:42:32.217498,5482.355,1968,Middle,motor_10_open,51.0,34.625,3,30.0,29.0,28.0,30.0,30.0,28.0,30.0,30.0,29.0,32.0,32.0,51.0,47.0,42.0,44.0,42.0
2025-12-25T10:42:33.113437,5483.252,1969,Ring,motor_4_flexed,51.0,34.5,3,30.0,29.0,28.0,30.0,30.0,28.0,30.0,30.0,29.0,31.0,32.0,51.0,47.0,42.0,44.0,41.0
2025-12-25T10:42:35.001336,5485.14,1969,Ring,motor_4_open,51.0,34.5,3,30.0,29.0,28.0,30.0,30.0,28.0,30.0,30.0,29.0,31.0,32.0,51.0,47.0,42.0,44.0,41.0
2025-12-25T10:42:35.897289,5486.034,1970,Ring,motor_5_flexed,51.0,34.625,3,30.0,29.0,28.0,30.0,30.0,28.0,30.0,30.0,29.0,32.0,32.0,51.0,47.0,42.0,44.0,42.0
2025-12-25T10:42:37.785186,5487.924,1970,Ring,motor_5_open,50.0,34.5625,3,30.0,29.0,28.0,30.0,30.0,28.0,30.0,30.0,29.0,32.0,32.0,50.0,47.0,42.0,44.0,42.0
2025-12-25T10:42:38.681143,5488.819,1971,Ring,motor_6_flexed,50.0,34.5625,3,30.0,29.0,28.0,30.0,30.0,28.0,30.0,30.0,29.0,32.0,32.0,50.0,47.0,42.0,44.0,42.0
2025-12-25T10:42:40.569028,5490.706,1971,Ring,motor_6_open,50.0,34.5625,3,30.0,29.0,28.0,30.0,30.0,28.0,30.0,30.0,29.0,32.0,32.0,50.0,47.0,42.0,44.0,42.0
2025-12-25T10:42:41.464993,5491.601,1972,Pinky,motor_7_flexed,50.0,34.5625,3,30.0,29.0,28.0,30.0,30.0,28.0,30.0,30.0,29.0,32.0,32.0,50.0,47.0,42.0,44.0,42.0
2025-12-25T10:42:43.352878,5493.484,1972,Pinky,motor_7_open,50.0,34.5625,3,30.0,29.0,28.0,30.0,30.0,28.0,30.0,30.0,29.0,32.0,32.0,50.0,47.0,42.0,44.0,42.0
2025-12-25T10:42:44.248832,5494.38,1973,Pinky,motor_8_flexed,50.0,34.5,3,30.0,29.0,28.0,30.0,30.0,28.0,30.0,30.0,29.0,32.0,32.0,50.0,47.0,42.0,44.0,41.0
2025-12-25T10:42:46.136763,5496.274,1973,Pinky,motor_8_open,50.0,34.5,3,30.0,29.0,28.0,30.0,30.0,28.0,30.0,30.0,29.0,32.0,32.0,50.0,47.0,42.0,44.0,41.0
2025-12-25T10:42:47.032701,5497.17,1974,Pinky,motor_9_flexed,50.0,34.5,3,30.0,29.0,28.0,30.0,30.0,28.0,30.0,30.0,29.0,32.0,32.0,50.0,47.0,42.0,43.0,42.0
2025-12-25T10:42:48.920599,5499.053,1974,Pinky,motor_9_open,50.0,34.5,3,30.0,29.0,28.0,30.0,30.0,28.0,30.0,30.0,29.0,31.0,32.0,50.0,47.0,42.0,44.0,42.0
2025-12-25T10:42:49.816561,5499.954,1975,Thumb,motor_13_flexed,50.0,34.5,3,30.0,29.0,28.0,30.0,30.0,28.0,30.0,30.0,29.0,32.0,32.0,50.0,47.0,42.0,44.0,41.0
2025-12-25T10:42:51.704462,5501.843,1975,Thumb,motor_13_open,50.0,34.5625,3,30.0,29.0,28.0,30.0,30.0,28.0,30.0,30.0,29.0,32.0,32.0,50.0,47.0,42.0,44.0,42.0
2025-12-25T10:42:52.600416,5502.74,1976,Thumb,motor_14_flexed,50.0,34.5,3,30.0,29.0,28.0,30.0,30.0,28.0,30.0,30.0,29.0,32.0,32.0,50.0,47.0,42.0,44.0,41.0
2025-12-25T10:42:54.488313,5504.628,1976,Thumb,motor_14_open,50.0,34.5,3,30.0,29.0,28.0,30.0,30.0,28.0,30.0,30.0,29.0,31.0,32.0,50.0,47.0,42.0,44.0,42.0
2025-12-25T10:42:55.384279,5505.523,1977,Thumb,motor_12_flexed,50.0,34.5,3,30.0,29.0,28.0,30.0,30.0,28.0,30.0,30.0,29.0,32.0,32.0,50.0,47.0,42.0,44.0,41.0
2025-12-25T10:42:57.272165,5507.413,1977,Thumb,motor_12_open,50.0,34.5625,3,30.0,29.0,28.0,30.0,30.0,28.0,30.0,30.0,29.0,32.0,32.0,50.0,47.0,42.0,44.0,42.0
2025-12-25T10:42:58.168099,5508.308,1978,Index,motor_2_flexed,50.0,34.5625,3,30.0,29.0,28.0,30.0,30.0,28.0,30.0,30.0,29.0,32.0,32.0,50.0,47.0,42.0,44.0,42.0
2025-12-25T10:43:00.055997,5510.193,1978,Index,motor_2_open,50.0,34.5,3,30.0,29.0,28.0,30.0,30.0,28.0,30.0,30.0,29.0,31.0,32.0,50.0,47.0,42.0,44.0,42.0
2025-12-25T10:43:00.951952,5511.089,1979,Index,motor_1_flexed,50.0,34.5,3,30.0,29.0,28.0,30.0,30.0,28.0,30.0,30.0,29.0,31.0,32.0,50.0,47.0,42.0,44.0,42.0
2025-12-25T10:43:02.839847,5512.975,1979,Index,motor_1_open,50.0,34.5625,3,30.0,29.0,28.0,30.0,30.0,28.0,30.0,30.0,29.0,32.0,32.0,50.0,47.0,42.0,44.0,42.0
2025-12-25T10:43:03.735796,5513.874,1980,Index,motor_3_flexed,50.0,34.5,3,30.0,29.0,28.0,30.0,30.0,28.0,30.0,30.0,29.0,31.0,32.0,50.0,47.0,42.0,44.0,42.0
2025-12-25T10:43:05.623696,5515.761,1980,Index,motor_3_open,50.0,34.5625,3,30.0,29.0,28.0,30.0,30.0,28.0,30.0,30.0,29.0,32.0,32.0,50.0,47.0,42.0,44.0,42.0
2025-12-25T10:43:06.519644,5516.658,1981,Middle,motor_11_flexed,50.0,34.5,3,30.0,29.0,28.0,30.0,30.0,28.0,30.0,30.0,29.0,31.0,32.0,50.0,47.0,42.0,44.0,42.0
2025-12-25T10:43:08.407544,5518.547,1981,Middle,motor_11_open,50.0,34.5625,3,30.0,29.0,28.0,30.0,30.0,28.0,30.0,30.0,29.0,32.0,32.0,50.0,47.0,42.0,44.0,42.0
2025-12-25T10:43:09.303499,5519.441,1982,Middle,motor_10_flexed,50.0,34.4375,3,30.0,29.0,28.0,30.0,30.0,28.0,30.0,30.0,29.0,31.0,32.0,50.0,47.0,42.0,44.0,41.0
2025-12-25T10:43:10.391437,5520.53,1982,Middle,motor_10_flex_hold,50.0,34.5,3,30.0,29.0,28.0,30.0,30.0,28.0,30.0,30.0,29.0,31.0,32.0,50.0,47.0,42.0,44.0,42.0
2025-12-25T10:43:11.191381,5521.322,1982,Middle,motor_10_open,50.0,34.5625,3,30.0,29.0,28.0,30.0,30.0,28.0,30.0,30.0,29.0,32.0,32.0,50.0,47.0,42.0,44.0,42.0
2025-12-25T10:43:12.087348,5522.223,1983,Ring,motor_4_flexed,50.0,34.5,3,30.0,29.0,28.0,30.0,30.0,28.0,30.0,30.0,29.0,31.0,32.0,50.0,47.0,42.0,44.0,42.0
2025-12-25T10:43:13.975245,5524.114,1983,Ring,motor_4_open,50.0,34.5625,3,30.0,29.0,28.0,30.0,30.0,28.0,30.0,30.0,29.0,32.0,32.0,50.0,47.0,42.0,44.0,42.0
2025-12-25T10:43:14.871199,5525.01,1984,Ring,motor_5_flexed,50.0,34.5625,3,30.0,29.0,28.0,30.0,30.0,28.0,30.0,30.0,29.0,32.0,32.0,50.0,47.0,42.0,44.0,42.0
2025-12-25T10:43:16.759097,5526.897,1984,Ring,motor_5_open,50.0,34.5625,3,30.0,29.0,28.0,30.0,30.0,28.0,30.0,30.0,29.0,32.0,32.0,50.0,47.0,42.0,44.0,42.0
2025-12-25T10:43:17.655050,5527.792,1985,Ring,motor_6_flexed,50.0,34.5625,3,30.0,29.0,28.0,30.0,30.0,28.0,30.0,30.0,29.0,32.0,32.0,50.0,47.0,42.0,44.0,42.0
2025-12-25T10:43:19.542949,5529.681,1985,Ring,motor_6_open,50.0,34.5625,3,30.0,29.0,28.0,30.0,30.0,28.0,30.0,30.0,29.0,32.0,32.0,50.0,47.0,42.0,44.0,42.0
2025-12-25T10:43:20.438900,5530.577,1986,Pinky,motor_7_flexed,50.0,34.5625,3,30.0,29.0,28.0,30.0,30.0,28.0,30.0,30.0,29.0,32.0,32.0,50.0,47.0,42.0,44.0,42.0
2025-12-25T10:43:22.326824,5532.466,1986,Pinky,motor_7_open,50.0,34.5625,3,30.0,29.0,28.0,30.0,30.0,28.0,30.0,30.0,29.0,32.0,32.0,50.0,47.0,42.0,44.0,42.0
2025-12-25T10:43:23.222778,5533.363,1987,Pinky,motor_8_flexed,50.0,34.5,3,30.0,29.0,28.0,30.0,30.0,28.0,30.0,30.0,29.0,31.0,32.0,50.0,47.0,42.0,44.0,42.0
2025-12-25T10:43:25.110674,5535.249,1987,Pinky,motor_8_open,50.0,34.5,3,30.0,29.0,28.0,30.0,30.0,28.0,30.0,30.0,29.0,32.0,32.0,50.0,47.0,42.0,44.0,41.0
2025-12-25T10:43:26.006614,5536.147,1988,Pinky,motor_9_flexed,50.0,34.5,3,30.0,29.0,28.0,30.0,30.0,28.0,30.0,30.0,29.0,31.0,32.0,50.0,47.0,42.0,44.0,42.0
2025-12-25T10:43:27.894509,5538.031,1988,Pinky,motor_9_open,50.0,34.375,3,30.0,29.0,28.0,30.0,30.0,28.0,30.0,30.0,29.0,32.0,32.0,50.0,47.0,42.0,44.0,39.0
2025-12-25T10:43:28.790479,5538.927,1989,Thumb,motor_13_flexed,50.0,34.5625,3,30.0,29.0,28.0,30.0,30.0,28.0,30.0,30.0,29.0,32.0,32.0,50.0,47.0,42.0,44.0,42.0
2025-12-25T10:43:30.678379,5540.816,1989,Thumb,motor_13_open,50.0,34.5,3,30.0,29.0,28.0,30.0,30.0,28.0,30.0,30.0,29.0,31.0,32.0,50.0,47.0,42.0,44.0,42.0
2025-12-25T10:43:31.574333,5541.714,1990,Thumb,motor_14_flexed,50.0,34.4375,3,30.0,29.0,28.0,30.0,30.0,28.0,30.0,30.0,29.0,31.0,32.0,50.0,47.0,42.0,44.0,41.0
2025-12-25T10:43:33.462222,5543.603,1990,Thumb,motor_14_open,51.0,34.5625,3,30.0,29.0,28.0,30.0,30.0,28.0,30.0,30.0,29.0,31.0,32.0,51.0,47.0,42.0,44.0,42.0
2025-12-25T10:43:34.358184,5544.498,1991,Thumb,motor_12_flexed,51.0,34.5625,3,30.0,29.0,28.0,30.0,30.0,28.0,30.0,30.0,29.0,31.0,32.0,51.0,47.0,42.0,44.0,42.0
2025-12-25T10:43:36.246081,5546.386,1991,Thumb,motor_12_open,51.0,34.625,3,30.0,29.0,28.0,30.0,30.0,28.0,30.0,30.0,29.0,31.0,32.0,51.0,47.0,42.0,45.0,42.0
2025-12-25T10:43:37.142034,5547.281,1992,Index,motor_2_flexed,51.0,34.5625,3,30.0,29.0,28.0,30.0,30.0,28.0,30.0,30.0,29.0,31.0,32.0,51.0,47.0,42.0,44.0,42.0
2025-12-25T10:43:39.029923,5549.171,1992,Index,motor_2_open,51.0,34.5625,3,30.0,29.0,28.0,30.0,30.0,28.0,30.0,30.0,29.0,31.0,32.0,51.0,47.0,42.0,45.0,41.0
2025-12-25T10:43:39.925887,5550.062,1993,Index,motor_1_flexed,51.0,34.5625,3,30.0,29.0,28.0,30.0,30.0,28.0,30.0,30.0,29.0,31.0,32.0,51.0,47.0,42.0,44.0,42.0
2025-12-25T10:43:41.813783,5551.95,1993,Index,motor_1_open,51.0,34.5,3,30.0,29.0,28.0,30.0,30.0,28.0,30.0,30.0,29.0,31.0,32.0,51.0,47.0,42.0,43.0,42.0
2025-12-25T10:43:42.709733,5552.85,1994,Index,motor_3_flexed,51.0,34.4375,3,30.0,29.0,28.0,30.0,30.0,28.0,30.0,30.0,29.0,31.0,32.0,51.0,47.0,42.0,43.0,41.0
2025-12-25T10:43:44.597636,5554.736,1994,Index,motor_3_open,51.0,34.625,3,30.0,29.0,28.0,30.0,30.0,28.0,30.0,30.0,29.0,31.0,32.0,51.0,47.0,42.0,45.0,42.0
2025-12-25T10:43:45.493590,5555.631,1995,Middle,motor_11_flexed,51.0,34.5625,3,30.0,29.0,28.0,30.0,30.0,28.0,30.0,30.0,29.0,31.0,32.0,51.0,47.0,42.0,44.0,42.0
2025-12-25T10:43:47.381483,5557.52,1995,Middle,motor_11_open,51.0,34.375,3,30.0,29.0,28.0,30.0,30.0,28.0,30.0,30.0,29.0,31.0,32.0,51.0,47.0,42.0,44.0,39.0
2025-12-25T10:43:48.277447,5558.414,1996,Middle,motor_10_flexed,51.0,34.5625,3,30.0,29.0,28.0,30.0,30.0,28.0,30.0,30.0,29.0,31.0,32.0,51.0,47.0,42.0,44.0,42.0
2025-12-25T10:43:50.165336,5560.304,1996,Middle,motor_10_open,51.0,34.5625,3,30.0,29.0,28.0,30.0,30.0,28.0,30.0,30.0,29.0,31.0,32.0,51.0,47.0,42.0,44.0,42.0
2025-12-25T10:43:51.061289,5561.199,1997,Ring,motor_4_flexed,51.0,34.625,3,30.0,29.0,28.0,30.0,30.0,28.0,30.0,30.0,29.0,32.0,32.0,51.0,47.0,42.0,44.0,42.0
2025-12-25T10:43:52.949198,5563.087,1997,Ring,motor_4_open,51.0,34.5625,3,30.0,29.0,28.0,30.0,30.0,28.0,30.0,30.0,29.0,32.0,32.0,51.0,47.0,42.0,44.0,41.0
2025-12-25T10:43:53.845140,5563.985,1998,Ring,motor_5_flexed,51.0,34.6875,3,30.0,29.0,28.0,30.0,30.0,28.0,30.0,30.0,29.0,32.0,32.0,51.0,47.0,42.0,45.0,42.0
2025-12-25T10:43:55.733039,5565.874,1998,Ring,motor_5_open,51.0,34.625,3,30.0,29.0,28.0,30.0,30.0,28.0,30.0,30.0,29.0,32.0,32.0,51.0,47.0,42.0,44.0,42.0
2025-12-25T10:43:56.628991,5566.768,1999,Ring,motor_6_flexed,51.0,34.5625,3,30.0,29.0,28.0,30.0,30.0,28.0,30.0,30.0,29.0,31.0,32.0,51.0,47.0,42.0,44.0,42.0
2025-12-25T10:43:58.516874,5568.651,1999,Ring,motor_6_open,51.0,34.5,3,30.0,29.0,28.0,30.0,30.0,28.0,30.0,30.0,29.0,31.0,32.0,51.0,47.0,42.0,44.0,41.0
2025-12-25T10:43:59.412856,5569.551,2000,Pinky,motor_7_flexed,51.0,34.625,3,30.0,29.0,28.0,30.0,30.0,28.0,30.0,30.0,29.0,32.0,32.0,51.0,47.0,42.0,44.0,42.0
2025-12-25T10:44:01.300749,5571.441,2000,Pinky,motor_7_open,51.0,34.5625,3,30.0,29.0,28.0,30.0,30.0,28.0,30.0,30.0,29.0,32.0,32.0,51.0,47.0,42.0,44.0,41.0
2025-12-25T10:44:02.196718,5572.338,2001,Pinky,motor_8_flexed,51.0,34.5625,3,30.0,29.0,28.0,30.0,30.0,28.0,30.0,30.0,29.0,32.0,32.0,51.0,47.0,42.0,44.0,41.0
2025-12-25T10:44:04.084594,5574.223,2001,Pinky,motor_8_open,51.0,34.625,3,30.0,29.0,28.0,30.0,30.0,28.0,30.0,30.0,29.0,32.0,32.0,51.0,47.0,42.0,44.0,42.0
2025-12-25T10:44:04.980531,5575.117,2002,Pinky,motor_9_flexed,51.0,34.4375,3,30.0,29.0,28.0,30.0,30.0,28.0,30.0,30.0,29.0,31.0,32.0,51.0,47.0,42.0,43.0,41.0
2025-12-25T10:44:06.868473,5577.009,2002,Pinky,motor_9_open,51.0,34.5625,3,30.0,29.0,28.0,30.0,30.0,28.0,30.0,30.0,29.0,31.0,32.0,51.0,47.0,42.0,44.0,42.0
2025-12-25T10:44:07.764380,5577.903,2003,Thumb,motor_13_flexed,51.0,34.5625,3,30.0,29.0,28.0,30.0,30.0,28.0,30.0,30.0,29.0,31.0,32.0,51.0,47.0,42.0,44.0,42.0
2025-12-25T10:44:09.652277,5579.79,2003,Thumb,motor_13_open,51.0,34.625,3,30.0,29.0,28.0,30.0,30.0,28.0,30.0,30.0,29.0,32.0,32.0,51.0,47.0,42.0,44.0,42.0
2025-12-25T10:44:10.244246,5580.378,2003,Thumb,motor_13_open_hold,51.0,34.625,3,30.0,29.0,28.0,30.0,30.0,28.0,30.0,30.0,29.0,32.0,32.0,51.0,47.0,42.0,44.0,42.0
2025-12-25T10:44:10.644224,5580.78,2004,Thumb,motor_14_flexed,51.0,34.5,3,30.0,29.0,28.0,30.0,30.0,28.0,30.0,30.0,29.0,31.0,32.0,51.0,47.0,42.0,44.0,41.0
2025-12-25T10:44:12.532123,5582.669,2004,Thumb,motor_14_open,51.0,34.625,3,30.0,29.0,28.0,30.0,30.0,28.0,30.0,30.0,29.0,32.0,32.0,51.0,47.0,42.0,44.0,42.0
2025-12-25T10:44:13.428077,5583.566,2005,Thumb,motor_12_flexed,51.0,34.625,3,30.0,29.0,28.0,30.0,30.0,28.0,30.0,30.0,29.0,32.0,32.0,51.0,47.0,42.0,44.0,42.0
2025-12-25T10:44:15.315975,5585.456,2005,Thumb,motor_12_open,51.0,34.625,3,30.0,29.0,28.0,30.0,30.0,28.0,30.0,30.0,29.0,32.0,32.0,51.0,47.0,42.0,44.0,42.0
2025-12-25T10:44:16.211929,5586.352,2006,Index,motor_2_flexed,51.0,34.4375,3,30.0,29.0,28.0,30.0,30.0,28.0,30.0,30.0,29.0,31.0,32.0,51.0,47.0,42.0,43.0,41.0
2025-12-25T10:44:18.099817,5588.239,2006,Index,motor_2_open,51.0,34.5625,3,30.0,29.0,28.0,30.0,30.0,28.0,30.0,30.0,29.0,31.0,32.0,51.0,47.0,42.0,44.0,42.0
2025-12-25T10:44:18.995777,5589.133,2007,Index,motor_1_flexed,51.0,34.5625,3,30.0,29.0,28.0,30.0,30.0,28.0,30.0,30.0,29.0,32.0,32.0,51.0,47.0,42.0,44.0,41.0
2025-12-25T10:44:20.883676,5591.02,2007,Index,motor_1_open,51.0,34.5625,3,30.0,29.0,28.0,30.0,30.0,28.0,30.0,30.0,29.0,31.0,32.0,51.0,47.0,42.0,44.0,42.0
2025-12-25T10:44:21.779632,5591.919,2008,Index,motor_3_flexed,51.0,34.5625,3,30.0,29.0,28.0,30.0,30.0,28.0,30.0,30.0,29.0,31.0,32.0,51.0,47.0,42.0,44.0,42.0
2025-12-25T10:44:23.667527,5593.805,2008,Index,motor_3_open,51.0,34.5625,3,30.0,29.0,28.0,30.0,30.0,28.0,30.0,30.0,29.0,31.0,32.0,51.0,47.0,42.0,44.0,42.0
2025-12-25T10:44:24.563481,5594.7,2009,Middle,motor_11_flexed,51.0,34.5,3,30.0,29.0,28.0,30.0,30.0,28.0,30.0,30.0,29.0,31.0,32.0,51.0,47.0,42.0,43.0,42.0
2025-12-25T10:44:26.451380,5596.589,2009,Middle,motor_11_open,51.0,34.5625,3,30.0,29.0,28.0,30.0,30.0,28.0,30.0,30.0,29.0,32.0,32.0,51.0,47.0,42.0,43.0,42.0
2025-12-25T10:44:27.347333,5597.486,2010,Middle,motor_10_flexed,51.0,34.5,3,30.0,29.0,28.0,30.0,30.0,28.0,30.0,30.0,29.0,31.0,32.0,51.0,47.0,42.0,43.0,42.0
2025-12-25T10:44:29.235231,5599.373,2010,Middle,motor_10_open,51.0,34.625,3,30.0,29.0,28.0,30.0,30.0,28.0,30.0,30.0,29.0,32.0,32.0,51.0,47.0,42.0,44.0,42.0
2025-12-25T10:44:30.131184,5600.267,2011,Ring,motor_4_flexed,51.0,34.5625,3,30.0,29.0,28.0,30.0,30.0,28.0,30.0,30.0,29.0,32.0,32.0,51.0,47.0,42.0,44.0,41.0
2025-12-25T10:44:32.019086,5602.156,2011,Ring,motor_4_open,51.0,34.625,3,30.0,29.0,28.0,30.0,30.0,28.0,30.0,30.0,29.0,32.0,32.0,51.0,47.0,42.0,44.0,42.0
2025-12-25T10:44:32.915029,5603.055,2012,Ring,motor_5_flexed,51.0,34.625,3,30.0,29.0,28.0,30.0,30.0,28.0,30.0,30.0,29.0,32.0,32.0,51.0,47.0,42.0,44.0,42.0
2025-12-25T10:44:34.802926,5604.941,2012,Ring,motor_5_open,51.0,34.625,3,30.0,29.0,28.0,30.0,30.0,28.0,30.0,30.0,29.0,32.0,32.0,51.0,47.0,42.0,44.0,42.0
2025-12-25T10:44:35.698877,5605.837,2013,Ring,motor_6_flexed,51.0,34.5625,3,30.0,29.0,28.0,30.0,30.0,28.0,30.0,30.0,29.0,32.0,32.0,51.0,47.0,42.0,43.0,42.0
2025-12-25T10:44:37.586779,5607.722,2013,Ring,motor_6_open,51.0,34.5,3,30.0,29.0,28.0,30.0,30.0,28.0,30.0,30.0,29.0,32.0,32.0,51.0,47.0,42.0,43.0,41.0
2025-12-25T10:44:38.482727,5608.62,2014,Pinky,motor_7_flexed,51.0,34.5,3,30.0,29.0,28.0,30.0,30.0,28.0,30.0,30.0,29.0,31.0,32.0,51.0,47.0,42.0,43.0,42.0
2025-12-25T10:44:40.370628,5610.509,2014,Pinky,motor_7_open,51.0,34.5,3,30.0,29.0,28.0,30.0,30.0,28.0,30.0,30.0,29.0,31.0,32.0,51.0,47.0,42.0,44.0,41.0
2025-12-25T10:44:41.266584,5611.403,2015,Pinky,motor_8_flexed,51.0,34.625,3,30.0,29.0,28.0,30.0,30.0,28.0,30.0,30.0,29.0,32.0,32.0,51.0,47.0,42.0,44.0,42.0
2025-12-25T10:44:43.154479,5613.292,2015,Pinky,motor_8_open,51.0,34.5625,3,30.0,29.0,28.0,30.0,30.0,28.0,30.0,30.0,29.0,32.0,32.0,51.0,47.0,42.0,43.0,42.0
2025-12-25T10:44:44.050430,5614.189,2016,Pinky,motor_9_flexed,51.0,34.5625,3,30.0,29.0,28.0,30.0,30.0,28.0,30.0,30.0,29.0,31.0,32.0,51.0,47.0,42.0,44.0,42.0
2025-12-25T10:44:45.938349,5616.077,2016,Pinky,motor_9_open,51.0,34.625,3,30.0,29.0,28.0,30.0,30.0,28.0,30.0,30.0,29.0,32.0,32.0,51.0,47.0,42.0,44.0,42.0
2025-12-25T10:44:46.834294,5616.971,2017,Thumb,motor_13_flexed,51.0,34.5,3,30.0,29.0,28.0,30.0,30.0,28.0,30.0,30.0,29.0,31.0,32.0,51.0,47.0,42.0,43.0,42.0
2025-12-25T10:44:48.722191,5618.855,2017,Thumb,motor_13_open,51.0,34.5,3,30.0,29.0,28.0,30.0,30.0,28.0,30.0,30.0,29.0,31.0,32.0,51.0,47.0,42.0,44.0,41.0
2025-12-25T10:44:49.618192,5619.755,2018,Thumb,motor_14_flexed,51.0,34.625,3,30.0,29.0,28.0,30.0,30.0,28.0,30.0,30.0,29.0,32.0,32.0,51.0,47.0,42.0,44.0,42.0
2025-12-25T10:44:51.506035,5621.643,2018,Thumb,motor_14_open,51.0,34.625,3,30.0,29.0,28.0,30.0,30.0,28.0,30.0,30.0,29.0,32.0,32.0,51.0,47.0,42.0,44.0,42.0
2025-12-25T10:44:52.401994,5622.539,2019,Thumb,motor_12_flexed,51.0,34.625,3,30.0,29.0,28.0,30.0,30.0,28.0,30.0,30.0,29.0,32.0,32.0,51.0,47.0,42.0,44.0,42.0
2025-12-25T10:44:54.289892,5624.428,2019,Thumb,motor_12_open,51.0,34.625,3,30.0,29.0,28.0,30.0,30.0,28.0,30.0,30.0,29.0,32.0,32.0,51.0,47.0,42.0,44.0,42.0
2025-12-25T10:44:55.185855,5625.321,2020,Index,motor_2_flexed,51.0,34.5625,3,30.0,29.0,28.0,30.0,30.0,28.0,30.0,30.0,29.0,31.0,32.0,51.0,47.0,42.0,44.0,42.0
2025-12-25T10:44:57.073742,5627.213,2020,Index,motor_2_open,51.0,34.5,3,30.0,29.0,28.0,30.0,30.0,28.0,30.0,30.0,29.0,31.0,32.0,51.0,47.0,42.0,44.0,41.0
2025-12-25T10:44:57.969696,5628.108,2021,Index,motor_1_flexed,51.0,34.5,3,30.0,29.0,28.0,30.0,30.0,28.0,30.0,30.0,29.0,31.0,32.0,51.0,47.0,42.0,43.0,42.0
2025-12-25T10:44:59.857608,5629.997,2021,Index,motor_1_open,51.0,34.625,3,30.0,29.0,28.0,30.0,30.0,28.0,30.0,30.0,29.0,32.0,32.0,51.0,47.0,42.0,44.0,42.0
2025-12-25T10:45:00.753547,5630.89,2022,Index,motor_3_flexed,51.0,34.4375,3,30.0,29.0,28.0,30.0,30.0,28.0,30.0,30.0,29.0,31.0,32.0,51.0,47.0,42.0,44.0,40.0
2025-12-25T10:45:02.641443,5632.776,2022,Index,motor_3_open,51.0,34.5625,3,30.0,29.0,28.0,30.0,30.0,28.0,30.0,30.0,29.0,31.0,32.0,51.0,47.0,42.0,44.0,42.0
2025-12-25T10:45:03.537401,5633.676,2023,Middle,motor_11_flexed,51.0,34.625,3,30.0,29.0,28.0,30.0,30.0,28.0,30.0,30.0,29.0,32.0,32.0,51.0,47.0,42.0,44.0,42.0
2025-12-25T10:45:05.425297,5635.561,2023,Middle,motor_11_open,51.0,34.5,3,30.0,29.0,28.0,30.0,30.0,28.0,30.0,30.0,29.0,32.0,32.0,51.0,47.0,42.0,43.0,41.0
2025-12-25T10:45:06.321249,5636.459,2024,Middle,motor_10_flexed,51.0,34.625,3,30.0,29.0,28.0,30.0,30.0,28.0,30.0,30.0,29.0,32.0,32.0,51.0,47.0,42.0,44.0,42.0
2025-12-25T10:45:08.209150,5638.348,2024,Middle,motor_10_open,51.0,34.5625,3,30.0,29.0,28.0,30.0,30.0,28.0,30.0,30.0,29.0,32.0,32.0,51.0,47.0,42.0,43.0,42.0
2025-12-25T10:45:09.105112,5639.245,2025,Ring,motor_4_flexed,51.0,34.5625,3,30.0,29.0,28.0,30.0,30.0,28.0,30.0,30.0,29.0,32.0,32.0,51.0,47.0,42.0,44.0,41.0
2025-12-25T10:45:10.193044,5640.331,2025,Ring,motor_4_flex_hold,51.0,34.625,3,30.0,29.0,28.0,30.0,30.0,28.0,30.0,30.0,29.0,32.0,32.0,51.0,47.0,42.0,44.0,42.0
2025-12-25T10:45:10.992999,5641.13,2025,Ring,motor_4_open,51.0,34.5,3,30.0,29.0,28.0,30.0,30.0,28.0,30.0,30.0,29.0,32.0,32.0,51.0,47.0,42.0,43.0,41.0
2025-12-25T10:45:11.888951,5642.026,2026,Ring,motor_5_flexed,51.0,34.5625,3,30.0,29.0,28.0,30.0,30.0,28.0,30.0,30.0,29.0,32.0,32.0,51.0,47.0,42.0,43.0,42.0
2025-12-25T10:45:13.776866,5643.911,2026,Ring,motor_5_open,51.0,34.625,3,30.0,29.0,28.0,30.0,30.0,28.0,30.0,30.0,29.0,32.0,32.0,51.0,47.0,42.0,44.0,42.0
2025-12-25T10:45:14.672802,5644.81,2027,Ring,motor_6_flexed,51.0,34.625,3,30.0,29.0,28.0,30.0,30.0,28.0,30.0,30.0,29.0,32.0,32.0,51.0,47.0,42.0,44.0,42.0
2025-12-25T10:45:16.560692,5646.697,2027,Ring,motor_6_open,51.0,34.5,3,30.0,29.0,28.0,30.0,30.0,28.0,30.0,30.0,29.0,32.0,32.0,51.0,47.0,42.0,43.0,41.0
2025-12-25T10:45:17.456643,5647.591,2028,Pinky,motor_7_flexed,51.0,34.625,3,30.0,29.0,28.0,30.0,30.0,28.0,30.0,30.0,29.0,32.0,32.0,51.0,47.0,42.0,44.0,42.0
2025-12-25T10:45:19.344535,5649.475,2028,Pinky,motor_7_open,51.0,34.5625,3,30.0,29.0,28.0,30.0,30.0,28.0,30.0,30.0,29.0,31.0,32.0,51.0,47.0,42.0,44.0,42.0
2025-12-25T10:45:20.240499,5650.379,2029,Pinky,motor_8_flexed,51.0,34.625,3,30.0,29.0,28.0,30.0,30.0,28.0,30.0,30.0,29.0,32.0,32.0,51.0,47.0,42.0,44.0,42.0
2025-12-25T10:45:22.128388,5652.266,2029,Pinky,motor_8_open,51.0,34.5625,3,30.0,29.0,28.0,30.0,30.0,28.0,30.0,30.0,29.0,32.0,32.0,51.0,47.0,42.0,44.0,41.0
2025-12-25T10:45:23.024364,5653.162,2030,Pinky,motor_9_flexed,51.0,34.625,3,30.0,29.0,28.0,30.0,30.0,28.0,30.0,30.0,29.0,32.0,32.0,51.0,47.0,42.0,44.0,42.0
2025-12-25T10:45:24.912255,5655.045,2030,Pinky,motor_9_open,51.0,34.625,3,30.0,29.0,28.0,30.0,30.0,28.0,30.0,30.0,29.0,32.0,32.0,51.0,47.0,42.0,44.0,42.0
2025-12-25T10:45:25.808208,5655.947,2031,Thumb,motor_13_flexed,51.0,34.5625,3,30.0,29.0,28.0,30.0,30.0,28.0,30.0,30.0,29.0,32.0,32.0,51.0,47.0,42.0,44.0,41.0
2025-12-25T10:45:27.696098,5657.834,2031,Thumb,motor_13_open,51.0,34.5625,3,30.0,29.0,28.0,30.0,30.0,28.0,30.0,30.0,29.0,31.0,32.0,51.0,47.0,42.0,44.0,42.0
2025-12-25T10:45:28.592053,5658.729,2032,Thumb,motor_14_flexed,51.0,34.5625,3,30.0,29.0,28.0,30.0,30.0,28.0,30.0,30.0,29.0,32.0,32.0,51.0,47.0,42.0,43.0,42.0
2025-12-25T10:45:30.479948,5660.613,2032,Thumb,motor_14_open,51.0,34.375,3,30.0,29.0,28.0,30.0,30.0,28.0,30.0,30.0,29.0,31.0,32.0,51.0,47.0,42.0,44.0,39.0
2025-12-25T10:45:31.375900,5661.51,2033,Thumb,motor_12_flexed,51.0,34.625,3,30.0,29.0,28.0,30.0,30.0,28.0,30.0,30.0,29.0,32.0,32.0,51.0,47.0,42.0,44.0,42.0
2025-12-25T10:45:33.263800,5663.402,2033,Thumb,motor_12_open,51.0,34.625,3,30.0,29.0,28.0,30.0,30.0,28.0,30.0,30.0,29.0,32.0,32.0,51.0,47.0,42.0,44.0,42.0
2025-12-25T10:45:34.159752,5664.298,2034,Index,motor_2_flexed,51.0,34.5625,3,30.0,29.0,28.0,30.0,30.0,28.0,30.0,30.0,29.0,32.0,32.0,51.0,47.0,42.0,44.0,41.0
2025-12-25T10:45:36.047653,5666.184,2034,Index,motor_2_open,51.0,34.5,3,30.0,29.0,28.0,30.0,30.0,28.0,30.0,30.0,29.0,31.0,32.0,51.0,47.0,42.0,44.0,41.0
2025-12-25T10:45:36.943606,5667.081,2035,Index,motor_1_flexed,51.0,34.625,3,30.0,29.0,28.0,30.0,30.0,28.0,30.0,30.0,29.0,31.0,32.0,51.0,47.0,42.0,44.0,43.0
2025-12-25T10:45:38.847511,5668.986,2035,Index,motor_1_open,51.0,34.5625,3,30.0,29.0,28.0,30.0,30.0,28.0,30.0,30.0,29.0,31.0,32.0,51.0,47.0,42.0,44.0,42.0
2025-12-25T10:45:39.743466,5669.882,2036,Index,motor_3_flexed,51.0,34.4375,3,30.0,29.0,28.0,30.0,30.0,28.0,30.0,30.0,29.0,31.0,32.0,51.0,47.0,42.0,43.0,41.0
2025-12-25T10:45:41.631363,5671.77,2036,Index,motor_3_open,51.0,34.5625,3,30.0,29.0,28.0,30.0,30.0,28.0,30.0,30.0,29.0,31.0,32.0,51.0,47.0,42.0,44.0,42.0
2025-12-25T10:45:42.527315,5672.665,2037,Middle,motor_11_flexed,51.0,34.625,3,30.0,29.0,28.0,30.0,30.0,28.0,30.0,30.0,29.0,32.0,32.0,51.0,47.0,42.0,44.0,42.0
2025-12-25T10:45:44.415216,5674.553,2037,Middle,motor_11_open,51.0,34.625,3,30.0,29.0,28.0,30.0,30.0,28.0,30.0,30.0,29.0,32.0,32.0,51.0,47.0,42.0,44.0,42.0
2025-12-25T10:45:45.311167,5675.45,2038,Middle,motor_10_flexed,51.0,34.625,3,30.0,29.0,28.0,30.0,30.0,28.0,30.0,30.0,29.0,32.0,32.0,51.0,47.0,42.0,44.0,42.0
2025-12-25T10:45:47.199059,5677.338,2038,Middle,motor_10_open,51.0,34.5625,3,30.0,29.0,28.0,30.0,30.0,28.0,30.0,30.0,29.0,31.0,32.0,51.0,47.0,42.0,44.0,42.0
2025-12-25T10:45:48.095014,5678.232,2039,Ring,motor_4_flexed,51.0,34.625,3,30.0,29.0,28.0,30.0,30.0,28.0,30.0,30.0,29.0,32.0,32.0,51.0,47.0,42.0,44.0,42.0
2025-12-25T10:45:49.982909,5680.12,2039,Ring,motor_4_open,51.0,34.5,3,30.0,29.0,28.0,30.0,30.0,28.0,30.0,30.0,29.0,32.0,32.0,51.0,47.0,42.0,43.0,41.0
2025-12-25T10:45:50.878858,5681.014,2040,Ring,motor_5_flexed,51.0,34.625,3,30.0,29.0,28.0,30.0,30.0,28.0,30.0,30.0,29.0,32.0,32.0,51.0,47.0,42.0,44.0,42.0
2025-12-25T10:45:52.766773,5682.903,2040,Ring,motor_5_open,51.0,34.6875,3,30.0,29.0,28.0,30.0,30.0,28.0,30.0,30.0,29.0,32.0,32.0,51.0,47.0,42.0,44.0,43.0
2025-12-25T10:45:53.662724,5683.799,2041,Ring,motor_6_flexed,51.0,34.625,3,30.0,29.0,28.0,30.0,30.0,28.0,30.0,30.0,29.0,32.0,32.0,51.0,47.0,42.0,44.0,42.0
2025-12-25T10:45:55.550611,5685.688,2041,Ring,motor_6_open,51.0,34.5625,3,30.0,29.0,28.0,30.0,30.0,28.0,30.0,30.0,29.0,32.0,32.0,51.0,47.0,42.0,44.0,41.0
2025-12-25T10:45:56.446563,5686.583,2042,Pinky,motor_7_flexed,51.0,34.5,3,30.0,29.0,28.0,30.0,30.0,28.0,30.0,30.0,29.0,32.0,32.0,51.0,47.0,42.0,43.0,41.0
2025-12-25T10:45:58.334467,5688.474,2042,Pinky,motor_7_open,51.0,34.5625,3,30.0,29.0,28.0,30.0,30.0,28.0,30.0,30.0,29.0,32.0,32.0,51.0,47.0,42.0,44.0,41.0
2025-12-25T10:45:59.230417,5689.37,2043,Pinky,motor_8_flexed,51.0,34.625,3,30.0,29.0,28.0,30.0,30.0,28.0,30.0,30.0,29.0,32.0,32.0,51.0,47.0,42.0,44.0,42.0
2025-12-25T10:46:01.118317,5691.255,2043,Pinky,motor_8_open,51.0,34.625,3,30.0,29.0,28.0,30.0,30.0,28.0,30.0,30.0,29.0,32.0,32.0,51.0,47.0,42.0,44.0,42.0
2025-12-25T10:46:02.014274,5692.152,2044,Pinky,motor_9_flexed,51.0,34.5625,3,30.0,29.0,28.0,30.0,30.0,28.0,30.0,30.0,29.0,32.0,32.0,51.0,47.0,42.0,44.0,41.0
2025-12-25T10:46:03.902169,5694.039,2044,Pinky,motor_9_open,51.0,34.5625,3,30.0,29.0,28.0,30.0,30.0,28.0,30.0,30.0,29.0,32.0,32.0,51.0,47.0,42.0,43.0,42.0
2025-12-25T10:46:04.798112,5694.934,2045,Thumb,motor_13_flexed,51.0,34.625,3,30.0,29.0,28.0,30.0,30.0,28.0,30.0,30.0,29.0,32.0,32.0,51.0,47.0,42.0,44.0,42.0
2025-12-25T10:46:06.686020,5696.822,2045,Thumb,motor_13_open,51.0,34.625,3,30.0,29.0,28.0,30.0,30.0,28.0,30.0,30.0,29.0,32.0,32.0,51.0,47.0,42.0,44.0,42.0
2025-12-25T10:46:07.581957,5697.713,2046,Thumb,motor_14_flexed,51.0,34.625,3,30.0,29.0,28.0,30.0,30.0,28.0,30.0,30.0,29.0,32.0,32.0,51.0,47.0,42.0,44.0,42.0
2025-12-25T10:46:09.469859,5699.604,2046,Thumb,motor_14_open,51.0,34.625,3,30.0,29.0,28.0,30.0,30.0,28.0,30.0,30.0,29.0,32.0,32.0,51.0,47.0,42.0,44.0,42.0
2025-12-25T10:46:10.061841,5700.196,2046,Thumb,motor_14_open_hold,51.0,34.625,3,30.0,29.0,28.0,30.0,30.0,28.0,30.0,30.0,29.0,32.0,32.0,51.0,47.0,42.0,44.0,42.0
2025-12-25T10:46:10.461821,5700.597,2047,Thumb,motor_12_flexed,51.0,34.5625,3,30.0,29.0,28.0,30.0,30.0,28.0,30.0,30.0,29.0,32.0,32.0,51.0,47.0,42.0,44.0,41.0
2025-12-25T10:46:12.349719,5702.488,2047,Thumb,motor_12_open,51.0,34.625,3,30.0,29.0,28.0,30.0,30.0,28.0,30.0,30.0,29.0,32.0,32.0,51.0,47.0,42.0,44.0,42.0
2025-12-25T10:46:13.245669,5703.384,2048,Index,motor_2_flexed,51.0,34.625,3,30.0,29.0,28.0,30.0,30.0,28.0,30.0,30.0,29.0,32.0,32.0,51.0,47.0,42.0,44.0,42.0
2025-12-25T10:46:15.133570,5705.272,2048,Index,motor_2_open,51.0,34.5625,3,30.0,29.0,28.0,30.0,30.0,28.0,30.0,30.0,29.0,31.0,32.0,51.0,47.0,42.0,44.0,42.0
2025-12-25T10:46:16.029537,5706.169,2049,Index,motor_1_flexed,51.0,34.5625,3,30.0,29.0,28.0,30.0,30.0,28.0,30.0,30.0,29.0,32.0,32.0,51.0,47.0,42.0,44.0,41.0
2025-12-25T10:46:17.917428,5708.057,2049,Index,motor_1_open,51.0,34.625,3,30.0,29.0,28.0,30.0,30.0,28.0,30.0,30.0,29.0,32.0,32.0,51.0,47.0,42.0,44.0,42.0
2025-12-25T10:46:18.813380,5708.95,2050,Index,motor_3_flexed,51.0,34.5,3,30.0,29.0,28.0,30.0,30.0,28.0,30.0,30.0,29.0,31.0,32.0,51.0,47.0,42.0,44.0,41.0
2025-12-25T10:46:20.701297,5710.841,2050,Index,motor_3_open,51.0,34.5625,3,30.0,29.0,28.0,30.0,30.0,28.0,30.0,30.0,29.0,31.0,32.0,51.0,47.0,42.0,44.0,42.0
2025-12-25T10:46:21.597231,5711.738,2051,Middle,motor_11_flexed,51.0,34.625,3,30.0,29.0,28.0,30.0,30.0,28.0,30.0,30.0,29.0,32.0,32.0,51.0,47.0,42.0,44.0,42.0
2025-12-25T10:46:23.485132,5713.62,2051,Middle,motor_11_open,51.0,34.5625,3,30.0,29.0,28.0,30.0,30.0,28.0,30.0,30.0,29.0,31.0,32.0,51.0,47.0,42.0,44.0,42.0
2025-12-25T10:46:24.381086,5714.517,2052,Middle,motor_10_flexed,51.0,34.5625,3,30.0,29.0,28.0,30.0,30.0,28.0,30.0,30.0,29.0,31.0,32.0,51.0,47.0,42.0,44.0,42.0
2025-12-25T10:46:26.268999,5716.41,2052,Middle,motor_10_open,51.0,34.5,3,30.0,29.0,28.0,30.0,30.0,28.0,30.0,30.0,29.0,31.0,32.0,51.0,47.0,42.0,44.0,41.0
2025-12-25T10:46:27.164950,5717.304,2053,Ring,motor_4_flexed,51.0,34.5625,3,30.0,29.0,28.0,30.0,30.0,28.0,30.0,30.0,29.0,32.0,32.0,51.0,47.0,42.0,43.0,42.0
2025-12-25T10:46:29.052841,5719.184,2053,Ring,motor_4_open,51.0,34.625,3,30.0,29.0,28.0,30.0,30.0,28.0,30.0,30.0,29.0,32.0,32.0,51.0,47.0,42.0,44.0,42.0
2025-12-25T10:46:29.948789,5720.08,2054,Ring,motor_5_flexed,51.0,34.625,3,30.0,29.0,28.0,30.0,30.0,28.0,30.0,30.0,29.0,32.0,32.0,51.0,47.0,42.0,44.0,42.0
2025-12-25T10:46:31.836688,5721.968,2054,Ring,motor_5_open,51.0,34.625,3,30.0,29.0,28.0,30.0,30.0,28.0,30.0,30.0,29.0,32.0,32.0,51.0,47.0,42.0,44.0,42.0
2025-12-25T10:46:32.732644,5722.871,2055,Ring,motor_6_flexed,51.0,34.625,3,30.0,29.0,28.0,30.0,30.0,28.0,30.0,30.0,29.0,32.0,32.0,51.0,47.0,42.0,44.0,42.0
2025-12-25T10:46:34.620537,5724.753,2055,Ring,motor_6_open,51.0,34.625,3,30.0,29.0,28.0,30.0,30.0,28.0,30.0,30.0,29.0,32.0,32.0,51.0,47.0,42.0,44.0,42.0
2025-12-25T10:46:35.516510,5725.654,2056,Pinky,motor_7_flexed,51.0,34.625,3,30.0,29.0,28.0,30.0,30.0,28.0,30.0,30.0,29.0,32.0,32.0,51.0,47.0,42.0,44.0,42.0
2025-12-25T10:46:37.404381,5727.542,2056,Pinky,motor_7_open,51.0,34.625,3,30.0,29.0,28.0,30.0,30.0,28.0,30.0,30.0,29.0,32.0,32.0,51.0,47.0,42.0,44.0,42.0
2025-12-25T10:46:38.300332,5728.436,2057,Pinky,motor_8_flexed,51.0,34.5625,3,30.0,29.0,28.0,30.0,30.0,28.0,30.0,30.0,29.0,32.0,32.0,51.0,47.0,42.0,44.0,41.0
2025-12-25T10:46:40.188239,5730.327,2057,Pinky,motor_8_open,51.0,34.625,3,30.0,29.0,28.0,30.0,30.0,28.0,30.0,30.0,29.0,32.0,32.0,51.0,47.0,42.0,44.0,42.0
2025-12-25T10:46:41.084185,5731.221,2058,Pinky,motor_9_flexed,51.0,34.5625,3,30.0,29.0,28.0,30.0,30.0,28.0,30.0,30.0,29.0,32.0,32.0,51.0,47.0,42.0,43.0,42.0
2025-12-25T10:46:42.972082,5733.11,2058,Pinky,motor_9_open,51.0,34.5625,3,30.0,29.0,28.0,30.0,30.0,28.0,30.0,30.0,29.0,32.0,32.0,51.0,47.0,42.0,44.0,41.0
2025-12-25T10:46:43.868035,5734.005,2059,Thumb,motor_13_flexed,51.0,34.5625,3,30.0,29.0,28.0,30.0,30.0,28.0,30.0,30.0,29.0,32.0,32.0,51.0,47.0,42.0,44.0,41.0
2025-12-25T10:46:45.755934,5735.897,2059,Thumb,motor_13_open,51.0,34.5,3,30.0,29.0,28.0,29.0,30.0,28.0,30.0,30.0,29.0,32.0,32.0,51.0,47.0,42.0,43.0,42.0
2025-12-25T10:46:46.651885,5736.79,2060,Thumb,motor_14_flexed,51.0,34.5625,3,30.0,29.0,28.0,30.0,30.0,28.0,30.0,30.0,29.0,31.0,32.0,51.0,47.0,42.0,44.0,42.0
2025-12-25T10:46:48.539812,5738.676,2060,Thumb,motor_14_open,51.0,34.625,3,30.0,29.0,28.0,30.0,30.0,28.0,30.0,30.0,29.0,32.0,32.0,51.0,47.0,42.0,44.0,42.0
2025-12-25T10:46:49.435764,5739.574,2061,Thumb,motor_12_flexed,51.0,34.6875,3,30.0,29.0,28.0,30.0,30.0,28.0,30.0,30.0,29.0,32.0,32.0,51.0,47.0,42.0,45.0,42.0
2025-12-25T10:46:51.323661,5741.463,2061,Thumb,motor_12_open,51.0,34.5625,3,30.0,29.0,28.0,30.0,30.0,28.0,30.0,30.0,29.0,32.0,32.0,51.0,47.0,42.0,44.0,41.0
2025-12-25T10:46:52.219607,5742.355,2062,Index,motor_2_flexed,51.0,34.5625,3,30.0,29.0,28.0,30.0,30.0,28.0,30.0,30.0,29.0,32.0,32.0,51.0,47.0,42.0,44.0,41.0
2025-12-25T10:46:54.107512,5744.247,2062,Index,motor_2_open,51.0,34.5625,3,30.0,29.0,28.0,30.0,30.0,28.0,30.0,30.0,29.0,32.0,32.0,51.0,47.0,42.0,44.0,41.0
2025-12-25T10:46:55.003455,5745.137,2063,Index,motor_1_flexed,51.0,34.625,3,30.0,29.0,28.0,30.0,30.0,28.0,30.0,30.0,29.0,32.0,32.0,51.0,47.0,42.0,44.0,42.0
2025-12-25T10:46:56.891364,5747.029,2063,Index,motor_1_open,51.0,34.5625,3,30.0,29.0,28.0,30.0,30.0,28.0,30.0,30.0,29.0,31.0,32.0,51.0,47.0,42.0,44.0,42.0
2025-12-25T10:46:57.787318,5747.926,2064,Index,motor_3_flexed,51.0,34.5625,3,30.0,29.0,28.0,30.0,30.0,28.0,30.0,30.0,29.0,31.0,32.0,51.0,47.0,42.0,44.0,42.0
2025-12-25T10:46:59.675220,5749.815,2064,Index,motor_3_open,51.0,34.625,3,30.0,29.0,28.0,30.0,30.0,28.0,30.0,30.0,29.0,32.0,32.0,51.0,47.0,42.0,44.0,42.0
2025-12-25T10:47:00.571158,5750.705,2065,Middle,motor_11_flexed,51.0,34.625,3,30.0,29.0,28.0,30.0,30.0,28.0,30.0,30.0,29.0,32.0,32.0,51.0,47.0,42.0,44.0,42.0
2025-12-25T10:47:02.459053,5752.596,2065,Middle,motor_11_open,51.0,34.625,3,30.0,29.0,28.0,30.0,30.0,28.0,30.0,30.0,29.0,32.0,32.0,51.0,47.0,42.0,44.0,42.0
2025-12-25T10:47:03.355007,5753.486,2066,Middle,motor_10_flexed,51.0,34.5625,3,30.0,29.0,28.0,30.0,30.0,28.0,30.0,30.0,29.0,32.0,32.0,51.0,47.0,42.0,44.0,41.0
2025-12-25T10:47:05.242920,5755.38,2066,Middle,motor_10_open,51.0,34.625,3,30.0,29.0,28.0,30.0,30.0,28.0,30.0,30.0,29.0,32.0,32.0,51.0,47.0,42.0,44.0,42.0
2025-12-25T10:47:06.138872,5756.279,2067,Ring,motor_4_flexed,51.0,34.625,3,30.0,29.0,28.0,30.0,30.0,28.0,30.0,30.0,29.0,32.0,32.0,51.0,47.0,42.0,45.0,41.0
2025-12-25T10:47:08.026770,5758.164,2067,Ring,motor_4_open,51.0,34.5,3,30.0,29.0,28.0,30.0,30.0,28.0,30.0,30.0,29.0,32.0,32.0,51.0,47.0,42.0,43.0,41.0
2025-12-25T10:47:08.922729,5759.062,2068,Ring,motor_5_flexed,51.0,34.625,3,30.0,29.0,28.0,30.0,30.0,28.0,30.0,30.0,29.0,32.0,32.0,51.0,47.0,42.0,43.0,43.0
2025-12-25T10:47:10.010664,5760.149,2068,Ring,motor_5_flex_hold,51.0,34.625,3,30.0,29.0,28.0,30.0,30.0,28.0,30.0,30.0,29.0,32.0,32.0,51.0,47.0,42.0,44.0,42.0
2025-12-25T10:47:10.810622,5760.951,2068,Ring,motor_5_open,51.0,34.5,3,30.0,29.0,28.0,30.0,30.0,28.0,30.0,30.0,29.0,32.0,32.0,51.0,47.0,42.0,43.0,41.0
2025-12-25T10:47:11.706572,5761.846,2069,Ring,motor_6_flexed,51.0,34.5,3,30.0,29.0,28.0,30.0,30.0,28.0,30.0,30.0,29.0,31.0,32.0,51.0,47.0,42.0,43.0,42.0
2025-12-25T10:47:13.594455,5763.731,2069,Ring,motor_6_open,51.0,34.625,3,30.0,29.0,28.0,30.0,30.0,28.0,30.0,30.0,29.0,32.0,32.0,51.0,47.0,42.0,44.0,42.0
2025-12-25T10:47:14.490397,5764.629,2070,Pinky,motor_7_flexed,51.0,34.5625,3,30.0,29.0,28.0,30.0,30.0,28.0,30.0,30.0,29.0,32.0,32.0,51.0,47.0,42.0,44.0,41.0
2025-12-25T10:47:16.378307,5766.516,2070,Pinky,motor_7_open,51.0,34.625,3,30.0,29.0,28.0,30.0,30.0,28.0,30.0,30.0,29.0,32.0,32.0,51.0,47.0,42.0,44.0,42.0
2025-12-25T10:47:17.274255,5767.41,2071,Pinky,motor_8_flexed,51.0,34.5625,3,30.0,29.0,28.0,30.0,30.0,28.0,30.0,30.0,29.0,32.0,32.0,51.0,47.0,42.0,44.0,41.0
2025-12-25T10:47:19.162176,5769.294,2071,Pinky,motor_8_open,51.0,34.5625,3,30.0,29.0,28.0,30.0,30.0,28.0,30.0,30.0,29.0,31.0,32.0,51.0,47.0,42.0,44.0,42.0
2025-12-25T10:47:20.058116,5770.196,2072,Pinky,motor_9_flexed,51.0,34.5625,3,30.0,29.0,28.0,30.0,30.0,28.0,30.0,30.0,29.0,32.0,32.0,51.0,47.0,42.0,44.0,41.0
2025-12-25T10:47:21.946015,5772.077,2072,Pinky,motor_9_open,51.0,34.625,3,30.0,29.0,28.0,30.0,30.0,28.0,30.0,30.0,29.0,32.0,32.0,51.0,47.0,42.0,44.0,42.0
2025-12-25T10:47:22.841972,5772.976,2073,Thumb,motor_13_flexed,51.0,34.625,3,30.0,29.0,28.0,30.0,30.0,28.0,30.0,30.0,29.0,32.0,32.0,51.0,47.0,42.0,44.0,42.0
2025-12-25T10:47:24.729867,5774.863,2073,Thumb,motor_13_open,51.0,34.5,3,30.0,29.0,28.0,30.0,30.0,28.0,30.0,30.0,29.0,31.0,32.0,51.0,47.0,42.0,44.0,41.0
2025-12-25T10:47:25.625832,5775.764,2074,Thumb,motor_14_flexed,51.0,34.5625,3,30.0,29.0,28.0,30.0,30.0,28.0,30.0,30.0,29.0,31.0,32.0,51.0,47.0,42.0,44.0,42.0
2025-12-25T10:47:27.513744,5777.652,2074,Thumb,motor_14_open,51.0,34.5625,3,30.0,29.0,28.0,30.0,30.0,28.0,30.0,30.0,29.0,32.0,32.0,51.0,47.0,42.0,44.0,41.0
2025-12-25T10:47:28.409681,5778.542,2075,Thumb,motor_12_flexed,51.0,34.625,3,30.0,29.0,28.0,30.0,30.0,28.0,30.0,30.0,29.0,32.0,32.0,51.0,47.0,42.0,44.0,42.0
2025-12-25T10:47:30.297582,5780.436,2075,Thumb,motor_12_open,51.0,34.625,3,30.0,29.0,28.0,30.0,30.0,28.0,30.0,30.0,29.0,32.0,32.0,51.0,47.0,42.0,44.0,42.0
2025-12-25T10:47:31.193529,5781.328,2076,Index,motor_2_flexed,51.0,34.625,3,30.0,29.0,28.0,30.0,30.0,28.0,30.0,30.0,29.0,32.0,32.0,51.0,47.0,42.0,44.0,42.0
2025-12-25T10:47:33.081436,5783.221,2076,Index,motor_2_open,51.0,34.625,3,30.0,29.0,28.0,30.0,30.0,28.0,30.0,30.0,29.0,32.0,32.0,51.0,47.0,42.0,44.0,42.0
2025-12-25T10:47:33.977387,5784.115,2077,Index,motor_1_flexed,51.0,34.625,3,30.0,29.0,28.0,30.0,30.0,28.0,30.0,30.0,29.0,32.0,32.0,51.0,47.0,42.0,44.0,42.0
2025-12-25T10:47:35.865271,5785.998,2077,Index,motor_1_open,51.0,34.5625,3,30.0,29.0,28.0,30.0,30.0,28.0,30.0,30.0,29.0,32.0,32.0,51.0,47.0,42.0,44.0,41.0
2025-12-25T10:47:36.761241,5786.898,2078,Index,motor_3_flexed,51.0,34.5625,3,30.0,29.0,28.0,30.0,30.0,28.0,30.0,30.0,29.0,32.0,32.0,51.0,47.0,42.0,44.0,41.0
2025-12-25T10:47:38.649123,5788.778,2078,Index,motor_3_open,51.0,34.5625,3,30.0,29.0,28.0,30.0,30.0,28.0,30.0,30.0,29.0,31.0,32.0,51.0,47.0,42.0,44.0,42.0
2025-12-25T10:47:39.545076,5789.675,2079,Middle,motor_11_flexed,51.0,34.625,3,30.0,29.0,28.0,30.0,30.0,28.0,30.0,30.0,29.0,32.0,32.0,51.0,47.0,42.0,44.0,42.0
2025-12-25T10:47:41.432989,5791.564,2079,Middle,motor_11_open,51.0,34.5625,3,30.0,29.0,28.0,30.0,30.0,28.0,30.0,30.0,29.0,32.0,32.0,51.0,47.0,42.0,44.0,41.0
2025-12-25T10:47:42.328932,5792.459,2080,Middle,motor_10_flexed,51.0,34.625,3,30.0,29.0,28.0,30.0,30.0,28.0,30.0,30.0,29.0,32.0,32.0,51.0,47.0,42.0,44.0,42.0
2025-12-25T10:47:44.216812,5794.347,2080,Middle,motor_10_open,51.0,34.625,3,30.0,29.0,28.0,30.0,30.0,28.0,30.0,30.0,29.0,32.0,32.0,51.0,47.0,42.0,44.0,42.0
2025-12-25T10:47:45.112779,5795.25,2081,Ring,motor_4_flexed,51.0,34.625,3,30.0,29.0,28.0,30.0,30.0,28.0,30.0,30.0,29.0,32.0,32.0,51.0,47.0,42.0,44.0,42.0
2025-12-25T10:47:47.000669,5797.139,2081,Ring,motor_4_open,51.0,34.5625,3,30.0,29.0,28.0,30.0,30.0,28.0,30.0,30.0,29.0,32.0,32.0,51.0,47.0,42.0,43.0,42.0
2025-12-25T10:47:47.896606,5798.033,2082,Ring,motor_5_flexed,51.0,34.625,3,30.0,29.0,28.0,30.0,30.0,28.0,30.0,30.0,29.0,32.0,32.0,51.0,47.0,42.0,44.0,42.0
2025-12-25T10:47:49.784510,5799.921,2082,Ring,motor_5_open,51.0,34.5625,3,30.0,29.0,28.0,30.0,30.0,28.0,30.0,30.0,29.0,32.0,32.0,51.0,47.0,42.0,44.0,41.0
2025-12-25T10:47:50.680479,5800.818,2083,Ring,motor_6_flexed,51.0,34.625,3,30.0,29.0,28.0,30.0,30.0,28.0,30.0,30.0,29.0,32.0,32.0,51.0,47.0,42.0,44.0,42.0
2025-12-25T10:47:52.568366,5802.706,2083,Ring,motor_6_open,51.0,34.5625,3,30.0,29.0,28.0,30.0,30.0,28.0,30.0,30.0,29.0,32.0,32.0,51.0,47.0,42.0,43.0,42.0
2025-12-25T10:47:53.464329,5803.602,2084,Pinky,motor_7_flexed,51.0,34.625,3,30.0,29.0,28.0,30.0,30.0,28.0,30.0,30.0,29.0,32.0,32.0,51.0,47.0,42.0,44.0,42.0
2025-12-25T10:47:55.352217,5805.486,2084,Pinky,motor_7_open,51.0,34.625,3,30.0,29.0,28.0,30.0,30.0,28.0,30.0,30.0,29.0,32.0,32.0,51.0,47.0,42.0,44.0,42.0
2025-12-25T10:47:56.248168,5806.379,2085,Pinky,motor_8_flexed,51.0,34.5625,3,30.0,29.0,28.0,30.0,30.0,28.0,30.0,30.0,29.0,32.0,32.0,51.0,47.0,42.0,43.0,42.0
2025-12-25T10:47:58.136068,5808.267,2085,Pinky,motor_8_open,51.0,34.625,3,30.0,29.0,28.0,30.0,30.0,28.0,30.0,30.0,29.0,32.0,32.0,51.0,47.0,42.0,44.0,42.0
2025-12-25T10:47:59.032027,5809.169,2086,Pinky,motor_9_flexed,51.0,34.625,3,30.0,29.0,28.0,30.0,30.0,28.0,30.0,30.0,29.0,32.0,32.0,51.0,47.0,42.0,44.0,42.0
2025-12-25T10:48:00.919923,5811.057,2086,Pinky,motor_9_open,51.0,34.625,3,30.0,29.0,28.0,30.0,30.0,28.0,30.0,30.0,29.0,32.0,32.0,51.0,47.0,42.0,44.0,42.0
2025-12-25T10:48:01.815878,5811.953,2087,Thumb,motor_13_flexed,51.0,34.625,3,30.0,29.0,28.0,30.0,30.0,28.0,30.0,30.0,29.0,32.0,32.0,51.0,47.0,42.0,44.0,42.0
2025-12-25T10:48:03.703776,5813.842,2087,Thumb,motor_13_open,51.0,34.5625,3,30.0,29.0,28.0,30.0,30.0,28.0,30.0,30.0,29.0,31.0,32.0,51.0,47.0,42.0,44.0,42.0
2025-12-25T10:48:04.599729,5814.738,2088,Thumb,motor_14_flexed,51.0,34.625,3,30.0,29.0,28.0,30.0,30.0,28.0,30.0,30.0,29.0,32.0,32.0,51.0,47.0,42.0,44.0,42.0
2025-12-25T10:48:06.487617,5816.624,2088,Thumb,motor_14_open,51.0,34.5625,3,30.0,29.0,28.0,30.0,30.0,28.0,30.0,30.0,29.0,31.0,32.0,51.0,47.0,42.0,44.0,42.0
2025-12-25T10:48:07.383569,5817.523,2089,Thumb,motor_12_flexed,51.0,34.625,3,30.0,29.0,28.0,30.0,30.0,28.0,30.0,30.0,29.0,32.0,32.0,51.0,47.0,42.0,44.0,42.0
2025-12-25T10:48:09.271478,5819.41,2089,Thumb,motor_12_open,51.0,34.625,3,30.0,29.0,28.0,30.0,30.0,28.0,30.0,30.0,29.0,32.0,32.0,51.0,47.0,42.0,44.0,42.0
2025-12-25T10:48:10.167431,5820.305,2090,Index,motor_2_flexed,51.0,34.5625,3,30.0,29.0,28.0,30.0,30.0,28.0,30.0,30.0,29.0,32.0,32.0,51.0,47.0,42.0,44.0,41.0
2025-12-25T10:48:12.055333,5822.192,2090,Index,motor_2_open,51.0,34.5625,3,30.0,29.0,28.0,30.0,30.0,28.0,30.0,30.0,29.0,32.0,32.0,51.0,47.0,42.0,43.0,42.0
2025-12-25T10:48:12.951284,5823.088,2091,Index,motor_1_flexed,51.0,34.625,3,30.0,29.0,28.0,30.0,30.0,28.0,30.0,30.0,29.0,32.0,32.0,51.0,47.0,42.0,44.0,42.0
2025-12-25T10:48:14.839181,5824.978,2091,Index,motor_1_open,51.0,34.5625,3,30.0,29.0,28.0,30.0,30.0,28.0,30.0,30.0,29.0,31.0,32.0,51.0,47.0,42.0,44.0,42.0
2025-12-25T10:48:15.735130,5825.866,2092,Index,motor_3_flexed,51.0,34.5,3,30.0,29.0,28.0,30.0,30.0,28.0,30.0,30.0,29.0,32.0,32.0,51.0,47.0,42.0,43.0,41.0
2025-12-25T10:48:17.623039,5827.763,2092,Index,motor_3_open,51.0,34.5625,3,30.0,29.0,28.0,30.0,30.0,28.0,30.0,30.0,29.0,31.0,32.0,51.0,47.0,42.0,44.0,42.0
2025-12-25T10:48:18.518991,5828.655,2093,Middle,motor_11_flexed,51.0,34.5,3,30.0,29.0,28.0,30.0,30.0,28.0,30.0,30.0,29.0,31.0,32.0,51.0,47.0,42.0,44.0,41.0
2025-12-25T10:48:20.406896,5830.548,2093,Middle,motor_11_open,51.0,34.5625,3,30.0,29.0,28.0,30.0,30.0,28.0,30.0,30.0,29.0,31.0,32.0,51.0,47.0,42.0,44.0,42.0
2025-12-25T10:48:21.302834,5831.441,2094,Middle,motor_10_flexed,51.0,34.5,3,30.0,29.0,28.0,30.0,30.0,28.0,30.0,30.0,29.0,31.0,32.0,51.0,47.0,42.0,44.0,41.0
2025-12-25T10:48:23.190745,5833.329,2094,Middle,motor_10_open,51.0,34.625,3,30.0,29.0,28.0,30.0,30.0,28.0,30.0,30.0,29.0,32.0,32.0,51.0,47.0,42.0,44.0,42.0
2025-12-25T10:48:24.086696,5834.223,2095,Ring,motor_4_flexed,51.0,34.625,3,30.0,29.0,28.0,30.0,30.0,28.0,30.0,30.0,29.0,32.0,32.0,51.0,47.0,42.0,44.0,42.0
2025-12-25T10:48:25.974595,5836.115,2095,Ring,motor_4_open,51.0,34.5,3,30.0,29.0,28.0,30.0,30.0,28.0,30.0,30.0,29.0,32.0,32.0,51.0,47.0,42.0,43.0,41.0
2025-12-25T10:48:26.870550,5837.008,2096,Ring,motor_5_flexed,51.0,34.625,3,30.0,29.0,28.0,30.0,30.0,28.0,30.0,30.0,29.0,32.0,32.0,51.0,47.0,42.0,44.0,42.0
2025-12-25T10:48:28.758436,5838.897,2096,Ring,motor_5_open,51.0,34.5625,3,30.0,29.0,28.0,30.0,30.0,28.0,30.0,30.0,29.0,32.0,32.0,51.0,47.0,42.0,43.0,42.0
2025-12-25T10:48:29.654394,5839.789,2097,Ring,motor_6_flexed,51.0,34.5625,3,30.0,29.0,28.0,30.0,30.0,28.0,30.0,30.0,29.0,32.0,32.0,51.0,47.0,42.0,43.0,42.0
2025-12-25T10:48:31.542292,5841.68,2097,Ring,motor_6_open,51.0,34.625,3,30.0,29.0,28.0,30.0,30.0,28.0,30.0,30.0,29.0,32.0,32.0,51.0,47.0,42.0,44.0,42.0
2025-12-25T10:48:32.438244,5842.576,2098,Pinky,motor_7_flexed,51.0,34.5625,3,30.0,29.0,28.0,30.0,30.0,28.0,30.0,30.0,29.0,32.0,32.0,51.0,47.0,42.0,44.0,41.0
2025-12-25T10:48:34.326149,5844.467,2098,Pinky,motor_7_open,51.0,34.625,3,30.0,29.0,28.0,30.0,30.0,28.0,30.0,30.0,29.0,32.0,32.0,51.0,47.0,42.0,44.0,42.0
2025-12-25T10:48:35.222100,5845.353,2099,Pinky,motor_8_flexed,51.0,34.5625,3,30.0,29.0,28.0,30.0,30.0,28.0,30.0,30.0,29.0,32.0,32.0,51.0,47.0,42.0,44.0,41.0
2025-12-25T10:48:37.109991,5847.246,2099,Pinky,motor_8_open,51.0,34.5625,3,30.0,29.0,28.0,30.0,30.0,28.0,30.0,30.0,29.0,32.0,32.0,51.0,47.0,42.0,44.0,41.0
2025-12-25T10:48:38.005951,5848.137,2100,Pinky,motor_9_flexed,51.0,34.625,3,30.0,29.0,28.0,30.0,30.0,28.0,30.0,30.0,29.0,32.0,32.0,51.0,47.0,42.0,44.0,42.0
2025-12-25T10:48:39.893853,5850.031,2100,Pinky,motor_9_open,51.0,34.5625,3,30.0,29.0,28.0,30.0,30.0,28.0,30.0,30.0,29.0,31.0,32.0,51.0,47.0,42.0,44.0,42.0
2025-12-25T10:48:40.789792,5850.925,2101,Thumb,motor_13_flexed,51.0,34.625,3,30.0,29.0,28.0,30.0,30.0,28.0,30.0,30.0,29.0,32.0,32.0,51.0,47.0,42.0,44.0,42.0
2025-12-25T10:48:42.677694,5852.817,2101,Thumb,motor_13_open,51.0,34.625,3,30.0,29.0,28.0,30.0,30.0,28.0,30.0,30.0,29.0,32.0,32.0,51.0,47.0,42.0,44.0,42.0
2025-12-25T10:48:43.573656,5853.712,2102,Thumb,motor_14_flexed,51.0,34.5625,3,30.0,29.0,28.0,30.0,30.0,28.0,30.0,30.0,29.0,32.0,32.0,51.0,47.0,42.0,43.0,42.0
2025-12-25T10:48:45.461537,5855.592,2102,Thumb,motor_14_open,51.0,34.5625,3,30.0,29.0,28.0,30.0,30.0,28.0,30.0,30.0,29.0,32.0,32.0,51.0,47.0,42.0,44.0,41.0
2025-12-25T10:48:46.357495,5856.492,2103,Thumb,motor_12_flexed,51.0,34.5625,3,30.0,29.0,28.0,30.0,30.0,28.0,30.0,30.0,29.0,32.0,32.0,51.0,47.0,42.0,43.0,42.0
2025-12-25T10:48:48.245407,5858.377,2103,Thumb,motor_12_open,51.0,34.5,3,30.0,29.0,28.0,30.0,30.0,28.0,30.0,30.0,29.0,32.0,32.0,51.0,47.0,42.0,43.0,41.0
2025-12-25T10:48:49.141350,5859.273,2104,Index,motor_2_flexed,51.0,34.625,3,30.0,29.0,28.0,30.0,30.0,28.0,30.0,30.0,29.0,32.0,32.0,51.0,47.0,42.0,44.0,42.0
2025-12-25T10:48:51.029248,5861.167,2104,Index,motor_2_open,51.0,34.5625,3,30.0,29.0,28.0,30.0,30.0,28.0,30.0,30.0,29.0,32.0,32.0,51.0,47.0,42.0,44.0,41.0
2025-12-25T10:48:51.925204,5862.06,2105,Index,motor_1_flexed,51.0,34.625,3,30.0,29.0,28.0,30.0,30.0,28.0,30.0,30.0,29.0,32.0,32.0,51.0,47.0,42.0,44.0,42.0
2025-12-25T10:48:53.813100,5863.95,2105,Index,motor_1_open,51.0,34.4375,3,30.0,29.0,28.0,30.0,30.0,28.0,30.0,30.0,29.0,31.0,32.0,51.0,47.0,42.0,43.0,41.0
2025-12-25T10:48:54.709052,5864.846,2106,Index,motor_3_flexed,51.0,34.625,3,30.0,29.0,28.0,30.0,30.0,28.0,30.0,30.0,29.0,32.0,32.0,51.0,47.0,42.0,44.0,42.0
2025-12-25T10:48:56.596951,5866.734,2106,Index,motor_3_open,51.0,34.5625,3,30.0,29.0,28.0,30.0,30.0,28.0,30.0,30.0,29.0,31.0,32.0,51.0,47.0,42.0,44.0,42.0
2025-12-25T10:48:57.492928,5867.629,2107,Middle,motor_11_flexed,51.0,34.625,3,30.0,29.0,28.0,30.0,30.0,28.0,30.0,30.0,29.0,32.0,32.0,51.0,47.0,42.0,44.0,42.0
2025-12-25T10:48:59.380813,5869.516,2107,Middle,motor_11_open,51.0,34.5625,3,30.0,29.0,28.0,30.0,30.0,28.0,30.0,30.0,29.0,32.0,32.0,51.0,47.0,42.0,44.0,41.0
2025-12-25T10:49:00.276766,5870.415,2108,Middle,motor_10_flexed,51.0,34.625,3,30.0,29.0,28.0,30.0,30.0,28.0,30.0,30.0,29.0,32.0,32.0,51.0,47.0,42.0,44.0,42.0
2025-12-25T10:49:02.164682,5872.306,2108,Middle,motor_10_open,51.0,34.625,3,30.0,29.0,28.0,30.0,30.0,28.0,30.0,30.0,29.0,32.0,32.0,51.0,47.0,42.0,44.0,42.0
2025-12-25T10:49:03.060616,5873.194,2109,Ring,motor_4_flexed,51.0,34.625,3,30.0,29.0,28.0,30.0,30.0,28.0,30.0,30.0,29.0,32.0,32.0,51.0,47.0,42.0,43.0,43.0
2025-12-25T10:49:04.948512,5875.088,2109,Ring,motor_4_open,51.0,34.625,3,30.0,29.0,28.0,30.0,30.0,28.0,30.0,30.0,29.0,32.0,32.0,51.0,47.0,42.0,44.0,42.0
2025-12-25T10:49:05.844457,5875.982,2110,Ring,motor_5_flexed,51.0,34.625,3,30.0,29.0,28.0,30.0,30.0,28.0,30.0,30.0,29.0,32.0,32.0,51.0,47.0,42.0,44.0,42.0
2025-12-25T10:49:07.732356,5877.873,2110,Ring,motor_5_open,51.0,34.5625,3,30.0,29.0,28.0,30.0,30.0,28.0,30.0,30.0,29.0,32.0,32.0,51.0,47.0,42.0,43.0,42.0
2025-12-25T10:49:08.628309,5878.759,2111,Ring,motor_6_flexed,51.0,34.5625,3,30.0,29.0,28.0,30.0,30.0,28.0,30.0,30.0,29.0,32.0,32.0,51.0,47.0,42.0,44.0,41.0
2025-12-25T10:49:10.212228,5880.354,2111,Ring,motor_6_flex_hold,51.0,34.5625,3,30.0,29.0,28.0,29.0,30.0,28.0,30.0,30.0,29.0,32.0,32.0,51.0,47.0,42.0,44.0,42.0
2025-12-25T10:49:10.612214,5880.748,2111,Ring,motor_6_open,51.0,34.5625,3,30.0,29.0,28.0,30.0,30.0,28.0,30.0,30.0,29.0,32.0,32.0,51.0,47.0,42.0,44.0,41.0
2025-12-25T10:49:11.508166,5881.645,2112,Pinky,motor_7_flexed,51.0,34.625,3,30.0,29.0,28.0,30.0,30.0,28.0,30.0,30.0,29.0,32.0,32.0,51.0,47.0,42.0,44.0,42.0
2025-12-25T10:49:13.396067,5883.534,2112,Pinky,motor_7_open,51.0,34.625,3,30.0,29.0,28.0,30.0,30.0,28.0,30.0,30.0,29.0,32.0,32.0,51.0,47.0,42.0,44.0,42.0
2025-12-25T10:49:14.292018,5884.43,2113,Pinky,motor_8_flexed,51.0,34.5625,3,30.0,29.0,28.0,30.0,30.0,28.0,30.0,30.0,29.0,32.0,32.0,51.0,47.0,42.0,44.0,41.0
2025-12-25T10:49:16.179916,5886.319,2113,Pinky,motor_8_open,51.0,34.5625,3,30.0,29.0,28.0,30.0,30.0,28.0,30.0,30.0,29.0,31.0,32.0,51.0,47.0,42.0,44.0,42.0
2025-12-25T10:49:17.075870,5887.215,2114,Pinky,motor_9_flexed,51.0,34.5625,3,30.0,29.0,28.0,30.0,30.0,28.0,30.0,30.0,29.0,32.0,32.0,51.0,47.0,42.0,44.0,41.0
2025-12-25T10:49:18.963771,5889.101,2114,Pinky,motor_9_open,51.0,34.5625,3,30.0,29.0,28.0,30.0,30.0,28.0,30.0,30.0,29.0,32.0,32.0,51.0,47.0,42.0,43.0,42.0
2025-12-25T10:49:19.859720,5889.996,2115,Thumb,motor_13_flexed,51.0,34.625,3,30.0,29.0,28.0,30.0,30.0,28.0,30.0,30.0,29.0,32.0,32.0,51.0,47.0,42.0,44.0,42.0
2025-12-25T10:49:21.747625,5891.885,2115,Thumb,motor_13_open,51.0,34.5625,3,30.0,29.0,28.0,30.0,30.0,28.0,30.0,30.0,29.0,32.0,32.0,51.0,47.0,42.0,44.0,41.0
2025-12-25T10:49:22.643573,5892.781,2116,Thumb,motor_14_flexed,51.0,34.5625,3,30.0,29.0,28.0,30.0,30.0,28.0,30.0,30.0,29.0,32.0,32.0,51.0,47.0,42.0,44.0,41.0
2025-12-25T10:49:24.531472,5894.67,2116,Thumb,motor_14_open,51.0,34.5625,3,30.0,29.0,28.0,30.0,30.0,28.0,30.0,30.0,29.0,32.0,32.0,51.0,47.0,42.0,43.0,42.0
2025-12-25T10:49:25.427426,5895.567,2117,Thumb,motor_12_flexed,51.0,34.625,3,30.0,29.0,28.0,30.0,30.0,28.0,30.0,30.0,29.0,32.0,32.0,51.0,47.0,42.0,44.0,42.0
2025-12-25T10:49:27.315329,5897.454,2117,Thumb,motor_12_open,51.0,34.625,3,30.0,29.0,28.0,30.0,30.0,28.0,30.0,30.0,29.0,32.0,32.0,51.0,47.0,42.0,44.0,42.0
2025-12-25T10:49:28.211277,5898.348,2118,Index,motor_2_flexed,51.0,34.5625,3,30.0,29.0,28.0,30.0,30.0,28.0,30.0,30.0,29.0,32.0,32.0,51.0,47.0,42.0,44.0,41.0
2025-12-25T10:49:30.099177,5900.24,2118,Index,motor_2_open,51.0,34.625,3,30.0,29.0,28.0,30.0,30.0,28.0,30.0,30.0,29.0,32.0,32.0,51.0,47.0,42.0,44.0,42.0
2025-12-25T10:49:30.995128,5901.133,2119,Index,motor_1_flexed,51.0,34.625,3,30.0,29.0,28.0,30.0,30.0,28.0,30.0,30.0,29.0,32.0,32.0,51.0,47.0,42.0,44.0,42.0
2025-12-25T10:49:32.883027,5903.019,2119,Index,motor_1_open,51.0,34.625,3,30.0,29.0,28.0,30.0,30.0,28.0,30.0,30.0,29.0,32.0,32.0,51.0,47.0,42.0,44.0,42.0
2025-12-25T10:49:33.778980,5903.915,2120,Index,motor_3_flexed,51.0,34.625,3,30.0,29.0,28.0,30.0,30.0,28.0,30.0,30.0,29.0,32.0,32.0,51.0,47.0,42.0,44.0,42.0
2025-12-25T10:49:35.666870,5905.806,2120,Index,motor_3_open,51.0,34.625,3,30.0,29.0,28.0,30.0,30.0,28.0,30.0,30.0,29.0,32.0,32.0,51.0,47.0,42.0,44.0,42.0
2025-12-25T10:49:36.562823,5906.695,2121,Middle,motor_11_flexed,51.0,34.625,3,30.0,29.0,28.0,30.0,30.0,28.0,30.0,30.0,29.0,32.0,32.0,51.0,47.0,42.0,44.0,42.0
2025-12-25T10:49:38.450720,5908.587,2121,Middle,motor_11_open,51.0,34.5625,3,30.0,29.0,28.0,30.0,30.0,28.0,30.0,30.0,29.0,32.0,32.0,51.0,47.0,42.0,44.0,41.0
2025-12-25T10:49:39.346673,5909.483,2122,Middle,motor_10_flexed,51.0,34.5,3,30.0,29.0,28.0,30.0,30.0,28.0,30.0,30.0,29.0,31.0,32.0,51.0,47.0,42.0,43.0,42.0
2025-12-25T10:49:41.234578,5911.371,2122,Middle,motor_10_open,51.0,34.625,3,30.0,29.0,28.0,30.0,30.0,28.0,30.0,30.0,29.0,32.0,32.0,51.0,47.0,42.0,44.0,42.0
2025-12-25T10:49:42.130523,5912.262,2123,Ring,motor_4_flexed,51.0,34.625,3,30.0,29.0,28.0,30.0,30.0,28.0,30.0,30.0,29.0,32.0,32.0,51.0,47.0,42.0,44.0,42.0
2025-12-25T10:49:44.018423,5914.154,2123,Ring,motor_4_open,51.0,34.5625,3,30.0,29.0,28.0,30.0,30.0,28.0,30.0,30.0,29.0,32.0,32.0,51.0,47.0,42.0,44.0,41.0
2025-12-25T10:49:44.914374,5915.05,2124,Ring,motor_5_flexed,51.0,34.625,3,30.0,29.0,28.0,30.0,30.0,28.0,30.0,30.0,29.0,32.0,32.0,51.0,47.0,42.0,44.0,42.0
2025-12-25T10:49:46.802276,5916.941,2124,Ring,motor_5_open,51.0,34.625,3,30.0,29.0,28.0,30.0,30.0,28.0,30.0,30.0,29.0,32.0,32.0,51.0,47.0,42.0,44.0,42.0
2025-12-25T10:49:47.698226,5917.835,2125,Ring,motor_6_flexed,51.0,34.5625,3,30.0,29.0,28.0,30.0,30.0,28.0,30.0,30.0,29.0,32.0,32.0,51.0,47.0,42.0,44.0,41.0
2025-12-25T10:49:49.586125,5919.724,2125,Ring,motor_6_open,51.0,34.625,3,30.0,29.0,28.0,30.0,30.0,28.0,30.0,30.0,29.0,32.0,32.0,51.0,47.0,42.0,44.0,42.0
2025-12-25T10:49:50.482086,5920.62,2126,Pinky,motor_7_flexed,51.0,34.625,3,30.0,29.0,28.0,30.0,30.0,28.0,30.0,30.0,29.0,32.0,32.0,51.0,47.0,42.0,44.0,42.0
2025-12-25T10:49:52.369977,5922.508,2126,Pinky,motor_7_open,51.0,34.625,3,30.0,29.0,28.0,30.0,30.0,28.0,30.0,30.0,29.0,32.0,32.0,51.0,47.0,42.0,44.0,42.0
2025-12-25T10:49:53.265926,5923.402,2127,Pinky,motor_8_flexed,51.0,34.5625,3,30.0,29.0,28.0,30.0,30.0,28.0,30.0,30.0,29.0,32.0,32.0,51.0,47.0,42.0,44.0,41.0
2025-12-25T10:49:55.153840,5925.289,2127,Pinky,motor_8_open,51.0,34.5625,3,30.0,29.0,28.0,30.0,30.0,28.0,30.0,30.0,29.0,32.0,32.0,51.0,47.0,42.0,43.0,42.0
2025-12-25T10:49:56.049779,5926.188,2128,Pinky,motor_9_flexed,51.0,34.5625,3,30.0,29.0,28.0,30.0,30.0,28.0,30.0,30.0,29.0,32.0,32.0,51.0,47.0,42.0,44.0,41.0
2025-12-25T10:49:57.937679,5928.072,2128,Pinky,motor_9_open,51.0,34.5625,3,30.0,29.0,28.0,30.0,30.0,28.0,30.0,30.0,29.0,32.0,32.0,51.0,47.0,42.0,43.0,42.0
2025-12-25T10:49:58.833644,5928.97,2129,Thumb,motor_13_flexed,51.0,34.5625,3,30.0,29.0,28.0,30.0,30.0,28.0,30.0,30.0,29.0,31.0,32.0,51.0,47.0,42.0,44.0,42.0
2025-12-25T10:50:00.721543,5930.858,2129,Thumb,motor_13_open,51.0,34.5,3,30.0,29.0,28.0,30.0,30.0,28.0,30.0,30.0,29.0,32.0,32.0,51.0,47.0,42.0,43.0,41.0
2025-12-25T10:50:01.617495,5931.756,2130,Thumb,motor_14_flexed,51.0,34.625,3,30.0,29.0,28.0,30.0,30.0,28.0,30.0,30.0,29.0,32.0,32.0,51.0,47.0,42.0,44.0,42.0
2025-12-25T10:50:03.505394,5933.646,2130,Thumb,motor_14_open,51.0,34.625,3,30.0,29.0,28.0,30.0,30.0,28.0,30.0,30.0,29.0,32.0,32.0,51.0,47.0,42.0,44.0,42.0
2025-12-25T10:50:04.401351,5934.539,2131,Thumb,motor_12_flexed,51.0,34.5625,3,30.0,29.0,28.0,30.0,30.0,28.0,30.0,30.0,29.0,32.0,32.0,51.0,47.0,42.0,44.0,41.0
2025-12-25T10:50:06.289236,5936.424,2131,Thumb,motor_12_open,51.0,34.625,3,30.0,29.0,28.0,30.0,30.0,28.0,30.0,30.0,29.0,32.0,32.0,51.0,47.0,42.0,44.0,42.0
2025-12-25T10:50:07.185188,5937.323,2132,Index,motor_2_flexed,51.0,34.5625,3,30.0,29.0,28.0,30.0,30.0,28.0,30.0,30.0,29.0,32.0,32.0,51.0,47.0,42.0,44.0,41.0
2025-12-25T10:50:09.073102,5939.21,2132,Index,motor_2_open,51.0,34.625,3,30.0,29.0,28.0,30.0,30.0,28.0,30.0,30.0,29.0,32.0,32.0,51.0,47.0,42.0,44.0,42.0
2025-12-25T10:50:09.969039,5940.107,2133,Index,motor_1_flexed,51.0,34.5625,3,30.0,29.0,28.0,30.0,30.0,28.0,30.0,30.0,29.0,32.0,32.0,51.0,47.0,42.0,44.0,41.0
2025-12-25T10:50:11.856938,5941.994,2133,Index,motor_1_open,51.0,34.625,3,30.0,29.0,28.0,30.0,30.0,28.0,30.0,30.0,29.0,32.0,32.0,51.0,47.0,42.0,44.0,42.0
2025-12-25T10:50:12.752889,5942.883,2134,Index,motor_3_flexed,51.0,34.5,3,30.0,29.0,28.0,30.0,30.0,28.0,30.0,30.0,29.0,31.0,32.0,51.0,47.0,42.0,43.0,42.0
2025-12-25T10:50:14.640800,5944.781,2134,Index,motor_3_open,51.0,34.5,3,30.0,29.0,28.0,30.0,30.0,28.0,30.0,30.0,29.0,31.0,32.0,51.0,47.0,42.0,44.0,41.0
2025-12-25T10:50:15.536754,5945.676,2135,Middle,motor_11_flexed,51.0,34.5625,3,30.0,29.0,28.0,30.0,30.0,28.0,30.0,30.0,29.0,32.0,32.0,51.0,47.0,42.0,44.0,41.0
2025-12-25T10:50:17.424652,5947.564,2135,Middle,motor_11_open,51.0,34.625,3,30.0,29.0,28.0,30.0,30.0,28.0,30.0,30.0,29.0,32.0,32.0,51.0,47.0,42.0,44.0,42.0
2025-12-25T10:50:18.320624,5948.456,2136,Middle,motor_10_flexed,51.0,34.5625,3,30.0,29.0,28.0,30.0,30.0,28.0,30.0,30.0,29.0,32.0,32.0,51.0,47.0,42.0,43.0,42.0
2025-12-25T10:50:20.208511,5950.346,2136,Middle,motor_10_open,51.0,34.625,3,30.0,29.0,28.0,30.0,30.0,28.0,30.0,30.0,29.0,32.0,32.0,51.0,47.0,42.0,44.0,42.0
2025-12-25T10:50:21.104458,5951.245,2137,Ring,motor_4_flexed,51.0,34.5625,3,30.0,29.0,28.0,30.0,30.0,28.0,30.0,30.0,29.0,32.0,32.0,51.0,47.0,42.0,43.0,42.0
2025-12-25T10:50:22.992354,5953.128,2137,Ring,motor_4_open,51.0,34.5625,3,30.0,29.0,28.0,30.0,30.0,28.0,30.0,30.0,29.0,32.0,32.0,51.0,47.0,42.0,44.0,41.0
2025-12-25T10:50:23.888308,5954.025,2138,Ring,motor_5_flexed,51.0,34.5625,3,30.0,29.0,28.0,30.0,30.0,28.0,30.0,30.0,29.0,32.0,32.0,51.0,47.0,42.0,43.0,42.0
2025-12-25T10:50:25.776206,5955.914,2138,Ring,motor_5_open,51.0,34.5625,3,30.0,29.0,28.0,30.0,30.0,28.0,30.0,30.0,29.0,32.0,32.0,51.0,47.0,42.0,43.0,42.0
2025-12-25T10:50:26.672150,5956.812,2139,Ring,motor_6_flexed,51.0,34.5625,3,30.0,29.0,28.0,30.0,30.0,28.0,30.0,30.0,29.0,32.0,32.0,51.0,47.0,42.0,43.0,42.0
2025-12-25T10:50:28.560052,5958.699,2139,Ring,motor_6_open,51.0,34.5625,3,30.0,29.0,28.0,30.0,30.0,28.0,30.0,30.0,29.0,32.0,32.0,51.0,47.0,42.0,44.0,41.0
2025-12-25T10:50:29.456004,5959.595,2140,Pinky,motor_7_flexed,51.0,34.5625,3,30.0,29.0,28.0,30.0,30.0,28.0,30.0,30.0,29.0,32.0,32.0,51.0,47.0,42.0,44.0,41.0
2025-12-25T10:50:31.343902,5961.482,2140,Pinky,motor_7_open,51.0,34.625,3,30.0,29.0,28.0,30.0,30.0,28.0,30.0,30.0,29.0,32.0,32.0,51.0,47.0,42.0,44.0,42.0
2025-12-25T10:50:32.239894,5962.382,2141,Pinky,motor_8_flexed,51.0,34.5625,3,30.0,29.0,28.0,30.0,30.0,28.0,30.0,30.0,29.0,32.0,32.0,51.0,47.0,42.0,43.0,42.0
2025-12-25T10:50:34.127792,5964.268,2141,Pinky,motor_8_open,51.0,34.5625,3,30.0,29.0,28.0,30.0,30.0,28.0,30.0,30.0,29.0,32.0,32.0,51.0,47.0,42.0,43.0,42.0
2025-12-25T10:50:35.023718,5965.162,2142,Pinky,motor_9_flexed,51.0,34.75,3,30.0,29.0,28.0,30.0,30.0,28.0,30.0,30.0,29.0,32.0,32.0,51.0,47.0,42.0,43.0,45.0
2025-12-25T10:50:36.911646,5967.051,2142,Pinky,motor_9_open,51.0,34.625,3,30.0,29.0,28.0,30.0,30.0,28.0,30.0,30.0,29.0,32.0,32.0,51.0,47.0,42.0,44.0,42.0
2025-12-25T10:50:37.807575,5967.948,2143,Thumb,motor_13_flexed,51.0,34.5625,3,30.0,29.0,28.0,30.0,30.0,28.0,30.0,30.0,29.0,32.0,32.0,51.0,47.0,42.0,44.0,41.0
2025-12-25T10:50:39.695500,5969.834,2143,Thumb,motor_13_open,51.0,34.5625,3,30.0,29.0,28.0,30.0,30.0,28.0,30.0,30.0,29.0,32.0,32.0,51.0,47.0,42.0,44.0,41.0
2025-12-25T10:50:40.591449,5970.731,2144,Thumb,motor_14_flexed,51.0,34.625,3,30.0,29.0,28.0,30.0,30.0,28.0,30.0,30.0,29.0,32.0,32.0,51.0,47.0,42.0,44.0,42.0
2025-12-25T10:50:42.495348,5972.633,2144,Thumb,motor_14_open,51.0,34.625,3,30.0,29.0,28.0,30.0,30.0,28.0,30.0,30.0,29.0,32.0,32.0,51.0,47.0,42.0,44.0,42.0
2025-12-25T10:50:43.391305,5973.53,2145,Thumb,motor_12_flexed,51.0,34.625,3,30.0,29.0,28.0,30.0,30.0,28.0,30.0,30.0,29.0,32.0,32.0,51.0,47.0,42.0,44.0,42.0
2025-12-25T10:50:45.279173,5975.419,2145,Thumb,motor_12_open,51.0,34.625,3,30.0,29.0,28.0,30.0,30.0,28.0,30.0,30.0,29.0,32.0,32.0,51.0,47.0,42.0,44.0,42.0
2025-12-25T10:50:46.175121,5976.312,2146,Index,motor_2_flexed,51.0,34.625,3,30.0,29.0,28.0,30.0,30.0,28.0,30.0,30.0,29.0,32.0,32.0,51.0,47.0,42.0,44.0,42.0
2025-12-25T10:50:48.063045,5978.2,2146,Index,motor_2_open,51.0,34.5625,3,30.0,29.0,28.0,30.0,30.0,28.0,30.0,30.0,29.0,32.0,32.0,51.0,47.0,42.0,44.0,41.0
2025-12-25T10:50:48.958989,5979.099,2147,Index,motor_1_flexed,51.0,34.625,3,30.0,29.0,28.0,30.0,30.0,28.0,30.0,30.0,29.0,32.0,32.0,51.0,47.0,42.0,44.0,42.0
2025-12-25T10:50:50.846892,5980.986,2147,Index,motor_1_open,51.0,34.625,3,30.0,29.0,28.0,30.0,30.0,28.0,30.0,30.0,29.0,32.0,32.0,51.0,47.0,42.0,44.0,42.0
2025-12-25T10:50:51.742847,5981.881,2148,Index,motor_3_flexed,51.0,34.5625,3,30.0,29.0,28.0,30.0,30.0,28.0,30.0,30.0,29.0,32.0,32.0,51.0,47.0,42.0,44.0,41.0
2025-12-25T10:50:53.630745,5983.771,2148,Index,motor_3_open,51.0,34.5625,3,30.0,29.0,28.0,30.0,30.0,28.0,30.0,30.0,29.0,32.0,32.0,51.0,47.0,42.0,44.0,41.0
2025-12-25T10:50:54.526665,5984.665,2149,Middle,motor_11_flexed,51.0,34.625,3,30.0,29.0,28.0,30.0,30.0,28.0,30.0,30.0,29.0,32.0,32.0,51.0,47.0,42.0,44.0,42.0
2025-12-25T10:50:56.414562,5986.554,2149,Middle,motor_11_open,51.0,34.625,3,30.0,29.0,28.0,30.0,30.0,28.0,30.0,30.0,29.0,32.0,32.0,51.0,47.0,42.0,44.0,42.0
2025-12-25T10:50:57.310521,5987.448,2150,Middle,motor_10_flexed,51.0,34.625,3,30.0,29.0,28.0,30.0,30.0,28.0,30.0,30.0,29.0,32.0,32.0,51.0,47.0,42.0,44.0,42.0
2025-12-25T10:50:59.198417,5989.333,2150,Middle,motor_10_open,51.0,34.625,3,30.0,29.0,28.0,30.0,30.0,28.0,30.0,30.0,29.0,32.0,32.0,51.0,47.0,42.0,44.0,42.0
2025-12-25T10:51:00.094370,5990.231,2151,Ring,motor_4_flexed,51.0,34.5625,3,30.0,29.0,28.0,30.0,30.0,28.0,30.0,30.0,29.0,32.0,32.0,51.0,47.0,42.0,44.0,41.0
2025-12-25T10:51:01.982286,5992.12,2151,Ring,motor_4_open,51.0,34.5625,3,30.0,29.0,28.0,30.0,30.0,28.0,30.0,30.0,29.0,32.0,32.0,51.0,47.0,42.0,44.0,41.0
2025-12-25T10:51:02.878228,5993.018,2152,Ring,motor_5_flexed,51.0,34.625,3,30.0,29.0,28.0,30.0,30.0,28.0,30.0,30.0,29.0,32.0,32.0,51.0,47.0,42.0,44.0,42.0
2025-12-25T10:51:04.766118,5994.905,2152,Ring,motor_5_open,51.0,34.5625,3,30.0,29.0,28.0,30.0,30.0,28.0,30.0,30.0,29.0,32.0,32.0,51.0,47.0,42.0,43.0,42.0
2025-12-25T10:51:05.662079,5995.797,2153,Ring,motor_6_flexed,51.0,34.5625,3,30.0,29.0,28.0,30.0,30.0,28.0,30.0,30.0,29.0,32.0,32.0,51.0,47.0,42.0,44.0,41.0
2025-12-25T10:51:07.549980,5997.688,2153,Ring,motor_6_open,51.0,34.625,3,30.0,29.0,28.0,30.0,30.0,28.0,30.0,30.0,29.0,32.0,32.0,51.0,47.0,42.0,44.0,42.0
2025-12-25T10:51:08.445934,5998.582,2154,Pinky,motor_7_flexed,51.0,34.5625,3,30.0,29.0,28.0,30.0,30.0,28.0,30.0,30.0,29.0,32.0,32.0,51.0,47.0,42.0,44.0,41.0
2025-12-25T10:51:10.029850,6000.172,2154,Pinky,motor_7_flex_hold,51.0,34.5625,3,30.0,29.0,28.0,30.0,30.0,28.0,30.0,30.0,29.0,32.0,32.0,51.0,47.0,42.0,44.0,41.0
2025-12-25T10:51:10.429808,6000.569,2154,Pinky,motor_7_open,51.0,34.625,3,30.0,29.0,28.0,30.0,30.0,28.0,30.0,30.0,29.0,32.0,32.0,51.0,47.0,42.0,44.0,42.0
2025-12-25T10:51:11.325782,6001.463,2155,Pinky,motor_8_flexed,51.0,34.5,3,30.0,29.0,28.0,30.0,30.0,28.0,30.0,30.0,29.0,32.0,32.0,51.0,47.0,42.0,43.0,41.0
2025-12-25T10:51:13.213667,6003.345,2155,Pinky,motor_8_open,51.0,34.625,3,30.0,29.0,28.0,30.0,30.0,28.0,30.0,30.0,29.0,32.0,32.0,51.0,47.0,42.0,44.0,42.0
2025-12-25T10:51:14.109618,6004.244,2156,Pinky,motor_9_flexed,51.0,34.625,3,30.0,29.0,28.0,30.0,30.0,28.0,30.0,30.0,29.0,32.0,32.0,51.0,47.0,42.0,44.0,42.0
2025-12-25T10:51:15.997536,6006.135,2156,Pinky,motor_9_open,51.0,34.5625,3,30.0,29.0,28.0,30.0,30.0,28.0,30.0,30.0,29.0,32.0,32.0,51.0,47.0,42.0,43.0,42.0
2025-12-25T10:51:16.893472,6007.032,2157,Thumb,motor_13_flexed,51.0,34.625,3,30.0,29.0,28.0,30.0,30.0,28.0,30.0,30.0,29.0,32.0,32.0,51.0,47.0,42.0,44.0,42.0
2025-12-25T10:51:18.781409,6008.919,2157,Thumb,motor_13_open,51.0,34.5625,3,30.0,29.0,28.0,30.0,30.0,28.0,30.0,30.0,29.0,32.0,32.0,51.0,47.0,42.0,44.0,41.0
2025-12-25T10:51:19.677361,6009.815,2158,Thumb,motor_14_flexed,51.0,34.625,3,30.0,29.0,28.0,30.0,30.0,28.0,30.0,30.0,29.0,32.0,32.0,51.0,47.0,42.0,44.0,42.0
2025-12-25T10:51:21.565231,6011.705,2158,Thumb,motor_14_open,51.0,34.4375,3,30.0,29.0,28.0,30.0,30.0,28.0,30.0,30.0,29.0,32.0,32.0,51.0,47.0,42.0,43.0,40.0
2025-12-25T10:51:22.461188,6012.601,2159,Thumb,motor_12_flexed,51.0,34.625,3,30.0,29.0,28.0,30.0,30.0,28.0,30.0,30.0,29.0,32.0,32.0,51.0,47.0,42.0,44.0,42.0
2025-12-25T10:51:24.349084,6014.488,2159,Thumb,motor_12_open,51.0,34.5625,3,30.0,29.0,28.0,30.0,30.0,28.0,30.0,30.0,29.0,32.0,32.0,51.0,47.0,42.0,44.0,41.0
2025-12-25T10:51:25.245055,6015.383,2160,Index,motor_2_flexed,51.0,34.625,3,30.0,29.0,28.0,30.0,30.0,28.0,30.0,30.0,29.0,32.0,32.0,51.0,47.0,42.0,44.0,42.0
2025-12-25T10:51:27.132936,6017.271,2160,Index,motor_2_open,51.0,34.625,3,30.0,29.0,28.0,30.0,30.0,28.0,30.0,30.0,29.0,32.0,32.0,51.0,47.0,42.0,44.0,42.0
2025-12-25T10:51:28.028890,6018.165,2161,Index,motor_1_flexed,51.0,34.625,3,30.0,29.0,28.0,30.0,30.0,28.0,30.0,30.0,29.0,32.0,32.0,51.0,47.0,42.0,43.0,43.0
2025-12-25T10:51:29.916791,6020.055,2161,Index,motor_1_open,51.0,34.5625,3,30.0,29.0,28.0,30.0,30.0,28.0,30.0,30.0,29.0,32.0,32.0,51.0,47.0,42.0,44.0,41.0
2025-12-25T10:51:30.812742,6020.949,2162,Index,motor_3_flexed,51.0,34.5,3,30.0,29.0,28.0,30.0,30.0,28.0,30.0,30.0,29.0,32.0,32.0,51.0,47.0,42.0,44.0,40.0
2025-12-25T10:51:32.700637,6022.839,2162,Index,motor_3_open,51.0,34.5625,3,30.0,29.0,28.0,30.0,30.0,28.0,30.0,30.0,29.0,31.0,32.0,51.0,47.0,42.0,44.0,42.0
2025-12-25T10:51:33.596592,6023.738,2163,Middle,motor_11_flexed,51.0,34.5625,3,30.0,29.0,28.0,30.0,30.0,28.0,30.0,30.0,29.0,31.0,32.0,51.0,47.0,42.0,44.0,42.0
2025-12-25T10:51:35.484491,6025.626,2163,Middle,motor_11_open,51.0,34.5625,3,30.0,29.0,28.0,30.0,30.0,28.0,30.0,30.0,29.0,32.0,32.0,51.0,47.0,42.0,44.0,41.0
2025-12-25T10:51:36.380442,6026.52,2164,Middle,motor_10_flexed,51.0,34.5625,3,30.0,29.0,28.0,30.0,30.0,28.0,30.0,30.0,29.0,31.0,32.0,51.0,47.0,42.0,44.0,42.0
2025-12-25T10:51:38.268343,6028.404,2164,Middle,motor_10_open,51.0,34.625,3,30.0,29.0,28.0,30.0,30.0,28.0,30.0,30.0,29.0,32.0,32.0,51.0,47.0,42.0,44.0,42.0
2025-12-25T10:51:39.164295,6029.3,2165,Ring,motor_4_flexed,51.0,34.625,3,30.0,29.0,28.0,30.0,30.0,28.0,30.0,30.0,29.0,32.0,32.0,51.0,47.0,42.0,44.0,42.0
2025-12-25T10:51:41.052195,6031.19,2165,Ring,motor_4_open,51.0,34.5,3,30.0,29.0,28.0,30.0,30.0,28.0,30.0,30.0,29.0,32.0,32.0,51.0,47.0,42.0,43.0,41.0
2025-12-25T10:51:41.948149,6032.087,2166,Ring,motor_5_flexed,51.0,34.5625,3,30.0,29.0,28.0,30.0,30.0,28.0,30.0,30.0,29.0,32.0,32.0,51.0,47.0,42.0,44.0,41.0
2025-12-25T10:51:43.836047,6033.976,2166,Ring,motor_5_open,51.0,34.625,3,30.0,29.0,28.0,30.0,30.0,28.0,30.0,30.0,29.0,32.0,32.0,51.0,47.0,42.0,44.0,42.0
2025-12-25T10:51:44.731999,6034.871,2167,Ring,motor_6_flexed,51.0,34.625,3,30.0,29.0,28.0,30.0,30.0,28.0,30.0,30.0,29.0,32.0,32.0,51.0,47.0,42.0,44.0,42.0
2025-12-25T10:51:46.619887,6036.751,2167,Ring,motor_6_open,51.0,34.5625,3,30.0,29.0,28.0,30.0,30.0,28.0,30.0,30.0,29.0,32.0,32.0,51.0,47.0,42.0,44.0,41.0
2025-12-25T10:51:47.515838,6037.648,2168,Pinky,motor_7_flexed,51.0,34.6875,3,30.0,29.0,28.0,30.0,30.0,28.0,30.0,30.0,29.0,32.0,32.0,51.0,47.0,42.0,44.0,43.0
2025-12-25T10:51:49.403749,6039.54,2168,Pinky,motor_7_open,51.0,34.6875,3,30.0,29.0,28.0,30.0,30.0,28.0,30.0,30.0,29.0,32.0,32.0,51.0,47.0,42.0,44.0,43.0
2025-12-25T10:51:50.299701,6040.438,2169,Pinky,motor_8_flexed,51.0,34.5625,3,30.0,29.0,28.0,30.0,30.0,28.0,30.0,30.0,29.0,32.0,32.0,51.0,47.0,42.0,43.0,42.0
2025-12-25T10:51:52.187599,6042.327,2169,Pinky,motor_8_open,51.0,34.625,3,30.0,29.0,28.0,30.0,30.0,28.0,30.0,30.0,29.0,32.0,32.0,51.0,47.0,42.0,44.0,42.0
2025-12-25T10:51:53.083551,6043.221,2170,Pinky,motor_9_flexed,51.0,34.5,3,30.0,29.0,28.0,30.0,30.0,28.0,30.0,30.0,29.0,32.0,32.0,51.0,47.0,42.0,43.0,41.0
2025-12-25T10:51:54.971455,6045.108,2170,Pinky,motor_9_open,51.0,34.5625,3,30.0,29.0,28.0,30.0,30.0,28.0,30.0,30.0,29.0,32.0,32.0,51.0,47.0,42.0,43.0,42.0
2025-12-25T10:51:55.867405,6046.005,2171,Thumb,motor_13_flexed,51.0,34.5625,3,30.0,29.0,28.0,30.0,30.0,28.0,30.0,30.0,29.0,32.0,32.0,51.0,47.0,42.0,43.0,42.0
2025-12-25T10:51:57.755309,6047.894,2171,Thumb,motor_13_open,51.0,34.625,3,30.0,29.0,28.0,30.0,30.0,28.0,30.0,30.0,29.0,32.0,32.0,51.0,47.0,42.0,44.0,42.0
2025-12-25T10:51:58.651286,6048.782,2172,Thumb,motor_14_flexed,51.0,34.625,3,30.0,29.0,28.0,30.0,30.0,28.0,30.0,30.0,29.0,32.0,32.0,51.0,47.0,42.0,44.0,42.0
2025-12-25T10:52:00.539145,6050.671,2172,Thumb,motor_14_open,51.0,34.5625,3,30.0,29.0,28.0,30.0,30.0,28.0,30.0,30.0,29.0,32.0,32.0,51.0,47.0,42.0,44.0,41.0
2025-12-25T10:52:01.435086,6051.566,2173,Thumb,motor_12_flexed,51.0,34.625,3,30.0,29.0,28.0,30.0,30.0,28.0,30.0,30.0,29.0,32.0,32.0,51.0,47.0,42.0,44.0,42.0
2025-12-25T10:52:03.322998,6053.46,2173,Thumb,motor_12_open,51.0,34.625,3,30.0,29.0,28.0,30.0,30.0,28.0,30.0,30.0,29.0,32.0,32.0,51.0,47.0,42.0,44.0,42.0
2025-12-25T10:52:04.218952,6054.351,2174,Index,motor_2_flexed,51.0,34.5625,3,30.0,29.0,28.0,30.0,30.0,28.0,30.0,30.0,29.0,32.0,32.0,51.0,47.0,42.0,44.0,41.0
2025-12-25T10:52:06.106847,6056.242,2174,Index,motor_2_open,51.0,34.5625,3,30.0,29.0,28.0,30.0,30.0,28.0,30.0,30.0,29.0,32.0,32.0,51.0,47.0,42.0,44.0,41.0
2025-12-25T10:52:07.002799,6057.139,2175,Index,motor_1_flexed,51.0,34.625,3,30.0,29.0,28.0,30.0,30.0,28.0,30.0,30.0,29.0,32.0,32.0,51.0,47.0,42.0,44.0,42.0
2025-12-25T10:52:08.890703,6059.028,2175,Index,motor_1_open,51.0,34.625,3,30.0,29.0,28.0,30.0,30.0,28.0,30.0,30.0,29.0,32.0,32.0,51.0,47.0,42.0,44.0,42.0
2025-12-25T10:52:09.786651,6059.921,2176,Index,motor_3_flexed,51.0,34.5625,3,30.0,29.0,28.0,30.0,30.0,28.0,30.0,30.0,29.0,32.0,32.0,51.0,47.0,42.0,43.0,42.0
2025-12-25T10:52:10.874594,6061.013,2176,Index,motor_3_flex_hold,51.0,34.625,3,30.0,29.0,28.0,30.0,30.0,28.0,30.0,30.0,29.0,32.0,32.0,51.0,47.0,42.0,44.0,42.0
2025-12-25T10:52:11.674555,6061.812,2176,Index,motor_3_open,51.0,34.5,3,30.0,29.0,28.0,30.0,30.0,28.0,30.0,30.0,29.0,31.0,32.0,51.0,47.0,42.0,44.0,41.0
2025-12-25T10:52:12.570505,6062.707,2177,Middle,motor_11_flexed,51.0,34.625,3,30.0,29.0,28.0,30.0,30.0,28.0,30.0,30.0,29.0,32.0,32.0,51.0,47.0,42.0,44.0,42.0
2025-12-25T10:52:14.458402,6064.591,2177,Middle,motor_11_open,51.0,34.5625,3,30.0,29.0,28.0,30.0,30.0,28.0,30.0,30.0,29.0,31.0,32.0,51.0,47.0,42.0,44.0,42.0
2025-12-25T10:52:15.354354,6065.486,2178,Middle,motor_10_flexed,51.0,34.5625,3,30.0,29.0,28.0,30.0,30.0,28.0,30.0,30.0,29.0,32.0,32.0,51.0,47.0,42.0,43.0,42.0
2025-12-25T10:52:17.242265,6067.378,2178,Middle,motor_10_open,51.0,34.625,3,30.0,29.0,28.0,30.0,30.0,28.0,30.0,30.0,29.0,32.0,32.0,51.0,47.0,42.0,44.0,42.0
2025-12-25T10:52:18.138215,6068.274,2179,Ring,motor_4_flexed,51.0,34.625,3,30.0,29.0,28.0,30.0,30.0,28.0,30.0,30.0,29.0,32.0,32.0,51.0,47.0,42.0,44.0,42.0
2025-12-25T10:52:20.026108,6070.163,2179,Ring,motor_4_open,51.0,34.5,3,30.0,29.0,28.0,30.0,30.0,28.0,30.0,30.0,29.0,32.0,32.0,51.0,47.0,42.0,43.0,41.0
2025-12-25T10:52:20.922059,6071.054,2180,Ring,motor_5_flexed,51.0,34.625,3,30.0,29.0,28.0,30.0,30.0,28.0,30.0,30.0,29.0,32.0,32.0,51.0,47.0,42.0,44.0,42.0
2025-12-25T10:52:22.809970,6072.946,2180,Ring,motor_5_open,51.0,34.625,3,30.0,29.0,28.0,30.0,30.0,28.0,30.0,30.0,29.0,32.0,32.0,51.0,47.0,42.0,44.0,42.0
2025-12-25T10:52:23.705910,6073.842,2181,Ring,motor_6_flexed,51.0,34.625,3,30.0,29.0,28.0,30.0,30.0,28.0,30.0,30.0,29.0,32.0,32.0,51.0,47.0,42.0,44.0,42.0
2025-12-25T10:52:25.593806,6075.724,2181,Ring,motor_6_open,51.0,34.5625,3,30.0,29.0,28.0,30.0,30.0,28.0,30.0,30.0,29.0,32.0,32.0,51.0,47.0,42.0,43.0,42.0
2025-12-25T10:52:26.489772,6076.627,2182,Pinky,motor_7_flexed,51.0,34.625,3,30.0,29.0,28.0,30.0,30.0,28.0,30.0,30.0,29.0,32.0,32.0,51.0,47.0,42.0,44.0,42.0
2025-12-25T10:52:28.377673,6078.515,2182,Pinky,motor_7_open,51.0,34.5625,3,30.0,29.0,28.0,30.0,30.0,28.0,30.0,30.0,29.0,32.0,32.0,51.0,47.0,42.0,43.0,42.0
2025-12-25T10:52:29.273625,6079.41,2183,Pinky,motor_8_flexed,51.0,34.6875,3,30.0,29.0,28.0,30.0,30.0,28.0,30.0,30.0,29.0,32.0,32.0,51.0,47.0,42.0,45.0,42.0
2025-12-25T10:52:31.161524,6081.298,2183,Pinky,motor_8_open,51.0,34.625,3,30.0,29.0,28.0,30.0,30.0,28.0,30.0,30.0,29.0,32.0,32.0,51.0,47.0,42.0,44.0,42.0
2025-12-25T10:52:32.057489,6082.196,2184,Pinky,motor_9_flexed,51.0,34.625,3,30.0,29.0,28.0,30.0,30.0,28.0,30.0,30.0,29.0,32.0,32.0,51.0,47.0,42.0,44.0,42.0
2025-12-25T10:52:33.945376,6084.084,2184,Pinky,motor_9_open,51.0,34.625,3,30.0,29.0,28.0,30.0,30.0,28.0,30.0,30.0,29.0,32.0,32.0,51.0,47.0,42.0,44.0,42.0
2025-12-25T10:52:34.841330,6084.977,2185,Thumb,motor_13_flexed,51.0,34.625,3,30.0,29.0,28.0,30.0,30.0,28.0,30.0,30.0,29.0,32.0,32.0,51.0,47.0,42.0,44.0,42.0
2025-12-25T10:52:36.729251,6086.865,2185,Thumb,motor_13_open,51.0,34.5625,3,30.0,29.0,28.0,30.0,30.0,28.0,30.0,30.0,29.0,31.0,32.0,51.0,47.0,42.0,44.0,42.0
2025-12-25T10:52:37.625197,6087.76,2186,Thumb,motor_14_flexed,51.0,34.625,3,30.0,29.0,28.0,30.0,30.0,28.0,30.0,30.0,29.0,32.0,32.0,51.0,47.0,42.0,44.0,42.0
2025-12-25T10:52:39.513091,6089.651,2186,Thumb,motor_14_open,51.0,34.625,3,30.0,29.0,28.0,30.0,30.0,28.0,30.0,30.0,29.0,32.0,32.0,51.0,47.0,42.0,44.0,42.0
2025-12-25T10:52:40.409050,6090.547,2187,Thumb,motor_12_flexed,51.0,34.5625,3,30.0,29.0,28.0,30.0,30.0,28.0,30.0,30.0,29.0,32.0,32.0,51.0,47.0,42.0,44.0,41.0
2025-12-25T10:52:42.296949,6092.435,2187,Thumb,motor_12_open,51.0,34.625,3,30.0,29.0,28.0,30.0,30.0,28.0,30.0,30.0,29.0,32.0,32.0,51.0,47.0,42.0,44.0,42.0
2025-12-25T10:52:43.192903,6093.329,2188,Index,motor_2_flexed,51.0,34.625,3,30.0,29.0,28.0,30.0,30.0,28.0,30.0,30.0,29.0,32.0,32.0,51.0,47.0,42.0,44.0,42.0
2025-12-25T10:52:45.080799,6095.22,2188,Index,motor_2_open,51.0,34.625,3,30.0,29.0,28.0,30.0,30.0,28.0,30.0,30.0,29.0,32.0,32.0,51.0,47.0,42.0,44.0,42.0
2025-12-25T10:52:45.976769,6096.116,2189,Index,motor_1_flexed,51.0,34.6875,3,30.0,29.0,28.0,30.0,30.0,28.0,30.0,30.0,29.0,32.0,32.0,51.0,47.0,42.0,45.0,42.0
2025-12-25T10:52:47.864654,6098.0,2189,Index,motor_1_open,51.0,34.625,3,30.0,29.0,28.0,30.0,30.0,28.0,30.0,30.0,29.0,32.0,32.0,51.0,47.0,42.0,44.0,42.0
2025-12-25T10:52:48.760605,6098.897,2190,Index,motor_3_flexed,51.0,34.625,3,30.0,29.0,28.0,30.0,30.0,28.0,30.0,30.0,29.0,32.0,32.0,51.0,47.0,42.0,44.0,42.0
2025-12-25T10:52:50.648508,6100.787,2190,Index,motor_3_open,51.0,34.625,3,30.0,29.0,28.0,30.0,30.0,28.0,30.0,30.0,29.0,32.0,32.0,51.0,47.0,42.0,44.0,42.0
2025-12-25T10:52:51.544459,6101.683,2191,Middle,motor_11_flexed,51.0,34.625,3,30.0,29.0,28.0,30.0,30.0,28.0,30.0,30.0,29.0,32.0,32.0,51.0,47.0,42.0,44.0,42.0
2025-12-25T10:52:53.432354,6103.57,2191,Middle,motor_11_open,51.0,34.6875,3,30.0,29.0,28.0,30.0,30.0,28.0,30.0,30.0,29.0,32.0,32.0,51.0,47.0,42.0,44.0,43.0
2025-12-25T10:52:54.328306,6104.465,2192,Middle,motor_10_flexed,51.0,34.5625,3,30.0,29.0,28.0,30.0,30.0,28.0,30.0,30.0,29.0,31.0,32.0,51.0,47.0,42.0,44.0,42.0
2025-12-25T10:52:56.216190,6106.354,2192,Middle,motor_10_open,51.0,34.5,3,30.0,29.0,28.0,30.0,30.0,28.0,30.0,30.0,29.0,31.0,32.0,51.0,47.0,42.0,43.0,42.0
2025-12-25T10:52:57.112142,6107.252,2193,Ring,motor_4_flexed,51.0,34.625,3,30.0,29.0,28.0,30.0,30.0,28.0,30.0,30.0,29.0,32.0,32.0,51.0,47.0,42.0,44.0,42.0
2025-12-25T10:52:59.000035,6109.135,2193,Ring,motor_4_open,51.0,34.625,3,30.0,29.0,28.0,30.0,30.0,28.0,30.0,30.0,29.0,32.0,32.0,51.0,47.0,42.0,44.0,42.0
2025-12-25T10:52:59.895988,6110.03,2194,Ring,motor_5_flexed,51.0,34.5625,3,30.0,29.0,28.0,30.0,30.0,28.0,30.0,30.0,29.0,32.0,32.0,51.0,47.0,42.0,44.0,41.0
2025-12-25T10:53:01.783886,6111.922,2194,Ring,motor_5_open,51.0,34.5625,3,30.0,29.0,28.0,30.0,30.0,28.0,30.0,30.0,29.0,32.0,32.0,51.0,47.0,42.0,44.0,41.0
2025-12-25T10:53:02.679844,6112.818,2195,Ring,motor_6_flexed,51.0,34.625,3,30.0,29.0,28.0,30.0,30.0,28.0,30.0,30.0,29.0,32.0,32.0,51.0,47.0,42.0,44.0,42.0
2025-12-25T10:53:04.567735,6114.707,2195,Ring,motor_6_open,51.0,34.625,3,30.0,29.0,28.0,30.0,30.0,28.0,30.0,30.0,29.0,32.0,32.0,51.0,47.0,42.0,44.0,42.0
2025-12-25T10:53:05.463689,6115.602,2196,Pinky,motor_7_flexed,51.0,34.625,3,30.0,29.0,28.0,30.0,30.0,28.0,30.0,30.0,29.0,32.0,32.0,51.0,47.0,42.0,44.0,42.0
2025-12-25T10:53:07.351587,6117.488,2196,Pinky,motor_7_open,51.0,34.625,3,30.0,29.0,28.0,30.0,30.0,28.0,30.0,30.0,29.0,32.0,32.0,51.0,47.0,42.0,44.0,42.0
2025-12-25T10:53:08.247540,6118.386,2197,Pinky,motor_8_flexed,51.0,34.625,3,30.0,29.0,28.0,30.0,30.0,28.0,30.0,30.0,29.0,32.0,32.0,51.0,47.0,42.0,44.0,42.0
2025-12-25T10:53:10.135438,6120.274,2197,Pinky,motor_8_open,51.0,34.625,3,30.0,29.0,28.0,30.0,30.0,28.0,30.0,30.0,29.0,32.0,32.0,51.0,47.0,42.0,44.0,42.0
2025-12-25T10:53:11.031389,6121.168,2198,Pinky,motor_9_flexed,51.0,34.625,3,30.0,29.0,28.0,30.0,30.0,28.0,30.0,30.0,29.0,32.0,32.0,51.0,47.0,42.0,44.0,42.0
2025-12-25T10:53:12.919297,6123.057,2198,Pinky,motor_9_open,51.0,34.6875,3,30.0,29.0,28.0,30.0,30.0,28.0,30.0,30.0,29.0,32.0,32.0,51.0,47.0,42.0,44.0,43.0
2025-12-25T10:53:13.815249,6123.955,2199,Thumb,motor_13_flexed,51.0,34.625,3,30.0,29.0,28.0,30.0,30.0,28.0,30.0,30.0,29.0,32.0,32.0,51.0,47.0,42.0,44.0,42.0
2025-12-25T10:53:15.703152,6125.839,2199,Thumb,motor_13_open,51.0,34.625,3,30.0,29.0,28.0,30.0,30.0,28.0,30.0,30.0,29.0,32.0,32.0,51.0,47.0,42.0,44.0,42.0
2025-12-25T10:53:16.599131,6126.736,2200,Thumb,motor_14_flexed,51.0,34.5,3,30.0,29.0,28.0,30.0,30.0,28.0,30.0,30.0,29.0,32.0,32.0,51.0,47.0,42.0,44.0,40.0
2025-12-25T10:53:18.487032,6128.625,2200,Thumb,motor_14_open,51.0,34.625,3,30.0,29.0,28.0,30.0,30.0,28.0,30.0,30.0,29.0,32.0,32.0,51.0,47.0,42.0,44.0,42.0
2025-12-25T10:53:19.382990,6129.522,2201,Thumb,motor_12_flexed,51.0,34.625,3,30.0,29.0,28.0,30.0,30.0,28.0,30.0,30.0,29.0,32.0,32.0,51.0,47.0,42.0,44.0,42.0
2025-12-25T10:53:21.270857,6131.411,2201,Thumb,motor_12_open,51.0,34.4375,3,30.0,29.0,28.0,30.0,30.0,28.0,30.0,30.0,29.0,32.0,32.0,51.0,47.0,42.0,43.0,40.0
2025-12-25T10:53:22.166829,6132.303,2202,Index,motor_2_flexed,51.0,34.625,3,30.0,29.0,28.0,30.0,30.0,28.0,30.0,30.0,29.0,32.0,32.0,51.0,47.0,42.0,44.0,42.0
2025-12-25T10:53:24.054737,6134.193,2202,Index,motor_2_open,51.0,34.5,3,30.0,29.0,28.0,30.0,30.0,28.0,30.0,30.0,29.0,32.0,32.0,51.0,47.0,42.0,43.0,41.0
2025-12-25T10:53:24.950675,6135.088,2203,Index,motor_1_flexed,51.0,34.5625,3,30.0,29.0,28.0,30.0,30.0,28.0,30.0,30.0,29.0,31.0,32.0,51.0,47.0,42.0,44.0,42.0
2025-12-25T10:53:26.838552,6136.98,2203,Index,motor_1_open,51.0,34.5625,3,30.0,29.0,28.0,30.0,30.0,28.0,30.0,30.0,29.0,31.0,32.0,51.0,47.0,42.0,44.0,42.0
2025-12-25T10:53:27.734540,6137.876,2204,Index,motor_3_flexed,51.0,34.5625,3,30.0,29.0,28.0,30.0,30.0,28.0,30.0,30.0,29.0,31.0,32.0,51.0,47.0,42.0,44.0,42.0
2025-12-25T10:53:29.622443,6139.76,2204,Index,motor_3_open,51.0,34.5,3,30.0,29.0,28.0,30.0,30.0,28.0,30.0,30.0,29.0,31.0,32.0,51.0,47.0,42.0,44.0,41.0
2025-12-25T10:53:30.518393,6140.656,2205,Middle,motor_11_flexed,51.0,34.5,3,30.0,29.0,28.0,30.0,30.0,28.0,30.0,30.0,29.0,32.0,32.0,51.0,47.0,42.0,43.0,41.0
2025-12-25T10:53:32.406262,6142.543,2205,Middle,motor_11_open,51.0,34.5625,3,30.0,29.0,28.0,30.0,30.0,28.0,30.0,30.0,29.0,32.0,32.0,51.0,47.0,42.0,44.0,41.0
2025-12-25T10:53:33.302230,6143.441,2206,Middle,motor_10_flexed,51.0,34.5625,3,30.0,29.0,28.0,30.0,30.0,28.0,30.0,30.0,29.0,32.0,32.0,51.0,47.0,42.0,43.0,42.0
2025-12-25T10:53:35.190130,6145.328,2206,Middle,motor_10_open,51.0,34.5,3,30.0,29.0,28.0,30.0,30.0,28.0,30.0,30.0,29.0,32.0,32.0,51.0,47.0,42.0,43.0,41.0
2025-12-25T10:53:36.086093,6146.222,2207,Ring,motor_4_flexed,51.0,34.625,3,30.0,29.0,28.0,30.0,30.0,28.0,30.0,30.0,29.0,32.0,32.0,51.0,47.0,42.0,44.0,42.0
2025-12-25T10:53:37.973987,6148.113,2207,Ring,motor_4_open,51.0,34.5,3,30.0,29.0,28.0,30.0,30.0,28.0,30.0,30.0,29.0,32.0,32.0,51.0,47.0,42.0,43.0,41.0
2025-12-25T10:53:38.869929,6149.009,2208,Ring,motor_5_flexed,51.0,34.625,3,30.0,29.0,28.0,30.0,30.0,28.0,30.0,30.0,29.0,32.0,32.0,51.0,47.0,42.0,44.0,42.0
2025-12-25T10:53:40.757836,6150.898,2208,Ring,motor_5_open,51.0,34.5625,3,30.0,29.0,28.0,30.0,30.0,28.0,30.0,30.0,29.0,32.0,32.0,51.0,47.0,42.0,43.0,42.0
2025-12-25T10:53:41.653787,6151.791,2209,Ring,motor_6_flexed,51.0,34.625,3,30.0,29.0,28.0,30.0,30.0,28.0,30.0,30.0,29.0,32.0,32.0,51.0,47.0,42.0,44.0,42.0
2025-12-25T10:53:43.541699,6153.68,2209,Ring,motor_6_open,51.0,34.5625,3,30.0,29.0,28.0,30.0,30.0,28.0,30.0,30.0,29.0,32.0,32.0,51.0,47.0,42.0,44.0,41.0
2025-12-25T10:53:44.437625,6154.576,2210,Pinky,motor_7_flexed,51.0,34.625,3,30.0,29.0,28.0,30.0,30.0,28.0,30.0,30.0,29.0,32.0,32.0,51.0,47.0,42.0,44.0,42.0
2025-12-25T10:53:46.325540,6156.463,2210,Pinky,motor_7_open,51.0,34.625,3,30.0,29.0,28.0,30.0,30.0,28.0,30.0,30.0,29.0,32.0,32.0,51.0,47.0,42.0,44.0,42.0
2025-12-25T10:53:47.221489,6157.361,2211,Pinky,motor_8_flexed,51.0,34.625,3,30.0,29.0,28.0,30.0,30.0,28.0,30.0,30.0,29.0,32.0,32.0,51.0,47.0,42.0,44.0,42.0
2025-12-25T10:53:49.109388,6159.249,2211,Pinky,motor_8_open,51.0,34.5,3,30.0,29.0,28.0,30.0,30.0,28.0,30.0,30.0,29.0,31.0,32.0,51.0,47.0,42.0,43.0,42.0
2025-12-25T10:53:50.005326,6160.144,2212,Pinky,motor_9_flexed,51.0,34.625,3,30.0,29.0,28.0,30.0,30.0,28.0,30.0,30.0,29.0,32.0,32.0,51.0,47.0,42.0,44.0,42.0
2025-12-25T10:53:51.909240,6162.036,2212,Pinky,motor_9_open,51.0,34.625,3,30.0,29.0,28.0,30.0,30.0,28.0,30.0,30.0,29.0,32.0,32.0,51.0,47.0,42.0,44.0,42.0
2025-12-25T10:53:52.805204,6162.944,2213,Thumb,motor_13_flexed,51.0,34.5,3,30.0,29.0,28.0,30.0,30.0,28.0,30.0,30.0,29.0,32.0,32.0,51.0,47.0,42.0,44.0,40.0
2025-12-25T10:53:54.693089,6164.835,2213,Thumb,motor_13_open,51.0,34.625,3,30.0,29.0,28.0,30.0,30.0,28.0,30.0,30.0,29.0,32.0,32.0,51.0,47.0,42.0,44.0,42.0
2025-12-25T10:53:55.589022,6165.728,2214,Thumb,motor_14_flexed,51.0,34.5625,3,30.0,29.0,28.0,30.0,30.0,28.0,30.0,30.0,29.0,32.0,32.0,51.0,47.0,42.0,44.0,41.0
2025-12-25T10:53:57.476953,6167.616,2214,Thumb,motor_14_open,51.0,34.5625,3,30.0,29.0,28.0,30.0,30.0,28.0,30.0,30.0,29.0,32.0,32.0,51.0,47.0,42.0,44.0,41.0
2025-12-25T10:53:58.372896,6168.512,2215,Thumb,motor_12_flexed,51.0,34.4375,3,30.0,29.0,28.0,30.0,30.0,28.0,30.0,30.0,29.0,32.0,32.0,51.0,47.0,42.0,42.0,41.0
2025-12-25T10:54:00.260796,6170.4,2215,Thumb,motor_12_open,51.0,34.5625,3,30.0,29.0,28.0,30.0,30.0,28.0,30.0,30.0,29.0,32.0,32.0,51.0,47.0,42.0,44.0,41.0
2025-12-25T10:54:01.156747,6171.297,2216,Index,motor_2_flexed,51.0,34.5625,3,30.0,29.0,28.0,30.0,30.0,28.0,30.0,30.0,29.0,32.0,32.0,51.0,47.0,42.0,43.0,42.0
2025-12-25T10:54:03.060630,6173.2,2216,Index,motor_2_open,51.0,34.625,3,30.0,29.0,28.0,30.0,30.0,28.0,30.0,30.0,29.0,32.0,32.0,51.0,47.0,42.0,44.0,42.0
2025-12-25T10:54:03.956581,6174.095,2217,Index,motor_1_flexed,51.0,34.5625,3,30.0,29.0,28.0,30.0,30.0,28.0,30.0,30.0,29.0,32.0,32.0,51.0,47.0,42.0,44.0,41.0
2025-12-25T10:54:05.844473,6175.983,2217,Index,motor_1_open,51.0,34.5625,3,30.0,29.0,28.0,30.0,30.0,28.0,30.0,30.0,29.0,31.0,32.0,51.0,47.0,42.0,44.0,42.0
2025-12-25T10:54:06.740439,6176.879,2218,Index,motor_3_flexed,51.0,34.625,3,30.0,29.0,28.0,30.0,30.0,28.0,30.0,30.0,29.0,32.0,32.0,51.0,47.0,42.0,44.0,42.0
2025-12-25T10:54:08.628322,6178.767,2218,Index,motor_3_open,51.0,34.5625,3,30.0,29.0,28.0,30.0,30.0,28.0,30.0,30.0,29.0,32.0,32.0,51.0,47.0,42.0,44.0,41.0
2025-12-25T10:54:09.524275,6179.663,2219,Middle,motor_11_flexed,51.0,34.625,3,30.0,29.0,28.0,30.0,30.0,28.0,30.0,30.0,29.0,32.0,32.0,51.0,47.0,42.0,44.0,42.0
2025-12-25T10:54:10.612244,6180.751,2219,Middle,motor_11_flex_hold,51.0,34.625,3,30.0,29.0,28.0,30.0,30.0,28.0,30.0,30.0,29.0,32.0,32.0,51.0,47.0,42.0,44.0,42.0
2025-12-25T10:54:11.412200,6181.55,2219,Middle,motor_11_open,51.0,34.5625,3,30.0,29.0,28.0,30.0,30.0,28.0,30.0,30.0,29.0,32.0,32.0,51.0,47.0,42.0,44.0,41.0
2025-12-25T10:54:12.308151,6182.446,2220,Middle,motor_10_flexed,51.0,34.5625,3,30.0,29.0,28.0,30.0,30.0,28.0,30.0,30.0,29.0,32.0,32.0,51.0,47.0,42.0,44.0,41.0
2025-12-25T10:54:14.196051,6184.335,2220,Middle,motor_10_open,51.0,34.5625,3,30.0,29.0,28.0,30.0,30.0,28.0,30.0,30.0,29.0,32.0,32.0,51.0,47.0,42.0,44.0,41.0
2025-12-25T10:54:15.092004,6185.231,2221,Ring,motor_4_flexed,51.0,34.6875,3,30.0,29.0,28.0,30.0,30.0,28.0,30.0,30.0,29.0,32.0,32.0,51.0,47.0,42.0,44.0,43.0
2025-12-25T10:54:16.979903,6187.117,2221,Ring,motor_4_open,51.0,34.625,3,30.0,29.0,28.0,30.0,30.0,28.0,30.0,30.0,29.0,32.0,32.0,51.0,47.0,42.0,44.0,42.0
2025-12-25T10:54:17.875859,6188.014,2222,Ring,motor_5_flexed,51.0,34.625,3,30.0,29.0,28.0,30.0,30.0,28.0,30.0,30.0,29.0,32.0,32.0,51.0,47.0,42.0,44.0,42.0
2025-12-25T10:54:19.763755,6189.9,2222,Ring,motor_5_open,51.0,34.625,3,30.0,29.0,28.0,30.0,30.0,28.0,30.0,30.0,29.0,32.0,32.0,51.0,47.0,42.0,44.0,42.0
2025-12-25T10:54:20.659708,6190.798,2223,Ring,motor_6_flexed,51.0,34.625,3,30.0,29.0,28.0,30.0,30.0,28.0,30.0,30.0,29.0,32.0,32.0,51.0,47.0,42.0,44.0,42.0
2025-12-25T10:54:22.547606,6192.687,2223,Ring,motor_6_open,51.0,34.625,3,30.0,29.0,28.0,30.0,30.0,28.0,30.0,30.0,29.0,32.0,32.0,51.0,47.0,42.0,44.0,42.0
2025-12-25T10:54:23.443560,6193.581,2224,Pinky,motor_7_flexed,51.0,34.5625,3,30.0,29.0,28.0,30.0,30.0,28.0,30.0,30.0,29.0,32.0,32.0,51.0,47.0,42.0,44.0,41.0
2025-12-25T10:54:25.331461,6195.469,2224,Pinky,motor_7_open,51.0,34.625,3,30.0,29.0,28.0,30.0,30.0,28.0,30.0,30.0,29.0,32.0,32.0,51.0,47.0,42.0,44.0,42.0
2025-12-25T10:54:26.227410,6196.367,2225,Pinky,motor_8_flexed,51.0,34.5625,3,30.0,29.0,28.0,30.0,30.0,28.0,30.0,30.0,29.0,32.0,32.0,51.0,47.0,42.0,44.0,41.0
2025-12-25T10:54:28.115290,6198.254,2225,Pinky,motor_8_open,51.0,34.625,3,30.0,29.0,28.0,30.0,30.0,28.0,30.0,30.0,29.0,32.0,32.0,51.0,47.0,42.0,44.0,42.0
2025-12-25T10:54:29.011246,6199.148,2226,Pinky,motor_9_flexed,51.0,34.5625,3,30.0,29.0,28.0,30.0,30.0,28.0,30.0,30.0,29.0,32.0,32.0,51.0,47.0,42.0,44.0,41.0
2025-12-25T10:54:30.899144,6201.037,2226,Pinky,motor_9_open,51.0,34.5,3,30.0,29.0,28.0,30.0,30.0,28.0,30.0,30.0,29.0,32.0,32.0,51.0,47.0,42.0,43.0,41.0
2025-12-25T10:54:31.795083,6201.928,2227,Thumb,motor_13_flexed,51.0,34.625,3,30.0,29.0,28.0,30.0,30.0,28.0,30.0,30.0,29.0,32.0,32.0,51.0,47.0,42.0,44.0,42.0
2025-12-25T10:54:33.682986,6203.821,2227,Thumb,motor_13_open,51.0,34.625,3,30.0,29.0,28.0,30.0,30.0,28.0,30.0,30.0,29.0,32.0,32.0,51.0,47.0,42.0,44.0,42.0
2025-12-25T10:54:34.578938,6204.716,2228,Thumb,motor_14_flexed,51.0,34.5625,3,30.0,29.0,28.0,30.0,30.0,28.0,30.0,30.0,29.0,32.0,32.0,51.0,47.0,42.0,44.0,41.0
2025-12-25T10:54:36.466840,6206.602,2228,Thumb,motor_14_open,51.0,34.625,3,30.0,29.0,28.0,30.0,30.0,28.0,30.0,30.0,29.0,32.0,32.0,51.0,47.0,42.0,44.0,42.0
2025-12-25T10:54:37.362791,6207.502,2229,Thumb,motor_12_flexed,51.0,34.625,3,30.0,29.0,28.0,30.0,30.0,28.0,30.0,30.0,29.0,32.0,32.0,51.0,47.0,42.0,44.0,42.0
2025-12-25T10:54:39.250698,6209.391,2229,Thumb,motor_12_open,51.0,34.5625,3,30.0,29.0,28.0,30.0,30.0,28.0,30.0,30.0,29.0,32.0,32.0,51.0,47.0,42.0,44.0,41.0
2025-12-25T10:54:40.146651,6210.285,2230,Index,motor_2_flexed,51.0,34.5625,3,30.0,29.0,28.0,30.0,30.0,28.0,30.0,30.0,29.0,32.0,32.0,51.0,47.0,42.0,44.0,41.0
2025-12-25T10:54:42.034552,6212.171,2230,Index,motor_2_open,51.0,34.625,3,30.0,29.0,28.0,30.0,30.0,28.0,30.0,30.0,29.0,32.0,32.0,51.0,47.0,42.0,44.0,42.0
2025-12-25T10:54:42.930496,6213.068,2231,Index,motor_1_flexed,51.0,34.625,3,30.0,29.0,28.0,30.0,30.0,28.0,30.0,30.0,29.0,32.0,32.0,51.0,47.0,42.0,44.0,42.0
2025-12-25T10:54:44.818420,6214.957,2231,Index,motor_1_open,51.0,34.625,3,30.0,29.0,28.0,30.0,30.0,28.0,30.0,30.0,29.0,32.0,32.0,51.0,47.0,42.0,44.0,42.0
2025-12-25T10:54:45.714378,6215.854,2232,Index,motor_3_flexed,51.0,34.625,3,30.0,29.0,28.0,30.0,30.0,28.0,30.0,30.0,29.0,32.0,32.0,51.0,47.0,42.0,44.0,42.0
2025-12-25T10:54:47.602256,6217.733,2232,Index,motor_3_open,51.0,34.5625,3,30.0,29.0,28.0,30.0,30.0,28.0,30.0,30.0,29.0,32.0,32.0,51.0,47.0,42.0,43.0,42.0
2025-12-25T10:54:48.498226,6218.636,2233,Middle,motor_11_flexed,51.0,34.625,3,30.0,29.0,28.0,30.0,30.0,28.0,30.0,30.0,29.0,32.0,32.0,51.0,47.0,42.0,44.0,42.0
2025-12-25T10:54:50.386115,6220.524,2233,Middle,motor_11_open,51.0,34.625,3,30.0,29.0,28.0,30.0,30.0,28.0,30.0,30.0,29.0,32.0,32.0,51.0,47.0,42.0,44.0,42.0
2025-12-25T10:54:51.282076,6221.421,2234,Middle,motor_10_flexed,51.0,34.625,3,30.0,29.0,28.0,30.0,30.0,28.0,30.0,30.0,29.0,32.0,32.0,51.0,47.0,42.0,44.0,42.0
2025-12-25T10:54:53.169972,6223.307,2234,Middle,motor_10_open,51.0,34.6875,3,30.0,29.0,29.0,30.0,30.0,28.0,30.0,30.0,29.0,32.0,32.0,51.0,47.0,42.0,44.0,42.0
2025-12-25T10:54:54.065932,6224.206,2235,Ring,motor_4_flexed,51.0,34.625,3,30.0,29.0,28.0,30.0,30.0,28.0,30.0,30.0,29.0,32.0,32.0,51.0,47.0,42.0,44.0,42.0
2025-12-25T10:54:55.953825,6226.095,2235,Ring,motor_4_open,51.0,34.5,3,30.0,29.0,28.0,30.0,30.0,28.0,30.0,30.0,29.0,32.0,32.0,51.0,47.0,42.0,44.0,40.0
2025-12-25T10:54:56.849774,6226.992,2236,Ring,motor_5_flexed,51.0,34.625,3,30.0,29.0,28.0,30.0,30.0,28.0,30.0,30.0,29.0,32.0,32.0,51.0,47.0,42.0,44.0,42.0
2025-12-25T10:54:58.737681,6228.874,2236,Ring,motor_5_open,51.0,34.625,3,30.0,29.0,28.0,30.0,30.0,28.0,30.0,30.0,29.0,32.0,32.0,51.0,47.0,42.0,44.0,42.0
2025-12-25T10:54:59.633639,6229.773,2237,Ring,motor_6_flexed,51.0,34.5625,3,30.0,29.0,28.0,30.0,30.0,28.0,30.0,30.0,29.0,32.0,32.0,51.0,47.0,42.0,44.0,41.0
2025-12-25T10:55:01.521544,6231.659,2237,Ring,motor_6_open,51.0,34.5,3,30.0,29.0,28.0,30.0,30.0,28.0,30.0,30.0,29.0,32.0,32.0,51.0,47.0,42.0,43.0,41.0
2025-12-25T10:55:02.417494,6232.557,2238,Pinky,motor_7_flexed,51.0,34.625,3,30.0,29.0,28.0,30.0,30.0,28.0,30.0,30.0,29.0,32.0,32.0,51.0,47.0,42.0,44.0,42.0
2025-12-25T10:55:04.321408,6234.462,2238,Pinky,motor_7_open,51.0,34.5625,3,30.0,29.0,28.0,30.0,30.0,28.0,30.0,30.0,29.0,32.0,32.0,51.0,47.0,42.0,44.0,41.0
2025-12-25T10:55:05.217346,6235.356,2239,Pinky,motor_8_flexed,51.0,34.625,3,30.0,29.0,28.0,30.0,30.0,28.0,30.0,30.0,29.0,32.0,32.0,51.0,47.0,42.0,44.0,42.0
2025-12-25T10:55:07.105244,6237.242,2239,Pinky,motor_8_open,51.0,34.625,3,30.0,29.0,28.0,30.0,30.0,28.0,30.0,30.0,29.0,32.0,32.0,51.0,47.0,42.0,44.0,42.0
2025-12-25T10:55:08.001192,6238.142,2240,Pinky,motor_9_flexed,51.0,34.6875,3,31.0,29.0,28.0,30.0,30.0,28.0,30.0,30.0,29.0,32.0,32.0,51.0,47.0,42.0,44.0,42.0
2025-12-25T10:55:09.889098,6240.03,2240,Pinky,motor_9_open,51.0,34.5625,3,30.0,29.0,28.0,30.0,30.0,28.0,30.0,30.0,29.0,32.0,32.0,51.0,47.0,42.0,44.0,41.0
2025-12-25T10:55:10.785042,6240.923,2241,Thumb,motor_13_flexed,51.0,34.625,3,30.0,29.0,28.0,30.0,30.0,28.0,30.0,30.0,29.0,32.0,32.0,51.0,47.0,42.0,44.0,42.0
2025-12-25T10:55:12.672943,6242.812,2241,Thumb,motor_13_open,51.0,34.625,3,30.0,29.0,28.0,30.0,30.0,28.0,30.0,30.0,29.0,32.0,32.0,51.0,47.0,42.0,44.0,42.0
2025-12-25T10:55:13.568908,6243.708,2242,Thumb,motor_14_flexed,51.0,34.5625,3,30.0,29.0,28.0,30.0,30.0,28.0,30.0,30.0,29.0,32.0,32.0,51.0,47.0,42.0,44.0,41.0
2025-12-25T10:55:15.456789,6245.597,2242,Thumb,motor_14_open,51.0,34.625,3,30.0,29.0,28.0,30.0,30.0,28.0,30.0,30.0,29.0,32.0,32.0,51.0,47.0,42.0,44.0,42.0
2025-12-25T10:55:16.352733,6246.49,2243,Thumb,motor_12_flexed,51.0,34.625,3,30.0,29.0,28.0,30.0,30.0,28.0,30.0,30.0,29.0,32.0,32.0,51.0,47.0,42.0,44.0,42.0
2025-12-25T10:55:18.240658,6248.378,2243,Thumb,motor_12_open,51.0,34.625,3,30.0,29.0,28.0,30.0,30.0,28.0,30.0,30.0,29.0,32.0,32.0,51.0,47.0,42.0,44.0,42.0
2025-12-25T10:55:19.136592,6249.273,2244,Index,motor_2_flexed,51.0,34.5625,3,30.0,29.0,28.0,30.0,30.0,28.0,30.0,30.0,29.0,32.0,32.0,51.0,47.0,42.0,44.0,41.0
2025-12-25T10:55:21.024485,6251.165,2244,Index,motor_2_open,51.0,34.625,3,30.0,29.0,28.0,30.0,30.0,28.0,30.0,30.0,29.0,32.0,32.0,51.0,47.0,42.0,44.0,42.0
2025-12-25T10:55:21.920444,6252.06,2245,Index,motor_1_flexed,51.0,34.5625,3,30.0,29.0,28.0,30.0,30.0,28.0,30.0,30.0,29.0,32.0,32.0,51.0,47.0,42.0,43.0,42.0
2025-12-25T10:55:23.808343,6253.947,2245,Index,motor_1_open,51.0,34.5,3,30.0,29.0,28.0,30.0,30.0,28.0,30.0,30.0,29.0,31.0,32.0,51.0,47.0,42.0,44.0,41.0
2025-12-25T10:55:24.704299,6254.845,2246,Index,motor_3_flexed,51.0,34.625,3,30.0,29.0,28.0,30.0,30.0,28.0,30.0,30.0,29.0,32.0,32.0,51.0,47.0,42.0,44.0,42.0
2025-12-25T10:55:26.592191,6256.732,2246,Index,motor_3_open,51.0,34.625,3,30.0,29.0,28.0,30.0,30.0,28.0,30.0,30.0,29.0,32.0,32.0,51.0,47.0,42.0,44.0,42.0
2025-12-25T10:55:27.488164,6257.627,2247,Middle,motor_11_flexed,51.0,34.5625,3,30.0,29.0,28.0,30.0,30.0,28.0,30.0,30.0,29.0,32.0,32.0,51.0,47.0,42.0,44.0,41.0
2025-12-25T10:55:29.376048,6259.514,2247,Middle,motor_11_open,51.0,34.5625,3,30.0,29.0,28.0,30.0,30.0,28.0,30.0,30.0,29.0,31.0,32.0,51.0,47.0,42.0,44.0,42.0
2025-12-25T10:55:30.271997,6260.411,2248,Middle,motor_10_flexed,51.0,34.625,3,30.0,29.0,28.0,30.0,30.0,28.0,30.0,30.0,29.0,32.0,32.0,51.0,47.0,42.0,44.0,42.0
2025-12-25T10:55:32.159911,6262.3,2248,Middle,motor_10_open,51.0,34.625,3,30.0,29.0,28.0,30.0,30.0,28.0,30.0,30.0,29.0,32.0,32.0,51.0,47.0,42.0,44.0,42.0
2025-12-25T10:55:33.055864,6263.196,2249,Ring,motor_4_flexed,51.0,34.625,3,30.0,29.0,28.0,30.0,30.0,28.0,30.0,30.0,29.0,32.0,32.0,51.0,47.0,42.0,44.0,42.0
2025-12-25T10:55:34.943744,6265.083,2249,Ring,motor_4_open,51.0,34.625,3,30.0,29.0,28.0,30.0,30.0,28.0,30.0,30.0,29.0,32.0,32.0,51.0,47.0,42.0,44.0,42.0
2025-12-25T10:55:35.839705,6265.975,2250,Ring,motor_5_flexed,51.0,34.625,3,30.0,29.0,28.0,30.0,30.0,28.0,30.0,30.0,29.0,32.0,32.0,51.0,47.0,42.0,44.0,42.0
2025-12-25T10:55:37.727601,6267.867,2250,Ring,motor_5_open,51.0,34.625,3,30.0,29.0,28.0,30.0,30.0,28.0,30.0,30.0,29.0,32.0,32.0,51.0,47.0,42.0,44.0,42.0
2025-12-25T10:55:38.623554,6268.765,2251,Ring,motor_6_flexed,51.0,34.625,3,30.0,29.0,28.0,30.0,30.0,28.0,30.0,30.0,29.0,32.0,32.0,51.0,47.0,42.0,44.0,42.0
2025-12-25T10:55:40.511454,6270.649,2251,Ring,motor_6_open,51.0,34.6875,3,30.0,29.0,28.0,30.0,30.0,28.0,30.0,30.0,29.0,32.0,32.0,51.0,47.0,42.0,44.0,43.0
2025-12-25T10:55:41.407407,6271.546,2252,Pinky,motor_7_flexed,51.0,34.5,3,30.0,29.0,28.0,30.0,30.0,28.0,30.0,30.0,29.0,32.0,32.0,51.0,47.0,42.0,44.0,40.0
2025-12-25T10:55:43.295305,6273.433,2252,Pinky,motor_7_open,51.0,34.5625,3,30.0,29.0,28.0,30.0,30.0,28.0,30.0,30.0,29.0,32.0,32.0,51.0,47.0,42.0,44.0,41.0
2025-12-25T10:55:44.191258,6274.33,2253,Pinky,motor_8_flexed,51.0,34.5625,3,30.0,29.0,28.0,30.0,30.0,28.0,30.0,30.0,29.0,32.0,32.0,51.0,47.0,42.0,44.0,41.0
2025-12-25T10:55:46.079159,6276.219,2253,Pinky,motor_8_open,51.0,34.625,3,30.0,29.0,28.0,30.0,30.0,28.0,30.0,30.0,29.0,32.0,32.0,51.0,47.0,42.0,44.0,42.0
2025-12-25T10:55:46.975110,6277.113,2254,Pinky,motor_9_flexed,51.0,34.5625,3,30.0,29.0,28.0,30.0,30.0,28.0,30.0,30.0,29.0,32.0,32.0,51.0,47.0,42.0,44.0,41.0
2025-12-25T10:55:48.863010,6279.001,2254,Pinky,motor_9_open,51.0,34.625,3,30.0,29.0,28.0,30.0,30.0,28.0,30.0,30.0,29.0,32.0,32.0,51.0,47.0,42.0,44.0,42.0
2025-12-25T10:55:49.758950,6279.898,2255,Thumb,motor_13_flexed,51.0,34.625,3,30.0,29.0,28.0,30.0,30.0,28.0,30.0,30.0,29.0,32.0,32.0,51.0,47.0,42.0,44.0,42.0
2025-12-25T10:55:51.646862,6281.784,2255,Thumb,motor_13_open,51.0,34.625,3,30.0,29.0,28.0,30.0,30.0,28.0,30.0,30.0,29.0,32.0,32.0,51.0,47.0,42.0,44.0,42.0
2025-12-25T10:55:52.542813,6282.681,2256,Thumb,motor_14_flexed,51.0,34.625,3,30.0,29.0,28.0,30.0,30.0,28.0,30.0,30.0,29.0,32.0,32.0,51.0,47.0,42.0,44.0,42.0
2025-12-25T10:55:54.430711,6284.569,2256,Thumb,motor_14_open,51.0,34.5625,3,30.0,29.0,28.0,30.0,30.0,28.0,30.0,30.0,29.0,32.0,32.0,51.0,47.0,42.0,43.0,42.0
2025-12-25T10:55:55.326663,6285.464,2257,Thumb,motor_12_flexed,51.0,34.5625,3,30.0,29.0,28.0,30.0,30.0,28.0,30.0,30.0,29.0,32.0,32.0,51.0,47.0,42.0,43.0,42.0
2025-12-25T10:55:57.214569,6287.353,2257,Thumb,motor_12_open,51.0,34.5,3,30.0,29.0,28.0,30.0,30.0,28.0,30.0,30.0,29.0,32.0,32.0,51.0,47.0,42.0,43.0,41.0
2025-12-25T10:55:58.110504,6288.248,2258,Index,motor_2_flexed,51.0,34.5625,3,30.0,29.0,28.0,30.0,30.0,28.0,30.0,30.0,29.0,32.0,32.0,51.0,47.0,42.0,44.0,41.0
2025-12-25T10:55:59.998417,6290.138,2258,Index,motor_2_open,51.0,34.5625,3,30.0,29.0,28.0,30.0,30.0,28.0,30.0,30.0,29.0,32.0,32.0,51.0,47.0,42.0,44.0,41.0
2025-12-25T10:56:00.894369,6291.034,2259,Index,motor_1_flexed,51.0,34.5625,3,30.0,29.0,28.0,30.0,30.0,28.0,30.0,30.0,29.0,32.0,32.0,51.0,47.0,42.0,44.0,41.0
2025-12-25T10:56:02.782267,6292.919,2259,Index,motor_1_open,51.0,34.5,3,30.0,29.0,28.0,30.0,30.0,28.0,30.0,30.0,29.0,31.0,32.0,51.0,47.0,42.0,44.0,41.0
2025-12-25T10:56:03.678224,6293.818,2260,Index,motor_3_flexed,51.0,34.625,3,30.0,29.0,28.0,30.0,30.0,28.0,30.0,30.0,29.0,32.0,32.0,51.0,47.0,42.0,44.0,42.0
2025-12-25T10:56:05.566121,6295.704,2260,Index,motor_3_open,51.0,34.625,3,30.0,29.0,28.0,30.0,30.0,28.0,30.0,30.0,29.0,32.0,32.0,51.0,47.0,42.0,44.0,42.0
2025-12-25T10:56:06.462074,6296.601,2261,Middle,motor_11_flexed,51.0,34.625,3,30.0,29.0,28.0,30.0,30.0,28.0,30.0,30.0,29.0,32.0,32.0,51.0,47.0,42.0,44.0,42.0
2025-12-25T10:56:08.349969,6298.489,2261,Middle,motor_11_open,51.0,34.5625,3,30.0,29.0,28.0,30.0,30.0,28.0,30.0,30.0,29.0,32.0,32.0,51.0,47.0,42.0,43.0,42.0
2025-12-25T10:56:09.245924,6299.386,2262,Middle,motor_10_flexed,51.0,34.625,3,30.0,29.0,28.0,30.0,30.0,28.0,30.0,30.0,29.0,32.0,32.0,51.0,47.0,42.0,44.0,42.0
2025-12-25T10:56:10.333866,6300.472,2262,Middle,motor_10_flex_hold,51.0,34.625,3,30.0,29.0,28.0,30.0,30.0,28.0,30.0,30.0,29.0,32.0,32.0,51.0,47.0,42.0,44.0,42.0
2025-12-25T10:56:11.133830,6301.272,2262,Middle,motor_10_open,51.0,34.625,3,30.0,29.0,28.0,30.0,30.0,28.0,30.0,30.0,29.0,32.0,32.0,51.0,47.0,42.0,44.0,42.0
2025-12-25T10:56:12.029775,6302.168,2263,Ring,motor_4_flexed,51.0,34.5625,3,30.0,29.0,28.0,30.0,30.0,28.0,30.0,30.0,29.0,32.0,32.0,51.0,47.0,42.0,44.0,41.0
2025-12-25T10:56:13.917673,6304.058,2263,Ring,motor_4_open,51.0,34.5625,3,30.0,29.0,28.0,30.0,30.0,28.0,30.0,30.0,29.0,32.0,32.0,51.0,47.0,42.0,43.0,42.0
2025-12-25T10:56:14.813627,6304.955,2264,Ring,motor_5_flexed,51.0,34.625,3,30.0,29.0,28.0,30.0,30.0,28.0,30.0,30.0,29.0,32.0,32.0,51.0,47.0,42.0,44.0,42.0
2025-12-25T10:56:16.701522,6306.841,2264,Ring,motor_5_open,51.0,34.5625,3,30.0,29.0,28.0,30.0,30.0,28.0,30.0,30.0,29.0,32.0,32.0,51.0,47.0,42.0,44.0,41.0
2025-12-25T10:56:17.597478,6307.737,2265,Ring,motor_6_flexed,51.0,34.625,3,30.0,29.0,28.0,30.0,30.0,28.0,30.0,30.0,29.0,32.0,32.0,51.0,47.0,42.0,44.0,42.0
2025-12-25T10:56:19.485379,6309.625,2265,Ring,motor_6_open,51.0,34.625,3,30.0,29.0,28.0,30.0,30.0,28.0,30.0,30.0,29.0,32.0,32.0,51.0,47.0,42.0,44.0,42.0
2025-12-25T10:56:20.381339,6310.52,2266,Pinky,motor_7_flexed,51.0,34.625,3,30.0,29.0,28.0,30.0,30.0,28.0,30.0,30.0,29.0,32.0,32.0,51.0,47.0,42.0,44.0,42.0
2025-12-25T10:56:22.269230,6312.408,2266,Pinky,motor_7_open,51.0,34.5625,3,30.0,29.0,28.0,30.0,30.0,28.0,30.0,30.0,29.0,32.0,32.0,51.0,47.0,42.0,44.0,41.0
2025-12-25T10:56:23.165165,6313.303,2267,Pinky,motor_8_flexed,51.0,34.625,3,30.0,29.0,28.0,30.0,30.0,28.0,30.0,30.0,29.0,32.0,32.0,51.0,47.0,42.0,44.0,42.0
2025-12-25T10:56:25.053091,6315.193,2267,Pinky,motor_8_open,51.0,34.625,3,30.0,29.0,28.0,30.0,30.0,28.0,30.0,30.0,29.0,32.0,32.0,51.0,47.0,42.0,44.0,42.0
2025-12-25T10:56:25.949032,6316.09,2268,Pinky,motor_9_flexed,51.0,34.625,3,30.0,29.0,28.0,30.0,30.0,28.0,30.0,30.0,29.0,32.0,32.0,51.0,47.0,42.0,44.0,42.0
2025-12-25T10:56:27.836917,6317.976,2268,Pinky,motor_9_open,51.0,34.625,3,30.0,29.0,28.0,30.0,30.0,28.0,30.0,30.0,29.0,32.0,32.0,51.0,47.0,42.0,44.0,42.0
2025-12-25T10:56:28.732886,6318.871,2269,Thumb,motor_13_flexed,51.0,34.625,3,30.0,29.0,28.0,30.0,30.0,28.0,30.0,30.0,29.0,32.0,32.0,51.0,47.0,42.0,44.0,42.0
2025-12-25T10:56:30.620783,6320.76,2269,Thumb,motor_13_open,51.0,34.5,3,30.0,29.0,28.0,30.0,30.0,28.0,30.0,30.0,29.0,32.0,32.0,51.0,47.0,42.0,44.0,40.0
2025-12-25T10:56:31.516740,6321.653,2270,Thumb,motor_14_flexed,51.0,34.5625,3,30.0,29.0,28.0,30.0,30.0,28.0,30.0,30.0,29.0,32.0,32.0,51.0,47.0,42.0,44.0,41.0
2025-12-25T10:56:33.404638,6323.545,2270,Thumb,motor_14_open,51.0,34.625,3,30.0,29.0,28.0,30.0,30.0,28.0,30.0,30.0,29.0,32.0,32.0,51.0,47.0,42.0,44.0,42.0
2025-12-25T10:56:34.300599,6324.431,2271,Thumb,motor_12_flexed,51.0,34.5625,3,30.0,29.0,28.0,30.0,30.0,28.0,30.0,30.0,29.0,32.0,32.0,51.0,47.0,42.0,44.0,41.0
2025-12-25T10:56:36.188490,6326.327,2271,Thumb,motor_12_open,51.0,34.5625,3,30.0,29.0,28.0,30.0,30.0,28.0,30.0,30.0,29.0,32.0,32.0,51.0,47.0,42.0,44.0,41.0
2025-12-25T10:56:37.084434,6327.225,2272,Index,motor_2_flexed,51.0,34.625,3,30.0,29.0,28.0,30.0,30.0,28.0,30.0,30.0,29.0,32.0,32.0,51.0,47.0,42.0,44.0,42.0
2025-12-25T10:56:38.972358,6329.113,2272,Index,motor_2_open,51.0,34.625,3,30.0,29.0,28.0,30.0,30.0,28.0,30.0,30.0,29.0,32.0,32.0,51.0,47.0,42.0,44.0,42.0
2025-12-25T10:56:39.868291,6330.005,2273,Index,motor_1_flexed,51.0,34.625,3,30.0,29.0,28.0,30.0,30.0,28.0,30.0,30.0,29.0,32.0,32.0,51.0,47.0,42.0,44.0,42.0
2025-12-25T10:56:41.772191,6331.911,2273,Index,motor_1_open,51.0,34.625,3,30.0,29.0,28.0,30.0,30.0,28.0,30.0,30.0,29.0,32.0,32.0,51.0,47.0,42.0,44.0,42.0
2025-12-25T10:56:42.668139,6332.805,2274,Index,motor_3_flexed,51.0,34.625,3,30.0,29.0,28.0,30.0,30.0,28.0,30.0,30.0,29.0,32.0,32.0,51.0,47.0,42.0,44.0,42.0
2025-12-25T10:56:44.556044,6334.697,2274,Index,motor_3_open,51.0,34.625,3,30.0,29.0,28.0,30.0,30.0,28.0,30.0,30.0,29.0,32.0,32.0,51.0,47.0,42.0,44.0,42.0
2025-12-25T10:56:45.451994,6335.59,2275,Middle,motor_11_flexed,51.0,34.625,3,30.0,29.0,28.0,30.0,30.0,28.0,30.0,30.0,29.0,32.0,32.0,51.0,47.0,42.0,44.0,42.0
2025-12-25T10:56:47.339895,6337.477,2275,Middle,motor_11_open,51.0,34.625,3,30.0,29.0,28.0,30.0,30.0,28.0,30.0,30.0,29.0,32.0,32.0,51.0,47.0,42.0,44.0,42.0
2025-12-25T10:56:48.235865,6338.374,2276,Middle,motor_10_flexed,51.0,34.5,3,30.0,29.0,28.0,30.0,30.0,28.0,30.0,30.0,29.0,31.0,32.0,51.0,47.0,42.0,44.0,41.0
2025-12-25T10:56:50.123747,6340.264,2276,Middle,motor_10_open,51.0,34.625,3,30.0,29.0,28.0,30.0,30.0,28.0,30.0,30.0,29.0,32.0,32.0,51.0,47.0,42.0,44.0,42.0
2025-12-25T10:56:51.019698,6341.158,2277,Ring,motor_4_flexed,51.0,34.625,3,30.0,29.0,28.0,30.0,30.0,28.0,30.0,30.0,29.0,32.0,32.0,51.0,47.0,42.0,44.0,42.0
2025-12-25T10:56:52.907597,6343.045,2277,Ring,motor_4_open,51.0,34.625,3,30.0,29.0,28.0,30.0,30.0,28.0,30.0,30.0,29.0,32.0,32.0,51.0,47.0,42.0,44.0,42.0
2025-12-25T10:56:53.803550,6343.941,2278,Ring,motor_5_flexed,51.0,34.5,3,30.0,29.0,28.0,30.0,30.0,28.0,30.0,30.0,29.0,32.0,32.0,51.0,47.0,42.0,43.0,41.0
2025-12-25T10:56:55.691447,6345.832,2278,Ring,motor_5_open,51.0,34.625,3,30.0,29.0,28.0,30.0,30.0,28.0,30.0,30.0,29.0,32.0,32.0,51.0,47.0,42.0,44.0,42.0
2025-12-25T10:56:56.587399,6346.726,2279,Ring,motor_6_flexed,51.0,34.625,3,30.0,29.0,28.0,30.0,30.0,28.0,30.0,30.0,29.0,32.0,32.0,51.0,47.0,42.0,44.0,42.0
2025-12-25T10:56:58.475303,6348.611,2279,Ring,motor_6_open,51.0,34.5625,3,30.0,29.0,28.0,30.0,30.0,28.0,30.0,30.0,29.0,32.0,32.0,51.0,47.0,42.0,43.0,42.0
2025-12-25T10:56:59.371254,6349.51,2280,Pinky,motor_7_flexed,51.0,34.5625,3,30.0,29.0,28.0,30.0,30.0,28.0,30.0,30.0,29.0,32.0,32.0,51.0,47.0,42.0,43.0,42.0
2025-12-25T10:57:01.259142,6351.399,2280,Pinky,motor_7_open,51.0,34.625,3,30.0,29.0,28.0,30.0,30.0,28.0,30.0,30.0,29.0,32.0,32.0,51.0,47.0,42.0,44.0,42.0
2025-12-25T10:57:02.155092,6352.293,2281,Pinky,motor_8_flexed,51.0,34.625,3,30.0,29.0,28.0,30.0,30.0,28.0,30.0,30.0,29.0,32.0,32.0,51.0,47.0,42.0,44.0,42.0
2025-12-25T10:57:04.043005,6354.18,2281,Pinky,motor_8_open,51.0,34.5625,3,30.0,29.0,28.0,30.0,30.0,28.0,30.0,30.0,29.0,32.0,32.0,51.0,47.0,42.0,44.0,41.0
2025-12-25T10:57:04.938957,6355.076,2282,Pinky,motor_9_flexed,51.0,34.625,3,30.0,29.0,28.0,30.0,30.0,28.0,30.0,30.0,29.0,32.0,32.0,51.0,47.0,42.0,44.0,42.0
2025-12-25T10:57:06.826854,6356.964,2282,Pinky,motor_9_open,51.0,34.5625,3,30.0,29.0,28.0,30.0,30.0,28.0,30.0,30.0,29.0,32.0,32.0,51.0,47.0,42.0,44.0,41.0
2025-12-25T10:57:07.722810,6357.861,2283,Thumb,motor_13_flexed,51.0,34.5625,3,30.0,29.0,28.0,30.0,30.0,28.0,30.0,30.0,29.0,32.0,32.0,51.0,47.0,42.0,43.0,42.0
2025-12-25T10:57:09.610708,6359.748,2283,Thumb,motor_13_open,51.0,34.5625,3,30.0,29.0,28.0,30.0,30.0,28.0,30.0,30.0,29.0,32.0,32.0,51.0,47.0,42.0,43.0,42.0
2025-12-25T10:57:10.202678,6360.336,2283,Thumb,motor_13_open_hold,51.0,34.5625,3,30.0,29.0,28.0,30.0,30.0,28.0,30.0,30.0,29.0,32.0,32.0,51.0,47.0,42.0,44.0,41.0
2025-12-25T10:57:10.602655,6360.741,2284,Thumb,motor_14_flexed,51.0,34.5625,3,30.0,29.0,28.0,30.0,30.0,28.0,30.0,30.0,29.0,32.0,32.0,51.0,47.0,42.0,44.0,41.0
2025-12-25T10:57:12.490555,6362.627,2284,Thumb,motor_14_open,51.0,34.5625,3,30.0,29.0,28.0,30.0,30.0,28.0,30.0,30.0,29.0,32.0,32.0,51.0,47.0,42.0,43.0,42.0
2025-12-25T10:57:13.386510,6363.521,2285,Thumb,motor_12_flexed,51.0,34.5,3,30.0,29.0,28.0,30.0,30.0,28.0,30.0,30.0,29.0,32.0,32.0,51.0,47.0,42.0,44.0,40.0
2025-12-25T10:57:15.274406,6365.411,2285,Thumb,motor_12_open,51.0,34.625,3,30.0,29.0,28.0,30.0,30.0,28.0,30.0,30.0,29.0,32.0,32.0,51.0,47.0,42.0,44.0,42.0
2025-12-25T10:57:16.170359,6366.308,2286,Index,motor_2_flexed,51.0,34.5625,3,30.0,29.0,28.0,30.0,30.0,28.0,30.0,30.0,29.0,32.0,32.0,51.0,47.0,42.0,44.0,41.0
2025-12-25T10:57:18.058265,6368.195,2286,Index,motor_2_open,51.0,34.625,3,30.0,29.0,28.0,30.0,30.0,28.0,30.0,30.0,29.0,32.0,32.0,51.0,47.0,42.0,44.0,42.0
2025-12-25T10:57:18.954206,6369.092,2287,Index,motor_1_flexed,51.0,34.625,3,30.0,29.0,28.0,30.0,30.0,28.0,30.0,30.0,29.0,32.0,32.0,51.0,47.0,42.0,44.0,42.0
2025-12-25T10:57:20.842113,6370.98,2287,Index,motor_1_open,51.0,34.625,3,30.0,29.0,28.0,30.0,30.0,28.0,30.0,30.0,29.0,32.0,32.0,51.0,47.0,42.0,44.0,42.0
2025-12-25T10:57:21.738065,6371.872,2288,Index,motor_3_flexed,51.0,34.625,3,30.0,29.0,28.0,30.0,30.0,28.0,30.0,30.0,29.0,32.0,32.0,51.0,47.0,42.0,44.0,42.0
2025-12-25T10:57:23.625965,6373.761,2288,Index,motor_3_open,51.0,34.625,3,30.0,29.0,28.0,30.0,30.0,28.0,30.0,30.0,29.0,32.0,32.0,51.0,47.0,42.0,44.0,42.0
2025-12-25T10:57:24.521918,6374.66,2289,Middle,motor_11_flexed,51.0,34.625,3,30.0,29.0,28.0,30.0,30.0,28.0,30.0,30.0,29.0,32.0,32.0,51.0,47.0,42.0,44.0,42.0
2025-12-25T10:57:26.409817,6376.548,2289,Middle,motor_11_open,51.0,34.5625,3,30.0,29.0,28.0,30.0,30.0,28.0,30.0,30.0,29.0,32.0,32.0,51.0,47.0,42.0,44.0,41.0
2025-12-25T10:57:27.305779,6377.446,2290,Middle,motor_10_flexed,51.0,34.625,3,30.0,29.0,28.0,30.0,30.0,28.0,30.0,30.0,29.0,32.0,32.0,51.0,47.0,42.0,44.0,42.0
2025-12-25T10:57:29.193667,6379.33,2290,Middle,motor_10_open,51.0,34.625,3,30.0,29.0,28.0,30.0,30.0,28.0,30.0,30.0,29.0,32.0,32.0,51.0,47.0,42.0,44.0,42.0
2025-12-25T10:57:30.089621,6380.227,2291,Ring,motor_4_flexed,51.0,34.625,3,30.0,29.0,28.0,30.0,30.0,28.0,30.0,30.0,29.0,32.0,32.0,51.0,47.0,42.0,44.0,42.0
2025-12-25T10:57:31.977533,6382.118,2291,Ring,motor_4_open,51.0,34.625,3,30.0,29.0,28.0,30.0,30.0,28.0,30.0,30.0,29.0,32.0,32.0,51.0,47.0,42.0,44.0,42.0
2025-12-25T10:57:32.873472,6383.013,2292,Ring,motor_5_flexed,51.0,34.625,3,30.0,29.0,28.0,30.0,30.0,28.0,30.0,30.0,29.0,32.0,32.0,51.0,47.0,42.0,44.0,42.0
2025-12-25T10:57:34.761373,6384.899,2292,Ring,motor_5_open,51.0,34.5625,3,30.0,29.0,28.0,30.0,30.0,28.0,30.0,30.0,29.0,32.0,32.0,51.0,47.0,42.0,44.0,41.0
2025-12-25T10:57:35.657321,6385.795,2293,Ring,motor_6_flexed,51.0,34.625,3,30.0,29.0,28.0,30.0,30.0,28.0,30.0,30.0,29.0,32.0,32.0,51.0,47.0,42.0,44.0,42.0
2025-12-25T10:57:37.545216,6387.683,2293,Ring,motor_6_open,51.0,34.5625,3,30.0,29.0,28.0,30.0,30.0,28.0,30.0,30.0,29.0,32.0,32.0,51.0,47.0,42.0,44.0,41.0
2025-12-25T10:57:38.441147,6388.582,2294,Pinky,motor_7_flexed,51.0,34.625,3,30.0,29.0,28.0,30.0,30.0,28.0,30.0,30.0,29.0,32.0,32.0,51.0,47.0,42.0,44.0,42.0
2025-12-25T10:57:40.329053,6390.47,2294,Pinky,motor_7_open,51.0,34.625,3,30.0,29.0,28.0,30.0,30.0,28.0,30.0,30.0,29.0,32.0,32.0,51.0,47.0,42.0,44.0,42.0
2025-12-25T10:57:41.225022,6391.363,2295,Pinky,motor_8_flexed,51.0,34.6875,3,30.0,29.0,28.0,30.0,30.0,28.0,30.0,30.0,29.0,32.0,32.0,51.0,47.0,42.0,44.0,43.0
2025-12-25T10:57:43.112908,6393.249,2295,Pinky,motor_8_open,51.0,34.625,3,30.0,29.0,28.0,30.0,30.0,28.0,30.0,30.0,29.0,32.0,32.0,51.0,47.0,42.0,44.0,42.0
2025-12-25T10:57:44.008859,6394.149,2296,Pinky,motor_9_flexed,51.0,34.625,3,30.0,29.0,28.0,30.0,30.0,28.0,30.0,30.0,29.0,32.0,32.0,51.0,47.0,42.0,44.0,42.0
2025-12-25T10:57:45.896766,6396.035,2296,Pinky,motor_9_open,51.0,34.625,3,30.0,29.0,28.0,30.0,30.0,28.0,30.0,30.0,29.0,32.0,32.0,51.0,47.0,42.0,44.0,42.0
2025-12-25T10:57:46.792701,6396.931,2297,Thumb,motor_13_flexed,51.0,34.5625,3,30.0,29.0,28.0,30.0,30.0,28.0,30.0,30.0,29.0,32.0,32.0,51.0,47.0,42.0,43.0,42.0
2025-12-25T10:57:48.680597,6398.818,2297,Thumb,motor_13_open,51.0,34.625,3,30.0,29.0,28.0,30.0,30.0,28.0,30.0,30.0,29.0,32.0,32.0,51.0,47.0,42.0,44.0,42.0
2025-12-25T10:57:49.576553,6399.715,2298,Thumb,motor_14_flexed,51.0,34.4375,3,30.0,29.0,28.0,30.0,30.0,28.0,30.0,30.0,29.0,32.0,32.0,51.0,47.0,42.0,44.0,39.0
2025-12-25T10:57:51.464461,6401.604,2298,Thumb,motor_14_open,51.0,34.5625,3,30.0,29.0,28.0,30.0,30.0,28.0,30.0,30.0,29.0,32.0,32.0,51.0,47.0,42.0,44.0,41.0
2025-12-25T10:57:52.360414,6402.499,2299,Thumb,motor_12_flexed,51.0,34.5,3,30.0,29.0,28.0,30.0,30.0,28.0,30.0,30.0,29.0,32.0,32.0,51.0,47.0,42.0,43.0,41.0
2025-12-25T10:57:54.248311,6404.384,2299,Thumb,motor_12_open,51.0,34.5625,3,30.0,29.0,28.0,30.0,30.0,28.0,30.0,30.0,29.0,32.0,32.0,51.0,47.0,42.0,43.0,42.0
2025-12-25T10:57:55.144265,6405.283,2300,Index,motor_2_flexed,51.0,34.625,3,30.0,29.0,28.0,30.0,30.0,28.0,30.0,30.0,29.0,32.0,32.0,51.0,47.0,42.0,44.0,42.0
2025-12-25T10:57:57.032155,6407.171,2300,Index,motor_2_open,51.0,34.625,3,30.0,29.0,28.0,30.0,30.0,28.0,30.0,30.0,29.0,32.0,32.0,51.0,47.0,42.0,44.0,42.0
2025-12-25T10:57:57.928107,6408.064,2301,Index,motor_1_flexed,51.0,34.625,3,30.0,29.0,28.0,30.0,30.0,28.0,30.0,30.0,29.0,32.0,32.0,51.0,47.0,42.0,44.0,42.0
2025-12-25T10:57:59.816018,6409.954,2301,Index,motor_1_open,51.0,34.5625,3,30.0,29.0,28.0,30.0,30.0,28.0,30.0,30.0,29.0,32.0,32.0,51.0,47.0,42.0,43.0,42.0
2025-12-25T10:58:00.711968,6410.851,2302,Index,motor_3_flexed,51.0,34.625,3,30.0,29.0,28.0,30.0,30.0,28.0,30.0,30.0,29.0,32.0,32.0,51.0,47.0,42.0,44.0,42.0
2025-12-25T10:58:02.599867,6412.739,2302,Index,motor_3_open,51.0,34.625,3,30.0,29.0,28.0,30.0,30.0,28.0,30.0,30.0,29.0,32.0,32.0,51.0,47.0,42.0,44.0,42.0
2025-12-25T10:58:03.495821,6413.638,2303,Middle,motor_11_flexed,51.0,34.5,3,30.0,29.0,28.0,30.0,30.0,28.0,30.0,30.0,29.0,31.0,32.0,51.0,47.0,42.0,43.0,42.0
2025-12-25T10:58:05.383710,6415.521,2303,Middle,motor_11_open,51.0,34.625,3,30.0,29.0,28.0,30.0,30.0,28.0,30.0,30.0,29.0,32.0,32.0,51.0,47.0,42.0,44.0,42.0
2025-12-25T10:58:06.279660,6416.414,2304,Middle,motor_10_flexed,51.0,34.625,3,30.0,29.0,28.0,30.0,30.0,28.0,30.0,30.0,29.0,32.0,32.0,51.0,47.0,42.0,44.0,42.0
2025-12-25T10:58:08.167562,6418.308,2304,Middle,motor_10_open,51.0,34.625,3,30.0,29.0,28.0,30.0,30.0,28.0,30.0,30.0,29.0,32.0,32.0,51.0,47.0,42.0,44.0,42.0
2025-12-25T10:58:09.063515,6419.203,2305,Ring,motor_4_flexed,51.0,34.625,3,30.0,29.0,28.0,30.0,30.0,28.0,30.0,30.0,29.0,32.0,32.0,51.0,47.0,42.0,44.0,42.0
2025-12-25T10:58:10.151467,6420.29,2305,Ring,motor_4_flex_hold,51.0,34.5625,3,30.0,29.0,28.0,30.0,30.0,28.0,30.0,30.0,29.0,32.0,32.0,51.0,47.0,42.0,44.0,41.0
2025-12-25T10:58:10.951424,6421.088,2305,Ring,motor_4_open,51.0,34.5625,3,30.0,29.0,28.0,30.0,30.0,28.0,30.0,30.0,29.0,32.0,32.0,51.0,47.0,42.0,44.0,41.0
2025-12-25T10:58:11.847376,6421.98,2306,Ring,motor_5_flexed,51.0,34.625,3,30.0,29.0,28.0,30.0,30.0,28.0,30.0,30.0,29.0,32.0,32.0,51.0,47.0,42.0,44.0,42.0
2025-12-25T10:58:13.735273,6423.876,2306,Ring,motor_5_open,51.0,34.625,3,30.0,29.0,28.0,30.0,30.0,28.0,30.0,30.0,29.0,32.0,32.0,51.0,47.0,42.0,44.0,42.0
2025-12-25T10:58:14.631228,6424.771,2307,Ring,motor_6_flexed,51.0,34.625,3,30.0,29.0,28.0,30.0,30.0,28.0,30.0,30.0,29.0,32.0,32.0,51.0,47.0,42.0,44.0,42.0
2025-12-25T10:58:16.519128,6426.657,2307,Ring,motor_6_open,51.0,34.5625,3,30.0,29.0,28.0,30.0,30.0,28.0,30.0,30.0,29.0,32.0,32.0,51.0,47.0,42.0,43.0,42.0
2025-12-25T10:58:17.415078,6427.553,2308,Pinky,motor_7_flexed,51.0,34.5625,3,30.0,29.0,28.0,30.0,30.0,28.0,30.0,30.0,29.0,32.0,32.0,51.0,47.0,42.0,44.0,41.0
2025-12-25T10:58:19.302979,6429.439,2308,Pinky,motor_7_open,51.0,34.5625,3,30.0,29.0,28.0,30.0,30.0,28.0,30.0,30.0,29.0,32.0,32.0,51.0,47.0,42.0,43.0,42.0
2025-12-25T10:58:20.198934,6430.338,2309,Pinky,motor_8_flexed,51.0,34.625,3,30.0,29.0,28.0,30.0,30.0,28.0,30.0,30.0,29.0,32.0,32.0,51.0,47.0,42.0,45.0,41.0
2025-12-25T10:58:22.086817,6432.222,2309,Pinky,motor_8_open,51.0,34.625,3,30.0,29.0,28.0,30.0,30.0,28.0,30.0,30.0,29.0,32.0,32.0,51.0,47.0,42.0,44.0,42.0
2025-12-25T10:58:22.982781,6433.119,2310,Pinky,motor_9_flexed,51.0,34.625,3,30.0,29.0,28.0,30.0,30.0,28.0,30.0,30.0,29.0,32.0,32.0,51.0,47.0,42.0,44.0,42.0
2025-12-25T10:58:24.870685,6435.007,2310,Pinky,motor_9_open,51.0,34.5625,3,30.0,29.0,28.0,30.0,30.0,28.0,30.0,30.0,29.0,32.0,32.0,51.0,47.0,42.0,43.0,42.0
2025-12-25T10:58:25.766634,6435.904,2311,Thumb,motor_13_flexed,51.0,34.5625,3,30.0,29.0,28.0,30.0,30.0,28.0,30.0,30.0,29.0,32.0,32.0,51.0,47.0,42.0,44.0,41.0
2025-12-25T10:58:27.654531,6437.788,2311,Thumb,motor_13_open,51.0,34.625,3,30.0,29.0,28.0,30.0,30.0,28.0,30.0,30.0,29.0,32.0,32.0,51.0,47.0,42.0,44.0,42.0
2025-12-25T10:58:28.550486,6438.687,2312,Thumb,motor_14_flexed,51.0,34.5625,3,30.0,29.0,28.0,30.0,30.0,28.0,30.0,30.0,29.0,32.0,32.0,51.0,47.0,42.0,43.0,42.0
2025-12-25T10:58:30.438384,6440.576,2312,Thumb,motor_14_open,51.0,34.625,3,30.0,29.0,28.0,30.0,30.0,28.0,30.0,30.0,29.0,32.0,32.0,51.0,47.0,42.0,44.0,42.0
2025-12-25T10:58:31.334333,6441.471,2313,Thumb,motor_12_flexed,51.0,34.625,3,30.0,29.0,28.0,30.0,30.0,28.0,30.0,30.0,29.0,32.0,32.0,51.0,47.0,42.0,44.0,42.0
2025-12-25T10:58:33.222238,6443.36,2313,Thumb,motor_12_open,51.0,34.8125,3,30.0,29.0,28.0,30.0,30.0,28.0,30.0,30.0,29.0,32.0,32.0,51.0,47.0,42.0,44.0,45.0
2025-12-25T10:58:34.118192,6444.255,2314,Index,motor_2_flexed,51.0,34.5625,3,30.0,29.0,28.0,30.0,30.0,28.0,30.0,30.0,29.0,32.0,32.0,51.0,47.0,42.0,44.0,41.0
2025-12-25T10:58:36.006078,6446.142,2314,Index,motor_2_open,51.0,34.5625,3,30.0,29.0,28.0,30.0,30.0,28.0,30.0,30.0,29.0,32.0,32.0,51.0,47.0,42.0,44.0,41.0
2025-12-25T10:58:36.902029,6447.041,2315,Index,motor_1_flexed,51.0,34.5625,3,30.0,29.0,28.0,30.0,30.0,28.0,30.0,30.0,29.0,32.0,32.0,51.0,47.0,42.0,44.0,41.0
2025-12-25T10:58:38.789940,6448.929,2315,Index,motor_1_open,51.0,34.5625,3,30.0,29.0,28.0,30.0,30.0,28.0,30.0,30.0,29.0,32.0,32.0,51.0,47.0,42.0,44.0,41.0
2025-12-25T10:58:39.685883,6449.823,2316,Index,motor_3_flexed,51.0,34.625,3,30.0,29.0,28.0,30.0,30.0,28.0,30.0,30.0,29.0,32.0,32.0,51.0,47.0,42.0,44.0,42.0
2025-12-25T10:58:41.573782,6451.707,2316,Index,motor_3_open,51.0,34.625,3,30.0,29.0,28.0,30.0,30.0,28.0,30.0,30.0,29.0,32.0,32.0,51.0,47.0,42.0,44.0,42.0
2025-12-25T10:58:42.469735,6452.607,2317,Middle,motor_11_flexed,51.0,34.5625,3,30.0,29.0,28.0,30.0,30.0,28.0,30.0,30.0,29.0,32.0,32.0,51.0,47.0,42.0,43.0,42.0
2025-12-25T10:58:44.357645,6454.497,2317,Middle,motor_11_open,51.0,34.625,3,30.0,29.0,28.0,30.0,30.0,28.0,30.0,30.0,29.0,32.0,32.0,51.0,47.0,42.0,44.0,42.0
2025-12-25T10:58:45.253597,6455.392,2318,Middle,motor_10_flexed,51.0,34.5625,3,30.0,29.0,28.0,30.0,30.0,28.0,30.0,30.0,29.0,32.0,32.0,51.0,47.0,42.0,44.0,41.0
2025-12-25T10:58:47.141495,6457.282,2318,Middle,motor_10_open,51.0,34.625,3,30.0,29.0,28.0,30.0,30.0,28.0,30.0,30.0,29.0,32.0,32.0,51.0,47.0,42.0,44.0,42.0
2025-12-25T10:58:48.037456,6458.176,2319,Ring,motor_4_flexed,51.0,34.625,3,30.0,29.0,28.0,30.0,30.0,28.0,30.0,30.0,29.0,32.0,32.0,51.0,47.0,42.0,44.0,42.0
2025-12-25T10:58:49.925349,6460.064,2319,Ring,motor_4_open,51.0,34.5625,3,30.0,29.0,28.0,30.0,30.0,28.0,30.0,30.0,29.0,32.0,32.0,51.0,47.0,42.0,44.0,41.0
2025-12-25T10:58:50.821299,6460.958,2320,Ring,motor_5_flexed,51.0,34.625,3,30.0,29.0,28.0,30.0,30.0,28.0,30.0,30.0,29.0,32.0,32.0,51.0,47.0,42.0,44.0,42.0
2025-12-25T10:58:52.709212,6462.848,2320,Ring,motor_5_open,51.0,34.625,3,30.0,29.0,28.0,30.0,30.0,28.0,30.0,30.0,29.0,32.0,32.0,51.0,47.0,42.0,44.0,42.0
2025-12-25T10:58:53.605140,6463.745,2321,Ring,motor_6_flexed,51.0,34.625,3,30.0,29.0,28.0,30.0,30.0,28.0,30.0,30.0,29.0,32.0,32.0,51.0,47.0,42.0,44.0,42.0
2025-12-25T10:58:55.493051,6465.631,2321,Ring,motor_6_open,51.0,34.625,3,30.0,29.0,28.0,30.0,30.0,28.0,30.0,30.0,29.0,32.0,32.0,51.0,47.0,42.0,44.0,42.0
2025-12-25T10:58:56.389002,6466.528,2322,Pinky,motor_7_flexed,51.0,34.5625,3,30.0,29.0,28.0,30.0,30.0,28.0,30.0,30.0,29.0,32.0,32.0,51.0,47.0,42.0,44.0,41.0
2025-12-25T10:58:58.276903,6468.413,2322,Pinky,motor_7_open,51.0,34.5625,3,30.0,29.0,28.0,30.0,30.0,28.0,30.0,30.0,29.0,32.0,32.0,51.0,47.0,42.0,43.0,42.0
2025-12-25T10:58:59.172854,6469.313,2323,Pinky,motor_8_flexed,51.0,34.625,3,30.0,29.0,28.0,30.0,30.0,28.0,30.0,30.0,29.0,32.0,32.0,51.0,47.0,42.0,44.0,42.0
2025-12-25T10:59:01.060753,6471.2,2323,Pinky,motor_8_open,51.0,34.625,3,30.0,29.0,28.0,30.0,30.0,28.0,30.0,30.0,29.0,32.0,32.0,51.0,47.0,42.0,44.0,42.0
2025-12-25T10:59:01.956720,6472.095,2324,Pinky,motor_9_flexed,51.0,34.625,3,30.0,29.0,28.0,30.0,30.0,28.0,30.0,30.0,29.0,32.0,32.0,51.0,47.0,42.0,44.0,42.0
2025-12-25T10:59:03.844607,6473.981,2324,Pinky,motor_9_open,51.0,34.625,3,30.0,29.0,28.0,30.0,30.0,28.0,30.0,30.0,29.0,32.0,32.0,51.0,47.0,42.0,44.0,42.0
2025-12-25T10:59:04.740540,6474.878,2325,Thumb,motor_13_flexed,51.0,34.625,3,30.0,29.0,28.0,30.0,30.0,28.0,30.0,30.0,29.0,32.0,32.0,51.0,47.0,42.0,44.0,42.0
2025-12-25T10:59:06.628479,6476.767,2325,Thumb,motor_13_open,51.0,34.625,3,30.0,29.0,28.0,30.0,30.0,28.0,30.0,30.0,29.0,32.0,32.0,51.0,47.0,42.0,44.0,42.0
2025-12-25T10:59:07.524409,6477.663,2326,Thumb,motor_14_flexed,51.0,34.6875,3,30.0,29.0,28.0,30.0,30.0,28.0,30.0,30.0,29.0,32.0,32.0,51.0,47.0,42.0,44.0,43.0
2025-12-25T10:59:09.412309,6479.549,2326,Thumb,motor_14_open,51.0,34.5,3,30.0,29.0,28.0,30.0,30.0,28.0,30.0,30.0,29.0,32.0,32.0,51.0,47.0,42.0,43.0,41.0
2025-12-25T10:59:10.004296,6480.138,2326,Thumb,motor_14_open_hold,51.0,34.625,3,30.0,29.0,28.0,30.0,30.0,28.0,30.0,30.0,29.0,32.0,32.0,51.0,47.0,42.0,44.0,42.0
2025-12-25T10:59:10.404273,6480.541,2327,Thumb,motor_12_flexed,51.0,34.6875,3,30.0,29.0,28.0,30.0,30.0,28.0,30.0,30.0,29.0,32.0,32.0,51.0,47.0,42.0,44.0,43.0
2025-12-25T10:59:12.292174,6482.429,2327,Thumb,motor_12_open,51.0,34.5,3,30.0,29.0,28.0,30.0,30.0,28.0,30.0,30.0,29.0,32.0,32.0,51.0,47.0,42.0,43.0,41.0
2025-12-25T10:59:13.188127,6483.328,2328,Index,motor_2_flexed,51.0,34.625,3,30.0,29.0,28.0,30.0,30.0,28.0,30.0,30.0,29.0,32.0,32.0,51.0,47.0,42.0,44.0,42.0
2025-12-25T10:59:15.076026,6485.214,2328,Index,motor_2_open,51.0,34.625,3,30.0,29.0,28.0,30.0,30.0,28.0,30.0,30.0,29.0,32.0,32.0,51.0,47.0,42.0,44.0,42.0
2025-12-25T10:59:15.971978,6486.11,2329,Index,motor_1_flexed,51.0,34.625,3,30.0,29.0,28.0,30.0,30.0,28.0,30.0,30.0,29.0,32.0,32.0,51.0,47.0,42.0,44.0,42.0
2025-12-25T10:59:17.859874,6487.996,2329,Index,motor_1_open,51.0,34.625,3,30.0,29.0,28.0,30.0,30.0,28.0,30.0,30.0,29.0,32.0,32.0,51.0,47.0,42.0,44.0,42.0
2025-12-25T10:59:18.755828,6488.892,2330,Index,motor_3_flexed,51.0,34.625,3,30.0,29.0,28.0,30.0,30.0,28.0,30.0,30.0,29.0,32.0,32.0,51.0,47.0,42.0,44.0,42.0
2025-12-25T10:59:20.659719,6490.801,2330,Index,motor_3_open,51.0,34.625,3,30.0,29.0,28.0,30.0,30.0,28.0,30.0,30.0,29.0,32.0,32.0,51.0,47.0,42.0,44.0,42.0
2025-12-25T10:59:21.555679,6491.697,2331,Middle,motor_11_flexed,51.0,34.625,3,30.0,29.0,28.0,30.0,30.0,28.0,30.0,30.0,29.0,32.0,32.0,51.0,47.0,42.0,44.0,42.0
2025-12-25T10:59:23.443580,6493.581,2331,Middle,motor_11_open,51.0,34.5,3,30.0,29.0,28.0,30.0,30.0,28.0,30.0,30.0,29.0,32.0,32.0,51.0,47.0,42.0,44.0,40.0
2025-12-25T10:59:24.339521,6494.471,2332,Middle,motor_10_flexed,51.0,34.625,3,30.0,29.0,28.0,30.0,30.0,28.0,30.0,30.0,29.0,32.0,32.0,51.0,47.0,42.0,44.0,42.0
2025-12-25T10:59:26.227432,6496.364,2332,Middle,motor_10_open,51.0,34.625,3,30.0,29.0,28.0,30.0,30.0,28.0,30.0,30.0,29.0,32.0,32.0,51.0,47.0,42.0,44.0,42.0
2025-12-25T10:59:27.123386,6497.261,2333,Ring,motor_4_flexed,51.0,34.5625,3,30.0,29.0,28.0,30.0,30.0,28.0,30.0,30.0,29.0,32.0,32.0,51.0,47.0,42.0,44.0,41.0
2025-12-25T10:59:29.011282,6499.147,2333,Ring,motor_4_open,51.0,34.625,3,30.0,29.0,28.0,30.0,30.0,28.0,30.0,30.0,29.0,32.0,32.0,51.0,47.0,42.0,44.0,42.0
2025-12-25T10:59:29.907235,6500.045,2334,Ring,motor_5_flexed,51.0,34.625,3,30.0,29.0,28.0,30.0,30.0,28.0,30.0,30.0,29.0,32.0,32.0,51.0,47.0,42.0,44.0,42.0
2025-12-25T10:59:31.795141,6501.931,2334,Ring,motor_5_open,51.0,34.625,3,30.0,29.0,28.0,30.0,30.0,28.0,30.0,30.0,29.0,32.0,32.0,51.0,47.0,42.0,44.0,42.0
2025-12-25T10:59:32.691087,6502.83,2335,Ring,motor_6_flexed,51.0,34.5625,3,30.0,29.0,28.0,30.0,30.0,28.0,30.0,30.0,29.0,32.0,32.0,51.0,47.0,42.0,44.0,41.0
2025-12-25T10:59:34.578986,6504.716,2335,Ring,motor_6_open,51.0,34.5625,3,30.0,29.0,28.0,30.0,30.0,28.0,30.0,30.0,29.0,32.0,32.0,51.0,47.0,42.0,44.0,41.0
2025-12-25T10:59:35.474939,6505.611,2336,Pinky,motor_7_flexed,51.0,34.625,3,30.0,29.0,28.0,30.0,30.0,28.0,30.0,30.0,29.0,32.0,32.0,51.0,47.0,42.0,44.0,42.0
2025-12-25T10:59:37.362838,6507.498,2336,Pinky,motor_7_open,51.0,34.5625,3,30.0,29.0,28.0,30.0,30.0,28.0,30.0,30.0,29.0,32.0,32.0,51.0,47.0,42.0,44.0,41.0
2025-12-25T10:59:38.258780,6508.396,2337,Pinky,motor_8_flexed,51.0,34.5625,3,30.0,29.0,28.0,30.0,30.0,28.0,30.0,30.0,29.0,32.0,32.0,51.0,47.0,42.0,44.0,41.0
2025-12-25T10:59:40.146678,6510.278,2337,Pinky,motor_8_open,51.0,34.625,3,30.0,29.0,28.0,30.0,30.0,28.0,30.0,30.0,29.0,32.0,32.0,51.0,47.0,42.0,44.0,42.0
2025-12-25T10:59:41.042637,6511.179,2338,Pinky,motor_9_flexed,51.0,34.625,3,30.0,29.0,28.0,30.0,30.0,28.0,30.0,30.0,29.0,32.0,32.0,51.0,47.0,42.0,44.0,42.0
2025-12-25T10:59:42.930540,6513.068,2338,Pinky,motor_9_open,51.0,34.625,3,30.0,29.0,28.0,30.0,30.0,28.0,30.0,30.0,29.0,32.0,32.0,51.0,47.0,42.0,44.0,42.0
2025-12-25T10:59:43.826494,6513.963,2339,Thumb,motor_13_flexed,51.0,34.5625,3,30.0,29.0,28.0,30.0,30.0,28.0,30.0,30.0,29.0,32.0,32.0,51.0,47.0,42.0,44.0,41.0
2025-12-25T10:59:45.714403,6515.854,2339,Thumb,motor_13_open,51.0,34.5625,3,30.0,29.0,28.0,30.0,30.0,28.0,30.0,30.0,29.0,32.0,32.0,51.0,47.0,42.0,43.0,42.0
2025-12-25T10:59:46.610346,6516.749,2340,Thumb,motor_14_flexed,51.0,34.5,3,30.0,29.0,28.0,30.0,30.0,28.0,30.0,30.0,29.0,32.0,32.0,51.0,47.0,42.0,43.0,41.0
2025-12-25T10:59:48.498247,6518.635,2340,Thumb,motor_14_open,51.0,34.625,3,30.0,29.0,28.0,30.0,30.0,28.0,30.0,30.0,29.0,32.0,32.0,51.0,47.0,42.0,44.0,42.0
2025-12-25T10:59:49.394199,6519.532,2341,Thumb,motor_12_flexed,51.0,34.625,3,30.0,29.0,28.0,30.0,30.0,28.0,30.0,30.0,29.0,32.0,32.0,51.0,47.0,42.0,44.0,42.0
2025-12-25T10:59:51.282086,6521.42,2341,Thumb,motor_12_open,51.0,34.625,3,30.0,29.0,28.0,30.0,30.0,28.0,30.0,30.0,29.0,32.0,32.0,51.0,47.0,42.0,44.0,42.0
2025-12-25T10:59:52.178041,6522.311,2342,Index,motor_2_flexed,51.0,34.625,3,30.0,29.0,28.0,30.0,30.0,28.0,30.0,30.0,29.0,32.0,32.0,51.0,47.0,42.0,44.0,42.0
2025-12-25T10:59:54.065947,6524.197,2342,Index,motor_2_open,51.0,34.5625,3,30.0,29.0,28.0,30.0,30.0,28.0,30.0,30.0,29.0,32.0,32.0,51.0,47.0,42.0,44.0,41.0
2025-12-25T10:59:54.961900,6525.095,2343,Index,motor_1_flexed,51.0,34.625,3,30.0,29.0,28.0,30.0,30.0,28.0,30.0,30.0,29.0,32.0,32.0,51.0,47.0,42.0,44.0,42.0
2025-12-25T10:59:56.849788,6526.981,2343,Index,motor_1_open,51.0,34.625,3,30.0,29.0,28.0,30.0,30.0,28.0,30.0,30.0,29.0,32.0,32.0,51.0,47.0,42.0,44.0,42.0
2025-12-25T10:59:57.745740,6527.877,2344,Index,motor_3_flexed,51.0,34.625,3,30.0,29.0,28.0,30.0,30.0,28.0,30.0,30.0,29.0,32.0,32.0,51.0,47.0,42.0,44.0,42.0
2025-12-25T10:59:59.633666,6529.771,2344,Index,motor_3_open,51.0,34.625,3,31.0,29.0,28.0,30.0,30.0,28.0,30.0,30.0,29.0,32.0,32.0,51.0,47.0,42.0,44.0,41.0
2025-12-25T11:00:00.529605,6530.666,2345,Middle,motor_11_flexed,51.0,34.5625,3,30.0,29.0,28.0,30.0,30.0,28.0,30.0,30.0,29.0,32.0,32.0,51.0,47.0,42.0,43.0,42.0
2025-12-25T11:00:02.417503,6532.557,2345,Middle,motor_11_open,51.0,34.6875,3,31.0,29.0,28.0,30.0,30.0,28.0,30.0,30.0,29.0,32.0,32.0,51.0,47.0,42.0,44.0,42.0
2025-12-25T11:00:03.313458,6533.452,2346,Middle,motor_10_flexed,51.0,34.625,3,31.0,29.0,28.0,30.0,30.0,28.0,30.0,30.0,29.0,32.0,32.0,51.0,47.0,42.0,43.0,42.0
2025-12-25T11:00:05.201356,6535.338,2346,Middle,motor_10_open,51.0,34.625,3,30.0,29.0,28.0,30.0,30.0,28.0,30.0,30.0,29.0,32.0,32.0,51.0,47.0,42.0,44.0,42.0
2025-12-25T11:00:06.097309,6536.234,2347,Ring,motor_4_flexed,51.0,34.625,3,30.0,29.0,28.0,30.0,30.0,28.0,30.0,30.0,29.0,32.0,32.0,51.0,47.0,42.0,44.0,42.0
2025-12-25T11:00:07.985208,6538.123,2347,Ring,motor_4_open,51.0,34.5625,3,30.0,29.0,28.0,30.0,30.0,28.0,30.0,30.0,29.0,32.0,32.0,51.0,47.0,42.0,44.0,41.0
2025-12-25T11:00:08.881152,6539.021,2348,Ring,motor_5_flexed,51.0,34.625,3,30.0,29.0,28.0,30.0,30.0,28.0,30.0,30.0,29.0,32.0,32.0,51.0,47.0,42.0,44.0,42.0
2025-12-25T11:00:09.969075,6540.107,2348,Ring,motor_5_flex_hold,51.0,34.6875,3,31.0,29.0,28.0,30.0,30.0,28.0,30.0,30.0,29.0,32.0,32.0,51.0,47.0,42.0,44.0,42.0
2025-12-25T11:00:10.769035,6540.909,2348,Ring,motor_5_open,51.0,34.625,3,31.0,29.0,28.0,30.0,30.0,28.0,30.0,30.0,29.0,32.0,32.0,51.0,47.0,42.0,44.0,41.0
2025-12-25T11:00:11.664988,6541.804,2349,Ring,motor_6_flexed,51.0,34.625,3,30.0,29.0,28.0,30.0,30.0,28.0,30.0,30.0,29.0,32.0,32.0,51.0,47.0,42.0,44.0,42.0
2025-12-25T11:00:13.552901,6543.69,2349,Ring,motor_6_open,51.0,34.625,3,30.0,29.0,28.0,30.0,30.0,28.0,30.0,30.0,29.0,32.0,32.0,51.0,47.0,42.0,44.0,42.0
2025-12-25T11:00:14.448837,6544.589,2350,Pinky,motor_7_flexed,51.0,34.625,3,30.0,29.0,28.0,30.0,30.0,28.0,30.0,30.0,29.0,32.0,32.0,51.0,47.0,42.0,44.0,42.0
2025-12-25T11:00:16.336737,6546.474,2350,Pinky,motor_7_open,51.0,34.625,3,30.0,29.0,28.0,30.0,30.0,28.0,30.0,30.0,29.0,32.0,32.0,51.0,47.0,42.0,44.0,42.0
2025-12-25T11:00:17.232691,6547.37,2351,Pinky,motor_8_flexed,51.0,34.625,3,30.0,29.0,28.0,30.0,30.0,28.0,30.0,30.0,29.0,32.0,32.0,51.0,47.0,42.0,44.0,42.0
2025-12-25T11:00:19.120586,6549.26,2351,Pinky,motor_8_open,51.0,34.625,3,30.0,29.0,28.0,30.0,30.0,28.0,30.0,30.0,29.0,32.0,32.0,51.0,47.0,42.0,44.0,42.0
2025-12-25T11:00:20.016540,6550.154,2352,Pinky,motor_9_flexed,51.0,34.5625,3,30.0,29.0,28.0,30.0,30.0,28.0,30.0,30.0,29.0,32.0,32.0,51.0,47.0,42.0,44.0,41.0
2025-12-25T11:00:21.904440,6552.045,2352,Pinky,motor_9_open,51.0,34.5625,3,30.0,29.0,28.0,30.0,30.0,28.0,30.0,30.0,29.0,32.0,32.0,51.0,47.0,42.0,44.0,41.0
2025-12-25T11:00:22.800402,6552.939,2353,Thumb,motor_13_flexed,51.0,34.5625,3,30.0,29.0,28.0,30.0,30.0,28.0,30.0,30.0,29.0,32.0,32.0,51.0,47.0,42.0,43.0,42.0
2025-12-25T11:00:24.688307,6554.828,2353,Thumb,motor_13_open,51.0,34.625,3,30.0,29.0,28.0,30.0,30.0,28.0,30.0,30.0,29.0,32.0,32.0,51.0,47.0,42.0,44.0,42.0
2025-12-25T11:00:25.584259,6555.717,2354,Thumb,motor_14_flexed,51.0,34.625,3,30.0,29.0,28.0,30.0,30.0,28.0,30.0,30.0,29.0,32.0,32.0,51.0,47.0,42.0,44.0,42.0
2025-12-25T11:00:27.472159,6557.61,2354,Thumb,motor_14_open,51.0,34.625,3,30.0,29.0,28.0,30.0,30.0,28.0,30.0,30.0,29.0,32.0,32.0,51.0,47.0,42.0,44.0,42.0
2025-12-25T11:00:28.368110,6558.505,2355,Thumb,motor_12_flexed,51.0,34.625,3,30.0,29.0,28.0,30.0,30.0,28.0,30.0,30.0,29.0,32.0,32.0,51.0,47.0,42.0,44.0,42.0
2025-12-25T11:00:30.256020,6560.393,2355,Thumb,motor_12_open,51.0,34.5625,3,30.0,29.0,28.0,30.0,30.0,28.0,30.0,30.0,29.0,32.0,32.0,51.0,47.0,42.0,43.0,42.0
2025-12-25T11:00:31.151963,6561.288,2356,Index,motor_2_flexed,51.0,34.625,3,30.0,29.0,28.0,30.0,30.0,28.0,30.0,30.0,29.0,32.0,32.0,51.0,47.0,42.0,44.0,42.0
2025-12-25T11:00:33.039876,6563.18,2356,Index,motor_2_open,51.0,34.625,3,30.0,29.0,28.0,30.0,30.0,28.0,30.0,30.0,29.0,32.0,32.0,51.0,47.0,42.0,44.0,42.0
2025-12-25T11:00:33.935826,6564.073,2357,Index,motor_1_flexed,51.0,34.625,3,30.0,29.0,28.0,30.0,30.0,28.0,30.0,30.0,29.0,32.0,32.0,51.0,47.0,42.0,44.0,42.0
2025-12-25T11:00:35.823729,6565.96,2357,Index,motor_1_open,51.0,34.625,3,30.0,29.0,28.0,30.0,30.0,28.0,30.0,30.0,29.0,32.0,32.0,51.0,47.0,42.0,44.0,42.0
2025-12-25T11:00:36.719681,6566.857,2358,Index,motor_3_flexed,51.0,34.6875,3,31.0,29.0,28.0,30.0,30.0,28.0,30.0,30.0,29.0,32.0,32.0,51.0,47.0,42.0,44.0,42.0
2025-12-25T11:00:38.607559,6568.746,2358,Index,motor_3_open,51.0,34.5625,3,30.0,29.0,28.0,30.0,30.0,28.0,30.0,30.0,29.0,32.0,32.0,51.0,47.0,42.0,44.0,41.0
2025-12-25T11:00:39.503498,6569.639,2359,Middle,motor_11_flexed,51.0,34.6875,3,30.0,29.0,29.0,30.0,30.0,28.0,30.0,30.0,29.0,32.0,32.0,51.0,47.0,42.0,44.0,42.0
2025-12-25T11:00:41.391401,6571.528,2359,Middle,motor_11_open,51.0,34.75,3,31.0,29.0,29.0,30.0,30.0,28.0,30.0,30.0,29.0,32.0,32.0,51.0,47.0,42.0,44.0,42.0
2025-12-25T11:00:42.287351,6572.424,2360,Middle,motor_10_flexed,51.0,34.625,3,30.0,29.0,28.0,30.0,30.0,28.0,30.0,30.0,29.0,32.0,32.0,51.0,47.0,42.0,44.0,42.0
2025-12-25T11:00:44.175262,6574.315,2360,Middle,motor_10_open,51.0,34.625,3,30.0,29.0,28.0,30.0,30.0,28.0,30.0,30.0,29.0,32.0,32.0,51.0,47.0,42.0,44.0,42.0
2025-12-25T11:00:45.071213,6575.207,2361,Ring,motor_4_flexed,51.0,34.5625,3,30.0,29.0,28.0,30.0,30.0,28.0,30.0,30.0,29.0,32.0,32.0,51.0,47.0,42.0,44.0,41.0
2025-12-25T11:00:46.959114,6577.095,2361,Ring,motor_4_open,51.0,34.6875,3,31.0,29.0,28.0,30.0,30.0,28.0,30.0,30.0,29.0,32.0,32.0,51.0,47.0,42.0,44.0,42.0
2025-12-25T11:00:47.855067,6577.99,2362,Ring,motor_5_flexed,51.0,34.625,3,30.0,29.0,28.0,30.0,30.0,28.0,30.0,30.0,29.0,32.0,32.0,51.0,47.0,42.0,44.0,42.0
2025-12-25T11:00:49.758966,6579.898,2362,Ring,motor_5_open,51.0,34.4375,3,30.0,29.0,28.0,30.0,30.0,28.0,30.0,30.0,29.0,32.0,32.0,51.0,47.0,42.0,44.0,39.0
2025-12-25T11:00:50.654917,6580.792,2363,Ring,motor_6_flexed,51.0,34.625,3,30.0,29.0,28.0,30.0,30.0,28.0,30.0,30.0,29.0,32.0,32.0,51.0,47.0,42.0,44.0,42.0
2025-12-25T11:00:52.542823,6582.682,2363,Ring,motor_6_open,51.0,34.6875,3,30.0,29.0,29.0,30.0,30.0,28.0,30.0,30.0,29.0,32.0,32.0,51.0,47.0,42.0,44.0,42.0
2025-12-25T11:00:53.438771,6583.576,2364,Pinky,motor_7_flexed,51.0,34.5625,3,30.0,29.0,28.0,30.0,30.0,28.0,30.0,30.0,29.0,32.0,32.0,51.0,47.0,42.0,43.0,42.0
2025-12-25T11:00:55.326668,6585.463,2364,Pinky,motor_7_open,51.0,34.6875,3,30.0,29.0,29.0,30.0,30.0,28.0,30.0,30.0,29.0,32.0,32.0,51.0,47.0,42.0,44.0,42.0
2025-12-25T11:00:56.222623,6586.361,2365,Pinky,motor_8_flexed,51.0,34.625,3,30.0,29.0,28.0,30.0,30.0,28.0,30.0,30.0,29.0,32.0,32.0,51.0,47.0,42.0,44.0,42.0
2025-12-25T11:00:58.110519,6588.247,2365,Pinky,motor_8_open,51.0,34.6875,3,30.0,29.0,28.0,30.0,30.0,28.0,30.0,30.0,29.0,32.0,32.0,51.0,47.0,42.0,44.0,43.0
2025-12-25T11:00:59.006471,6589.141,2366,Pinky,motor_9_flexed,51.0,34.625,3,30.0,29.0,28.0,30.0,30.0,28.0,30.0,30.0,29.0,32.0,32.0,51.0,47.0,42.0,44.0,42.0
2025-12-25T11:01:00.894371,6591.031,2366,Pinky,motor_9_open,51.0,34.625,3,30.0,29.0,28.0,30.0,30.0,28.0,30.0,30.0,29.0,32.0,32.0,51.0,47.0,42.0,44.0,42.0
2025-12-25T11:01:01.790331,6591.927,2367,Thumb,motor_13_flexed,51.0,34.625,3,30.0,29.0,28.0,30.0,30.0,28.0,30.0,30.0,29.0,32.0,32.0,51.0,47.0,42.0,44.0,42.0
2025-12-25T11:01:03.678224,6593.818,2367,Thumb,motor_13_open,51.0,34.625,3,30.0,29.0,28.0,30.0,30.0,28.0,30.0,30.0,29.0,32.0,32.0,51.0,47.0,42.0,44.0,42.0
2025-12-25T11:01:04.574175,6594.712,2368,Thumb,motor_14_flexed,51.0,34.5625,3,30.0,29.0,28.0,30.0,30.0,28.0,30.0,30.0,29.0,32.0,32.0,51.0,47.0,42.0,44.0,41.0
2025-12-25T11:01:06.462085,6596.599,2368,Thumb,motor_14_open,51.0,34.625,3,30.0,29.0,28.0,30.0,30.0,28.0,30.0,30.0,29.0,32.0,32.0,51.0,47.0,42.0,44.0,42.0
2025-12-25T11:01:07.358016,6597.494,2369,Thumb,motor_12_flexed,51.0,34.5,3,30.0,29.0,28.0,30.0,30.0,28.0,30.0,30.0,29.0,32.0,32.0,51.0,47.0,42.0,43.0,41.0
2025-12-25T11:01:09.245926,6599.384,2369,Thumb,motor_12_open,51.0,34.625,3,30.0,29.0,28.0,30.0,30.0,28.0,30.0,30.0,29.0,32.0,32.0,51.0,47.0,42.0,44.0,42.0
2025-12-25T11:01:10.141880,6600.279,2370,Index,motor_2_flexed,51.0,34.625,3,30.0,29.0,28.0,30.0,30.0,28.0,30.0,30.0,29.0,32.0,32.0,51.0,47.0,42.0,44.0,42.0
2025-12-25T11:01:12.029779,6602.166,2370,Index,motor_2_open,51.0,34.625,3,30.0,29.0,28.0,30.0,30.0,28.0,30.0,30.0,29.0,32.0,32.0,51.0,47.0,42.0,44.0,42.0
2025-12-25T11:01:12.925730,6603.062,2371,Index,motor_1_flexed,51.0,34.625,3,30.0,29.0,28.0,30.0,30.0,28.0,30.0,30.0,29.0,32.0,32.0,51.0,47.0,42.0,44.0,42.0
2025-12-25T11:01:14.813631,6604.953,2371,Index,motor_1_open,51.0,34.5625,3,30.0,29.0,28.0,30.0,30.0,28.0,30.0,30.0,29.0,32.0,32.0,51.0,47.0,42.0,44.0,41.0
2025-12-25T11:01:15.709594,6605.846,2372,Index,motor_3_flexed,51.0,34.625,3,30.0,29.0,28.0,30.0,30.0,28.0,30.0,30.0,29.0,32.0,32.0,51.0,47.0,42.0,44.0,42.0
2025-12-25T11:01:17.597482,6607.736,2372,Index,motor_3_open,51.0,34.625,3,30.0,29.0,28.0,30.0,30.0,28.0,30.0,30.0,29.0,32.0,32.0,51.0,47.0,42.0,44.0,42.0
2025-12-25T11:01:18.493431,6608.63,2373,Middle,motor_11_flexed,51.0,34.625,3,30.0,29.0,28.0,30.0,30.0,28.0,30.0,30.0,29.0,32.0,32.0,51.0,47.0,42.0,44.0,42.0
2025-12-25T11:01:20.381348,6610.521,2373,Middle,motor_11_open,51.0,34.625,3,31.0,29.0,28.0,30.0,30.0,28.0,30.0,30.0,29.0,32.0,32.0,51.0,47.0,42.0,44.0,41.0
2025-12-25T11:01:21.277287,6611.416,2374,Middle,motor_10_flexed,51.0,34.625,3,30.0,29.0,29.0,30.0,30.0,28.0,30.0,30.0,29.0,32.0,32.0,51.0,47.0,42.0,43.0,42.0
2025-12-25T11:01:23.165185,6613.303,2374,Middle,motor_10_open,51.0,34.6875,3,30.0,29.0,29.0,30.0,30.0,28.0,30.0,30.0,29.0,32.0,32.0,51.0,47.0,42.0,44.0,42.0
2025-12-25T11:01:24.061138,6614.197,2375,Ring,motor_4_flexed,51.0,34.625,3,31.0,29.0,28.0,30.0,30.0,28.0,30.0,30.0,29.0,32.0,32.0,51.0,47.0,42.0,44.0,41.0
2025-12-25T11:01:25.949037,6616.089,2375,Ring,motor_4_open,51.0,34.625,3,30.0,29.0,28.0,30.0,30.0,28.0,30.0,30.0,29.0,32.0,32.0,51.0,47.0,42.0,44.0,42.0
2025-12-25T11:01:26.844992,6616.985,2376,Ring,motor_5_flexed,51.0,34.5625,3,30.0,29.0,28.0,30.0,30.0,28.0,30.0,30.0,29.0,32.0,32.0,51.0,47.0,42.0,44.0,41.0
2025-12-25T11:01:28.732889,6618.871,2376,Ring,motor_5_open,51.0,34.625,3,30.0,29.0,28.0,30.0,30.0,28.0,30.0,30.0,29.0,32.0,32.0,51.0,47.0,42.0,44.0,42.0
2025-12-25T11:01:29.628859,6619.767,2377,Ring,motor_6_flexed,51.0,34.625,3,30.0,29.0,28.0,30.0,30.0,28.0,30.0,30.0,29.0,32.0,32.0,51.0,47.0,42.0,44.0,42.0
2025-12-25T11:01:31.516744,6621.656,2377,Ring,motor_6_open,51.0,34.5,3,30.0,29.0,28.0,30.0,30.0,28.0,30.0,30.0,29.0,32.0,32.0,51.0,47.0,42.0,43.0,41.0
2025-12-25T11:01:32.412694,6622.551,2378,Pinky,motor_7_flexed,51.0,34.5625,3,30.0,29.0,28.0,30.0,30.0,28.0,30.0,30.0,29.0,32.0,32.0,51.0,47.0,42.0,44.0,41.0
2025-12-25T11:01:34.300592,6624.44,2378,Pinky,motor_7_open,51.0,34.625,3,30.0,29.0,28.0,30.0,30.0,28.0,30.0,30.0,29.0,32.0,32.0,51.0,47.0,42.0,44.0,42.0
2025-12-25T11:01:35.196536,6625.333,2379,Pinky,motor_8_flexed,51.0,34.625,3,30.0,29.0,28.0,30.0,30.0,28.0,30.0,30.0,29.0,32.0,32.0,51.0,47.0,42.0,44.0,42.0
2025-12-25T11:01:37.084434,6627.223,2379,Pinky,motor_8_open,51.0,34.625,3,30.0,29.0,28.0,30.0,30.0,28.0,30.0,30.0,29.0,32.0,32.0,51.0,47.0,42.0,44.0,42.0
2025-12-25T11:01:37.980385,6628.112,2380,Pinky,motor_9_flexed,51.0,34.625,3,30.0,29.0,28.0,30.0,30.0,28.0,30.0,30.0,29.0,32.0,32.0,51.0,47.0,42.0,44.0,42.0
2025-12-25T11:01:39.868286,6630.005,2380,Pinky,motor_9_open,51.0,34.625,3,30.0,29.0,28.0,30.0,30.0,28.0,30.0,30.0,29.0,32.0,32.0,51.0,47.0,42.0,44.0,42.0
2025-12-25T11:01:40.764237,6630.895,2381,Thumb,motor_13_flexed,51.0,34.625,3,30.0,29.0,28.0,30.0,30.0,28.0,30.0,30.0,29.0,32.0,32.0,51.0,47.0,42.0,44.0,42.0
2025-12-25T11:01:42.652145,6632.788,2381,Thumb,motor_13_open,51.0,34.625,3,30.0,29.0,28.0,30.0,30.0,28.0,30.0,30.0,29.0,32.0,32.0,51.0,47.0,42.0,44.0,42.0
2025-12-25T11:01:43.548118,6633.689,2382,Thumb,motor_14_flexed,51.0,34.5625,3,30.0,29.0,28.0,30.0,30.0,28.0,30.0,30.0,29.0,32.0,32.0,51.0,47.0,42.0,44.0,41.0
2025-12-25T11:01:45.436018,6635.574,2382,Thumb,motor_14_open,51.0,34.625,3,30.0,29.0,28.0,30.0,30.0,28.0,30.0,30.0,29.0,32.0,32.0,51.0,47.0,42.0,44.0,42.0
2025-12-25T11:01:46.331971,6636.469,2383,Thumb,motor_12_flexed,51.0,34.625,3,30.0,29.0,28.0,30.0,30.0,28.0,30.0,30.0,29.0,32.0,32.0,51.0,47.0,42.0,44.0,42.0
2025-12-25T11:01:48.219843,6638.358,2383,Thumb,motor_12_open,51.0,34.6875,3,30.0,29.0,28.0,30.0,30.0,28.0,30.0,30.0,29.0,32.0,32.0,51.0,47.0,42.0,44.0,43.0
2025-12-25T11:01:49.115793,6639.255,2384,Index,motor_2_flexed,51.0,34.625,3,30.0,29.0,28.0,30.0,30.0,28.0,30.0,30.0,29.0,32.0,32.0,51.0,47.0,42.0,44.0,42.0
2025-12-25T11:01:51.003697,6641.14,2384,Index,motor_2_open,51.0,34.625,3,30.0,29.0,28.0,30.0,30.0,28.0,30.0,30.0,29.0,32.0,32.0,51.0,47.0,42.0,44.0,42.0
2025-12-25T11:01:51.899647,6642.04,2385,Index,motor_1_flexed,51.0,34.625,3,30.0,29.0,28.0,30.0,30.0,28.0,30.0,30.0,29.0,32.0,32.0,51.0,47.0,42.0,44.0,42.0
2025-12-25T11:01:53.787548,6643.926,2385,Index,motor_1_open,51.0,34.625,3,30.0,29.0,28.0,30.0,30.0,28.0,30.0,30.0,29.0,32.0,32.0,51.0,47.0,42.0,44.0,42.0
2025-12-25T11:01:54.683500,6644.823,2386,Index,motor_3_flexed,51.0,34.5625,3,30.0,29.0,28.0,30.0,30.0,28.0,30.0,30.0,29.0,32.0,32.0,51.0,47.0,42.0,44.0,41.0
2025-12-25T11:01:56.571399,6646.711,2386,Index,motor_3_open,51.0,34.625,3,30.0,29.0,28.0,30.0,30.0,28.0,30.0,30.0,29.0,32.0,32.0,51.0,47.0,42.0,44.0,42.0
2025-12-25T11:01:57.467351,6647.605,2387,Middle,motor_11_flexed,51.0,34.625,3,30.0,29.0,28.0,30.0,30.0,28.0,30.0,30.0,29.0,32.0,32.0,51.0,47.0,42.0,44.0,42.0
2025-12-25T11:01:59.355261,6649.492,2387,Middle,motor_11_open,51.0,34.625,3,30.0,29.0,28.0,30.0,30.0,28.0,30.0,30.0,29.0,32.0,32.0,51.0,47.0,42.0,44.0,42.0
2025-12-25T11:02:00.251211,6650.392,2388,Middle,motor_10_flexed,51.0,34.625,3,30.0,29.0,28.0,30.0,30.0,28.0,30.0,30.0,29.0,32.0,32.0,51.0,47.0,42.0,44.0,42.0
2025-12-25T11:02:02.139101,6652.278,2388,Middle,motor_10_open,51.0,34.5625,3,30.0,29.0,28.0,30.0,30.0,28.0,30.0,30.0,29.0,32.0,32.0,51.0,47.0,42.0,44.0,41.0
2025-12-25T11:02:03.035064,6653.172,2389,Ring,motor_4_flexed,51.0,34.5625,3,30.0,29.0,29.0,30.0,30.0,28.0,30.0,30.0,29.0,32.0,32.0,51.0,47.0,42.0,43.0,41.0
2025-12-25T11:02:04.922945,6655.057,2389,Ring,motor_4_open,51.0,34.5625,3,30.0,29.0,28.0,30.0,30.0,28.0,30.0,30.0,29.0,32.0,32.0,51.0,47.0,42.0,44.0,41.0
2025-12-25T11:02:05.818904,6655.953,2390,Ring,motor_5_flexed,51.0,34.625,3,30.0,29.0,28.0,30.0,30.0,28.0,30.0,30.0,29.0,32.0,32.0,51.0,47.0,42.0,44.0,42.0
2025-12-25T11:02:07.706806,6657.843,2390,Ring,motor_5_open,51.0,34.625,3,30.0,29.0,28.0,30.0,30.0,28.0,30.0,30.0,29.0,32.0,32.0,51.0,47.0,42.0,44.0,42.0
2025-12-25T11:02:08.602760,6658.742,2391,Ring,motor_6_flexed,51.0,34.5625,3,30.0,29.0,28.0,30.0,30.0,28.0,30.0,30.0,29.0,32.0,32.0,51.0,47.0,42.0,44.0,41.0
2025-12-25T11:02:10.186680,6660.329,2391,Ring,motor_6_flex_hold,51.0,34.625,3,30.0,29.0,28.0,30.0,30.0,28.0,30.0,30.0,29.0,32.0,32.0,51.0,47.0,42.0,44.0,42.0
2025-12-25T11:02:10.586662,6660.723,2391,Ring,motor_6_open,51.0,34.625,3,30.0,29.0,28.0,30.0,30.0,28.0,30.0,30.0,29.0,32.0,32.0,51.0,47.0,42.0,44.0,42.0
2025-12-25T11:02:11.482614,6661.619,2392,Pinky,motor_7_flexed,51.0,34.625,3,30.0,29.0,28.0,30.0,30.0,28.0,30.0,30.0,29.0,32.0,32.0,51.0,47.0,42.0,43.0,43.0
2025-12-25T11:02:13.370524,6663.509,2392,Pinky,motor_7_open,51.0,34.625,3,30.0,29.0,28.0,30.0,30.0,28.0,30.0,30.0,29.0,32.0,32.0,51.0,47.0,42.0,44.0,42.0
2025-12-25T11:02:14.266458,6664.405,2393,Pinky,motor_8_flexed,51.0,34.625,3,30.0,29.0,28.0,30.0,30.0,28.0,30.0,30.0,29.0,32.0,32.0,51.0,47.0,42.0,44.0,42.0
2025-12-25T11:02:16.154356,6666.292,2393,Pinky,motor_8_open,51.0,34.5625,3,30.0,29.0,28.0,30.0,30.0,28.0,30.0,30.0,29.0,32.0,32.0,51.0,47.0,42.0,44.0,41.0
2025-12-25T11:02:17.050308,6667.187,2394,Pinky,motor_9_flexed,51.0,34.625,3,30.0,29.0,28.0,30.0,30.0,28.0,30.0,30.0,29.0,32.0,32.0,51.0,47.0,42.0,44.0,42.0
2025-12-25T11:02:18.938207,6669.074,2394,Pinky,motor_9_open,51.0,34.625,3,30.0,29.0,28.0,30.0,30.0,28.0,30.0,30.0,29.0,32.0,32.0,51.0,47.0,42.0,44.0,42.0
2025-12-25T11:02:19.834159,6669.971,2395,Thumb,motor_13_flexed,51.0,34.625,3,30.0,29.0,28.0,30.0,30.0,28.0,30.0,30.0,29.0,32.0,32.0,51.0,47.0,42.0,44.0,42.0
2025-12-25T11:02:21.722067,6671.86,2395,Thumb,motor_13_open,51.0,34.625,3,30.0,29.0,28.0,30.0,30.0,28.0,30.0,30.0,29.0,32.0,32.0,51.0,47.0,42.0,44.0,42.0
2025-12-25T11:02:22.618022,6672.756,2396,Thumb,motor_14_flexed,51.0,34.625,3,30.0,29.0,28.0,30.0,30.0,28.0,30.0,30.0,29.0,32.0,32.0,51.0,47.0,42.0,45.0,41.0
2025-12-25T11:02:24.505910,6674.643,2396,Thumb,motor_14_open,51.0,34.625,3,30.0,29.0,28.0,30.0,30.0,28.0,30.0,30.0,29.0,32.0,32.0,51.0,47.0,42.0,44.0,42.0
2025-12-25T11:02:25.401862,6675.54,2397,Thumb,motor_12_flexed,51.0,34.5625,3,30.0,29.0,28.0,30.0,30.0,28.0,30.0,30.0,29.0,32.0,32.0,51.0,47.0,42.0,44.0,41.0
2025-12-25T11:02:27.289773,6677.429,2397,Thumb,motor_12_open,51.0,34.625,3,30.0,29.0,28.0,30.0,30.0,28.0,30.0,30.0,29.0,32.0,32.0,51.0,47.0,42.0,44.0,42.0
2025-12-25T11:02:28.185713,6678.322,2398,Index,motor_2_flexed,51.0,34.625,3,30.0,29.0,28.0,30.0,30.0,28.0,30.0,30.0,29.0,32.0,32.0,51.0,47.0,42.0,44.0,42.0
2025-12-25T11:02:30.073611,6680.209,2398,Index,motor_2_open,51.0,34.625,3,30.0,29.0,28.0,30.0,30.0,28.0,30.0,30.0,29.0,32.0,32.0,51.0,47.0,42.0,44.0,42.0
2025-12-25T11:02:30.969577,6681.107,2399,Index,motor_1_flexed,51.0,34.5625,3,30.0,29.0,28.0,30.0,30.0,28.0,30.0,30.0,29.0,32.0,32.0,51.0,47.0,42.0,44.0,41.0
2025-12-25T11:02:32.857476,6682.996,2399,Index,motor_1_open,51.0,34.625,3,30.0,29.0,28.0,30.0,30.0,28.0,30.0,30.0,29.0,32.0,32.0,51.0,47.0,42.0,44.0,42.0
2025-12-25T11:02:33.753428,6683.892,2400,Index,motor_3_flexed,51.0,34.625,3,30.0,29.0,28.0,30.0,30.0,28.0,30.0,30.0,29.0,32.0,32.0,51.0,47.0,42.0,44.0,42.0
2025-12-25T11:02:35.641337,6685.779,2400,Index,motor_3_open,51.0,34.625,3,30.0,29.0,28.0,30.0,30.0,28.0,30.0,30.0,29.0,32.0,32.0,51.0,47.0,42.0,44.0,42.0
2025-12-25T11:02:36.537296,6686.676,2401,Middle,motor_11_flexed,51.0,34.5625,3,30.0,29.0,28.0,30.0,30.0,28.0,30.0,30.0,29.0,32.0,32.0,51.0,47.0,42.0,43.0,42.0
2025-12-25T11:02:38.425179,6688.566,2401,Middle,motor_11_open,51.0,34.625,3,30.0,29.0,28.0,30.0,30.0,28.0,30.0,30.0,29.0,32.0,32.0,51.0,47.0,42.0,44.0,42.0
2025-12-25T11:02:39.321127,6689.455,2402,Middle,motor_10_flexed,51.0,34.625,3,30.0,29.0,28.0,30.0,30.0,28.0,30.0,30.0,29.0,32.0,32.0,51.0,47.0,42.0,44.0,42.0
2025-12-25T11:02:41.209030,6691.345,2402,Middle,motor_10_open,51.0,34.625,3,30.0,29.0,28.0,30.0,30.0,28.0,30.0,30.0,29.0,32.0,32.0,51.0,47.0,42.0,44.0,42.0
2025-12-25T11:02:42.104982,6692.243,2403,Ring,motor_4_flexed,51.0,34.625,3,30.0,29.0,28.0,30.0,30.0,28.0,30.0,30.0,29.0,32.0,32.0,51.0,47.0,42.0,44.0,42.0
2025-12-25T11:02:43.992876,6694.131,2403,Ring,motor_4_open,51.0,34.625,3,30.0,29.0,28.0,30.0,30.0,28.0,30.0,30.0,29.0,32.0,32.0,51.0,47.0,42.0,44.0,42.0
2025-12-25T11:02:44.888828,6695.027,2404,Ring,motor_5_flexed,51.0,34.5625,3,30.0,29.0,28.0,30.0,30.0,28.0,30.0,30.0,29.0,32.0,32.0,51.0,47.0,42.0,44.0,41.0
2025-12-25T11:02:46.776727,6696.914,2404,Ring,motor_5_open,51.0,34.625,3,30.0,29.0,28.0,30.0,30.0,28.0,30.0,30.0,29.0,32.0,32.0,51.0,47.0,42.0,44.0,42.0
2025-12-25T11:02:47.672680,6697.811,2405,Ring,motor_6_flexed,51.0,34.625,3,30.0,29.0,28.0,30.0,30.0,28.0,30.0,30.0,29.0,32.0,32.0,51.0,47.0,42.0,44.0,42.0
2025-12-25T11:02:49.560579,6699.699,2405,Ring,motor_6_open,51.0,34.625,3,30.0,29.0,28.0,30.0,30.0,28.0,30.0,30.0,29.0,32.0,32.0,51.0,47.0,42.0,44.0,42.0
2025-12-25T11:02:50.456524,6700.598,2406,Pinky,motor_7_flexed,51.0,34.625,3,30.0,29.0,28.0,30.0,30.0,28.0,30.0,30.0,29.0,32.0,32.0,51.0,47.0,42.0,44.0,42.0
2025-12-25T11:02:52.344429,6702.48,2406,Pinky,motor_7_open,51.0,34.625,3,30.0,29.0,28.0,30.0,30.0,28.0,30.0,30.0,29.0,32.0,32.0,51.0,47.0,42.0,44.0,42.0
2025-12-25T11:02:53.240381,6703.377,2407,Pinky,motor_8_flexed,51.0,34.625,3,30.0,29.0,28.0,30.0,30.0,28.0,30.0,30.0,29.0,32.0,32.0,51.0,47.0,42.0,44.0,42.0
2025-12-25T11:02:55.128272,6705.265,2407,Pinky,motor_8_open,51.0,34.625,3,30.0,29.0,28.0,30.0,30.0,28.0,30.0,30.0,29.0,32.0,32.0,51.0,47.0,42.0,44.0,42.0
2025-12-25T11:02:56.024222,6706.162,2408,Pinky,motor_9_flexed,51.0,34.625,3,30.0,29.0,28.0,30.0,30.0,28.0,30.0,30.0,29.0,32.0,32.0,51.0,47.0,42.0,44.0,42.0
2025-12-25T11:02:57.912131,6708.047,2408,Pinky,motor_9_open,51.0,34.5625,3,30.0,29.0,28.0,30.0,30.0,28.0,30.0,30.0,29.0,32.0,32.0,51.0,47.0,42.0,44.0,41.0
2025-12-25T11:02:58.808126,6708.946,2409,Thumb,motor_13_flexed,51.0,34.6875,3,30.0,29.0,28.0,30.0,30.0,28.0,30.0,30.0,29.0,32.0,32.0,51.0,47.0,42.0,44.0,43.0
2025-12-25T11:03:00.696011,6710.837,2409,Thumb,motor_13_open,51.0,34.6875,3,30.0,29.0,28.0,30.0,30.0,29.0,30.0,30.0,29.0,32.0,32.0,51.0,47.0,42.0,44.0,42.0
2025-12-25T11:03:01.591949,6711.731,2410,Thumb,motor_14_flexed,51.0,34.625,3,30.0,29.0,28.0,30.0,30.0,28.0,30.0,30.0,29.0,32.0,32.0,51.0,47.0,42.0,44.0,42.0
2025-12-25T11:03:03.479861,6713.621,2410,Thumb,motor_14_open,51.0,34.5625,3,30.0,29.0,28.0,30.0,30.0,28.0,30.0,30.0,29.0,32.0,32.0,51.0,47.0,42.0,44.0,41.0
2025-12-25T11:03:04.375814,6714.514,2411,Thumb,motor_12_flexed,51.0,34.5,3,30.0,29.0,28.0,30.0,30.0,28.0,30.0,30.0,29.0,32.0,32.0,51.0,47.0,42.0,42.0,42.0
2025-12-25T11:03:06.263717,6716.401,2411,Thumb,motor_12_open,51.0,34.625,3,30.0,29.0,28.0,30.0,30.0,28.0,30.0,30.0,29.0,32.0,32.0,51.0,47.0,42.0,44.0,42.0
2025-12-25T11:03:07.159666,6717.299,2412,Index,motor_2_flexed,51.0,34.5625,3,30.0,29.0,28.0,30.0,30.0,28.0,30.0,30.0,29.0,32.0,32.0,51.0,47.0,42.0,44.0,41.0
2025-12-25T11:03:09.047566,6719.189,2412,Index,motor_2_open,51.0,34.625,3,30.0,29.0,28.0,30.0,30.0,28.0,30.0,30.0,29.0,32.0,32.0,51.0,47.0,42.0,44.0,42.0
2025-12-25T11:03:09.943519,6720.081,2413,Index,motor_1_flexed,51.0,34.625,3,30.0,29.0,28.0,30.0,30.0,28.0,30.0,30.0,29.0,32.0,32.0,51.0,47.0,42.0,44.0,42.0
2025-12-25T11:03:11.831417,6721.971,2413,Index,motor_1_open,51.0,34.625,3,30.0,29.0,28.0,30.0,30.0,28.0,30.0,30.0,29.0,32.0,32.0,51.0,47.0,42.0,44.0,42.0
2025-12-25T11:03:12.727388,6722.863,2414,Index,motor_3_flexed,51.0,34.625,3,30.0,29.0,28.0,30.0,30.0,28.0,30.0,30.0,29.0,32.0,32.0,51.0,47.0,42.0,44.0,42.0
2025-12-25T11:03:14.615286,6724.755,2414,Index,motor_3_open,51.0,34.6875,3,30.0,29.0,28.0,30.0,30.0,28.0,30.0,30.0,29.0,32.0,32.0,51.0,47.0,42.0,44.0,43.0
2025-12-25T11:03:15.511241,6725.651,2415,Middle,motor_11_flexed,51.0,34.625,3,30.0,29.0,28.0,30.0,30.0,28.0,30.0,30.0,29.0,32.0,32.0,51.0,47.0,42.0,44.0,42.0
2025-12-25T11:03:17.399139,6727.539,2415,Middle,motor_11_open,51.0,34.5625,3,30.0,29.0,28.0,30.0,30.0,28.0,30.0,30.0,29.0,32.0,32.0,51.0,47.0,42.0,44.0,41.0
2025-12-25T11:03:18.295064,6728.432,2416,Middle,motor_10_flexed,51.0,34.625,3,30.0,29.0,28.0,30.0,30.0,28.0,30.0,30.0,29.0,32.0,32.0,51.0,47.0,42.0,44.0,42.0
2025-12-25T11:03:20.182967,6730.324,2416,Middle,motor_10_open,51.0,34.5625,3,30.0,29.0,28.0,30.0,30.0,28.0,30.0,30.0,29.0,32.0,32.0,51.0,47.0,42.0,44.0,41.0
2025-12-25T11:03:21.078939,6731.217,2417,Ring,motor_4_flexed,51.0,34.625,3,30.0,29.0,28.0,30.0,30.0,28.0,30.0,30.0,29.0,32.0,32.0,51.0,47.0,42.0,44.0,42.0
2025-12-25T11:03:22.966838,6733.104,2417,Ring,motor_4_open,51.0,34.625,3,30.0,29.0,28.0,30.0,30.0,28.0,30.0,30.0,29.0,32.0,32.0,51.0,47.0,42.0,44.0,42.0
2025-12-25T11:03:23.862775,6734.001,2418,Ring,motor_5_flexed,51.0,34.5625,3,30.0,29.0,28.0,30.0,30.0,28.0,30.0,30.0,29.0,32.0,32.0,51.0,47.0,42.0,44.0,41.0
2025-12-25T11:03:25.750663,6735.889,2418,Ring,motor_5_open,51.0,34.625,3,30.0,29.0,28.0,30.0,30.0,28.0,30.0,30.0,29.0,32.0,32.0,51.0,47.0,42.0,44.0,42.0
2025-12-25T11:03:26.646643,6736.785,2419,Ring,motor_6_flexed,51.0,34.625,3,30.0,29.0,28.0,30.0,30.0,28.0,30.0,30.0,29.0,32.0,32.0,51.0,47.0,42.0,44.0,42.0
2025-12-25T11:03:28.534542,6738.672,2419,Ring,motor_6_open,51.0,34.6875,3,30.0,29.0,28.0,30.0,30.0,28.0,30.0,30.0,29.0,32.0,32.0,51.0,47.0,42.0,44.0,43.0
2025-12-25T11:03:29.430501,6739.567,2420,Pinky,motor_7_flexed,51.0,34.625,3,30.0,29.0,28.0,30.0,30.0,28.0,30.0,30.0,29.0,32.0,32.0,51.0,47.0,42.0,44.0,42.0
2025-12-25T11:03:31.318378,6741.457,2420,Pinky,motor_7_open,51.0,34.5625,3,30.0,29.0,28.0,30.0,30.0,28.0,30.0,30.0,29.0,32.0,32.0,51.0,47.0,42.0,43.0,42.0
2025-12-25T11:03:32.214333,6742.352,2421,Pinky,motor_8_flexed,51.0,34.625,3,30.0,29.0,28.0,30.0,30.0,28.0,30.0,30.0,29.0,32.0,32.0,51.0,47.0,42.0,44.0,42.0
2025-12-25T11:03:34.102241,6744.242,2421,Pinky,motor_8_open,51.0,34.625,3,30.0,29.0,28.0,30.0,30.0,28.0,30.0,30.0,29.0,32.0,32.0,51.0,47.0,42.0,44.0,42.0
2025-12-25T11:03:34.998170,6745.134,2422,Pinky,motor_9_flexed,51.0,34.625,3,30.0,29.0,28.0,30.0,30.0,28.0,30.0,30.0,29.0,32.0,32.0,51.0,47.0,42.0,44.0,42.0
2025-12-25T11:03:36.886083,6747.026,2422,Pinky,motor_9_open,51.0,34.625,3,30.0,29.0,28.0,30.0,30.0,28.0,30.0,30.0,29.0,32.0,32.0,51.0,47.0,42.0,44.0,42.0
2025-12-25T11:03:37.782021,6747.921,2423,Thumb,motor_13_flexed,51.0,34.5625,3,30.0,29.0,28.0,30.0,30.0,28.0,30.0,30.0,29.0,32.0,32.0,51.0,47.0,42.0,44.0,41.0
2025-12-25T11:03:39.669939,6749.807,2423,Thumb,motor_13_open,51.0,34.625,3,30.0,29.0,28.0,30.0,30.0,28.0,30.0,30.0,29.0,32.0,32.0,51.0,47.0,42.0,44.0,42.0
2025-12-25T11:03:40.565888,6750.704,2424,Thumb,motor_14_flexed,51.0,34.625,3,30.0,29.0,28.0,30.0,30.0,28.0,30.0,30.0,29.0,32.0,32.0,51.0,47.0,42.0,44.0,42.0
2025-12-25T11:03:42.453801,6752.59,2424,Thumb,motor_14_open,51.0,34.625,3,30.0,29.0,28.0,30.0,30.0,28.0,30.0,30.0,29.0,32.0,32.0,51.0,47.0,42.0,44.0,42.0
2025-12-25T11:03:43.349765,6753.488,2425,Thumb,motor_12_flexed,51.0,34.625,3,30.0,29.0,28.0,30.0,30.0,28.0,30.0,30.0,29.0,32.0,32.0,51.0,47.0,42.0,44.0,42.0
2025-12-25T11:03:45.237638,6755.378,2425,Thumb,motor_12_open,51.0,34.625,3,30.0,29.0,28.0,30.0,30.0,28.0,30.0,30.0,29.0,32.0,32.0,51.0,47.0,42.0,44.0,42.0
2025-12-25T11:03:46.133596,6756.269,2426,Index,motor_2_flexed,51.0,34.625,3,30.0,29.0,28.0,30.0,30.0,28.0,30.0,30.0,29.0,32.0,32.0,51.0,47.0,42.0,44.0,42.0
2025-12-25T11:03:48.021477,6758.158,2426,Index,motor_2_open,51.0,34.625,3,30.0,29.0,28.0,30.0,30.0,28.0,30.0,30.0,29.0,32.0,32.0,51.0,47.0,42.0,44.0,42.0
2025-12-25T11:03:48.917416,6759.056,2427,Index,motor_1_flexed,51.0,34.5625,3,30.0,29.0,28.0,30.0,30.0,28.0,30.0,30.0,29.0,32.0,32.0,51.0,47.0,42.0,44.0,41.0
2025-12-25T11:03:50.805314,6760.942,2427,Index,motor_1_open,51.0,34.625,3,30.0,29.0,28.0,30.0,30.0,28.0,30.0,30.0,29.0,32.0,32.0,51.0,47.0,42.0,44.0,42.0
2025-12-25T11:03:51.701310,6761.84,2428,Index,motor_3_flexed,51.0,34.625,3,30.0,29.0,28.0,30.0,30.0,28.0,30.0,30.0,29.0,32.0,32.0,51.0,47.0,42.0,44.0,42.0
2025-12-25T11:03:53.589204,6763.727,2428,Index,motor_3_open,51.0,34.625,3,30.0,29.0,28.0,30.0,30.0,28.0,30.0,30.0,29.0,32.0,32.0,51.0,47.0,42.0,44.0,42.0
2025-12-25T11:03:54.485167,6764.624,2429,Middle,motor_11_flexed,51.0,34.5625,3,30.0,29.0,28.0,30.0,30.0,28.0,30.0,30.0,29.0,32.0,32.0,51.0,47.0,42.0,44.0,41.0
2025-12-25T11:03:56.373048,6766.511,2429,Middle,motor_11_open,51.0,34.5625,3,30.0,29.0,28.0,30.0,30.0,28.0,30.0,30.0,29.0,32.0,32.0,51.0,47.0,42.0,44.0,41.0
2025-12-25T11:03:57.269027,6767.406,2430,Middle,motor_10_flexed,51.0,34.5625,3,30.0,29.0,28.0,30.0,30.0,28.0,30.0,30.0,29.0,32.0,32.0,51.0,47.0,42.0,43.0,42.0
2025-12-25T11:03:59.156912,6769.297,2430,Middle,motor_10_open,51.0,34.625,3,30.0,29.0,28.0,30.0,30.0,28.0,30.0,30.0,29.0,32.0,32.0,51.0,47.0,42.0,44.0,42.0
2025-12-25T11:04:00.052863,6770.193,2431,Ring,motor_4_flexed,51.0,34.625,3,30.0,29.0,28.0,30.0,30.0,28.0,30.0,30.0,29.0,32.0,32.0,51.0,47.0,42.0,44.0,42.0
2025-12-25T11:04:01.940736,6772.082,2431,Ring,motor_4_open,51.0,34.625,3,30.0,29.0,28.0,30.0,30.0,28.0,30.0,30.0,29.0,32.0,32.0,51.0,47.0,42.0,44.0,42.0
2025-12-25T11:04:02.836715,6772.978,2432,Ring,motor_5_flexed,51.0,34.625,3,30.0,29.0,28.0,30.0,30.0,28.0,30.0,30.0,29.0,32.0,32.0,51.0,47.0,42.0,44.0,42.0
2025-12-25T11:04:04.724590,6774.863,2432,Ring,motor_5_open,51.0,34.625,3,30.0,29.0,28.0,30.0,30.0,28.0,30.0,30.0,29.0,32.0,32.0,51.0,47.0,42.0,44.0,42.0
2025-12-25T11:04:05.620564,6775.761,2433,Ring,motor_6_flexed,51.0,34.5625,3,30.0,29.0,28.0,30.0,30.0,28.0,30.0,30.0,29.0,32.0,32.0,51.0,47.0,42.0,44.0,41.0
2025-12-25T11:04:07.508440,6777.649,2433,Ring,motor_6_open,51.0,34.5625,3,30.0,29.0,28.0,30.0,29.0,28.0,30.0,30.0,29.0,32.0,32.0,51.0,47.0,42.0,44.0,42.0
2025-12-25T11:04:08.404396,6778.543,2434,Pinky,motor_7_flexed,51.0,34.625,3,30.0,29.0,28.0,30.0,30.0,28.0,30.0,30.0,29.0,32.0,32.0,51.0,47.0,42.0,44.0,42.0
2025-12-25T11:04:09.988308,6780.131,2434,Pinky,motor_7_flex_hold,51.0,34.625,3,30.0,29.0,28.0,30.0,30.0,28.0,30.0,30.0,29.0,32.0,32.0,51.0,47.0,42.0,44.0,42.0
2025-12-25T11:04:10.388313,6780.529,2434,Pinky,motor_7_open,51.0,34.625,3,30.0,29.0,28.0,30.0,30.0,28.0,30.0,30.0,29.0,32.0,32.0,51.0,47.0,42.0,44.0,42.0
2025-12-25T11:04:11.284261,6781.422,2435,Pinky,motor_8_flexed,51.0,34.625,3,30.0,29.0,28.0,30.0,30.0,28.0,30.0,30.0,29.0,32.0,32.0,51.0,47.0,42.0,44.0,42.0
2025-12-25T11:04:13.172156,6783.311,2435,Pinky,motor_8_open,51.0,34.5625,3,30.0,29.0,28.0,30.0,30.0,28.0,30.0,30.0,29.0,32.0,32.0,51.0,47.0,42.0,44.0,41.0
2025-12-25T11:04:14.068090,6784.209,2436,Pinky,motor_9_flexed,51.0,34.5625,3,30.0,29.0,28.0,30.0,30.0,28.0,30.0,30.0,29.0,32.0,32.0,51.0,47.0,42.0,44.0,41.0
2025-12-25T11:04:15.956003,6786.098,2436,Pinky,motor_9_open,51.0,34.5625,3,30.0,29.0,28.0,30.0,30.0,28.0,30.0,30.0,29.0,32.0,32.0,51.0,47.0,42.0,44.0,41.0
2025-12-25T11:04:16.851969,6786.991,2437,Thumb,motor_13_flexed,51.0,34.625,3,30.0,29.0,28.0,30.0,30.0,28.0,30.0,30.0,29.0,32.0,32.0,51.0,47.0,42.0,44.0,42.0
2025-12-25T11:04:18.739867,6788.879,2437,Thumb,motor_13_open,51.0,34.625,3,30.0,29.0,28.0,30.0,30.0,28.0,30.0,30.0,29.0,32.0,32.0,51.0,47.0,42.0,44.0,42.0
2025-12-25T11:04:19.635789,6789.774,2438,Thumb,motor_14_flexed,51.0,34.625,3,30.0,29.0,28.0,30.0,30.0,28.0,30.0,30.0,29.0,32.0,32.0,51.0,47.0,42.0,44.0,42.0
2025-12-25T11:04:21.523690,6791.661,2438,Thumb,motor_14_open,51.0,34.5625,3,30.0,29.0,28.0,30.0,30.0,28.0,30.0,30.0,29.0,32.0,32.0,51.0,47.0,42.0,44.0,41.0
2025-12-25T11:04:22.419646,6792.557,2439,Thumb,motor_12_flexed,51.0,34.625,3,30.0,29.0,28.0,30.0,30.0,28.0,30.0,30.0,29.0,32.0,32.0,51.0,47.0,42.0,44.0,42.0
2025-12-25T11:04:24.307540,6794.446,2439,Thumb,motor_12_open,51.0,34.625,3,30.0,29.0,28.0,30.0,30.0,28.0,30.0,30.0,29.0,32.0,32.0,51.0,47.0,42.0,44.0,42.0
2025-12-25T11:04:25.203488,6795.341,2440,Index,motor_2_flexed,51.0,34.5625,3,30.0,29.0,28.0,30.0,30.0,28.0,30.0,30.0,29.0,32.0,32.0,51.0,47.0,42.0,44.0,41.0
2025-12-25T11:04:27.091398,6797.23,2440,Index,motor_2_open,51.0,34.5,3,30.0,29.0,28.0,30.0,30.0,28.0,30.0,30.0,29.0,32.0,32.0,51.0,47.0,42.0,44.0,40.0
2025-12-25T11:04:27.987345,6798.125,2441,Index,motor_1_flexed,51.0,34.5625,3,30.0,29.0,28.0,30.0,30.0,28.0,30.0,30.0,29.0,32.0,32.0,51.0,47.0,42.0,44.0,41.0
2025-12-25T11:04:29.875246,6800.009,2441,Index,motor_1_open,51.0,34.625,3,30.0,29.0,28.0,30.0,30.0,28.0,30.0,30.0,29.0,32.0,32.0,51.0,47.0,42.0,44.0,42.0
2025-12-25T11:04:30.771198,6800.909,2442,Index,motor_3_flexed,51.0,34.5625,3,30.0,29.0,28.0,30.0,30.0,28.0,30.0,30.0,29.0,32.0,32.0,51.0,47.0,42.0,43.0,42.0
2025-12-25T11:04:32.659098,6802.799,2442,Index,motor_3_open,51.0,34.625,3,30.0,29.0,28.0,30.0,30.0,28.0,30.0,30.0,29.0,32.0,32.0,51.0,47.0,42.0,44.0,42.0
2025-12-25T11:04:33.555050,6803.693,2443,Middle,motor_11_flexed,51.0,34.625,3,30.0,29.0,28.0,30.0,30.0,28.0,30.0,30.0,29.0,32.0,32.0,51.0,47.0,42.0,44.0,42.0
2025-12-25T11:04:35.442940,6805.579,2443,Middle,motor_11_open,51.0,34.625,3,30.0,29.0,28.0,30.0,30.0,28.0,30.0,30.0,29.0,32.0,32.0,51.0,47.0,42.0,44.0,42.0
2025-12-25T11:04:36.338897,6806.471,2444,Middle,motor_10_flexed,51.0,34.625,3,30.0,29.0,28.0,30.0,30.0,28.0,30.0,30.0,29.0,32.0,32.0,51.0,47.0,42.0,44.0,42.0
2025-12-25T11:04:38.226788,6808.363,2444,Middle,motor_10_open,51.0,34.625,3,30.0,29.0,28.0,30.0,30.0,28.0,30.0,30.0,29.0,32.0,32.0,51.0,47.0,42.0,44.0,42.0
2025-12-25T11:04:39.122742,6809.256,2445,Ring,motor_4_flexed,51.0,34.5625,3,30.0,29.0,28.0,30.0,30.0,28.0,30.0,30.0,29.0,32.0,32.0,51.0,47.0,42.0,44.0,41.0
2025-12-25T11:04:41.026649,6811.157,2445,Ring,motor_4_open,51.0,34.625,3,30.0,29.0,28.0,30.0,30.0,28.0,30.0,30.0,29.0,32.0,32.0,51.0,47.0,42.0,44.0,42.0
2025-12-25T11:04:41.922591,6812.058,2446,Ring,motor_5_flexed,51.0,34.5625,3,30.0,29.0,28.0,30.0,30.0,28.0,30.0,30.0,29.0,32.0,32.0,51.0,47.0,42.0,44.0,41.0
2025-12-25T11:04:43.810488,6813.942,2446,Ring,motor_5_open,51.0,34.625,3,30.0,29.0,28.0,30.0,30.0,28.0,30.0,30.0,29.0,32.0,32.0,51.0,47.0,42.0,44.0,42.0
2025-12-25T11:04:44.706441,6814.837,2447,Ring,motor_6_flexed,51.0,34.625,3,30.0,29.0,28.0,30.0,30.0,28.0,30.0,30.0,29.0,32.0,32.0,51.0,47.0,42.0,44.0,42.0
2025-12-25T11:04:46.594340,6816.727,2447,Ring,motor_6_open,51.0,34.625,3,30.0,29.0,28.0,30.0,30.0,28.0,30.0,30.0,29.0,32.0,32.0,51.0,47.0,42.0,44.0,42.0
2025-12-25T11:04:47.490295,6817.621,2448,Pinky,motor_7_flexed,51.0,34.5,3,30.0,29.0,28.0,30.0,30.0,28.0,30.0,30.0,29.0,32.0,32.0,51.0,47.0,42.0,44.0,40.0
2025-12-25T11:04:49.378196,6819.515,2448,Pinky,motor_7_open,51.0,34.5625,3,30.0,29.0,28.0,30.0,30.0,28.0,30.0,30.0,29.0,32.0,32.0,51.0,47.0,42.0,44.0,41.0
2025-12-25T11:04:50.274159,6820.406,2449,Pinky,motor_8_flexed,51.0,34.5625,3,30.0,29.0,28.0,30.0,30.0,28.0,30.0,30.0,29.0,32.0,32.0,51.0,47.0,42.0,44.0,41.0
2025-12-25T11:04:52.162048,6822.299,2449,Pinky,motor_8_open,51.0,34.5625,3,30.0,29.0,28.0,30.0,30.0,28.0,30.0,30.0,29.0,32.0,32.0,51.0,47.0,42.0,44.0,41.0
2025-12-25T11:04:53.058013,6823.194,2450,Pinky,motor_9_flexed,51.0,34.625,3,30.0,29.0,28.0,30.0,30.0,28.0,30.0,30.0,29.0,32.0,32.0,51.0,47.0,42.0,44.0,42.0
2025-12-25T11:04:54.945931,6825.083,2450,Pinky,motor_9_open,51.0,34.625,3,30.0,29.0,28.0,30.0,30.0,28.0,30.0,30.0,29.0,32.0,32.0,51.0,47.0,42.0,44.0,42.0
2025-12-25T11:04:55.841864,6825.981,2451,Thumb,motor_13_flexed,51.0,34.625,3,30.0,29.0,28.0,30.0,30.0,28.0,30.0,30.0,29.0,32.0,32.0,51.0,47.0,42.0,44.0,42.0
2025-12-25T11:04:57.729762,6827.861,2451,Thumb,motor_13_open,51.0,34.5625,3,30.0,29.0,28.0,30.0,30.0,28.0,30.0,30.0,29.0,32.0,32.0,51.0,47.0,42.0,44.0,41.0
2025-12-25T11:04:58.625715,6828.762,2452,Thumb,motor_14_flexed,51.0,34.5625,3,30.0,29.0,28.0,30.0,30.0,28.0,30.0,30.0,29.0,32.0,32.0,51.0,47.0,42.0,44.0,41.0
2025-12-25T11:05:00.513601,6830.647,2452,Thumb,motor_14_open,51.0,34.625,3,30.0,29.0,28.0,30.0,30.0,28.0,30.0,30.0,29.0,32.0,32.0,51.0,47.0,42.0,44.0,42.0
2025-12-25T11:05:01.409555,6831.547,2453,Thumb,motor_12_flexed,51.0,34.625,3,30.0,29.0,28.0,30.0,30.0,28.0,30.0,30.0,29.0,32.0,32.0,51.0,47.0,42.0,44.0,42.0
2025-12-25T11:05:03.297451,6833.429,2453,Thumb,motor_12_open,51.0,34.625,3,30.0,29.0,28.0,30.0,30.0,28.0,30.0,30.0,29.0,32.0,32.0,51.0,47.0,42.0,44.0,42.0
2025-12-25T11:05:04.193422,6834.325,2454,Index,motor_2_flexed,51.0,34.625,3,30.0,29.0,28.0,30.0,30.0,28.0,30.0,30.0,29.0,32.0,32.0,51.0,47.0,42.0,44.0,42.0
2025-12-25T11:05:06.081317,6836.214,2454,Index,motor_2_open,51.0,34.625,3,30.0,29.0,28.0,30.0,30.0,28.0,30.0,30.0,29.0,32.0,32.0,51.0,47.0,42.0,44.0,42.0
2025-12-25T11:05:06.977269,6837.114,2455,Index,motor_1_flexed,51.0,34.5625,3,30.0,29.0,28.0,30.0,30.0,28.0,30.0,30.0,29.0,32.0,32.0,51.0,47.0,42.0,43.0,42.0
2025-12-25T11:05:08.865167,6839.005,2455,Index,motor_1_open,51.0,34.625,3,30.0,29.0,28.0,30.0,30.0,28.0,30.0,30.0,29.0,32.0,32.0,51.0,47.0,42.0,44.0,42.0
2025-12-25T11:05:09.761121,6839.9,2456,Index,motor_3_flexed,51.0,34.5625,3,30.0,29.0,28.0,30.0,30.0,28.0,30.0,30.0,29.0,32.0,32.0,51.0,47.0,42.0,44.0,41.0
2025-12-25T11:05:10.849066,6840.987,2456,Index,motor_3_flex_hold,51.0,34.625,3,30.0,29.0,28.0,30.0,30.0,28.0,30.0,30.0,29.0,32.0,32.0,51.0,47.0,42.0,44.0,42.0
2025-12-25T11:05:11.649020,6841.786,2456,Index,motor_3_open,51.0,34.625,3,30.0,29.0,28.0,30.0,30.0,28.0,30.0,30.0,29.0,32.0,32.0,51.0,47.0,42.0,44.0,42.0
2025-12-25T11:05:12.544964,6842.681,2457,Middle,motor_11_flexed,51.0,34.5625,3,30.0,29.0,28.0,30.0,30.0,28.0,30.0,30.0,29.0,32.0,32.0,51.0,47.0,42.0,44.0,41.0
2025-12-25T11:05:14.432876,6844.572,2457,Middle,motor_11_open,51.0,34.625,3,30.0,29.0,28.0,30.0,30.0,28.0,30.0,30.0,29.0,32.0,32.0,51.0,47.0,42.0,44.0,42.0
2025-12-25T11:05:15.328817,6845.467,2458,Middle,motor_10_flexed,51.0,34.625,3,30.0,29.0,28.0,30.0,30.0,28.0,30.0,30.0,29.0,32.0,32.0,51.0,47.0,42.0,44.0,42.0
2025-12-25T11:05:17.216716,6847.354,2458,Middle,motor_10_open,51.0,34.5625,3,30.0,29.0,28.0,30.0,30.0,28.0,30.0,30.0,29.0,32.0,32.0,51.0,47.0,42.0,44.0,41.0
2025-12-25T11:05:18.112678,6848.252,2459,Ring,motor_4_flexed,51.0,34.625,3,30.0,29.0,28.0,30.0,30.0,28.0,30.0,30.0,29.0,32.0,32.0,51.0,47.0,42.0,44.0,42.0
2025-12-25T11:05:20.000568,6850.139,2459,Ring,motor_4_open,51.0,34.625,3,30.0,29.0,28.0,30.0,30.0,28.0,30.0,30.0,29.0,32.0,32.0,51.0,47.0,42.0,44.0,42.0
2025-12-25T11:05:20.896519,6851.033,2460,Ring,motor_5_flexed,51.0,34.625,3,30.0,29.0,28.0,30.0,30.0,28.0,30.0,30.0,29.0,32.0,32.0,51.0,47.0,42.0,44.0,42.0
2025-12-25T11:05:22.784419,6852.917,2460,Ring,motor_5_open,51.0,34.5625,3,30.0,29.0,28.0,30.0,30.0,28.0,30.0,30.0,29.0,32.0,32.0,51.0,47.0,42.0,44.0,41.0
2025-12-25T11:05:23.680368,6853.815,2461,Ring,motor_6_flexed,51.0,34.625,3,30.0,29.0,28.0,30.0,30.0,28.0,30.0,30.0,29.0,32.0,32.0,51.0,47.0,42.0,44.0,42.0
2025-12-25T11:05:25.568267,6855.704,2461,Ring,motor_6_open,51.0,34.625,3,30.0,29.0,28.0,30.0,30.0,28.0,30.0,30.0,29.0,32.0,32.0,51.0,47.0,42.0,44.0,42.0
2025-12-25T11:05:26.464219,6856.595,2462,Pinky,motor_7_flexed,51.0,34.5625,3,30.0,29.0,28.0,30.0,30.0,28.0,30.0,30.0,29.0,32.0,32.0,51.0,47.0,42.0,44.0,41.0
2025-12-25T11:05:28.352120,6858.486,2462,Pinky,motor_7_open,51.0,34.625,3,30.0,29.0,28.0,30.0,30.0,28.0,30.0,30.0,29.0,32.0,32.0,51.0,47.0,42.0,44.0,42.0
2025-12-25T11:05:29.248072,6859.384,2463,Pinky,motor_8_flexed,51.0,34.625,3,30.0,29.0,28.0,30.0,30.0,28.0,30.0,30.0,29.0,32.0,32.0,51.0,47.0,42.0,44.0,42.0
2025-12-25T11:05:31.135971,6861.272,2463,Pinky,motor_8_open,51.0,34.625,3,30.0,29.0,28.0,30.0,30.0,28.0,30.0,30.0,29.0,32.0,32.0,51.0,47.0,42.0,44.0,42.0
2025-12-25T11:05:32.031922,6862.163,2464,Pinky,motor_9_flexed,51.0,34.625,3,30.0,29.0,28.0,30.0,30.0,28.0,30.0,30.0,29.0,32.0,32.0,51.0,47.0,42.0,44.0,42.0
2025-12-25T11:05:33.919830,6864.056,2464,Pinky,motor_9_open,51.0,34.625,3,30.0,29.0,28.0,30.0,30.0,28.0,30.0,30.0,29.0,32.0,32.0,51.0,47.0,42.0,44.0,42.0
2025-12-25T11:05:34.815778,6864.952,2465,Thumb,motor_13_flexed,51.0,34.625,3,30.0,29.0,28.0,30.0,30.0,28.0,30.0,30.0,29.0,32.0,32.0,51.0,47.0,42.0,44.0,42.0
2025-12-25T11:05:36.703676,6866.838,2465,Thumb,motor_13_open,51.0,34.625,3,30.0,29.0,28.0,30.0,30.0,28.0,30.0,30.0,29.0,32.0,32.0,51.0,47.0,42.0,44.0,42.0
2025-12-25T11:05:37.599627,6867.737,2466,Thumb,motor_14_flexed,51.0,34.625,3,30.0,29.0,28.0,30.0,30.0,28.0,30.0,30.0,29.0,32.0,32.0,51.0,47.0,42.0,44.0,42.0
2025-12-25T11:05:39.487540,6869.625,2466,Thumb,motor_14_open,51.0,34.625,3,30.0,29.0,28.0,30.0,30.0,28.0,30.0,30.0,29.0,32.0,32.0,51.0,47.0,42.0,44.0,42.0
2025-12-25T11:05:40.383493,6870.521,2467,Thumb,motor_12_flexed,51.0,34.625,3,30.0,29.0,28.0,30.0,30.0,28.0,30.0,30.0,29.0,32.0,32.0,51.0,47.0,42.0,44.0,42.0
2025-12-25T11:05:42.271417,6872.408,2467,Thumb,motor_12_open,51.0,34.5625,3,30.0,29.0,28.0,30.0,30.0,28.0,30.0,30.0,29.0,32.0,32.0,51.0,47.0,42.0,44.0,41.0
2025-12-25T11:05:43.167353,6873.309,2468,Index,motor_2_flexed,51.0,34.625,3,30.0,29.0,28.0,30.0,30.0,28.0,30.0,30.0,29.0,32.0,32.0,51.0,47.0,42.0,44.0,42.0
2025-12-25T11:05:45.055233,6875.192,2468,Index,motor_2_open,51.0,34.5625,3,30.0,29.0,28.0,30.0,30.0,28.0,30.0,30.0,29.0,32.0,32.0,51.0,47.0,42.0,44.0,41.0
2025-12-25T11:05:45.951184,6876.089,2469,Index,motor_1_flexed,51.0,34.625,3,30.0,29.0,28.0,30.0,30.0,28.0,30.0,30.0,29.0,32.0,32.0,51.0,47.0,42.0,44.0,42.0
2025-12-25T11:05:47.839094,6877.976,2469,Index,motor_1_open,51.0,34.625,3,30.0,29.0,28.0,30.0,30.0,28.0,30.0,30.0,29.0,32.0,32.0,51.0,47.0,42.0,44.0,42.0
2025-12-25T11:05:48.735035,6878.875,2470,Index,motor_3_flexed,51.0,34.625,3,30.0,29.0,28.0,30.0,30.0,28.0,30.0,30.0,29.0,32.0,32.0,51.0,47.0,42.0,44.0,42.0
2025-12-25T11:05:50.622935,6880.76,2470,Index,motor_3_open,51.0,34.5625,3,30.0,29.0,28.0,30.0,30.0,28.0,30.0,30.0,29.0,32.0,32.0,51.0,47.0,42.0,44.0,41.0
2025-12-25T11:05:51.518884,6881.651,2471,Middle,motor_11_flexed,51.0,34.625,3,30.0,29.0,28.0,30.0,30.0,28.0,30.0,30.0,29.0,32.0,32.0,51.0,47.0,42.0,44.0,42.0
2025-12-25T11:05:53.406799,6883.542,2471,Middle,motor_11_open,51.0,34.625,3,30.0,29.0,28.0,30.0,30.0,28.0,30.0,30.0,29.0,32.0,32.0,51.0,47.0,42.0,44.0,42.0
2025-12-25T11:05:54.302750,6884.44,2472,Middle,motor_10_flexed,51.0,34.625,3,30.0,29.0,28.0,30.0,30.0,28.0,30.0,30.0,29.0,32.0,32.0,51.0,47.0,42.0,44.0,42.0
2025-12-25T11:05:56.190651,6886.33,2472,Middle,motor_10_open,51.0,34.625,3,30.0,29.0,28.0,30.0,30.0,28.0,30.0,30.0,29.0,32.0,32.0,51.0,47.0,42.0,44.0,42.0
2025-12-25T11:05:57.086601,6887.223,2473,Ring,motor_4_flexed,51.0,34.625,3,30.0,29.0,28.0,30.0,30.0,28.0,30.0,30.0,29.0,32.0,32.0,51.0,47.0,42.0,44.0,42.0
2025-12-25T11:05:58.974493,6889.111,2473,Ring,motor_4_open,51.0,34.625,3,30.0,29.0,28.0,30.0,30.0,28.0,30.0,30.0,29.0,32.0,32.0,51.0,47.0,42.0,44.0,42.0
2025-12-25T11:05:59.870441,6890.004,2474,Ring,motor_5_flexed,51.0,34.5625,3,30.0,29.0,28.0,30.0,30.0,28.0,30.0,30.0,29.0,32.0,32.0,51.0,47.0,42.0,44.0,41.0
2025-12-25T11:06:01.758351,6891.897,2474,Ring,motor_5_open,51.0,34.625,3,30.0,29.0,28.0,30.0,30.0,28.0,30.0,30.0,29.0,32.0,32.0,51.0,47.0,42.0,44.0,42.0
2025-12-25T11:06:02.654292,6892.79,2475,Ring,motor_6_flexed,51.0,34.5625,3,30.0,29.0,28.0,30.0,30.0,28.0,30.0,30.0,29.0,32.0,32.0,51.0,47.0,42.0,43.0,42.0
2025-12-25T11:06:04.542193,6894.678,2475,Ring,motor_6_open,51.0,34.5625,3,30.0,29.0,28.0,30.0,30.0,28.0,30.0,30.0,29.0,32.0,32.0,51.0,47.0,42.0,44.0,41.0
2025-12-25T11:06:05.438143,6895.569,2476,Pinky,motor_7_flexed,51.0,34.625,3,30.0,29.0,28.0,30.0,30.0,28.0,30.0,30.0,29.0,32.0,32.0,51.0,47.0,42.0,44.0,42.0
2025-12-25T11:06:07.326057,6897.465,2476,Pinky,motor_7_open,51.0,34.625,3,30.0,29.0,28.0,30.0,30.0,28.0,30.0,30.0,29.0,32.0,32.0,51.0,47.0,42.0,44.0,42.0
2025-12-25T11:06:08.222008,6898.364,2477,Pinky,motor_8_flexed,51.0,34.625,3,30.0,29.0,28.0,30.0,30.0,28.0,30.0,30.0,29.0,32.0,32.0,51.0,47.0,42.0,44.0,42.0
2025-12-25T11:06:10.109899,6900.245,2477,Pinky,motor_8_open,51.0,34.5625,3,30.0,29.0,28.0,30.0,30.0,28.0,30.0,30.0,29.0,32.0,32.0,51.0,47.0,42.0,44.0,41.0
2025-12-25T11:06:11.005860,6901.142,2478,Pinky,motor_9_flexed,51.0,34.5625,3,30.0,29.0,28.0,30.0,30.0,28.0,30.0,30.0,29.0,32.0,32.0,51.0,47.0,42.0,44.0,41.0
2025-12-25T11:06:12.893748,6903.026,2478,Pinky,motor_9_open,51.0,34.625,3,30.0,29.0,28.0,30.0,30.0,28.0,30.0,30.0,29.0,32.0,32.0,51.0,47.0,42.0,44.0,42.0
2025-12-25T11:06:13.789700,6903.92,2479,Thumb,motor_13_flexed,51.0,34.625,3,30.0,29.0,28.0,30.0,30.0,28.0,30.0,30.0,29.0,32.0,32.0,51.0,47.0,42.0,44.0,42.0
2025-12-25T11:06:15.677617,6905.815,2479,Thumb,motor_13_open,51.0,34.625,3,30.0,29.0,28.0,30.0,30.0,28.0,30.0,30.0,29.0,32.0,32.0,51.0,47.0,42.0,44.0,42.0
2025-12-25T11:06:16.573554,6906.709,2480,Thumb,motor_14_flexed,51.0,34.625,3,30.0,29.0,28.0,30.0,30.0,28.0,30.0,30.0,29.0,32.0,32.0,51.0,47.0,42.0,44.0,42.0
2025-12-25T11:06:18.461468,6908.591,2480,Thumb,motor_14_open,51.0,34.5625,3,30.0,29.0,28.0,30.0,30.0,28.0,30.0,30.0,29.0,32.0,32.0,51.0,47.0,42.0,44.0,41.0
2025-12-25T11:06:19.357420,6909.487,2481,Thumb,motor_12_flexed,51.0,34.625,3,30.0,29.0,28.0,30.0,30.0,28.0,30.0,30.0,29.0,32.0,32.0,51.0,47.0,42.0,44.0,42.0
2025-12-25T11:06:21.245321,6911.378,2481,Thumb,motor_12_open,51.0,34.625,3,30.0,29.0,28.0,30.0,30.0,28.0,30.0,30.0,29.0,32.0,32.0,51.0,47.0,42.0,44.0,42.0
2025-12-25T11:06:22.141272,6912.272,2482,Index,motor_2_flexed,51.0,34.625,3,30.0,29.0,28.0,30.0,30.0,28.0,30.0,30.0,29.0,32.0,32.0,51.0,47.0,42.0,44.0,42.0
2025-12-25T11:06:24.029171,6914.16,2482,Index,motor_2_open,51.0,34.625,3,30.0,29.0,28.0,30.0,30.0,28.0,30.0,30.0,29.0,32.0,32.0,51.0,47.0,42.0,44.0,42.0
2025-12-25T11:06:24.925143,6915.056,2483,Index,motor_1_flexed,51.0,34.4375,3,30.0,29.0,28.0,30.0,30.0,28.0,30.0,30.0,29.0,32.0,32.0,51.0,47.0,42.0,44.0,39.0
2025-12-25T11:06:26.813036,6916.95,2483,Index,motor_1_open,51.0,34.625,3,30.0,29.0,28.0,30.0,30.0,28.0,30.0,30.0,29.0,32.0,32.0,51.0,47.0,42.0,44.0,42.0
2025-12-25T11:06:27.708989,6917.846,2484,Index,motor_3_flexed,51.0,34.625,3,30.0,29.0,28.0,30.0,30.0,28.0,30.0,30.0,29.0,32.0,32.0,51.0,47.0,42.0,44.0,42.0
2025-12-25T11:06:29.596878,6919.73,2484,Index,motor_3_open,51.0,34.625,3,30.0,29.0,28.0,30.0,30.0,28.0,30.0,30.0,29.0,32.0,32.0,51.0,47.0,42.0,44.0,42.0
2025-12-25T11:06:30.492828,6920.624,2485,Middle,motor_11_flexed,51.0,34.625,3,30.0,29.0,28.0,30.0,30.0,28.0,30.0,30.0,29.0,32.0,32.0,51.0,47.0,42.0,44.0,42.0
2025-12-25T11:06:32.380743,6922.519,2485,Middle,motor_11_open,51.0,34.625,3,30.0,29.0,28.0,30.0,30.0,28.0,30.0,30.0,29.0,32.0,32.0,51.0,47.0,42.0,44.0,42.0
2025-12-25T11:06:33.276690,6923.416,2486,Middle,motor_10_flexed,51.0,34.625,3,30.0,29.0,28.0,30.0,30.0,28.0,30.0,30.0,29.0,32.0,32.0,51.0,47.0,42.0,44.0,42.0
2025-12-25T11:06:35.164586,6925.3,2486,Middle,motor_10_open,51.0,34.5625,3,30.0,29.0,28.0,30.0,30.0,28.0,30.0,30.0,29.0,32.0,32.0,51.0,47.0,42.0,44.0,41.0
2025-12-25T11:06:36.060546,6926.196,2487,Ring,motor_4_flexed,51.0,34.625,3,30.0,29.0,28.0,30.0,30.0,28.0,30.0,30.0,29.0,32.0,32.0,51.0,47.0,42.0,44.0,42.0
2025-12-25T11:06:37.948448,6928.087,2487,Ring,motor_4_open,51.0,34.625,3,30.0,29.0,28.0,30.0,30.0,28.0,30.0,30.0,29.0,32.0,32.0,51.0,47.0,42.0,44.0,42.0
2025-12-25T11:06:38.844400,6928.982,2488,Ring,motor_5_flexed,51.0,34.5,3,30.0,29.0,28.0,30.0,30.0,28.0,30.0,30.0,29.0,32.0,32.0,51.0,47.0,42.0,43.0,41.0
2025-12-25T11:06:40.732273,6930.869,2488,Ring,motor_5_open,51.0,34.625,3,30.0,29.0,28.0,30.0,30.0,28.0,30.0,30.0,29.0,32.0,32.0,51.0,47.0,42.0,44.0,42.0
2025-12-25T11:06:41.628231,6931.765,2489,Ring,motor_6_flexed,51.0,34.625,3,30.0,29.0,28.0,30.0,30.0,28.0,30.0,30.0,29.0,32.0,32.0,51.0,47.0,42.0,44.0,42.0
2025-12-25T11:06:43.516130,6933.653,2489,Ring,motor_6_open,51.0,34.625,3,30.0,29.0,28.0,30.0,30.0,28.0,30.0,30.0,29.0,32.0,32.0,51.0,47.0,42.0,44.0,42.0
2025-12-25T11:06:44.412080,6934.55,2490,Pinky,motor_7_flexed,51.0,34.5625,3,30.0,29.0,28.0,30.0,30.0,28.0,30.0,30.0,29.0,32.0,32.0,51.0,47.0,42.0,44.0,41.0
2025-12-25T11:06:46.299980,6936.437,2490,Pinky,motor_7_open,51.0,34.625,3,30.0,29.0,28.0,30.0,30.0,28.0,30.0,30.0,29.0,32.0,32.0,51.0,47.0,42.0,44.0,42.0
2025-12-25T11:06:47.195933,6937.331,2491,Pinky,motor_8_flexed,51.0,34.625,3,30.0,29.0,28.0,30.0,30.0,28.0,30.0,30.0,29.0,32.0,32.0,51.0,47.0,42.0,44.0,42.0
2025-12-25T11:06:49.083833,6939.223,2491,Pinky,motor_8_open,51.0,34.625,3,30.0,29.0,28.0,30.0,30.0,28.0,30.0,30.0,29.0,32.0,32.0,51.0,47.0,42.0,44.0,42.0
2025-12-25T11:06:49.979786,6940.119,2492,Pinky,motor_9_flexed,51.0,34.625,3,30.0,29.0,28.0,30.0,30.0,28.0,30.0,30.0,29.0,32.0,32.0,51.0,47.0,42.0,44.0,42.0
2025-12-25T11:06:51.867684,6942.006,2492,Pinky,motor_9_open,51.0,34.625,3,30.0,29.0,28.0,30.0,30.0,28.0,30.0,30.0,29.0,32.0,32.0,51.0,47.0,42.0,44.0,42.0
2025-12-25T11:06:52.763639,6942.902,2493,Thumb,motor_13_flexed,51.0,34.5625,3,30.0,29.0,28.0,30.0,30.0,28.0,30.0,30.0,29.0,32.0,32.0,51.0,47.0,42.0,44.0,41.0
2025-12-25T11:06:54.651538,6944.792,2493,Thumb,motor_13_open,51.0,34.4375,3,30.0,29.0,28.0,30.0,30.0,28.0,30.0,30.0,29.0,32.0,32.0,51.0,47.0,42.0,44.0,39.0
2025-12-25T11:06:55.547512,6945.686,2494,Thumb,motor_14_flexed,51.0,34.5625,3,30.0,29.0,28.0,30.0,30.0,28.0,30.0,30.0,29.0,32.0,32.0,51.0,47.0,42.0,44.0,41.0
2025-12-25T11:06:57.435411,6947.575,2494,Thumb,motor_14_open,51.0,34.5625,3,30.0,29.0,28.0,30.0,30.0,28.0,30.0,30.0,29.0,32.0,32.0,51.0,47.0,42.0,44.0,41.0
2025-12-25T11:06:58.331362,6948.471,2495,Thumb,motor_12_flexed,51.0,34.5625,3,30.0,29.0,28.0,30.0,30.0,28.0,30.0,30.0,29.0,32.0,32.0,51.0,47.0,42.0,44.0,41.0
2025-12-25T11:07:00.219260,6950.357,2495,Thumb,motor_12_open,51.0,34.625,3,30.0,29.0,28.0,30.0,30.0,28.0,30.0,30.0,29.0,32.0,32.0,51.0,47.0,42.0,44.0,42.0
2025-12-25T11:07:01.115218,6951.254,2496,Index,motor_2_flexed,51.0,34.625,3,30.0,29.0,28.0,30.0,30.0,28.0,30.0,30.0,29.0,32.0,32.0,51.0,47.0,42.0,44.0,42.0
2025-12-25T11:07:03.003114,6953.142,2496,Index,motor_2_open,51.0,34.625,3,30.0,29.0,28.0,30.0,30.0,28.0,30.0,30.0,29.0,32.0,32.0,51.0,47.0,42.0,44.0,42.0
2025-12-25T11:07:03.899069,6954.036,2497,Index,motor_1_flexed,51.0,34.5625,3,30.0,29.0,28.0,30.0,30.0,28.0,30.0,30.0,29.0,32.0,32.0,51.0,47.0,42.0,44.0,41.0
2025-12-25T11:07:05.786945,6955.924,2497,Index,motor_1_open,51.0,34.625,3,30.0,29.0,28.0,30.0,30.0,28.0,30.0,30.0,29.0,32.0,32.0,51.0,47.0,42.0,44.0,42.0
2025-12-25T11:07:06.682889,6956.823,2498,Index,motor_3_flexed,51.0,34.5625,3,30.0,29.0,28.0,30.0,30.0,28.0,30.0,30.0,29.0,32.0,32.0,51.0,47.0,42.0,43.0,42.0
2025-12-25T11:07:08.570805,6958.71,2498,Index,motor_3_open,51.0,34.5625,3,30.0,29.0,28.0,30.0,30.0,28.0,30.0,30.0,29.0,32.0,32.0,51.0,47.0,42.0,44.0,41.0
2025-12-25T11:07:09.466749,6959.603,2499,Middle,motor_11_flexed,51.0,34.5625,3,30.0,29.0,28.0,30.0,30.0,28.0,30.0,30.0,29.0,32.0,32.0,51.0,47.0,42.0,44.0,41.0
2025-12-25T11:07:10.554690,6960.693,2499,Middle,motor_11_flex_hold,51.0,34.5625,3,30.0,29.0,28.0,30.0,30.0,28.0,30.0,30.0,29.0,32.0,32.0,51.0,47.0,42.0,44.0,41.0
2025-12-25T11:07:11.354649,6961.491,2499,Middle,motor_11_open,51.0,34.75,3,30.0,29.0,28.0,30.0,30.0,28.0,30.0,30.0,29.0,32.0,32.0,51.0,47.0,42.0,44.0,44.0
2025-12-25T11:07:12.250594,6962.39,2500,Middle,motor_10_flexed,51.0,34.5625,3,30.0,29.0,28.0,30.0,30.0,28.0,30.0,30.0,29.0,32.0,32.0,51.0,47.0,42.0,44.0,41.0
2025-12-25T11:07:14.138490,6964.275,2500,Middle,motor_10_open,51.0,34.625,3,30.0,29.0,28.0,30.0,30.0,28.0,30.0,30.0,29.0,32.0,32.0,51.0,47.0,42.0,44.0,42.0
2025-12-25T11:07:15.034445,6965.171,2501,Ring,motor_4_flexed,51.0,34.625,3,30.0,29.0,28.0,30.0,30.0,28.0,30.0,30.0,29.0,32.0,32.0,51.0,47.0,42.0,44.0,42.0
2025-12-25T11:07:16.922340,6967.061,2501,Ring,motor_4_open,51.0,34.625,3,30.0,29.0,28.0,30.0,30.0,28.0,30.0,30.0,29.0,32.0,32.0,51.0,47.0,42.0,44.0,42.0
2025-12-25T11:07:17.818300,6967.956,2502,Ring,motor_5_flexed,51.0,34.625,3,30.0,29.0,28.0,30.0,30.0,28.0,30.0,30.0,29.0,32.0,32.0,51.0,47.0,42.0,44.0,42.0
2025-12-25T11:07:19.706196,6969.838,2502,Ring,motor_5_open,51.0,34.625,3,30.0,29.0,28.0,30.0,30.0,28.0,30.0,30.0,29.0,32.0,32.0,51.0,47.0,42.0,44.0,42.0
2025-12-25T11:07:20.602143,6970.733,2503,Ring,motor_6_flexed,51.0,34.625,3,30.0,29.0,28.0,30.0,30.0,28.0,30.0,30.0,29.0,32.0,32.0,51.0,47.0,42.0,44.0,42.0
2025-12-25T11:07:22.490052,6972.623,2503,Ring,motor_6_open,51.0,34.625,3,30.0,29.0,28.0,30.0,30.0,28.0,30.0,30.0,29.0,32.0,32.0,51.0,47.0,42.0,44.0,42.0
2025-12-25T11:07:23.386010,6973.523,2504,Pinky,motor_7_flexed,51.0,34.625,3,30.0,29.0,28.0,30.0,30.0,28.0,30.0,30.0,29.0,32.0,32.0,51.0,47.0,42.0,44.0,42.0
2025-12-25T11:07:25.273910,6975.414,2504,Pinky,motor_7_open,51.0,34.625,3,30.0,29.0,28.0,30.0,30.0,28.0,30.0,30.0,29.0,32.0,32.0,51.0,47.0,42.0,44.0,42.0
2025-12-25T11:07:26.169859,6976.307,2505,Pinky,motor_8_flexed,51.0,34.5625,3,30.0,29.0,28.0,30.0,30.0,28.0,30.0,30.0,29.0,32.0,32.0,51.0,47.0,42.0,44.0,41.0
2025-12-25T11:07:28.057759,6978.192,2505,Pinky,motor_8_open,51.0,34.625,3,30.0,29.0,28.0,30.0,30.0,28.0,30.0,30.0,29.0,32.0,32.0,51.0,47.0,42.0,44.0,42.0
2025-12-25T11:07:28.953710,6979.091,2506,Pinky,motor_9_flexed,51.0,34.625,3,30.0,29.0,28.0,30.0,30.0,28.0,30.0,30.0,29.0,32.0,32.0,51.0,47.0,42.0,44.0,42.0
2025-12-25T11:07:30.841612,6980.98,2506,Pinky,motor_9_open,51.0,34.5625,3,30.0,29.0,28.0,30.0,30.0,28.0,30.0,30.0,29.0,32.0,32.0,51.0,47.0,42.0,44.0,41.0
2025-12-25T11:07:31.737574,6981.872,2507,Thumb,motor_13_flexed,51.0,34.625,3,30.0,29.0,28.0,30.0,30.0,28.0,30.0,30.0,29.0,32.0,32.0,51.0,47.0,42.0,44.0,42.0
2025-12-25T11:07:33.625461,6983.762,2507,Thumb,motor_13_open,51.0,34.5625,3,30.0,29.0,28.0,30.0,30.0,28.0,30.0,30.0,29.0,32.0,32.0,51.0,47.0,42.0,44.0,41.0
2025-12-25T11:07:34.521412,6984.656,2508,Thumb,motor_14_flexed,51.0,34.625,3,30.0,29.0,28.0,30.0,30.0,28.0,30.0,30.0,29.0,32.0,32.0,51.0,47.0,42.0,44.0,42.0
2025-12-25T11:07:36.409321,6986.547,2508,Thumb,motor_14_open,51.0,34.625,3,30.0,29.0,28.0,30.0,30.0,28.0,30.0,30.0,29.0,32.0,32.0,51.0,47.0,42.0,44.0,42.0
2025-12-25T11:07:37.305258,6987.445,2509,Thumb,motor_12_flexed,51.0,34.625,3,30.0,29.0,28.0,30.0,30.0,28.0,30.0,30.0,29.0,32.0,32.0,51.0,47.0,42.0,44.0,42.0
2025-12-25T11:07:39.193157,6989.33,2509,Thumb,motor_12_open,51.0,34.5625,3,30.0,29.0,28.0,30.0,30.0,28.0,30.0,30.0,29.0,32.0,32.0,51.0,47.0,42.0,44.0,41.0
2025-12-25T11:07:40.089108,6990.226,2510,Index,motor_2_flexed,51.0,34.5625,3,30.0,29.0,28.0,30.0,30.0,28.0,30.0,30.0,29.0,32.0,32.0,51.0,47.0,42.0,44.0,41.0
2025-12-25T11:07:41.977005,6992.109,2510,Index,motor_2_open,51.0,34.625,3,30.0,29.0,28.0,30.0,30.0,28.0,30.0,30.0,29.0,32.0,32.0,51.0,47.0,42.0,44.0,42.0
2025-12-25T11:07:42.872957,6993.004,2511,Index,motor_1_flexed,51.0,34.5625,3,30.0,29.0,28.0,30.0,30.0,28.0,30.0,30.0,29.0,32.0,32.0,51.0,47.0,42.0,44.0,41.0
2025-12-25T11:07:44.760860,6994.898,2511,Index,motor_1_open,51.0,34.625,3,30.0,29.0,28.0,30.0,30.0,28.0,30.0,30.0,29.0,32.0,32.0,51.0,47.0,42.0,44.0,42.0
2025-12-25T11:07:45.656837,6995.794,2512,Index,motor_3_flexed,51.0,34.625,3,30.0,29.0,28.0,30.0,30.0,28.0,30.0,30.0,29.0,32.0,32.0,51.0,47.0,42.0,44.0,42.0
2025-12-25T11:07:47.544708,6997.682,2512,Index,motor_3_open,51.0,34.5625,3,30.0,29.0,28.0,30.0,30.0,28.0,30.0,30.0,29.0,32.0,32.0,51.0,47.0,42.0,44.0,41.0
2025-12-25T11:07:48.440664,6998.576,2513,Middle,motor_11_flexed,51.0,34.5625,3,30.0,29.0,28.0,30.0,30.0,28.0,30.0,30.0,29.0,32.0,32.0,51.0,47.0,42.0,43.0,42.0
2025-12-25T11:07:50.328562,7000.465,2513,Middle,motor_11_open,51.0,34.625,3,30.0,29.0,28.0,30.0,30.0,28.0,30.0,30.0,29.0,32.0,32.0,51.0,47.0,42.0,44.0,42.0
2025-12-25T11:07:51.224526,7001.361,2514,Middle,motor_10_flexed,51.0,34.625,3,30.0,29.0,28.0,30.0,30.0,28.0,30.0,30.0,29.0,32.0,32.0,51.0,47.0,42.0,44.0,42.0
2025-12-25T11:07:53.112416,7003.252,2514,Middle,motor_10_open,51.0,34.5625,3,30.0,29.0,28.0,30.0,30.0,28.0,30.0,30.0,29.0,32.0,32.0,51.0,47.0,42.0,44.0,41.0
2025-12-25T11:07:54.008359,7004.143,2515,Ring,motor_4_flexed,51.0,34.5625,3,30.0,29.0,28.0,30.0,30.0,28.0,30.0,30.0,29.0,32.0,32.0,51.0,47.0,42.0,44.0,41.0
2025-12-25T11:07:55.896264,7006.034,2515,Ring,motor_4_open,51.0,34.625,3,30.0,29.0,28.0,30.0,30.0,28.0,30.0,30.0,29.0,32.0,32.0,51.0,47.0,42.0,44.0,42.0
2025-12-25T11:07:56.792231,7006.929,2516,Ring,motor_5_flexed,51.0,34.625,3,30.0,29.0,28.0,30.0,30.0,28.0,30.0,30.0,29.0,32.0,32.0,51.0,47.0,42.0,44.0,42.0
2025-12-25T11:07:58.680129,7008.817,2516,Ring,motor_5_open,51.0,34.625,3,30.0,29.0,28.0,30.0,30.0,28.0,30.0,30.0,29.0,32.0,32.0,51.0,47.0,42.0,44.0,42.0
2025-12-25T11:07:59.576081,7009.716,2517,Ring,motor_6_flexed,51.0,34.5625,3,30.0,29.0,28.0,30.0,30.0,28.0,30.0,30.0,29.0,32.0,32.0,51.0,47.0,42.0,44.0,41.0
2025-12-25T11:08:01.463972,7011.601,2517,Ring,motor_6_open,51.0,34.625,3,30.0,29.0,28.0,30.0,30.0,28.0,30.0,30.0,29.0,32.0,32.0,51.0,47.0,42.0,44.0,42.0
2025-12-25T11:08:02.359923,7012.491,2518,Pinky,motor_7_flexed,51.0,34.625,3,30.0,29.0,28.0,30.0,30.0,28.0,30.0,30.0,29.0,32.0,32.0,51.0,47.0,42.0,44.0,42.0
2025-12-25T11:08:04.247833,7014.386,2518,Pinky,motor_7_open,51.0,34.625,3,30.0,29.0,28.0,30.0,30.0,28.0,30.0,30.0,29.0,32.0,32.0,51.0,47.0,42.0,44.0,42.0
2025-12-25T11:08:05.143786,7015.283,2519,Pinky,motor_8_flexed,51.0,34.5625,3,30.0,29.0,28.0,30.0,30.0,28.0,30.0,30.0,29.0,32.0,32.0,51.0,47.0,42.0,44.0,41.0
2025-12-25T11:08:07.031677,7017.172,2519,Pinky,motor_8_open,51.0,34.6875,3,30.0,29.0,28.0,30.0,30.0,28.0,30.0,30.0,29.0,32.0,32.0,51.0,47.0,42.0,44.0,43.0
2025-12-25T11:08:07.927628,7018.063,2520,Pinky,motor_9_flexed,51.0,34.625,3,30.0,29.0,28.0,30.0,30.0,28.0,30.0,30.0,29.0,32.0,32.0,51.0,47.0,42.0,44.0,42.0
2025-12-25T11:08:09.815529,7019.952,2520,Pinky,motor_9_open,51.0,34.625,3,30.0,29.0,28.0,30.0,30.0,28.0,30.0,30.0,29.0,32.0,32.0,51.0,47.0,42.0,44.0,42.0
2025-12-25T11:08:10.407506,7020.541,2520,Pinky,motor_9_open_hold,51.0,34.625,3,30.0,29.0,28.0,30.0,30.0,28.0,30.0,30.0,29.0,32.0,32.0,51.0,47.0,42.0,44.0,42.0
2025-12-25T11:08:10.807488,7020.945,2521,Thumb,motor_13_flexed,51.0,34.625,3,30.0,29.0,28.0,30.0,30.0,28.0,30.0,30.0,29.0,32.0,32.0,51.0,47.0,42.0,44.0,42.0
2025-12-25T11:08:12.695384,7022.835,2521,Thumb,motor_13_open,51.0,34.5625,3,30.0,29.0,28.0,30.0,30.0,28.0,30.0,30.0,29.0,32.0,32.0,51.0,47.0,42.0,44.0,41.0
2025-12-25T11:08:13.591334,7023.731,2522,Thumb,motor_14_flexed,51.0,34.625,3,30.0,29.0,28.0,30.0,30.0,28.0,30.0,30.0,29.0,32.0,32.0,51.0,47.0,42.0,44.0,42.0
2025-12-25T11:08:15.479240,7025.62,2522,Thumb,motor_14_open,51.0,34.625,3,30.0,29.0,28.0,30.0,30.0,28.0,30.0,30.0,29.0,32.0,32.0,51.0,47.0,42.0,44.0,42.0
2025-12-25T11:08:16.375185,7026.506,2523,Thumb,motor_12_flexed,51.0,34.5625,3,30.0,29.0,28.0,30.0,30.0,28.0,30.0,30.0,29.0,32.0,32.0,51.0,47.0,42.0,44.0,41.0
2025-12-25T11:08:18.263085,7028.402,2523,Thumb,motor_12_open,51.0,34.625,3,30.0,29.0,28.0,30.0,30.0,28.0,30.0,30.0,29.0,32.0,32.0,51.0,47.0,42.0,44.0,42.0
2025-12-25T11:08:19.159039,7029.298,2524,Index,motor_2_flexed,51.0,34.625,3,30.0,29.0,28.0,30.0,30.0,28.0,30.0,30.0,29.0,32.0,32.0,51.0,47.0,42.0,44.0,42.0
2025-12-25T11:08:21.046928,7031.184,2524,Index,motor_2_open,51.0,34.625,3,30.0,29.0,28.0,30.0,30.0,28.0,30.0,30.0,29.0,32.0,32.0,51.0,47.0,42.0,44.0,42.0
2025-12-25T11:08:21.942890,7032.078,2525,Index,motor_1_flexed,51.0,34.625,3,30.0,29.0,28.0,30.0,30.0,28.0,30.0,30.0,29.0,32.0,32.0,51.0,47.0,42.0,44.0,42.0
2025-12-25T11:08:23.830788,7033.964,2525,Index,motor_1_open,51.0,34.625,3,30.0,29.0,28.0,30.0,30.0,28.0,30.0,30.0,29.0,32.0,32.0,51.0,47.0,42.0,44.0,42.0
2025-12-25T11:08:24.726749,7034.864,2526,Index,motor_3_flexed,51.0,34.5625,3,30.0,29.0,28.0,30.0,30.0,28.0,30.0,30.0,29.0,32.0,32.0,51.0,47.0,42.0,44.0,41.0
2025-12-25T11:08:26.614632,7036.752,2526,Index,motor_3_open,51.0,34.625,3,30.0,29.0,28.0,30.0,30.0,28.0,30.0,30.0,29.0,32.0,32.0,51.0,47.0,42.0,44.0,42.0
2025-12-25T11:08:27.510586,7037.647,2527,Middle,motor_11_flexed,51.0,34.625,3,30.0,29.0,28.0,30.0,30.0,28.0,30.0,30.0,29.0,32.0,32.0,51.0,47.0,42.0,44.0,42.0
2025-12-25T11:08:29.398497,7039.534,2527,Middle,motor_11_open,51.0,34.625,3,30.0,29.0,28.0,30.0,30.0,28.0,30.0,30.0,29.0,32.0,32.0,51.0,47.0,42.0,44.0,42.0
2025-12-25T11:08:30.294436,7040.43,2528,Middle,motor_10_flexed,51.0,34.5625,3,30.0,29.0,28.0,30.0,30.0,28.0,30.0,30.0,29.0,32.0,32.0,51.0,47.0,42.0,44.0,41.0
2025-12-25T11:08:32.182337,7042.323,2528,Middle,motor_10_open,51.0,34.625,3,30.0,29.0,28.0,30.0,30.0,28.0,30.0,30.0,29.0,32.0,32.0,51.0,47.0,42.0,44.0,42.0
2025-12-25T11:08:33.078286,7043.217,2529,Ring,motor_4_flexed,51.0,34.625,3,30.0,29.0,28.0,30.0,30.0,28.0,30.0,30.0,29.0,32.0,32.0,51.0,47.0,42.0,44.0,42.0
2025-12-25T11:08:34.966199,7045.1,2529,Ring,motor_4_open,51.0,34.625,3,30.0,29.0,28.0,30.0,30.0,28.0,30.0,30.0,29.0,32.0,32.0,51.0,47.0,42.0,44.0,42.0
2025-12-25T11:08:35.862150,7046.0,2530,Ring,motor_5_flexed,51.0,34.625,3,30.0,29.0,28.0,30.0,30.0,28.0,30.0,30.0,29.0,32.0,32.0,51.0,47.0,42.0,44.0,42.0
2025-12-25T11:08:37.750049,7047.888,2530,Ring,motor_5_open,51.0,34.625,3,30.0,29.0,28.0,30.0,30.0,28.0,30.0,30.0,29.0,32.0,32.0,51.0,47.0,42.0,44.0,42.0
2025-12-25T11:08:38.646010,7048.783,2531,Ring,motor_6_flexed,51.0,34.625,3,30.0,29.0,28.0,30.0,30.0,28.0,30.0,30.0,29.0,32.0,32.0,51.0,47.0,42.0,44.0,42.0
2025-12-25T11:08:40.549888,7050.687,2531,Ring,motor_6_open,51.0,34.5625,3,30.0,29.0,28.0,30.0,30.0,28.0,30.0,30.0,29.0,32.0,32.0,51.0,47.0,42.0,44.0,41.0
2025-12-25T11:08:41.445829,7051.577,2532,Pinky,motor_7_flexed,51.0,34.625,3,30.0,29.0,28.0,30.0,30.0,28.0,30.0,30.0,29.0,32.0,32.0,51.0,47.0,42.0,44.0,42.0
2025-12-25T11:08:43.333774,7053.467,2532,Pinky,motor_7_open,51.0,34.625,3,30.0,29.0,28.0,30.0,30.0,28.0,30.0,30.0,29.0,32.0,32.0,51.0,47.0,42.0,44.0,42.0
2025-12-25T11:08:44.229711,7054.37,2533,Pinky,motor_8_flexed,51.0,34.625,3,30.0,29.0,28.0,30.0,30.0,28.0,30.0,30.0,29.0,32.0,32.0,51.0,47.0,42.0,44.0,42.0
2025-12-25T11:08:46.117608,7056.254,2533,Pinky,motor_8_open,51.0,34.5625,3,30.0,29.0,28.0,30.0,30.0,28.0,30.0,30.0,29.0,32.0,32.0,51.0,47.0,42.0,43.0,42.0
2025-12-25T11:08:47.013565,7057.145,2534,Pinky,motor_9_flexed,51.0,34.625,3,30.0,29.0,28.0,30.0,30.0,28.0,30.0,30.0,29.0,32.0,32.0,51.0,47.0,42.0,44.0,42.0
2025-12-25T11:08:48.901443,7059.037,2534,Pinky,motor_9_open,51.0,34.625,3,30.0,29.0,28.0,30.0,30.0,28.0,30.0,30.0,29.0,32.0,32.0,51.0,47.0,42.0,44.0,42.0
2025-12-25T11:08:49.797395,7059.935,2535,Thumb,motor_13_flexed,51.0,34.625,3,30.0,29.0,28.0,30.0,30.0,28.0,30.0,30.0,29.0,32.0,32.0,51.0,47.0,42.0,44.0,42.0
2025-12-25T11:08:51.685299,7061.824,2535,Thumb,motor_13_open,51.0,34.625,3,30.0,29.0,28.0,30.0,30.0,28.0,30.0,30.0,29.0,32.0,32.0,51.0,47.0,42.0,44.0,42.0
2025-12-25T11:08:52.581262,7062.714,2536,Thumb,motor_14_flexed,51.0,34.5625,3,30.0,29.0,28.0,30.0,30.0,28.0,30.0,30.0,29.0,32.0,32.0,51.0,47.0,42.0,44.0,41.0
2025-12-25T11:08:54.469149,7064.606,2536,Thumb,motor_14_open,51.0,34.5625,3,30.0,29.0,28.0,30.0,30.0,28.0,30.0,30.0,29.0,32.0,32.0,51.0,47.0,42.0,44.0,41.0
2025-12-25T11:08:55.365111,7065.503,2537,Thumb,motor_12_flexed,51.0,34.5625,3,30.0,29.0,28.0,30.0,30.0,28.0,30.0,30.0,29.0,32.0,32.0,51.0,47.0,42.0,44.0,41.0
2025-12-25T11:08:57.253010,7067.389,2537,Thumb,motor_12_open,51.0,34.625,3,30.0,29.0,28.0,30.0,30.0,28.0,30.0,30.0,29.0,32.0,32.0,51.0,47.0,42.0,44.0,42.0
2025-12-25T11:08:58.148964,7068.287,2538,Index,motor_2_flexed,51.0,34.5625,3,30.0,29.0,28.0,30.0,30.0,28.0,30.0,30.0,29.0,32.0,32.0,51.0,47.0,42.0,44.0,41.0
2025-12-25T11:09:00.036883,7070.176,2538,Index,motor_2_open,51.0,34.5625,3,30.0,29.0,28.0,30.0,30.0,28.0,30.0,30.0,29.0,32.0,32.0,51.0,47.0,42.0,44.0,41.0
2025-12-25T11:09:00.932813,7071.075,2539,Index,motor_1_flexed,51.0,34.625,3,30.0,29.0,28.0,30.0,30.0,28.0,30.0,30.0,29.0,32.0,32.0,51.0,47.0,42.0,44.0,42.0
2025-12-25T11:09:02.820750,7072.959,2539,Index,motor_1_open,51.0,34.625,3,30.0,29.0,28.0,30.0,30.0,28.0,30.0,30.0,29.0,32.0,32.0,51.0,47.0,42.0,44.0,42.0
2025-12-25T11:09:03.716703,7073.856,2540,Index,motor_3_flexed,51.0,34.625,3,30.0,29.0,28.0,30.0,30.0,28.0,30.0,30.0,29.0,32.0,32.0,51.0,47.0,42.0,44.0,42.0
2025-12-25T11:09:05.604589,7075.744,2540,Index,motor_3_open,51.0,34.5,3,30.0,29.0,28.0,30.0,30.0,28.0,30.0,30.0,29.0,32.0,32.0,51.0,47.0,42.0,44.0,40.0
2025-12-25T11:09:06.500525,7076.64,2541,Middle,motor_11_flexed,51.0,34.5625,3,30.0,29.0,28.0,30.0,30.0,28.0,30.0,30.0,29.0,32.0,32.0,51.0,47.0,42.0,44.0,41.0
2025-12-25T11:09:08.388449,7078.53,2541,Middle,motor_11_open,51.0,34.6875,3,30.0,29.0,28.0,30.0,30.0,28.0,30.0,30.0,29.0,32.0,32.0,51.0,47.0,42.0,44.0,43.0
2025-12-25T11:09:09.284400,7079.424,2542,Middle,motor_10_flexed,51.0,34.625,3,30.0,29.0,28.0,30.0,30.0,28.0,30.0,30.0,29.0,32.0,32.0,51.0,47.0,42.0,44.0,42.0
2025-12-25T11:09:10.372342,7080.511,2542,Middle,motor_10_flex_hold,51.0,34.625,3,30.0,29.0,28.0,30.0,30.0,28.0,30.0,30.0,29.0,32.0,32.0,51.0,47.0,42.0,44.0,42.0
2025-12-25T11:09:11.172300,7081.312,2542,Middle,motor_10_open,51.0,34.625,3,30.0,29.0,28.0,30.0,30.0,28.0,30.0,30.0,29.0,32.0,32.0,51.0,47.0,42.0,44.0,42.0
2025-12-25T11:09:12.068221,7082.207,2543,Ring,motor_4_flexed,51.0,34.5625,3,30.0,29.0,28.0,30.0,30.0,28.0,30.0,30.0,29.0,32.0,32.0,51.0,47.0,42.0,44.0,41.0
2025-12-25T11:09:13.956155,7084.095,2543,Ring,motor_4_open,51.0,34.625,3,30.0,29.0,28.0,30.0,30.0,28.0,30.0,30.0,29.0,32.0,32.0,51.0,47.0,42.0,44.0,42.0
2025-12-25T11:09:14.852107,7084.994,2544,Ring,motor_5_flexed,51.0,34.625,3,30.0,29.0,28.0,30.0,30.0,28.0,30.0,30.0,29.0,32.0,32.0,51.0,47.0,42.0,44.0,42.0
2025-12-25T11:09:16.739974,7086.879,2544,Ring,motor_5_open,51.0,34.5625,3,30.0,29.0,28.0,30.0,30.0,28.0,30.0,30.0,29.0,32.0,32.0,51.0,47.0,42.0,44.0,41.0
2025-12-25T11:09:17.635927,7087.778,2545,Ring,motor_6_flexed,51.0,34.625,3,30.0,29.0,28.0,30.0,30.0,28.0,30.0,30.0,29.0,32.0,32.0,51.0,47.0,42.0,44.0,42.0
2025-12-25T11:09:19.523827,7089.664,2545,Ring,motor_6_open,51.0,34.5625,3,30.0,29.0,28.0,30.0,30.0,28.0,30.0,30.0,29.0,32.0,32.0,51.0,47.0,42.0,44.0,41.0
2025-12-25T11:09:20.419778,7090.556,2546,Pinky,motor_7_flexed,51.0,34.625,3,30.0,29.0,28.0,30.0,30.0,28.0,30.0,30.0,29.0,32.0,32.0,51.0,47.0,42.0,44.0,42.0
2025-12-25T11:09:22.307711,7092.446,2546,Pinky,motor_7_open,51.0,34.5625,3,30.0,29.0,28.0,30.0,30.0,28.0,30.0,30.0,29.0,32.0,32.0,51.0,47.0,42.0,44.0,41.0
2025-12-25T11:09:23.203657,7093.342,2547,Pinky,motor_8_flexed,51.0,34.625,3,30.0,29.0,28.0,30.0,30.0,28.0,30.0,30.0,29.0,32.0,32.0,51.0,47.0,42.0,44.0,42.0
2025-12-25T11:09:25.091545,7095.231,2547,Pinky,motor_8_open,51.0,34.625,3,30.0,29.0,28.0,30.0,30.0,28.0,30.0,30.0,29.0,32.0,32.0,51.0,47.0,42.0,44.0,42.0
2025-12-25T11:09:25.987498,7096.127,2548,Pinky,motor_9_flexed,51.0,34.625,3,30.0,29.0,28.0,30.0,30.0,28.0,30.0,30.0,29.0,32.0,32.0,51.0,47.0,42.0,44.0,42.0
2025-12-25T11:09:27.875400,7098.012,2548,Pinky,motor_9_open,51.0,34.625,3,30.0,29.0,28.0,30.0,30.0,28.0,30.0,30.0,29.0,32.0,32.0,51.0,47.0,42.0,44.0,42.0
2025-12-25T11:09:28.771364,7098.908,2549,Thumb,motor_13_flexed,51.0,34.625,3,30.0,29.0,28.0,30.0,30.0,28.0,30.0,30.0,29.0,32.0,32.0,51.0,47.0,42.0,44.0,42.0
2025-12-25T11:09:30.659263,7100.799,2549,Thumb,motor_13_open,51.0,34.625,3,30.0,29.0,28.0,30.0,30.0,28.0,30.0,30.0,29.0,32.0,32.0,51.0,47.0,42.0,44.0,42.0
2025-12-25T11:09:31.555220,7101.696,2550,Thumb,motor_14_flexed,51.0,34.625,3,30.0,29.0,28.0,30.0,30.0,28.0,30.0,30.0,29.0,32.0,32.0,51.0,47.0,42.0,44.0,42.0
2025-12-25T11:09:33.443087,7103.584,2550,Thumb,motor_14_open,51.0,34.625,3,30.0,29.0,28.0,30.0,30.0,28.0,30.0,30.0,29.0,32.0,32.0,51.0,47.0,42.0,44.0,42.0
2025-12-25T11:09:34.339039,7104.479,2551,Thumb,motor_12_flexed,51.0,34.625,3,30.0,29.0,28.0,30.0,30.0,28.0,30.0,30.0,29.0,32.0,32.0,51.0,47.0,42.0,44.0,42.0
2025-12-25T11:09:36.226944,7106.367,2551,Thumb,motor_12_open,51.0,34.5625,3,30.0,29.0,28.0,30.0,30.0,28.0,30.0,30.0,29.0,32.0,32.0,51.0,47.0,42.0,44.0,41.0
2025-12-25T11:09:37.122889,7107.263,2552,Index,motor_2_flexed,51.0,34.625,3,30.0,29.0,28.0,30.0,30.0,28.0,30.0,30.0,29.0,32.0,32.0,51.0,47.0,42.0,44.0,42.0
2025-12-25T11:09:39.010789,7109.15,2552,Index,motor_2_open,51.0,34.625,3,30.0,29.0,28.0,30.0,30.0,28.0,30.0,30.0,29.0,32.0,32.0,51.0,47.0,42.0,44.0,42.0
2025-12-25T11:09:39.906755,7110.044,2553,Index,motor_1_flexed,51.0,34.5625,3,30.0,29.0,28.0,30.0,30.0,28.0,30.0,30.0,29.0,32.0,32.0,51.0,47.0,42.0,44.0,41.0
2025-12-25T11:09:41.794642,7111.933,2553,Index,motor_1_open,51.0,34.5625,3,30.0,29.0,28.0,30.0,30.0,28.0,30.0,30.0,29.0,32.0,32.0,51.0,47.0,42.0,43.0,42.0
2025-12-25T11:09:42.690595,7112.832,2554,Index,motor_3_flexed,51.0,34.625,3,30.0,29.0,28.0,30.0,30.0,28.0,30.0,30.0,29.0,32.0,32.0,51.0,47.0,42.0,44.0,42.0
2025-12-25T11:09:44.578516,7114.717,2554,Index,motor_3_open,51.0,34.625,3,30.0,29.0,28.0,30.0,30.0,28.0,30.0,30.0,29.0,32.0,32.0,51.0,47.0,42.0,44.0,42.0
2025-12-25T11:09:45.474473,7115.615,2555,Middle,motor_11_flexed,51.0,34.5625,3,30.0,29.0,28.0,30.0,30.0,28.0,30.0,30.0,29.0,32.0,32.0,51.0,47.0,42.0,44.0,41.0
2025-12-25T11:09:47.362344,7117.501,2555,Middle,motor_11_open,51.0,34.625,3,30.0,29.0,28.0,30.0,30.0,28.0,30.0,30.0,29.0,32.0,32.0,51.0,47.0,42.0,44.0,42.0
2025-12-25T11:09:48.258314,7118.397,2556,Middle,motor_10_flexed,51.0,34.625,3,30.0,29.0,28.0,30.0,30.0,28.0,30.0,30.0,29.0,32.0,32.0,51.0,47.0,42.0,44.0,42.0
2025-12-25T11:09:50.146224,7120.281,2556,Middle,motor_10_open,51.0,34.625,3,30.0,29.0,28.0,30.0,30.0,28.0,30.0,30.0,29.0,32.0,32.0,51.0,47.0,42.0,44.0,42.0
2025-12-25T11:09:51.042166,7121.18,2557,Ring,motor_4_flexed,51.0,34.625,3,30.0,29.0,28.0,30.0,30.0,28.0,30.0,30.0,29.0,32.0,32.0,51.0,47.0,42.0,44.0,42.0
2025-12-25T11:09:52.930066,7123.068,2557,Ring,motor_4_open,51.0,34.625,3,30.0,29.0,28.0,30.0,30.0,28.0,30.0,30.0,29.0,32.0,32.0,51.0,47.0,42.0,44.0,42.0
2025-12-25T11:09:53.826018,7123.966,2558,Ring,motor_5_flexed,51.0,34.625,3,30.0,29.0,28.0,30.0,30.0,28.0,30.0,30.0,29.0,32.0,32.0,51.0,47.0,42.0,44.0,42.0
2025-12-25T11:09:55.713916,7125.851,2558,Ring,motor_5_open,51.0,34.625,3,30.0,29.0,28.0,30.0,30.0,28.0,30.0,30.0,29.0,32.0,32.0,51.0,47.0,42.0,44.0,42.0
2025-12-25T11:09:56.609869,7126.747,2559,Ring,motor_6_flexed,51.0,34.625,3,30.0,29.0,28.0,30.0,30.0,28.0,30.0,30.0,29.0,32.0,32.0,51.0,47.0,42.0,44.0,42.0
2025-12-25T11:09:58.497771,7128.635,2559,Ring,motor_6_open,51.0,34.625,3,30.0,29.0,28.0,30.0,30.0,28.0,30.0,30.0,29.0,32.0,32.0,51.0,47.0,42.0,44.0,42.0
2025-12-25T11:09:59.393733,7129.533,2560,Pinky,motor_7_flexed,51.0,34.5625,3,30.0,29.0,28.0,30.0,30.0,28.0,30.0,30.0,29.0,32.0,32.0,51.0,47.0,42.0,44.0,41.0
2025-12-25T11:10:01.281615,7131.418,2560,Pinky,motor_7_open,51.0,34.625,3,30.0,29.0,28.0,30.0,30.0,28.0,30.0,30.0,29.0,32.0,32.0,51.0,47.0,42.0,44.0,42.0
2025-12-25T11:10:02.177570,7132.318,2561,Pinky,motor_8_flexed,51.0,34.625,3,30.0,29.0,28.0,30.0,30.0,28.0,30.0,30.0,29.0,32.0,32.0,51.0,47.0,42.0,44.0,42.0
2025-12-25T11:10:04.065478,7134.202,2561,Pinky,motor_8_open,51.0,34.625,3,30.0,29.0,28.0,30.0,30.0,28.0,30.0,30.0,29.0,32.0,32.0,51.0,47.0,42.0,44.0,42.0
2025-12-25T11:10:04.961421,7135.095,2562,Pinky,motor_9_flexed,51.0,34.625,3,30.0,29.0,28.0,30.0,30.0,28.0,30.0,30.0,29.0,32.0,32.0,51.0,47.0,42.0,44.0,42.0
2025-12-25T11:10:06.849325,7136.988,2562,Pinky,motor_9_open,51.0,34.625,3,30.0,29.0,28.0,30.0,30.0,28.0,30.0,30.0,29.0,32.0,32.0,51.0,47.0,42.0,44.0,42.0
2025-12-25T11:10:07.745275,7137.886,2563,Thumb,motor_13_flexed,51.0,34.5625,3,30.0,29.0,28.0,30.0,30.0,28.0,30.0,30.0,29.0,32.0,32.0,51.0,47.0,42.0,44.0,41.0
2025-12-25T11:10:09.633166,7139.77,2563,Thumb,motor_13_open,51.0,34.625,3,30.0,29.0,28.0,30.0,30.0,28.0,30.0,30.0,29.0,32.0,32.0,51.0,47.0,42.0,44.0,42.0
2025-12-25T11:10:10.225130,7140.359,2563,Thumb,motor_13_open_hold,51.0,34.625,3,30.0,29.0,28.0,30.0,30.0,28.0,30.0,30.0,29.0,32.0,32.0,51.0,47.0,42.0,44.0,42.0
2025-12-25T11:10:10.625114,7140.762,2564,Thumb,motor_14_flexed,51.0,34.5625,3,30.0,29.0,28.0,30.0,30.0,28.0,30.0,30.0,29.0,32.0,32.0,51.0,47.0,42.0,44.0,41.0
2025-12-25T11:10:12.513023,7142.651,2564,Thumb,motor_14_open,51.0,34.625,3,30.0,29.0,28.0,30.0,30.0,28.0,30.0,30.0,29.0,32.0,32.0,51.0,47.0,42.0,44.0,42.0
2025-12-25T11:10:13.408964,7143.547,2565,Thumb,motor_12_flexed,51.0,34.625,3,30.0,29.0,28.0,30.0,30.0,28.0,30.0,30.0,29.0,32.0,32.0,51.0,47.0,42.0,44.0,42.0
2025-12-25T11:10:15.296864,7145.434,2565,Thumb,motor_12_open,51.0,34.625,3,30.0,29.0,28.0,30.0,30.0,28.0,30.0,30.0,29.0,32.0,32.0,51.0,47.0,42.0,44.0,42.0
2025-12-25T11:10:16.192816,7146.329,2566,Index,motor_2_flexed,51.0,34.625,3,30.0,29.0,28.0,30.0,30.0,28.0,30.0,30.0,29.0,32.0,32.0,51.0,47.0,42.0,44.0,42.0
2025-12-25T11:10:18.080715,7148.218,2566,Index,motor_2_open,51.0,34.5625,3,30.0,29.0,28.0,30.0,30.0,28.0,30.0,30.0,29.0,32.0,32.0,51.0,47.0,42.0,44.0,41.0
2025-12-25T11:10:18.976662,7149.115,2567,Index,motor_1_flexed,51.0,34.625,3,30.0,29.0,28.0,30.0,30.0,28.0,30.0,30.0,29.0,32.0,32.0,51.0,47.0,42.0,45.0,41.0
2025-12-25T11:10:20.864549,7150.998,2567,Index,motor_1_open,51.0,34.5625,3,30.0,29.0,28.0,30.0,30.0,28.0,30.0,30.0,29.0,32.0,32.0,51.0,47.0,42.0,44.0,41.0
2025-12-25T11:10:21.760503,7151.899,2568,Index,motor_3_flexed,51.0,34.625,3,30.0,29.0,28.0,30.0,30.0,28.0,30.0,30.0,29.0,32.0,32.0,51.0,47.0,42.0,44.0,42.0
2025-12-25T11:10:23.648401,7153.786,2568,Index,motor_3_open,51.0,34.625,3,30.0,29.0,28.0,30.0,30.0,28.0,30.0,30.0,29.0,32.0,32.0,51.0,47.0,42.0,44.0,42.0
2025-12-25T11:10:24.544354,7154.684,2569,Middle,motor_11_flexed,51.0,34.625,3,30.0,29.0,28.0,30.0,30.0,28.0,30.0,30.0,29.0,32.0,32.0,51.0,47.0,42.0,44.0,42.0
2025-12-25T11:10:26.432296,7156.572,2569,Middle,motor_11_open,51.0,34.625,3,30.0,29.0,28.0,30.0,30.0,28.0,30.0,30.0,29.0,32.0,32.0,51.0,47.0,42.0,44.0,42.0
2025-12-25T11:10:27.328247,7157.467,2570,Middle,motor_10_flexed,51.0,34.625,3,30.0,29.0,28.0,30.0,30.0,28.0,30.0,30.0,29.0,32.0,32.0,51.0,47.0,42.0,44.0,42.0
2025-12-25T11:10:29.216151,7159.355,2570,Middle,motor_10_open,51.0,34.625,3,30.0,29.0,28.0,30.0,30.0,28.0,30.0,30.0,29.0,32.0,32.0,51.0,47.0,42.0,44.0,42.0
2025-12-25T11:10:30.112101,7160.251,2571,Ring,motor_4_flexed,51.0,34.5625,3,30.0,29.0,28.0,30.0,30.0,28.0,30.0,30.0,29.0,32.0,32.0,51.0,47.0,42.0,44.0,41.0
2025-12-25T11:10:31.999969,7162.141,2571,Ring,motor_4_open,51.0,34.625,3,30.0,29.0,28.0,30.0,30.0,28.0,30.0,30.0,29.0,32.0,32.0,51.0,47.0,42.0,44.0,42.0
2025-12-25T11:10:32.895921,7163.035,2572,Ring,motor_5_flexed,51.0,34.625,3,30.0,29.0,28.0,30.0,30.0,28.0,30.0,30.0,29.0,32.0,32.0,51.0,47.0,42.0,44.0,42.0
2025-12-25T11:10:34.783820,7164.918,2572,Ring,motor_5_open,51.0,34.625,3,30.0,29.0,28.0,30.0,30.0,28.0,30.0,30.0,29.0,32.0,32.0,51.0,47.0,42.0,44.0,42.0
2025-12-25T11:10:35.679772,7165.818,2573,Ring,motor_6_flexed,51.0,34.625,3,30.0,29.0,28.0,30.0,30.0,28.0,30.0,30.0,29.0,32.0,32.0,51.0,47.0,42.0,44.0,42.0
2025-12-25T11:10:37.567671,7167.706,2573,Ring,motor_6_open,51.0,34.6875,3,30.0,29.0,28.0,30.0,30.0,28.0,30.0,30.0,29.0,32.0,32.0,51.0,47.0,42.0,45.0,42.0
2025-12-25T11:10:38.463627,7168.601,2574,Pinky,motor_7_flexed,51.0,34.5625,3,30.0,29.0,28.0,30.0,30.0,28.0,30.0,30.0,29.0,32.0,32.0,51.0,47.0,42.0,44.0,41.0
2025-12-25T11:10:40.351525,7170.489,2574,Pinky,motor_7_open,51.0,34.625,3,30.0,29.0,28.0,30.0,30.0,28.0,30.0,30.0,29.0,32.0,32.0,51.0,47.0,42.0,44.0,42.0
2025-12-25T11:10:41.247475,7171.386,2575,Pinky,motor_8_flexed,51.0,34.625,3,30.0,29.0,28.0,30.0,30.0,28.0,30.0,30.0,29.0,32.0,32.0,51.0,47.0,42.0,44.0,42.0
2025-12-25T11:10:43.135378,7173.276,2575,Pinky,motor_8_open,51.0,34.625,3,30.0,29.0,28.0,30.0,30.0,28.0,30.0,30.0,29.0,32.0,32.0,51.0,47.0,42.0,44.0,42.0
2025-12-25T11:10:44.031325,7174.169,2576,Pinky,motor_9_flexed,51.0,34.625,3,30.0,29.0,28.0,30.0,30.0,28.0,30.0,30.0,29.0,32.0,32.0,51.0,47.0,42.0,44.0,42.0
2025-12-25T11:10:45.919225,7176.057,2576,Pinky,motor_9_open,51.0,34.5625,3,30.0,29.0,28.0,30.0,30.0,28.0,30.0,30.0,29.0,32.0,32.0,51.0,47.0,42.0,44.0,41.0
2025-12-25T11:10:46.815180,7176.951,2577,Thumb,motor_13_flexed,51.0,34.625,3,30.0,29.0,28.0,30.0,30.0,28.0,30.0,30.0,29.0,32.0,32.0,51.0,47.0,42.0,44.0,42.0
2025-12-25T11:10:48.703094,7178.843,2577,Thumb,motor_13_open,51.0,34.625,3,30.0,29.0,28.0,30.0,30.0,28.0,30.0,30.0,29.0,32.0,32.0,51.0,47.0,42.0,44.0,42.0
2025-12-25T11:10:49.599044,7179.737,2578,Thumb,motor_14_flexed,51.0,34.625,3,30.0,29.0,28.0,30.0,30.0,28.0,30.0,30.0,29.0,32.0,32.0,51.0,47.0,42.0,44.0,42.0
2025-12-25T11:10:51.486949,7181.623,2578,Thumb,motor_14_open,51.0,34.625,3,30.0,29.0,28.0,30.0,30.0,28.0,30.0,30.0,29.0,32.0,32.0,51.0,47.0,42.0,44.0,42.0
2025-12-25T11:10:52.382911,7182.52,2579,Thumb,motor_12_flexed,51.0,34.625,3,30.0,29.0,28.0,30.0,30.0,28.0,30.0,30.0,29.0,32.0,32.0,51.0,47.0,42.0,44.0,42.0
2025-12-25T11:10:54.270802,7184.407,2579,Thumb,motor_12_open,51.0,34.5625,3,30.0,29.0,28.0,30.0,30.0,28.0,30.0,30.0,29.0,32.0,32.0,51.0,47.0,42.0,44.0,41.0
2025-12-25T11:10:55.166757,7185.305,2580,Index,motor_2_flexed,51.0,34.625,3,30.0,29.0,28.0,30.0,30.0,28.0,30.0,30.0,29.0,32.0,32.0,51.0,47.0,42.0,44.0,42.0
2025-12-25T11:10:57.054668,7187.191,2580,Index,motor_2_open,51.0,34.5625,3,30.0,29.0,28.0,30.0,30.0,28.0,30.0,30.0,29.0,32.0,32.0,51.0,47.0,42.0,44.0,41.0
2025-12-25T11:10:57.950603,7188.089,2581,Index,motor_1_flexed,51.0,34.5625,3,30.0,29.0,28.0,30.0,30.0,28.0,30.0,30.0,29.0,32.0,32.0,51.0,47.0,42.0,44.0,41.0
2025-12-25T11:10:59.838505,7189.976,2581,Index,motor_1_open,51.0,34.625,3,30.0,29.0,28.0,30.0,30.0,28.0,30.0,30.0,29.0,32.0,32.0,51.0,47.0,42.0,44.0,42.0
2025-12-25T11:11:00.734457,7190.875,2582,Index,motor_3_flexed,51.0,34.5625,3,30.0,29.0,28.0,30.0,30.0,28.0,30.0,30.0,29.0,32.0,32.0,51.0,47.0,42.0,44.0,41.0
2025-12-25T11:11:02.622336,7192.76,2582,Index,motor_3_open,51.0,34.625,3,30.0,29.0,28.0,30.0,30.0,28.0,30.0,30.0,29.0,32.0,32.0,51.0,47.0,42.0,44.0,42.0
2025-12-25T11:11:03.518292,7193.654,2583,Middle,motor_11_flexed,51.0,34.625,3,30.0,29.0,28.0,30.0,30.0,28.0,30.0,30.0,29.0,32.0,32.0,51.0,47.0,42.0,44.0,42.0
2025-12-25T11:11:05.406178,7195.539,2583,Middle,motor_11_open,51.0,34.625,3,30.0,29.0,28.0,30.0,30.0,28.0,30.0,30.0,29.0,32.0,32.0,51.0,47.0,42.0,44.0,42.0
2025-12-25T11:11:06.302143,7196.435,2584,Middle,motor_10_flexed,51.0,34.625,3,30.0,29.0,28.0,30.0,30.0,28.0,30.0,30.0,29.0,32.0,32.0,51.0,47.0,42.0,44.0,42.0
2025-12-25T11:11:08.190030,7198.322,2584,Middle,motor_10_open,51.0,34.625,3,30.0,29.0,28.0,30.0,30.0,28.0,30.0,30.0,29.0,32.0,32.0,51.0,47.0,42.0,44.0,42.0
2025-12-25T11:11:09.085987,7199.223,2585,Ring,motor_4_flexed,51.0,34.5625,3,30.0,29.0,28.0,30.0,30.0,28.0,30.0,30.0,29.0,32.0,32.0,51.0,47.0,42.0,44.0,41.0
2025-12-25T11:11:10.173930,7200.312,2585,Ring,motor_4_flex_hold,51.0,34.5625,3,30.0,29.0,28.0,30.0,30.0,28.0,30.0,30.0,29.0,32.0,32.0,51.0,47.0,42.0,44.0,41.0
