timestamp,elapsed_sec,cycle_index,finger,stage,max_temp_c,mean_temp_c,chunk_index,m01_temp_c,m02_temp_c,m03_temp_c,m04_temp_c,m05_temp_c,m06_temp_c,m07_temp_c,m08_temp_c,m09_temp_c,m10_temp_c,m11_temp_c,m12_temp_c,m13_temp_c,m14_temp_c,m15_temp_c,m16_temp_c
2025-12-25T12:11:10.379787,10800.521,3877,Pinky,motor_8_open,51.0,35.0625,6,31.0,30.0,29.0,30.0,30.0,29.0,31.0,30.0,30.0,32.0,32.0,51.0,48.0,42.0,44.0,42.0
2025-12-25T12:11:11.275745,10801.415,3878,Pinky,motor_9_flexed,51.0,35.0625,6,31.0,30.0,29.0,30.0,30.0,29.0,31.0,30.0,30.0,32.0,32.0,51.0,48.0,42.0,44.0,42.0
2025-12-25T12:11:13.163644,10803.302,3878,Pinky,motor_9_open,51.0,35.0625,6,31.0,30.0,29.0,30.0,30.0,29.0,31.0,30.0,30.0,32.0,32.0,51.0,48.0,42.0,44.0,42.0
2025-12-25T12:11:14.059591,10804.195,3879,Thumb,motor_13_flexed,51.0,35.0625,6,31.0,30.0,29.0,30.0,30.0,29.0,31.0,30.0,30.0,32.0,32.0,51.0,48.0,42.0,44.0,42.0
2025-12-25T12:11:15.947490,10806.085,3879,Thumb,motor_13_open,51.0,35.0625,6,31.0,30.0,29.0,30.0,30.0,29.0,31.0,30.0,30.0,32.0,32.0,51.0,48.0,42.0,44.0,42.0
2025-12-25T12:11:16.843441,10806.98,3880,Thumb,motor_14_flexed,51.0,35.0625,6,31.0,30.0,29.0,30.0,30.0,29.0,31.0,30.0,30.0,32.0,32.0,51.0,48.0,42.0,44.0,42.0
2025-12-25T12:11:18.731378,10808.869,3880,Thumb,motor_14_open,51.0,35.0625,6,31.0,30.0,29.0,30.0,30.0,29.0,31.0,30.0,30.0,32.0,32.0,51.0,48.0,42.0,44.0,42.0
2025-12-25T12:11:19.627331,10809.762,3881,Thumb,motor_12_flexed,51.0,35.0625,6,31.0,30.0,29.0,30.0,30.0,29.0,31.0,30.0,30.0,32.0,32.0,51.0,48.0,42.0,44.0,42.0
2025-12-25T12:11:21.515216,10811.653,3881,Thumb,motor_12_open,51.0,35.0625,6,31.0,30.0,29.0,30.0,30.0,29.0,31.0,30.0,30.0,32.0,32.0,51.0,48.0,42.0,44.0,42.0
2025-12-25T12:11:22.411164,10812.55,3882,Index,motor_2_flexed,51.0,35.0625,6,31.0,30.0,29.0,30.0,30.0,29.0,31.0,30.0,30.0,32.0,32.0,51.0,48.0,42.0,44.0,42.0
2025-12-25T12:11:24.299053,10814.435,3882,Index,motor_2_open,51.0,35.0625,6,31.0,30.0,29.0,30.0,30.0,29.0,31.0,30.0,30.0,32.0,32.0,51.0,48.0,42.0,44.0,42.0
2025-12-25T12:11:25.195024,10815.332,3883,Index,motor_1_flexed,51.0,35.0,6,31.0,30.0,29.0,30.0,30.0,29.0,31.0,30.0,30.0,32.0,32.0,51.0,48.0,42.0,44.0,41.0
2025-12-25T12:11:27.082921,10817.221,3883,Index,motor_1_open,51.0,35.0625,6,31.0,30.0,29.0,30.0,30.0,29.0,31.0,30.0,30.0,32.0,32.0,51.0,48.0,42.0,44.0,42.0
2025-12-25T12:11:27.978876,10818.118,3884,Index,motor_3_flexed,51.0,35.0625,6,31.0,30.0,29.0,30.0,30.0,29.0,31.0,30.0,30.0,32.0,32.0,51.0,48.0,42.0,44.0,42.0
2025-12-25T12:11:29.866779,10820.003,3884,Index,motor_3_open,51.0,35.0625,6,31.0,30.0,29.0,30.0,30.0,29.0,31.0,30.0,30.0,32.0,32.0,51.0,48.0,42.0,44.0,42.0
2025-12-25T12:11:30.762739,10820.901,3885,Middle,motor_11_flexed,51.0,35.0625,6,31.0,30.0,29.0,30.0,30.0,29.0,31.0,30.0,30.0,32.0,32.0,51.0,48.0,42.0,44.0,42.0
2025-12-25T12:11:32.650624,10822.789,3885,Middle,motor_11_open,51.0,35.0625,6,31.0,30.0,29.0,30.0,30.0,29.0,31.0,30.0,30.0,32.0,32.0,51.0,48.0,42.0,44.0,42.0
2025-12-25T12:11:33.546575,10823.684,3886,Middle,motor_10_flexed,51.0,35.0625,6,31.0,30.0,29.0,30.0,30.0,29.0,31.0,30.0,30.0,32.0,32.0,51.0,48.0,42.0,44.0,42.0
2025-12-25T12:11:35.434502,10825.572,3886,Middle,motor_10_open,51.0,35.0625,6,31.0,30.0,29.0,30.0,30.0,29.0,31.0,30.0,30.0,32.0,32.0,51.0,48.0,42.0,44.0,42.0
2025-12-25T12:11:36.330433,10826.467,3887,Ring,motor_4_flexed,51.0,35.0625,6,31.0,30.0,29.0,30.0,30.0,29.0,31.0,30.0,30.0,32.0,32.0,51.0,48.0,42.0,44.0,42.0
2025-12-25T12:11:38.218337,10828.355,3887,Ring,motor_4_open,51.0,35.0625,6,31.0,30.0,29.0,30.0,30.0,29.0,31.0,30.0,30.0,32.0,32.0,51.0,48.0,42.0,44.0,42.0
2025-12-25T12:11:39.114287,10829.252,3888,Ring,motor_5_flexed,51.0,35.0625,6,31.0,30.0,29.0,30.0,30.0,29.0,31.0,30.0,30.0,32.0,32.0,51.0,48.0,42.0,44.0,42.0
2025-12-25T12:11:41.002199,10831.142,3888,Ring,motor_5_open,51.0,35.0625,6,31.0,30.0,29.0,30.0,30.0,29.0,31.0,30.0,30.0,32.0,32.0,51.0,48.0,42.0,44.0,42.0
2025-12-25T12:11:41.898152,10832.035,3889,Ring,motor_6_flexed,51.0,35.0,6,31.0,30.0,29.0,30.0,30.0,29.0,31.0,30.0,30.0,32.0,32.0,51.0,48.0,42.0,44.0,41.0
2025-12-25T12:11:43.786055,10833.923,3889,Ring,motor_6_open,51.0,35.0625,6,31.0,30.0,29.0,30.0,30.0,29.0,31.0,30.0,30.0,32.0,32.0,51.0,48.0,42.0,44.0,42.0
2025-12-25T12:11:44.682019,10834.819,3890,Pinky,motor_7_flexed,51.0,35.0,6,31.0,30.0,29.0,30.0,30.0,29.0,31.0,30.0,29.0,32.0,32.0,51.0,48.0,42.0,44.0,42.0
2025-12-25T12:11:46.569911,10836.708,3890,Pinky,motor_7_open,51.0,35.0625,6,31.0,30.0,29.0,30.0,30.0,29.0,31.0,30.0,30.0,32.0,32.0,51.0,48.0,42.0,44.0,42.0
2025-12-25T12:11:47.465855,10837.603,3891,Pinky,motor_8_flexed,51.0,35.0,6,31.0,30.0,29.0,30.0,30.0,29.0,31.0,30.0,30.0,32.0,32.0,51.0,48.0,42.0,44.0,41.0
2025-12-25T12:11:49.353801,10839.491,3891,Pinky,motor_8_open,51.0,35.0625,6,31.0,30.0,29.0,30.0,30.0,29.0,31.0,30.0,30.0,32.0,32.0,51.0,48.0,42.0,44.0,42.0
2025-12-25T12:11:50.249722,10840.387,3892,Pinky,motor_9_flexed,51.0,35.0625,6,31.0,30.0,29.0,30.0,30.0,29.0,31.0,30.0,30.0,32.0,32.0,51.0,48.0,42.0,44.0,42.0
2025-12-25T12:11:52.137622,10842.276,3892,Pinky,motor_9_open,51.0,35.0625,6,31.0,30.0,29.0,30.0,30.0,29.0,31.0,30.0,30.0,32.0,32.0,51.0,48.0,42.0,44.0,42.0
2025-12-25T12:11:53.033575,10843.172,3893,Thumb,motor_13_flexed,51.0,35.0625,6,31.0,30.0,29.0,30.0,30.0,29.0,31.0,30.0,30.0,32.0,32.0,51.0,48.0,42.0,44.0,42.0
2025-12-25T12:11:54.921478,10845.06,3893,Thumb,motor_13_open,51.0,35.0625,6,31.0,30.0,29.0,30.0,30.0,29.0,31.0,30.0,30.0,32.0,32.0,51.0,48.0,42.0,44.0,42.0
2025-12-25T12:11:55.817432,10845.956,3894,Thumb,motor_14_flexed,51.0,35.0625,6,31.0,30.0,29.0,30.0,30.0,29.0,31.0,30.0,30.0,32.0,32.0,51.0,48.0,42.0,44.0,42.0
2025-12-25T12:11:57.705331,10847.846,3894,Thumb,motor_14_open,51.0,35.0625,6,31.0,30.0,29.0,30.0,30.0,29.0,31.0,30.0,30.0,32.0,32.0,51.0,48.0,42.0,44.0,42.0
2025-12-25T12:11:58.601302,10848.742,3895,Thumb,motor_12_flexed,51.0,35.0625,6,31.0,30.0,29.0,30.0,30.0,29.0,31.0,30.0,30.0,32.0,32.0,51.0,48.0,42.0,44.0,42.0
2025-12-25T12:12:00.489172,10850.624,3895,Thumb,motor_12_open,51.0,35.0625,6,31.0,30.0,29.0,30.0,30.0,29.0,31.0,30.0,30.0,32.0,32.0,51.0,48.0,42.0,44.0,42.0
2025-12-25T12:12:01.385126,10851.516,3896,Index,motor_2_flexed,51.0,35.0625,6,31.0,30.0,29.0,30.0,30.0,29.0,31.0,30.0,30.0,32.0,32.0,51.0,48.0,42.0,44.0,42.0
2025-12-25T12:12:03.273030,10853.404,3896,Index,motor_2_open,51.0,35.0625,6,31.0,30.0,29.0,30.0,30.0,29.0,31.0,30.0,30.0,32.0,32.0,51.0,48.0,42.0,44.0,42.0
2025-12-25T12:12:04.168978,10854.301,3897,Index,motor_1_flexed,51.0,35.0625,6,31.0,30.0,29.0,30.0,30.0,29.0,31.0,30.0,30.0,32.0,32.0,51.0,48.0,42.0,44.0,42.0
2025-12-25T12:12:06.056887,10856.191,3897,Index,motor_1_open,51.0,35.0625,6,31.0,30.0,29.0,30.0,30.0,29.0,31.0,30.0,30.0,32.0,32.0,51.0,48.0,42.0,44.0,42.0
2025-12-25T12:12:06.952837,10857.086,3898,Index,motor_3_flexed,51.0,35.0625,6,31.0,30.0,29.0,30.0,30.0,29.0,31.0,30.0,30.0,32.0,32.0,51.0,48.0,42.0,44.0,42.0
2025-12-25T12:12:08.840740,10858.972,3898,Index,motor_3_open,51.0,35.0625,6,31.0,30.0,29.0,30.0,30.0,29.0,31.0,30.0,30.0,32.0,32.0,51.0,48.0,42.0,44.0,42.0
2025-12-25T12:12:09.736694,10859.875,3899,Middle,motor_11_flexed,51.0,35.0625,6,31.0,30.0,29.0,30.0,30.0,29.0,31.0,30.0,30.0,32.0,32.0,51.0,48.0,42.0,44.0,42.0
2025-12-25T12:12:10.824638,10860.963,3899,Middle,motor_11_flex_hold,51.0,35.0625,6,31.0,30.0,29.0,30.0,30.0,29.0,31.0,30.0,30.0,32.0,32.0,51.0,48.0,42.0,44.0,42.0
2025-12-25T12:12:11.624603,10861.756,3899,Middle,motor_11_open,51.0,35.0625,6,31.0,30.0,29.0,30.0,30.0,29.0,31.0,30.0,30.0,32.0,32.0,51.0,48.0,42.0,44.0,42.0
2025-12-25T12:12:12.520553,10862.661,3900,Middle,motor_10_flexed,51.0,35.0625,6,31.0,30.0,29.0,30.0,30.0,29.0,31.0,30.0,30.0,32.0,32.0,51.0,48.0,42.0,44.0,42.0
2025-12-25T12:12:14.408462,10864.547,3900,Middle,motor_10_open,51.0,35.0625,6,31.0,30.0,29.0,30.0,30.0,29.0,31.0,30.0,30.0,32.0,32.0,51.0,48.0,42.0,44.0,42.0
2025-12-25T12:12:15.304421,10865.443,3901,Ring,motor_4_flexed,51.0,35.0625,6,31.0,30.0,29.0,30.0,30.0,29.0,31.0,30.0,30.0,32.0,32.0,51.0,48.0,42.0,44.0,42.0
2025-12-25T12:12:17.192351,10867.328,3901,Ring,motor_4_open,51.0,35.0625,6,31.0,30.0,29.0,30.0,30.0,29.0,31.0,30.0,30.0,32.0,32.0,51.0,48.0,42.0,44.0,42.0
2025-12-25T12:12:18.088298,10868.224,3902,Ring,motor_5_flexed,51.0,35.0625,6,31.0,30.0,29.0,30.0,30.0,29.0,31.0,30.0,30.0,32.0,32.0,51.0,48.0,42.0,44.0,42.0
2025-12-25T12:12:19.976201,10870.115,3902,Ring,motor_5_open,51.0,35.0625,6,31.0,30.0,29.0,30.0,30.0,29.0,31.0,30.0,30.0,32.0,32.0,51.0,48.0,42.0,44.0,42.0
2025-12-25T12:12:20.872133,10871.013,3903,Ring,motor_6_flexed,51.0,35.0625,6,31.0,30.0,29.0,30.0,30.0,29.0,31.0,30.0,30.0,32.0,32.0,51.0,48.0,42.0,44.0,42.0
2025-12-25T12:12:22.760063,10872.899,3903,Ring,motor_6_open,51.0,35.0625,6,31.0,30.0,29.0,30.0,30.0,29.0,31.0,30.0,30.0,32.0,32.0,51.0,48.0,42.0,44.0,42.0
2025-12-25T12:12:23.656013,10873.796,3904,Pinky,motor_7_flexed,51.0,35.0625,6,31.0,30.0,29.0,30.0,30.0,29.0,31.0,30.0,30.0,32.0,32.0,51.0,48.0,42.0,44.0,42.0
2025-12-25T12:12:25.543913,10875.683,3904,Pinky,motor_7_open,51.0,35.0625,6,31.0,30.0,29.0,30.0,30.0,29.0,31.0,30.0,30.0,32.0,32.0,51.0,48.0,42.0,44.0,42.0
2025-12-25T12:12:26.439865,10876.58,3905,Pinky,motor_8_flexed,51.0,35.0625,6,31.0,30.0,29.0,30.0,30.0,29.0,31.0,30.0,30.0,32.0,32.0,51.0,48.0,42.0,44.0,42.0
2025-12-25T12:12:28.327772,10878.467,3905,Pinky,motor_8_open,51.0,35.0625,6,31.0,30.0,29.0,30.0,30.0,29.0,31.0,30.0,30.0,32.0,32.0,51.0,48.0,42.0,44.0,42.0
2025-12-25T12:12:29.223682,10879.36,3906,Pinky,motor_9_flexed,51.0,35.0,6,31.0,30.0,29.0,30.0,30.0,29.0,31.0,30.0,29.0,32.0,32.0,51.0,48.0,42.0,44.0,42.0
2025-12-25T12:12:31.111588,10881.248,3906,Pinky,motor_9_open,51.0,35.0625,6,31.0,30.0,29.0,30.0,30.0,29.0,31.0,30.0,30.0,32.0,32.0,51.0,48.0,42.0,44.0,42.0
2025-12-25T12:12:32.007538,10882.144,3907,Thumb,motor_13_flexed,51.0,35.0625,6,31.0,30.0,29.0,30.0,30.0,29.0,31.0,30.0,30.0,32.0,32.0,51.0,48.0,42.0,44.0,42.0
2025-12-25T12:12:33.895438,10884.03,3907,Thumb,motor_13_open,51.0,35.125,6,31.0,30.0,29.0,30.0,30.0,29.0,31.0,30.0,30.0,32.0,32.0,51.0,48.0,42.0,44.0,43.0
2025-12-25T12:12:34.791395,10884.928,3908,Thumb,motor_14_flexed,51.0,35.0,6,31.0,30.0,29.0,30.0,30.0,29.0,31.0,30.0,30.0,32.0,32.0,51.0,48.0,42.0,44.0,41.0
2025-12-25T12:12:36.695289,10886.827,3908,Thumb,motor_14_open,51.0,35.0625,6,31.0,30.0,29.0,30.0,30.0,29.0,31.0,30.0,30.0,32.0,32.0,51.0,48.0,42.0,44.0,42.0
2025-12-25T12:12:37.591255,10887.73,3909,Thumb,motor_12_flexed,51.0,35.0625,6,31.0,30.0,29.0,30.0,30.0,29.0,31.0,30.0,30.0,32.0,32.0,51.0,48.0,42.0,44.0,42.0
2025-12-25T12:12:39.479148,10889.616,3909,Thumb,motor_12_open,51.0,35.0625,6,31.0,30.0,29.0,30.0,30.0,29.0,31.0,30.0,30.0,32.0,32.0,51.0,48.0,42.0,44.0,42.0
2025-12-25T12:12:40.375103,10890.514,3910,Index,motor_2_flexed,51.0,35.0,6,31.0,30.0,29.0,30.0,30.0,29.0,31.0,30.0,30.0,32.0,32.0,51.0,48.0,42.0,44.0,41.0
2025-12-25T12:12:42.263012,10892.4,3910,Index,motor_2_open,51.0,35.0625,6,31.0,30.0,29.0,30.0,30.0,29.0,31.0,30.0,30.0,32.0,32.0,51.0,48.0,42.0,44.0,42.0
2025-12-25T12:12:43.158945,10893.291,3911,Index,motor_1_flexed,51.0,35.0625,6,31.0,30.0,29.0,30.0,30.0,29.0,31.0,30.0,30.0,32.0,32.0,51.0,48.0,42.0,44.0,42.0
2025-12-25T12:12:45.046868,10895.183,3911,Index,motor_1_open,51.0,35.0625,6,31.0,30.0,29.0,30.0,30.0,29.0,31.0,30.0,30.0,32.0,32.0,51.0,48.0,42.0,44.0,42.0
2025-12-25T12:12:45.942821,10896.083,3912,Index,motor_3_flexed,51.0,35.0625,6,31.0,30.0,29.0,30.0,30.0,29.0,31.0,30.0,30.0,32.0,32.0,51.0,48.0,42.0,44.0,42.0
2025-12-25T12:12:47.830722,10897.967,3912,Index,motor_3_open,51.0,35.125,6,31.0,30.0,29.0,30.0,30.0,29.0,31.0,30.0,30.0,32.0,32.0,51.0,48.0,42.0,45.0,42.0
2025-12-25T12:12:48.726663,10898.858,3913,Middle,motor_11_flexed,51.0,34.875,6,31.0,30.0,29.0,30.0,30.0,29.0,31.0,30.0,30.0,32.0,32.0,51.0,48.0,42.0,44.0,39.0
2025-12-25T12:12:50.614567,10900.753,3913,Middle,motor_11_open,51.0,35.0,6,31.0,30.0,29.0,30.0,30.0,29.0,31.0,30.0,30.0,32.0,32.0,51.0,48.0,42.0,44.0,41.0
2025-12-25T12:12:51.510533,10901.648,3914,Middle,motor_10_flexed,51.0,35.0625,6,31.0,30.0,29.0,30.0,30.0,29.0,31.0,30.0,30.0,32.0,32.0,51.0,48.0,42.0,44.0,42.0
2025-12-25T12:12:53.398439,10903.533,3914,Middle,motor_10_open,51.0,35.125,6,31.0,30.0,29.0,30.0,30.0,29.0,31.0,30.0,30.0,32.0,32.0,51.0,48.0,42.0,44.0,43.0
2025-12-25T12:12:54.294395,10904.431,3915,Ring,motor_4_flexed,51.0,35.0625,6,31.0,30.0,29.0,30.0,30.0,29.0,31.0,30.0,30.0,32.0,32.0,51.0,48.0,42.0,44.0,42.0
2025-12-25T12:12:56.182305,10906.318,3915,Ring,motor_4_open,51.0,35.0625,6,31.0,30.0,29.0,30.0,30.0,29.0,31.0,30.0,30.0,32.0,32.0,51.0,48.0,42.0,44.0,42.0
2025-12-25T12:12:57.078262,10907.217,3916,Ring,motor_5_flexed,51.0,35.0625,6,31.0,30.0,29.0,30.0,30.0,29.0,31.0,30.0,30.0,32.0,32.0,51.0,48.0,42.0,44.0,42.0
2025-12-25T12:12:58.966152,10909.103,3916,Ring,motor_5_open,51.0,35.0625,6,31.0,30.0,29.0,30.0,30.0,29.0,31.0,30.0,30.0,32.0,32.0,51.0,48.0,42.0,44.0,42.0
2025-12-25T12:12:59.862114,10909.994,3917,Ring,motor_6_flexed,51.0,35.125,6,31.0,30.0,29.0,30.0,30.0,29.0,31.0,30.0,30.0,32.0,32.0,51.0,48.0,42.0,45.0,42.0
2025-12-25T12:13:01.750011,10911.889,3917,Ring,motor_6_open,51.0,35.0625,6,31.0,30.0,29.0,30.0,30.0,29.0,31.0,30.0,30.0,32.0,32.0,51.0,48.0,42.0,44.0,42.0
2025-12-25T12:13:02.645970,10912.783,3918,Pinky,motor_7_flexed,51.0,35.125,6,31.0,30.0,29.0,30.0,30.0,29.0,31.0,30.0,30.0,32.0,32.0,51.0,48.0,42.0,45.0,42.0
2025-12-25T12:13:04.533871,10914.674,3918,Pinky,motor_7_open,51.0,35.0625,6,31.0,30.0,29.0,30.0,30.0,29.0,31.0,30.0,30.0,32.0,32.0,51.0,48.0,42.0,44.0,42.0
2025-12-25T12:13:05.429845,10915.566,3919,Pinky,motor_8_flexed,51.0,35.0625,6,31.0,30.0,29.0,30.0,30.0,29.0,31.0,30.0,30.0,32.0,32.0,51.0,48.0,42.0,44.0,42.0
2025-12-25T12:13:07.317725,10917.454,3919,Pinky,motor_8_open,51.0,35.0625,6,31.0,30.0,29.0,30.0,30.0,29.0,31.0,30.0,30.0,32.0,32.0,51.0,48.0,42.0,44.0,42.0
2025-12-25T12:13:08.213678,10918.35,3920,Pinky,motor_9_flexed,51.0,35.0625,6,31.0,30.0,29.0,30.0,30.0,29.0,31.0,30.0,30.0,32.0,32.0,51.0,48.0,42.0,44.0,42.0
2025-12-25T12:13:10.101583,10920.238,3920,Pinky,motor_9_open,51.0,35.0625,6,31.0,30.0,29.0,30.0,30.0,29.0,31.0,30.0,30.0,32.0,32.0,51.0,48.0,42.0,44.0,42.0
2025-12-25T12:13:10.997540,10921.133,3921,Thumb,motor_13_flexed,51.0,35.0625,6,31.0,30.0,29.0,30.0,30.0,29.0,31.0,30.0,30.0,32.0,32.0,51.0,48.0,42.0,44.0,42.0
2025-12-25T12:13:12.885437,10923.023,3921,Thumb,motor_13_open,51.0,35.0625,6,31.0,30.0,29.0,30.0,30.0,29.0,31.0,30.0,30.0,32.0,32.0,51.0,48.0,42.0,44.0,42.0
2025-12-25T12:13:13.781393,10923.919,3922,Thumb,motor_14_flexed,51.0,35.0625,6,31.0,30.0,29.0,30.0,30.0,29.0,31.0,30.0,30.0,32.0,32.0,51.0,48.0,42.0,44.0,42.0
2025-12-25T12:13:15.669274,10925.809,3922,Thumb,motor_14_open,51.0,35.0625,6,31.0,30.0,29.0,30.0,30.0,29.0,31.0,30.0,30.0,32.0,32.0,51.0,48.0,42.0,44.0,42.0
2025-12-25T12:13:16.565226,10926.701,3923,Thumb,motor_12_flexed,51.0,35.0625,6,31.0,30.0,29.0,30.0,30.0,29.0,31.0,30.0,30.0,32.0,32.0,51.0,48.0,42.0,44.0,42.0
2025-12-25T12:13:18.453128,10928.592,3923,Thumb,motor_12_open,51.0,35.0625,6,31.0,30.0,29.0,30.0,30.0,29.0,31.0,30.0,30.0,32.0,32.0,51.0,48.0,42.0,44.0,42.0
2025-12-25T12:13:19.349081,10929.488,3924,Index,motor_2_flexed,51.0,35.0625,6,31.0,30.0,29.0,30.0,30.0,29.0,31.0,30.0,30.0,32.0,32.0,51.0,48.0,42.0,44.0,42.0
2025-12-25T12:13:21.236972,10931.377,3924,Index,motor_2_open,51.0,35.125,6,31.0,30.0,29.0,30.0,30.0,29.0,31.0,30.0,30.0,32.0,32.0,51.0,48.0,42.0,45.0,42.0
2025-12-25T12:13:22.132937,10932.272,3925,Index,motor_1_flexed,51.0,35.0625,6,31.0,30.0,29.0,30.0,30.0,29.0,31.0,30.0,30.0,32.0,32.0,51.0,48.0,42.0,44.0,42.0
2025-12-25T12:13:24.020836,10934.158,3925,Index,motor_1_open,51.0,35.0625,6,31.0,30.0,29.0,30.0,30.0,29.0,31.0,30.0,30.0,32.0,32.0,51.0,48.0,42.0,44.0,42.0
2025-12-25T12:13:24.916793,10935.055,3926,Index,motor_3_flexed,51.0,35.0625,6,31.0,30.0,29.0,30.0,30.0,29.0,31.0,30.0,30.0,32.0,32.0,51.0,48.0,42.0,44.0,42.0
2025-12-25T12:13:26.804691,10936.945,3926,Index,motor_3_open,51.0,35.0625,6,31.0,30.0,29.0,30.0,30.0,29.0,31.0,30.0,30.0,32.0,32.0,51.0,48.0,42.0,44.0,42.0
2025-12-25T12:13:27.716645,10937.844,3927,Middle,motor_11_flexed,51.0,35.0625,6,31.0,30.0,29.0,30.0,30.0,29.0,31.0,30.0,30.0,32.0,32.0,51.0,48.0,42.0,44.0,42.0
2025-12-25T12:13:29.604546,10939.742,3927,Middle,motor_11_open,51.0,35.0625,6,31.0,30.0,29.0,30.0,30.0,29.0,31.0,30.0,30.0,32.0,32.0,51.0,48.0,42.0,44.0,42.0
2025-12-25T12:13:30.500550,10940.638,3928,Middle,motor_10_flexed,51.0,35.0625,6,31.0,30.0,29.0,30.0,30.0,29.0,31.0,30.0,30.0,32.0,32.0,51.0,48.0,42.0,44.0,42.0
2025-12-25T12:13:32.388425,10942.527,3928,Middle,motor_10_open,51.0,35.0625,6,31.0,30.0,29.0,30.0,30.0,29.0,31.0,30.0,30.0,32.0,32.0,51.0,48.0,42.0,44.0,42.0
2025-12-25T12:13:33.284378,10943.424,3929,Ring,motor_4_flexed,51.0,35.0625,6,31.0,30.0,29.0,30.0,30.0,29.0,31.0,30.0,30.0,32.0,32.0,51.0,48.0,42.0,44.0,42.0
2025-12-25T12:13:35.172268,10945.312,3929,Ring,motor_4_open,51.0,35.0,6,31.0,30.0,29.0,30.0,30.0,29.0,31.0,30.0,30.0,32.0,32.0,51.0,48.0,42.0,43.0,42.0
2025-12-25T12:13:36.068226,10946.207,3930,Ring,motor_5_flexed,51.0,35.125,6,31.0,30.0,29.0,30.0,30.0,29.0,31.0,30.0,30.0,32.0,32.0,51.0,48.0,42.0,45.0,42.0
2025-12-25T12:13:37.956134,10948.092,3930,Ring,motor_5_open,51.0,35.0625,6,31.0,30.0,29.0,30.0,30.0,29.0,31.0,30.0,30.0,32.0,32.0,51.0,48.0,42.0,44.0,42.0
2025-12-25T12:13:38.852085,10948.99,3931,Ring,motor_6_flexed,51.0,35.0625,6,31.0,30.0,29.0,30.0,30.0,29.0,31.0,30.0,30.0,32.0,32.0,51.0,48.0,42.0,44.0,42.0
2025-12-25T12:13:40.739990,10950.879,3931,Ring,motor_6_open,51.0,35.0625,6,31.0,30.0,29.0,30.0,30.0,29.0,31.0,30.0,30.0,32.0,32.0,51.0,48.0,42.0,44.0,42.0
2025-12-25T12:13:41.635943,10951.772,3932,Pinky,motor_7_flexed,51.0,35.125,6,31.0,30.0,29.0,30.0,30.0,29.0,31.0,30.0,30.0,32.0,32.0,51.0,48.0,42.0,45.0,42.0
2025-12-25T12:13:43.523844,10953.663,3932,Pinky,motor_7_open,51.0,35.0625,6,31.0,30.0,29.0,30.0,30.0,29.0,31.0,30.0,30.0,32.0,32.0,51.0,48.0,42.0,44.0,42.0
2025-12-25T12:13:44.419802,10954.558,3933,Pinky,motor_8_flexed,51.0,35.0625,6,31.0,30.0,29.0,30.0,30.0,29.0,31.0,30.0,30.0,32.0,32.0,51.0,48.0,42.0,44.0,42.0
2025-12-25T12:13:46.307698,10956.446,3933,Pinky,motor_8_open,51.0,35.125,6,31.0,30.0,29.0,30.0,30.0,29.0,31.0,30.0,30.0,32.0,32.0,51.0,48.0,42.0,45.0,42.0
2025-12-25T12:13:47.203628,10957.341,3934,Pinky,motor_9_flexed,51.0,35.0625,6,31.0,30.0,29.0,30.0,30.0,29.0,31.0,30.0,30.0,32.0,32.0,51.0,48.0,42.0,44.0,42.0
2025-12-25T12:13:49.091539,10959.23,3934,Pinky,motor_9_open,51.0,35.0625,6,31.0,30.0,29.0,30.0,30.0,29.0,31.0,30.0,30.0,32.0,32.0,51.0,48.0,42.0,44.0,42.0
2025-12-25T12:13:49.987483,10960.124,3935,Thumb,motor_13_flexed,51.0,35.0625,6,31.0,30.0,29.0,30.0,30.0,29.0,31.0,30.0,30.0,32.0,32.0,51.0,48.0,42.0,44.0,42.0
2025-12-25T12:13:51.875409,10962.014,3935,Thumb,motor_13_open,51.0,35.0625,6,31.0,30.0,29.0,30.0,30.0,29.0,31.0,30.0,30.0,32.0,32.0,51.0,48.0,42.0,44.0,42.0
2025-12-25T12:13:52.771344,10962.906,3936,Thumb,motor_14_flexed,51.0,35.0625,6,31.0,30.0,29.0,30.0,30.0,29.0,31.0,30.0,30.0,32.0,32.0,51.0,48.0,42.0,44.0,42.0
2025-12-25T12:13:54.659252,10964.796,3936,Thumb,motor_14_open,51.0,35.0,6,31.0,30.0,29.0,30.0,30.0,29.0,31.0,30.0,30.0,32.0,32.0,51.0,47.0,42.0,44.0,42.0
2025-12-25T12:13:55.555217,10965.693,3937,Thumb,motor_12_flexed,51.0,35.0,6,31.0,30.0,29.0,30.0,30.0,29.0,31.0,30.0,30.0,32.0,32.0,51.0,47.0,42.0,44.0,42.0
2025-12-25T12:13:57.443119,10967.582,3937,Thumb,motor_12_open,51.0,35.0,6,31.0,30.0,29.0,30.0,30.0,29.0,31.0,30.0,30.0,32.0,32.0,51.0,47.0,42.0,44.0,42.0
2025-12-25T12:13:58.339058,10968.478,3938,Index,motor_2_flexed,51.0,35.0,6,31.0,30.0,29.0,30.0,30.0,29.0,31.0,30.0,30.0,32.0,32.0,51.0,47.0,42.0,44.0,42.0
2025-12-25T12:14:00.226949,10970.364,3938,Index,motor_2_open,51.0,35.0,6,31.0,30.0,29.0,30.0,30.0,29.0,31.0,30.0,30.0,32.0,32.0,51.0,47.0,42.0,44.0,42.0
2025-12-25T12:14:01.122894,10971.258,3939,Index,motor_1_flexed,51.0,35.0625,6,31.0,30.0,29.0,30.0,30.0,29.0,31.0,30.0,30.0,32.0,32.0,51.0,48.0,42.0,44.0,42.0
2025-12-25T12:14:03.010809,10973.15,3939,Index,motor_1_open,51.0,35.0625,6,31.0,30.0,29.0,30.0,30.0,29.0,31.0,30.0,30.0,32.0,32.0,51.0,48.0,42.0,44.0,42.0
2025-12-25T12:14:03.906750,10974.045,3940,Index,motor_3_flexed,51.0,35.0625,6,31.0,30.0,29.0,30.0,30.0,29.0,31.0,30.0,30.0,32.0,32.0,51.0,48.0,42.0,44.0,42.0
2025-12-25T12:14:05.794647,10975.929,3940,Index,motor_3_open,51.0,35.0625,6,31.0,30.0,29.0,30.0,30.0,29.0,31.0,30.0,30.0,32.0,32.0,51.0,48.0,42.0,44.0,42.0
2025-12-25T12:14:06.690603,10976.826,3941,Middle,motor_11_flexed,51.0,35.0625,6,31.0,30.0,29.0,30.0,30.0,29.0,31.0,30.0,30.0,32.0,32.0,51.0,48.0,42.0,44.0,42.0
2025-12-25T12:14:08.578501,10978.716,3941,Middle,motor_11_open,51.0,35.0625,6,31.0,30.0,29.0,30.0,30.0,29.0,31.0,30.0,30.0,32.0,32.0,51.0,48.0,42.0,44.0,42.0
2025-12-25T12:14:09.474457,10979.611,3942,Middle,motor_10_flexed,51.0,35.125,6,31.0,30.0,29.0,30.0,30.0,29.0,31.0,30.0,30.0,32.0,32.0,51.0,48.0,42.0,45.0,42.0
2025-12-25T12:14:10.562397,10980.701,3942,Middle,motor_10_flex_hold,51.0,35.0625,6,31.0,30.0,29.0,30.0,30.0,29.0,31.0,30.0,30.0,32.0,32.0,51.0,48.0,42.0,44.0,42.0
2025-12-25T12:14:11.362360,10981.501,3942,Middle,motor_10_open,51.0,35.0625,6,31.0,30.0,29.0,30.0,30.0,29.0,31.0,30.0,30.0,32.0,32.0,51.0,48.0,42.0,44.0,42.0
2025-12-25T12:14:12.258336,10982.398,3943,Ring,motor_4_flexed,51.0,35.0625,6,31.0,30.0,29.0,30.0,30.0,29.0,31.0,30.0,30.0,32.0,32.0,51.0,48.0,42.0,44.0,42.0
2025-12-25T12:14:14.146221,10984.283,3943,Ring,motor_4_open,51.0,35.0625,6,31.0,30.0,29.0,30.0,30.0,29.0,31.0,30.0,30.0,32.0,32.0,51.0,48.0,42.0,44.0,42.0
2025-12-25T12:14:15.042169,10985.181,3944,Ring,motor_5_flexed,51.0,35.125,6,31.0,30.0,29.0,30.0,30.0,29.0,31.0,30.0,30.0,32.0,32.0,51.0,48.0,42.0,45.0,42.0
2025-12-25T12:14:16.930076,10987.069,3944,Ring,motor_5_open,51.0,35.0625,6,31.0,30.0,29.0,30.0,30.0,29.0,31.0,30.0,30.0,32.0,32.0,51.0,48.0,42.0,44.0,42.0
2025-12-25T12:14:17.826029,10987.965,3945,Ring,motor_6_flexed,51.0,35.0625,6,31.0,30.0,29.0,30.0,30.0,29.0,31.0,30.0,30.0,32.0,32.0,51.0,48.0,42.0,44.0,42.0
2025-12-25T12:14:19.713932,10989.85,3945,Ring,motor_6_open,51.0,35.125,6,31.0,30.0,29.0,30.0,30.0,29.0,31.0,30.0,30.0,32.0,32.0,51.0,48.0,42.0,45.0,42.0
2025-12-25T12:14:20.609884,10990.748,3946,Pinky,motor_7_flexed,51.0,35.0625,6,31.0,30.0,29.0,30.0,30.0,29.0,31.0,30.0,30.0,32.0,32.0,51.0,48.0,42.0,44.0,42.0
2025-12-25T12:14:22.497786,10992.635,3946,Pinky,motor_7_open,51.0,35.0625,6,31.0,30.0,29.0,30.0,30.0,29.0,31.0,30.0,30.0,32.0,32.0,51.0,48.0,42.0,44.0,42.0
2025-12-25T12:14:23.393738,10993.528,3947,Pinky,motor_8_flexed,51.0,35.0625,6,31.0,30.0,29.0,30.0,30.0,29.0,31.0,30.0,30.0,32.0,32.0,51.0,48.0,42.0,44.0,42.0
2025-12-25T12:14:25.281640,10995.419,3947,Pinky,motor_8_open,51.0,35.0625,6,31.0,30.0,29.0,30.0,30.0,29.0,31.0,30.0,30.0,32.0,32.0,51.0,48.0,42.0,44.0,42.0
2025-12-25T12:14:26.177592,10996.316,3948,Pinky,motor_9_flexed,51.0,35.0625,6,31.0,30.0,29.0,30.0,30.0,29.0,31.0,30.0,30.0,32.0,32.0,51.0,48.0,42.0,44.0,42.0
2025-12-25T12:14:28.065485,10998.197,3948,Pinky,motor_9_open,51.0,35.0625,6,31.0,30.0,29.0,30.0,30.0,29.0,31.0,30.0,30.0,32.0,32.0,51.0,48.0,42.0,44.0,42.0
2025-12-25T12:14:28.961443,10999.097,3949,Thumb,motor_13_flexed,51.0,35.0625,6,31.0,30.0,29.0,30.0,30.0,29.0,31.0,30.0,30.0,32.0,32.0,51.0,48.0,42.0,44.0,42.0
2025-12-25T12:14:30.849341,11000.986,3949,Thumb,motor_13_open,51.0,35.0625,6,31.0,30.0,29.0,30.0,30.0,29.0,31.0,30.0,30.0,32.0,32.0,51.0,48.0,42.0,44.0,42.0
2025-12-25T12:14:31.745305,11001.883,3950,Thumb,motor_14_flexed,51.0,35.0625,6,31.0,30.0,29.0,30.0,30.0,29.0,31.0,30.0,30.0,32.0,32.0,51.0,48.0,42.0,44.0,42.0
2025-12-25T12:14:33.633207,11003.772,3950,Thumb,motor_14_open,51.0,35.125,6,31.0,30.0,29.0,30.0,30.0,29.0,31.0,30.0,30.0,32.0,32.0,51.0,48.0,42.0,45.0,42.0
2025-12-25T12:14:34.529149,11004.666,3951,Thumb,motor_12_flexed,51.0,35.25,6,31.0,30.0,29.0,30.0,30.0,29.0,31.0,30.0,30.0,32.0,32.0,51.0,48.0,42.0,44.0,45.0
2025-12-25T12:14:36.417058,11006.553,3951,Thumb,motor_12_open,51.0,35.125,6,31.0,30.0,29.0,30.0,30.0,29.0,31.0,30.0,30.0,32.0,32.0,51.0,48.0,42.0,45.0,42.0
2025-12-25T12:14:37.313004,11007.451,3952,Index,motor_2_flexed,51.0,35.0625,6,31.0,30.0,29.0,30.0,30.0,29.0,31.0,30.0,30.0,32.0,32.0,51.0,48.0,42.0,44.0,42.0
2025-12-25T12:14:39.200903,11009.338,3952,Index,motor_2_open,51.0,35.0625,6,31.0,30.0,29.0,30.0,30.0,29.0,31.0,30.0,30.0,32.0,32.0,51.0,48.0,42.0,44.0,42.0
2025-12-25T12:14:40.096856,11010.228,3953,Index,motor_1_flexed,51.0,35.0625,6,31.0,30.0,29.0,30.0,30.0,29.0,31.0,30.0,30.0,32.0,32.0,51.0,48.0,43.0,45.0,40.0
2025-12-25T12:14:41.984771,11012.121,3953,Index,motor_1_open,51.0,35.1875,6,31.0,30.0,29.0,30.0,30.0,29.0,31.0,30.0,30.0,32.0,32.0,51.0,48.0,43.0,45.0,42.0
2025-12-25T12:14:42.880722,11013.019,3954,Index,motor_3_flexed,51.0,35.125,6,31.0,30.0,29.0,30.0,30.0,29.0,31.0,30.0,30.0,32.0,32.0,51.0,48.0,43.0,44.0,42.0
2025-12-25T12:14:44.768619,11014.909,3954,Index,motor_3_open,51.0,35.125,6,31.0,30.0,29.0,30.0,30.0,29.0,31.0,30.0,30.0,32.0,32.0,51.0,48.0,43.0,44.0,42.0
2025-12-25T12:14:45.664560,11015.805,3955,Middle,motor_11_flexed,51.0,35.125,6,31.0,30.0,29.0,30.0,30.0,29.0,31.0,30.0,30.0,32.0,32.0,51.0,48.0,43.0,44.0,42.0
2025-12-25T12:14:47.552481,11017.692,3955,Middle,motor_11_open,51.0,35.125,6,31.0,30.0,29.0,30.0,30.0,29.0,31.0,30.0,30.0,32.0,32.0,51.0,48.0,43.0,44.0,42.0
2025-12-25T12:14:48.448426,11018.584,3956,Middle,motor_10_flexed,51.0,35.1875,6,31.0,30.0,29.0,30.0,30.0,29.0,31.0,30.0,30.0,32.0,32.0,51.0,48.0,43.0,45.0,42.0
2025-12-25T12:14:50.336330,11020.474,3956,Middle,motor_10_open,51.0,35.125,6,31.0,30.0,29.0,30.0,30.0,29.0,31.0,30.0,30.0,32.0,32.0,51.0,48.0,43.0,44.0,42.0
2025-12-25T12:14:51.232274,11021.371,3957,Ring,motor_4_flexed,51.0,35.125,6,31.0,30.0,29.0,30.0,30.0,29.0,31.0,30.0,30.0,32.0,32.0,51.0,48.0,43.0,44.0,42.0
2025-12-25T12:14:53.120189,11023.256,3957,Ring,motor_4_open,51.0,35.125,6,31.0,30.0,29.0,30.0,30.0,29.0,31.0,30.0,30.0,32.0,32.0,51.0,48.0,43.0,44.0,42.0
2025-12-25T12:14:54.016141,11024.152,3958,Ring,motor_5_flexed,51.0,35.125,6,31.0,30.0,29.0,30.0,30.0,29.0,31.0,30.0,30.0,32.0,32.0,51.0,48.0,43.0,44.0,42.0
2025-12-25T12:14:55.904047,11026.04,3958,Ring,motor_5_open,51.0,35.125,6,31.0,30.0,29.0,30.0,30.0,29.0,31.0,30.0,30.0,32.0,32.0,51.0,48.0,43.0,44.0,42.0
2025-12-25T12:14:56.799995,11026.939,3959,Ring,motor_6_flexed,51.0,35.0,6,31.0,30.0,29.0,30.0,30.0,29.0,31.0,30.0,30.0,32.0,32.0,51.0,48.0,43.0,44.0,40.0
2025-12-25T12:14:58.687896,11028.826,3959,Ring,motor_6_open,51.0,35.125,6,31.0,30.0,29.0,30.0,30.0,29.0,31.0,30.0,30.0,32.0,32.0,51.0,48.0,43.0,44.0,42.0
2025-12-25T12:14:59.583849,11029.722,3960,Pinky,motor_7_flexed,51.0,35.0625,6,31.0,30.0,29.0,30.0,30.0,29.0,31.0,30.0,30.0,32.0,32.0,51.0,48.0,43.0,44.0,41.0
2025-12-25T12:15:01.471753,11031.606,3960,Pinky,motor_7_open,51.0,35.1875,6,31.0,30.0,29.0,30.0,30.0,29.0,31.0,30.0,30.0,32.0,32.0,51.0,48.0,43.0,44.0,43.0
2025-12-25T12:15:02.367704,11032.505,3961,Pinky,motor_8_flexed,51.0,35.125,6,31.0,30.0,29.0,30.0,30.0,29.0,31.0,30.0,30.0,32.0,32.0,51.0,48.0,43.0,44.0,42.0
2025-12-25T12:15:04.255605,11034.393,3961,Pinky,motor_8_open,51.0,35.125,6,31.0,30.0,29.0,30.0,30.0,29.0,31.0,30.0,30.0,32.0,32.0,51.0,48.0,43.0,44.0,42.0
2025-12-25T12:15:05.151565,11035.289,3962,Pinky,motor_9_flexed,51.0,35.125,6,31.0,30.0,29.0,30.0,30.0,29.0,31.0,30.0,30.0,32.0,32.0,51.0,48.0,43.0,44.0,42.0
2025-12-25T12:15:07.039460,11037.178,3962,Pinky,motor_9_open,51.0,35.125,6,31.0,30.0,29.0,30.0,30.0,29.0,31.0,30.0,30.0,32.0,32.0,51.0,48.0,43.0,44.0,42.0
2025-12-25T12:15:07.935410,11038.073,3963,Thumb,motor_13_flexed,51.0,35.125,6,31.0,30.0,29.0,30.0,30.0,29.0,31.0,30.0,30.0,32.0,32.0,51.0,48.0,43.0,44.0,42.0
2025-12-25T12:15:09.823345,11039.959,3963,Thumb,motor_13_open,51.0,35.125,6,31.0,30.0,29.0,30.0,30.0,29.0,31.0,30.0,30.0,32.0,32.0,51.0,48.0,43.0,44.0,42.0
2025-12-25T12:15:10.415301,11040.549,3963,Thumb,motor_13_open_hold,51.0,35.125,6,31.0,30.0,29.0,30.0,30.0,29.0,31.0,30.0,30.0,32.0,32.0,51.0,48.0,43.0,44.0,42.0
2025-12-25T12:15:10.815281,11040.952,3964,Thumb,motor_14_flexed,51.0,35.125,6,31.0,30.0,29.0,30.0,30.0,29.0,31.0,30.0,30.0,32.0,32.0,51.0,48.0,43.0,44.0,42.0
2025-12-25T12:15:12.703180,11042.84,3964,Thumb,motor_14_open,51.0,35.125,6,31.0,30.0,29.0,30.0,30.0,29.0,31.0,30.0,30.0,32.0,32.0,51.0,48.0,43.0,44.0,42.0
2025-12-25T12:15:13.599136,11043.738,3965,Thumb,motor_12_flexed,51.0,35.125,6,31.0,30.0,29.0,30.0,30.0,29.0,31.0,30.0,30.0,32.0,32.0,51.0,48.0,43.0,44.0,42.0
2025-12-25T12:15:15.487035,11045.623,3965,Thumb,motor_12_open,51.0,35.125,6,31.0,30.0,29.0,30.0,30.0,29.0,31.0,30.0,30.0,32.0,32.0,51.0,48.0,43.0,44.0,42.0
2025-12-25T12:15:16.382989,11046.52,3966,Index,motor_2_flexed,51.0,35.125,6,31.0,30.0,29.0,30.0,30.0,29.0,31.0,30.0,30.0,32.0,32.0,51.0,48.0,43.0,44.0,42.0
2025-12-25T12:15:18.270890,11048.41,3966,Index,motor_2_open,51.0,35.125,6,31.0,30.0,29.0,30.0,30.0,29.0,31.0,30.0,30.0,32.0,32.0,51.0,48.0,43.0,44.0,42.0
2025-12-25T12:15:19.166843,11049.302,3967,Index,motor_1_flexed,51.0,35.125,6,31.0,30.0,29.0,30.0,30.0,29.0,31.0,30.0,30.0,32.0,32.0,51.0,48.0,43.0,44.0,42.0
2025-12-25T12:15:21.054743,11051.191,3967,Index,motor_1_open,51.0,35.0,6,31.0,30.0,29.0,30.0,30.0,29.0,31.0,30.0,30.0,32.0,32.0,51.0,48.0,43.0,44.0,40.0
2025-12-25T12:15:21.950686,11052.085,3968,Index,motor_3_flexed,51.0,35.125,6,31.0,30.0,29.0,30.0,30.0,29.0,31.0,30.0,30.0,32.0,32.0,51.0,48.0,43.0,44.0,42.0
2025-12-25T12:15:23.838593,11053.974,3968,Index,motor_3_open,51.0,35.0625,6,31.0,30.0,29.0,30.0,30.0,29.0,31.0,30.0,30.0,32.0,32.0,51.0,48.0,43.0,43.0,42.0
2025-12-25T12:15:24.734547,11054.872,3969,Middle,motor_11_flexed,51.0,35.125,6,31.0,30.0,29.0,30.0,30.0,29.0,31.0,30.0,30.0,32.0,32.0,51.0,48.0,43.0,44.0,42.0
2025-12-25T12:15:26.622453,11056.76,3969,Middle,motor_11_open,51.0,35.1875,6,31.0,30.0,29.0,30.0,30.0,29.0,31.0,30.0,30.0,32.0,32.0,51.0,48.0,43.0,45.0,42.0
2025-12-25T12:15:27.518406,11057.656,3970,Middle,motor_10_flexed,51.0,35.125,6,31.0,30.0,29.0,30.0,30.0,29.0,31.0,30.0,30.0,32.0,32.0,51.0,48.0,43.0,44.0,42.0
2025-12-25T12:15:29.406305,11059.544,3970,Middle,motor_10_open,51.0,35.1875,6,31.0,30.0,29.0,30.0,30.0,29.0,31.0,30.0,30.0,32.0,32.0,51.0,48.0,43.0,45.0,42.0
2025-12-25T12:15:30.302243,11060.439,3971,Ring,motor_4_flexed,51.0,35.125,6,31.0,30.0,29.0,30.0,30.0,29.0,31.0,30.0,30.0,32.0,32.0,51.0,48.0,43.0,44.0,42.0
2025-12-25T12:15:32.190145,11062.325,3971,Ring,motor_4_open,51.0,35.125,6,31.0,30.0,29.0,30.0,30.0,29.0,31.0,30.0,30.0,32.0,32.0,51.0,48.0,43.0,44.0,42.0
2025-12-25T12:15:33.086097,11063.224,3972,Ring,motor_5_flexed,51.0,35.125,6,31.0,30.0,29.0,30.0,30.0,29.0,31.0,30.0,30.0,32.0,32.0,51.0,48.0,43.0,44.0,42.0
2025-12-25T12:15:34.973998,11065.112,3972,Ring,motor_5_open,51.0,35.125,6,31.0,30.0,29.0,30.0,30.0,29.0,31.0,30.0,30.0,32.0,32.0,51.0,48.0,43.0,44.0,42.0
2025-12-25T12:15:35.869944,11066.006,3973,Ring,motor_6_flexed,51.0,35.125,6,31.0,30.0,29.0,30.0,30.0,29.0,31.0,30.0,30.0,32.0,32.0,51.0,48.0,43.0,44.0,42.0
2025-12-25T12:15:37.757842,11067.895,3973,Ring,motor_6_open,51.0,35.1875,6,31.0,30.0,29.0,30.0,30.0,29.0,31.0,30.0,30.0,32.0,32.0,51.0,48.0,43.0,45.0,42.0
2025-12-25T12:15:38.653805,11068.791,3974,Pinky,motor_7_flexed,51.0,35.125,6,31.0,30.0,29.0,30.0,30.0,29.0,31.0,30.0,30.0,32.0,32.0,51.0,48.0,43.0,44.0,42.0
2025-12-25T12:15:40.541707,11070.682,3974,Pinky,motor_7_open,51.0,35.0625,6,31.0,30.0,29.0,30.0,30.0,29.0,31.0,30.0,30.0,32.0,32.0,51.0,48.0,43.0,44.0,41.0
2025-12-25T12:15:41.437660,11071.576,3975,Pinky,motor_8_flexed,51.0,35.125,6,31.0,30.0,29.0,30.0,30.0,29.0,31.0,30.0,30.0,32.0,32.0,51.0,48.0,43.0,44.0,42.0
2025-12-25T12:15:43.325561,11073.463,3975,Pinky,motor_8_open,51.0,35.125,6,31.0,30.0,29.0,30.0,30.0,29.0,31.0,30.0,30.0,32.0,32.0,51.0,48.0,43.0,44.0,42.0
2025-12-25T12:15:44.221518,11074.358,3976,Pinky,motor_9_flexed,51.0,35.125,6,31.0,30.0,29.0,30.0,30.0,29.0,31.0,30.0,30.0,32.0,32.0,51.0,48.0,43.0,44.0,42.0
2025-12-25T12:15:46.109415,11076.248,3976,Pinky,motor_9_open,51.0,35.1875,6,31.0,30.0,29.0,30.0,30.0,29.0,31.0,30.0,30.0,32.0,32.0,51.0,48.0,43.0,45.0,42.0
2025-12-25T12:15:47.005358,11077.144,3977,Thumb,motor_13_flexed,51.0,35.0625,6,31.0,30.0,29.0,30.0,30.0,29.0,31.0,30.0,30.0,32.0,32.0,51.0,48.0,43.0,44.0,41.0
2025-12-25T12:15:48.893264,11079.031,3977,Thumb,motor_13_open,51.0,35.125,6,31.0,30.0,29.0,30.0,30.0,29.0,31.0,30.0,30.0,32.0,32.0,51.0,48.0,43.0,44.0,42.0
2025-12-25T12:15:49.789211,11079.926,3978,Thumb,motor_14_flexed,51.0,35.125,6,31.0,30.0,29.0,30.0,30.0,29.0,31.0,30.0,30.0,32.0,32.0,51.0,48.0,43.0,44.0,42.0
2025-12-25T12:15:51.677111,11081.815,3978,Thumb,motor_14_open,51.0,35.125,6,31.0,30.0,29.0,30.0,30.0,29.0,31.0,30.0,30.0,32.0,32.0,51.0,48.0,43.0,44.0,42.0
2025-12-25T12:15:52.573066,11082.71,3979,Thumb,motor_12_flexed,51.0,35.125,6,31.0,30.0,29.0,30.0,30.0,29.0,31.0,30.0,30.0,32.0,32.0,51.0,48.0,43.0,44.0,42.0
2025-12-25T12:15:54.460967,11084.599,3979,Thumb,motor_12_open,51.0,35.125,6,31.0,30.0,29.0,30.0,30.0,29.0,31.0,30.0,30.0,32.0,32.0,51.0,48.0,43.0,44.0,42.0
2025-12-25T12:15:55.356932,11085.495,3980,Index,motor_2_flexed,51.0,35.125,6,31.0,30.0,29.0,30.0,30.0,29.0,31.0,30.0,30.0,32.0,32.0,51.0,48.0,43.0,44.0,42.0
2025-12-25T12:15:57.244831,11087.382,3980,Index,motor_2_open,51.0,35.125,6,31.0,30.0,29.0,30.0,30.0,29.0,31.0,30.0,30.0,32.0,32.0,51.0,48.0,43.0,44.0,42.0
2025-12-25T12:15:58.140793,11088.28,3981,Index,motor_1_flexed,51.0,35.125,6,31.0,30.0,29.0,30.0,30.0,29.0,31.0,30.0,30.0,32.0,32.0,51.0,48.0,43.0,44.0,42.0
2025-12-25T12:16:00.028688,11090.167,3981,Index,motor_1_open,51.0,35.125,6,31.0,30.0,29.0,30.0,30.0,29.0,31.0,30.0,30.0,32.0,32.0,51.0,48.0,43.0,44.0,42.0
2025-12-25T12:16:00.924652,11091.058,3982,Index,motor_3_flexed,51.0,35.125,6,31.0,30.0,29.0,30.0,30.0,29.0,31.0,30.0,30.0,32.0,32.0,51.0,48.0,43.0,44.0,42.0
2025-12-25T12:16:02.812571,11092.95,3982,Index,motor_3_open,51.0,35.0625,6,31.0,30.0,29.0,30.0,30.0,29.0,31.0,30.0,30.0,32.0,32.0,51.0,48.0,43.0,44.0,41.0
2025-12-25T12:16:03.708515,11093.848,3983,Middle,motor_11_flexed,51.0,35.1875,6,31.0,30.0,29.0,30.0,30.0,29.0,31.0,30.0,30.0,32.0,32.0,51.0,48.0,43.0,45.0,42.0
2025-12-25T12:16:05.596413,11095.732,3983,Middle,motor_11_open,51.0,35.125,6,31.0,30.0,29.0,30.0,30.0,29.0,31.0,30.0,30.0,32.0,32.0,51.0,48.0,43.0,44.0,42.0
2025-12-25T12:16:06.492368,11096.631,3984,Middle,motor_10_flexed,51.0,35.1875,6,31.0,30.0,29.0,30.0,30.0,29.0,31.0,30.0,30.0,32.0,32.0,51.0,48.0,43.0,45.0,42.0
2025-12-25T12:16:08.380264,11098.519,3984,Middle,motor_10_open,51.0,35.125,6,31.0,30.0,29.0,30.0,30.0,29.0,31.0,30.0,30.0,32.0,32.0,51.0,48.0,43.0,44.0,42.0
2025-12-25T12:16:09.276224,11099.415,3985,Ring,motor_4_flexed,51.0,35.1875,6,31.0,30.0,29.0,30.0,30.0,29.0,31.0,30.0,30.0,32.0,32.0,51.0,48.0,43.0,45.0,42.0
2025-12-25T12:16:10.364166,11100.503,3985,Ring,motor_4_flex_hold,51.0,35.125,6,31.0,30.0,29.0,30.0,30.0,29.0,31.0,30.0,30.0,32.0,32.0,51.0,48.0,43.0,44.0,42.0
2025-12-25T12:16:11.164114,11101.304,3985,Ring,motor_4_open,51.0,35.125,6,31.0,30.0,29.0,30.0,30.0,29.0,31.0,30.0,30.0,32.0,32.0,51.0,48.0,43.0,44.0,42.0
2025-12-25T12:16:12.060088,11102.2,3986,Ring,motor_5_flexed,51.0,35.0625,6,31.0,30.0,29.0,30.0,30.0,29.0,31.0,30.0,30.0,32.0,32.0,51.0,48.0,43.0,44.0,41.0
2025-12-25T12:16:13.947977,11104.084,3986,Ring,motor_5_open,51.0,35.125,6,31.0,30.0,29.0,30.0,30.0,29.0,31.0,30.0,30.0,32.0,32.0,51.0,48.0,43.0,44.0,42.0
2025-12-25T12:16:14.843923,11104.983,3987,Ring,motor_6_flexed,51.0,35.0625,6,31.0,30.0,29.0,30.0,30.0,29.0,31.0,30.0,30.0,32.0,32.0,51.0,48.0,43.0,44.0,41.0
2025-12-25T12:16:16.731848,11106.868,3987,Ring,motor_6_open,51.0,35.125,6,31.0,30.0,29.0,30.0,30.0,29.0,31.0,30.0,30.0,32.0,32.0,51.0,48.0,43.0,44.0,42.0
2025-12-25T12:16:17.627756,11107.765,3988,Pinky,motor_7_flexed,51.0,35.125,6,31.0,30.0,29.0,30.0,30.0,29.0,31.0,30.0,30.0,32.0,32.0,51.0,48.0,43.0,44.0,42.0
2025-12-25T12:16:19.515652,11109.648,3988,Pinky,motor_7_open,51.0,35.125,6,31.0,30.0,29.0,30.0,30.0,29.0,31.0,30.0,30.0,32.0,32.0,51.0,48.0,43.0,44.0,42.0
2025-12-25T12:16:20.411607,11110.544,3989,Pinky,motor_8_flexed,51.0,35.125,6,31.0,30.0,29.0,30.0,30.0,29.0,31.0,30.0,30.0,32.0,32.0,51.0,48.0,43.0,44.0,42.0
2025-12-25T12:16:22.299507,11112.435,3989,Pinky,motor_8_open,51.0,35.125,6,31.0,30.0,29.0,30.0,30.0,29.0,31.0,30.0,30.0,32.0,32.0,51.0,48.0,43.0,44.0,42.0
2025-12-25T12:16:23.195474,11113.331,3990,Pinky,motor_9_flexed,51.0,35.125,6,31.0,30.0,29.0,30.0,30.0,29.0,31.0,30.0,30.0,32.0,32.0,51.0,48.0,43.0,44.0,42.0
2025-12-25T12:16:25.083375,11115.22,3990,Pinky,motor_9_open,51.0,35.125,6,31.0,30.0,29.0,30.0,30.0,29.0,31.0,30.0,30.0,32.0,32.0,51.0,48.0,43.0,44.0,42.0
2025-12-25T12:16:25.979346,11116.118,3991,Thumb,motor_13_flexed,51.0,35.125,6,31.0,30.0,29.0,30.0,30.0,29.0,31.0,30.0,30.0,32.0,32.0,51.0,48.0,43.0,44.0,42.0
2025-12-25T12:16:27.867230,11118.007,3991,Thumb,motor_13_open,51.0,35.125,6,31.0,30.0,29.0,30.0,30.0,29.0,31.0,30.0,30.0,32.0,32.0,51.0,48.0,43.0,44.0,42.0
2025-12-25T12:16:28.763182,11118.901,3992,Thumb,motor_14_flexed,51.0,35.125,6,31.0,30.0,29.0,30.0,30.0,29.0,31.0,30.0,30.0,32.0,32.0,51.0,48.0,43.0,45.0,41.0
2025-12-25T12:16:30.651083,11120.787,3992,Thumb,motor_14_open,51.0,35.1875,6,31.0,30.0,29.0,30.0,30.0,29.0,31.0,30.0,30.0,32.0,32.0,51.0,48.0,43.0,45.0,42.0
2025-12-25T12:16:31.547036,11121.684,3993,Thumb,motor_12_flexed,51.0,35.125,6,31.0,30.0,29.0,30.0,30.0,29.0,31.0,30.0,30.0,32.0,32.0,51.0,48.0,43.0,44.0,42.0
2025-12-25T12:16:33.434957,11123.576,3993,Thumb,motor_12_open,51.0,35.0,6,31.0,30.0,29.0,30.0,30.0,29.0,31.0,30.0,30.0,32.0,32.0,51.0,48.0,43.0,45.0,39.0
2025-12-25T12:16:34.330910,11124.469,3994,Index,motor_2_flexed,51.0,35.125,6,31.0,30.0,29.0,30.0,30.0,29.0,31.0,30.0,30.0,32.0,32.0,51.0,48.0,43.0,44.0,42.0
2025-12-25T12:16:36.218811,11126.356,3994,Index,motor_2_open,51.0,35.125,6,31.0,30.0,29.0,30.0,30.0,29.0,31.0,30.0,30.0,32.0,32.0,51.0,48.0,43.0,44.0,42.0
2025-12-25T12:16:37.114763,11127.251,3995,Index,motor_1_flexed,51.0,35.1875,6,31.0,30.0,29.0,30.0,30.0,29.0,31.0,30.0,30.0,32.0,32.0,51.0,48.0,43.0,45.0,42.0
2025-12-25T12:16:39.002664,11129.143,3995,Index,motor_1_open,51.0,35.1875,6,31.0,30.0,29.0,30.0,30.0,29.0,31.0,30.0,30.0,32.0,32.0,51.0,48.0,43.0,45.0,42.0
2025-12-25T12:16:39.898618,11130.04,3996,Index,motor_3_flexed,51.0,35.125,6,31.0,30.0,29.0,30.0,30.0,29.0,31.0,30.0,30.0,32.0,32.0,51.0,48.0,43.0,44.0,42.0
2025-12-25T12:16:41.786519,11131.925,3996,Index,motor_3_open,51.0,35.125,6,31.0,30.0,29.0,30.0,30.0,29.0,31.0,30.0,30.0,32.0,32.0,51.0,48.0,43.0,44.0,42.0
2025-12-25T12:16:42.682470,11132.818,3997,Middle,motor_11_flexed,51.0,35.125,6,31.0,30.0,29.0,30.0,30.0,29.0,31.0,30.0,30.0,32.0,32.0,51.0,48.0,43.0,44.0,42.0
2025-12-25T12:16:44.570373,11134.708,3997,Middle,motor_11_open,51.0,35.125,6,31.0,30.0,29.0,30.0,30.0,29.0,31.0,30.0,30.0,32.0,32.0,51.0,48.0,43.0,44.0,42.0
2025-12-25T12:16:45.466326,11135.606,3998,Middle,motor_10_flexed,51.0,35.125,6,31.0,30.0,29.0,30.0,30.0,29.0,31.0,30.0,30.0,32.0,32.0,51.0,48.0,43.0,44.0,42.0
2025-12-25T12:16:47.354212,11137.491,3998,Middle,motor_10_open,51.0,35.25,6,31.0,30.0,29.0,30.0,30.0,29.0,31.0,30.0,30.0,32.0,32.0,51.0,48.0,43.0,46.0,42.0
2025-12-25T12:16:48.250151,11138.385,3999,Ring,motor_4_flexed,51.0,35.125,6,31.0,30.0,29.0,30.0,30.0,29.0,31.0,30.0,30.0,32.0,32.0,51.0,48.0,43.0,44.0,42.0
2025-12-25T12:16:50.138053,11140.275,3999,Ring,motor_4_open,51.0,35.125,6,31.0,30.0,29.0,30.0,30.0,29.0,31.0,30.0,30.0,32.0,32.0,51.0,48.0,43.0,45.0,41.0
2025-12-25T12:16:51.034006,11141.172,4000,Ring,motor_5_flexed,51.0,35.125,6,31.0,30.0,29.0,30.0,30.0,29.0,31.0,30.0,30.0,32.0,32.0,51.0,48.0,43.0,44.0,42.0
2025-12-25T12:16:52.921914,11143.059,4000,Ring,motor_5_open,51.0,35.1875,6,31.0,30.0,29.0,30.0,30.0,29.0,31.0,30.0,30.0,32.0,32.0,51.0,48.0,43.0,45.0,42.0
2025-12-25T12:16:53.817869,11143.958,4001,Ring,motor_6_flexed,51.0,35.125,6,31.0,30.0,29.0,30.0,30.0,29.0,31.0,30.0,30.0,32.0,32.0,51.0,48.0,43.0,45.0,41.0
2025-12-25T12:16:55.705765,11145.842,4001,Ring,motor_6_open,51.0,35.125,6,31.0,30.0,29.0,30.0,30.0,29.0,31.0,30.0,30.0,32.0,32.0,51.0,48.0,43.0,44.0,42.0
2025-12-25T12:16:56.601713,11146.739,4002,Pinky,motor_7_flexed,51.0,35.0625,6,31.0,30.0,29.0,30.0,30.0,29.0,31.0,30.0,30.0,32.0,32.0,51.0,48.0,42.0,44.0,42.0
2025-12-25T12:16:58.489615,11148.631,4002,Pinky,motor_7_open,51.0,35.125,6,31.0,30.0,29.0,30.0,30.0,29.0,31.0,30.0,30.0,32.0,32.0,51.0,48.0,42.0,45.0,42.0
2025-12-25T12:16:59.385575,11149.524,4003,Pinky,motor_8_flexed,51.0,35.0625,6,31.0,30.0,29.0,30.0,30.0,29.0,31.0,30.0,30.0,32.0,32.0,51.0,48.0,42.0,44.0,42.0
2025-12-25T12:17:01.273478,11151.41,4003,Pinky,motor_8_open,51.0,35.0625,6,31.0,30.0,29.0,30.0,30.0,29.0,31.0,30.0,30.0,32.0,32.0,51.0,48.0,42.0,44.0,42.0
2025-12-25T12:17:02.169430,11152.309,4004,Pinky,motor_9_flexed,51.0,35.0625,6,31.0,30.0,29.0,30.0,30.0,29.0,31.0,30.0,30.0,32.0,32.0,51.0,48.0,42.0,44.0,42.0
2025-12-25T12:17:04.057349,11154.194,4004,Pinky,motor_9_open,51.0,35.0625,6,31.0,30.0,29.0,30.0,30.0,29.0,31.0,30.0,30.0,32.0,32.0,51.0,48.0,42.0,44.0,42.0
2025-12-25T12:17:04.953314,11155.09,4005,Thumb,motor_13_flexed,51.0,35.0625,6,31.0,30.0,29.0,30.0,30.0,29.0,31.0,30.0,30.0,32.0,32.0,51.0,48.0,42.0,44.0,42.0
2025-12-25T12:17:06.841204,11156.978,4005,Thumb,motor_13_open,51.0,35.125,6,31.0,30.0,29.0,30.0,30.0,29.0,31.0,30.0,30.0,32.0,32.0,51.0,48.0,42.0,45.0,42.0
2025-12-25T12:17:07.737158,11157.873,4006,Thumb,motor_14_flexed,51.0,35.0625,6,31.0,30.0,29.0,30.0,30.0,29.0,31.0,30.0,30.0,32.0,32.0,51.0,48.0,42.0,44.0,42.0
2025-12-25T12:17:09.625062,11159.765,4006,Thumb,motor_14_open,51.0,35.0625,6,31.0,30.0,29.0,30.0,30.0,29.0,31.0,30.0,30.0,32.0,32.0,51.0,48.0,42.0,44.0,42.0
2025-12-25T12:17:10.217027,11160.351,4006,Thumb,motor_14_open_hold,51.0,35.0625,6,31.0,30.0,29.0,30.0,30.0,29.0,31.0,30.0,30.0,32.0,32.0,51.0,48.0,42.0,44.0,42.0
2025-12-25T12:17:10.617004,11160.754,4007,Thumb,motor_12_flexed,51.0,35.0625,6,31.0,30.0,29.0,30.0,30.0,29.0,31.0,30.0,30.0,32.0,32.0,51.0,48.0,42.0,44.0,42.0
2025-12-25T12:17:12.504908,11162.642,4007,Thumb,motor_12_open,51.0,35.0625,6,31.0,30.0,29.0,30.0,30.0,29.0,31.0,30.0,30.0,32.0,32.0,51.0,48.0,42.0,44.0,42.0
2025-12-25T12:17:13.400859,11163.538,4008,Index,motor_2_flexed,51.0,35.125,6,31.0,30.0,29.0,30.0,30.0,29.0,31.0,30.0,30.0,32.0,32.0,51.0,48.0,42.0,44.0,43.0
2025-12-25T12:17:15.288762,11165.427,4008,Index,motor_2_open,51.0,35.0625,6,31.0,30.0,29.0,30.0,30.0,29.0,31.0,30.0,30.0,32.0,32.0,51.0,48.0,42.0,44.0,42.0
2025-12-25T12:17:16.184715,11166.326,4009,Index,motor_1_flexed,51.0,35.0625,6,31.0,30.0,29.0,30.0,30.0,29.0,31.0,30.0,30.0,32.0,32.0,51.0,48.0,42.0,44.0,42.0
2025-12-25T12:17:18.072613,11168.211,4009,Index,motor_1_open,51.0,35.0625,6,31.0,30.0,29.0,30.0,30.0,29.0,31.0,30.0,30.0,32.0,32.0,51.0,48.0,42.0,44.0,42.0
2025-12-25T12:17:18.968583,11169.105,4010,Index,motor_3_flexed,51.0,35.0625,6,31.0,30.0,29.0,30.0,30.0,29.0,31.0,30.0,30.0,32.0,32.0,51.0,48.0,42.0,44.0,42.0
2025-12-25T12:17:20.856483,11170.994,4010,Index,motor_3_open,51.0,35.0,6,31.0,30.0,29.0,30.0,30.0,29.0,31.0,30.0,30.0,32.0,32.0,51.0,48.0,42.0,44.0,41.0
2025-12-25T12:17:21.752435,11171.893,4011,Middle,motor_11_flexed,51.0,35.0625,6,31.0,30.0,29.0,30.0,30.0,29.0,31.0,30.0,30.0,32.0,32.0,51.0,48.0,42.0,44.0,42.0
2025-12-25T12:17:23.640335,11173.78,4011,Middle,motor_11_open,51.0,35.0,6,31.0,30.0,29.0,30.0,30.0,29.0,31.0,30.0,30.0,32.0,32.0,51.0,48.0,42.0,44.0,41.0
2025-12-25T12:17:24.536286,11174.675,4012,Middle,motor_10_flexed,51.0,35.0625,6,31.0,30.0,29.0,30.0,30.0,29.0,31.0,30.0,30.0,32.0,32.0,51.0,48.0,42.0,44.0,42.0
2025-12-25T12:17:26.424191,11176.562,4012,Middle,motor_10_open,51.0,35.0625,6,31.0,30.0,29.0,30.0,30.0,29.0,31.0,30.0,30.0,32.0,32.0,51.0,48.0,42.0,44.0,42.0
2025-12-25T12:17:27.320139,11177.459,4013,Ring,motor_4_flexed,51.0,35.0,6,31.0,30.0,29.0,30.0,30.0,29.0,31.0,30.0,30.0,32.0,32.0,51.0,48.0,42.0,44.0,41.0
2025-12-25T12:17:29.208029,11179.348,4013,Ring,motor_4_open,51.0,35.125,6,31.0,30.0,29.0,30.0,30.0,29.0,31.0,30.0,30.0,32.0,32.0,51.0,48.0,42.0,45.0,42.0
2025-12-25T12:17:30.103983,11180.243,4014,Ring,motor_5_flexed,51.0,35.0625,6,31.0,30.0,29.0,30.0,30.0,29.0,31.0,30.0,30.0,32.0,32.0,51.0,48.0,42.0,44.0,42.0
2025-12-25T12:17:31.991883,11182.126,4014,Ring,motor_5_open,51.0,35.0625,6,31.0,30.0,29.0,30.0,30.0,29.0,31.0,30.0,30.0,32.0,32.0,51.0,48.0,42.0,44.0,42.0
2025-12-25T12:17:32.887834,11183.025,4015,Ring,motor_6_flexed,51.0,35.0625,6,31.0,30.0,29.0,30.0,30.0,29.0,31.0,30.0,30.0,32.0,32.0,51.0,48.0,42.0,44.0,42.0
2025-12-25T12:17:34.775714,11184.915,4015,Ring,motor_6_open,51.0,35.0,6,31.0,30.0,29.0,30.0,30.0,29.0,31.0,30.0,30.0,32.0,32.0,51.0,48.0,42.0,44.0,41.0
2025-12-25T12:17:35.671677,11185.811,4016,Pinky,motor_7_flexed,51.0,35.0625,6,31.0,30.0,29.0,30.0,30.0,29.0,31.0,30.0,30.0,32.0,32.0,51.0,48.0,42.0,44.0,42.0
2025-12-25T12:17:37.559576,11187.699,4016,Pinky,motor_7_open,51.0,35.0625,6,31.0,30.0,29.0,30.0,30.0,29.0,31.0,30.0,30.0,32.0,32.0,51.0,48.0,42.0,44.0,42.0
2025-12-25T12:17:38.455529,11188.594,4017,Pinky,motor_8_flexed,51.0,35.0625,6,31.0,30.0,29.0,30.0,30.0,29.0,31.0,30.0,30.0,32.0,32.0,51.0,48.0,42.0,44.0,42.0
2025-12-25T12:17:40.343420,11190.482,4017,Pinky,motor_8_open,51.0,35.0625,6,31.0,30.0,29.0,30.0,30.0,29.0,31.0,30.0,30.0,32.0,32.0,51.0,48.0,42.0,44.0,42.0
2025-12-25T12:17:41.239387,11191.377,4018,Pinky,motor_9_flexed,51.0,35.0625,6,31.0,30.0,29.0,30.0,30.0,29.0,31.0,30.0,30.0,32.0,32.0,51.0,48.0,42.0,44.0,42.0
2025-12-25T12:17:43.127291,11193.265,4018,Pinky,motor_9_open,51.0,35.0625,6,31.0,30.0,29.0,30.0,30.0,29.0,31.0,30.0,30.0,32.0,32.0,51.0,48.0,42.0,44.0,42.0
2025-12-25T12:17:44.023224,11194.16,4019,Thumb,motor_13_flexed,51.0,35.0625,6,31.0,30.0,29.0,30.0,30.0,29.0,31.0,30.0,30.0,32.0,32.0,51.0,48.0,42.0,44.0,42.0
2025-12-25T12:17:45.911125,11196.051,4019,Thumb,motor_13_open,51.0,35.125,6,31.0,30.0,29.0,30.0,30.0,29.0,31.0,30.0,30.0,32.0,32.0,51.0,48.0,42.0,45.0,42.0
2025-12-25T12:17:46.807078,11196.945,4020,Thumb,motor_14_flexed,51.0,35.0625,6,31.0,30.0,29.0,30.0,30.0,29.0,31.0,30.0,30.0,32.0,32.0,51.0,48.0,42.0,44.0,42.0
2025-12-25T12:17:48.694983,11198.832,4020,Thumb,motor_14_open,51.0,35.0625,6,31.0,30.0,29.0,30.0,30.0,29.0,31.0,30.0,30.0,32.0,32.0,51.0,48.0,42.0,45.0,41.0
2025-12-25T12:17:49.590933,11199.73,4021,Thumb,motor_12_flexed,51.0,35.0,6,31.0,30.0,29.0,30.0,30.0,29.0,31.0,30.0,30.0,32.0,32.0,51.0,48.0,42.0,44.0,41.0
2025-12-25T12:17:51.478842,11201.615,4021,Thumb,motor_12_open,51.0,35.0625,6,31.0,30.0,29.0,30.0,30.0,29.0,31.0,30.0,30.0,32.0,32.0,51.0,48.0,42.0,44.0,42.0
2025-12-25T12:17:52.374794,11202.512,4022,Index,motor_2_flexed,51.0,35.0625,6,31.0,30.0,29.0,30.0,30.0,29.0,31.0,30.0,30.0,32.0,32.0,51.0,48.0,42.0,45.0,41.0
2025-12-25T12:17:54.262695,11204.399,4022,Index,motor_2_open,51.0,35.0,6,31.0,30.0,29.0,30.0,30.0,29.0,31.0,30.0,30.0,32.0,32.0,51.0,48.0,42.0,44.0,41.0
2025-12-25T12:17:55.158651,11205.294,4023,Index,motor_1_flexed,51.0,35.0625,6,31.0,30.0,29.0,30.0,30.0,29.0,31.0,30.0,30.0,32.0,32.0,51.0,48.0,42.0,44.0,42.0
2025-12-25T12:17:57.046549,11207.183,4023,Index,motor_1_open,51.0,35.0,6,31.0,30.0,29.0,30.0,30.0,29.0,31.0,30.0,30.0,32.0,32.0,51.0,48.0,42.0,44.0,41.0
2025-12-25T12:17:57.942508,11208.08,4024,Index,motor_3_flexed,51.0,35.0625,6,31.0,30.0,29.0,30.0,30.0,29.0,31.0,30.0,30.0,32.0,32.0,51.0,48.0,42.0,44.0,42.0
2025-12-25T12:17:59.830407,11209.968,4024,Index,motor_3_open,51.0,35.0625,6,31.0,30.0,29.0,30.0,30.0,29.0,31.0,30.0,30.0,32.0,32.0,51.0,48.0,42.0,44.0,42.0
2025-12-25T12:18:00.726359,11210.863,4025,Middle,motor_11_flexed,51.0,35.0625,6,31.0,30.0,29.0,30.0,30.0,29.0,31.0,30.0,30.0,32.0,32.0,51.0,48.0,42.0,44.0,42.0
2025-12-25T12:18:02.614263,11212.752,4025,Middle,motor_11_open,51.0,35.125,6,31.0,30.0,29.0,30.0,30.0,29.0,31.0,30.0,30.0,32.0,32.0,51.0,48.0,42.0,45.0,42.0
2025-12-25T12:18:03.510213,11213.647,4026,Middle,motor_10_flexed,51.0,35.125,6,31.0,30.0,29.0,30.0,30.0,29.0,31.0,30.0,30.0,32.0,32.0,51.0,48.0,42.0,45.0,42.0
2025-12-25T12:18:05.398113,11215.535,4026,Middle,motor_10_open,51.0,35.0625,6,31.0,30.0,29.0,30.0,30.0,29.0,31.0,30.0,30.0,32.0,32.0,51.0,48.0,42.0,44.0,42.0
2025-12-25T12:18:06.294067,11216.432,4027,Ring,motor_4_flexed,51.0,35.0625,6,31.0,30.0,29.0,30.0,30.0,29.0,31.0,30.0,30.0,32.0,32.0,51.0,48.0,42.0,44.0,42.0
2025-12-25T12:18:08.181967,11218.318,4027,Ring,motor_4_open,51.0,35.0625,6,31.0,30.0,29.0,30.0,30.0,29.0,31.0,30.0,30.0,32.0,32.0,51.0,48.0,42.0,44.0,42.0
2025-12-25T12:18:09.077919,11219.217,4028,Ring,motor_5_flexed,51.0,35.0625,6,31.0,30.0,29.0,30.0,30.0,29.0,31.0,30.0,30.0,32.0,32.0,51.0,48.0,42.0,44.0,42.0
2025-12-25T12:18:10.165862,11220.304,4028,Ring,motor_5_flex_hold,51.0,35.0,6,31.0,30.0,29.0,30.0,30.0,29.0,31.0,30.0,30.0,32.0,32.0,51.0,48.0,42.0,44.0,41.0
2025-12-25T12:18:10.965820,11221.104,4028,Ring,motor_5_open,51.0,35.0625,6,31.0,30.0,29.0,30.0,30.0,29.0,31.0,30.0,30.0,32.0,32.0,51.0,48.0,42.0,44.0,42.0
2025-12-25T12:18:11.861774,11222.001,4029,Ring,motor_6_flexed,51.0,35.0625,6,31.0,30.0,29.0,30.0,30.0,29.0,31.0,30.0,30.0,32.0,32.0,51.0,48.0,42.0,44.0,42.0
2025-12-25T12:18:13.749673,11223.888,4029,Ring,motor_6_open,51.0,35.0625,6,31.0,30.0,29.0,30.0,30.0,29.0,31.0,30.0,30.0,32.0,32.0,51.0,48.0,42.0,44.0,42.0
2025-12-25T12:18:14.645627,11224.785,4030,Pinky,motor_7_flexed,51.0,35.0625,6,31.0,30.0,29.0,30.0,30.0,29.0,31.0,30.0,30.0,32.0,32.0,51.0,48.0,42.0,44.0,42.0
2025-12-25T12:18:16.533558,11226.673,4030,Pinky,motor_7_open,51.0,35.0,6,31.0,30.0,29.0,30.0,30.0,29.0,31.0,30.0,30.0,32.0,32.0,51.0,48.0,42.0,44.0,41.0
2025-12-25T12:18:17.429500,11227.566,4031,Pinky,motor_8_flexed,51.0,35.0,6,31.0,30.0,29.0,30.0,30.0,29.0,31.0,30.0,30.0,32.0,32.0,51.0,48.0,42.0,44.0,41.0
2025-12-25T12:18:19.317399,11229.453,4031,Pinky,motor_8_open,51.0,35.0625,6,31.0,30.0,29.0,30.0,30.0,29.0,31.0,30.0,30.0,32.0,32.0,51.0,48.0,42.0,44.0,42.0
2025-12-25T12:18:20.213351,11230.349,4032,Pinky,motor_9_flexed,51.0,35.0625,6,31.0,30.0,29.0,30.0,30.0,29.0,31.0,30.0,30.0,32.0,32.0,51.0,48.0,42.0,44.0,42.0
2025-12-25T12:18:22.101251,11232.239,4032,Pinky,motor_9_open,51.0,35.125,6,31.0,30.0,29.0,30.0,30.0,29.0,31.0,30.0,30.0,32.0,32.0,51.0,48.0,42.0,45.0,42.0
2025-12-25T12:18:22.997206,11233.135,4033,Thumb,motor_13_flexed,51.0,35.0625,6,31.0,30.0,29.0,30.0,30.0,29.0,31.0,30.0,30.0,32.0,32.0,51.0,48.0,42.0,44.0,42.0
2025-12-25T12:18:24.885107,11235.025,4033,Thumb,motor_13_open,51.0,35.0625,6,31.0,30.0,29.0,30.0,30.0,29.0,31.0,30.0,30.0,32.0,32.0,51.0,48.0,42.0,44.0,42.0
2025-12-25T12:18:25.781075,11235.918,4034,Thumb,motor_14_flexed,51.0,35.0625,6,31.0,30.0,29.0,30.0,30.0,29.0,31.0,30.0,30.0,32.0,32.0,51.0,48.0,42.0,44.0,42.0
2025-12-25T12:18:27.668945,11237.806,4034,Thumb,motor_14_open,51.0,35.0625,6,31.0,30.0,29.0,30.0,30.0,29.0,31.0,30.0,30.0,32.0,32.0,51.0,48.0,42.0,44.0,42.0
2025-12-25T12:18:28.564898,11238.701,4035,Thumb,motor_12_flexed,51.0,35.0,6,31.0,30.0,29.0,30.0,30.0,29.0,31.0,30.0,30.0,32.0,32.0,51.0,48.0,42.0,44.0,41.0
2025-12-25T12:18:30.452813,11240.591,4035,Thumb,motor_12_open,51.0,35.0625,6,31.0,30.0,29.0,30.0,30.0,29.0,31.0,30.0,30.0,32.0,32.0,51.0,48.0,42.0,44.0,42.0
2025-12-25T12:18:31.348748,11241.487,4036,Index,motor_2_flexed,51.0,35.125,6,31.0,30.0,29.0,30.0,30.0,29.0,31.0,30.0,30.0,32.0,32.0,51.0,48.0,42.0,45.0,42.0
2025-12-25T12:18:33.236645,11243.378,4036,Index,motor_2_open,51.0,35.0,6,31.0,30.0,29.0,30.0,30.0,29.0,31.0,30.0,30.0,32.0,32.0,51.0,48.0,42.0,44.0,41.0
2025-12-25T12:18:34.132593,11244.274,4037,Index,motor_1_flexed,51.0,35.0625,6,31.0,30.0,29.0,30.0,30.0,29.0,31.0,30.0,30.0,32.0,32.0,51.0,48.0,42.0,44.0,42.0
2025-12-25T12:18:36.020506,11246.16,4037,Index,motor_1_open,51.0,35.125,6,31.0,30.0,29.0,30.0,30.0,29.0,31.0,30.0,30.0,32.0,32.0,51.0,48.0,42.0,45.0,42.0
2025-12-25T12:18:36.916459,11247.057,4038,Index,motor_3_flexed,51.0,35.0625,6,31.0,30.0,29.0,30.0,30.0,29.0,31.0,30.0,30.0,32.0,32.0,51.0,48.0,42.0,44.0,42.0
2025-12-25T12:18:38.804356,11248.942,4038,Index,motor_3_open,51.0,35.0625,6,31.0,30.0,29.0,30.0,30.0,29.0,31.0,30.0,30.0,32.0,32.0,51.0,48.0,42.0,44.0,42.0
2025-12-25T12:18:39.700304,11249.839,4039,Middle,motor_11_flexed,51.0,35.0625,6,31.0,30.0,29.0,30.0,30.0,29.0,31.0,30.0,30.0,32.0,32.0,51.0,48.0,42.0,44.0,42.0
2025-12-25T12:18:41.588210,11251.727,4039,Middle,motor_11_open,51.0,35.0,6,31.0,30.0,29.0,30.0,30.0,29.0,31.0,30.0,30.0,32.0,32.0,51.0,48.0,42.0,44.0,41.0
2025-12-25T12:18:42.484164,11252.623,4040,Middle,motor_10_flexed,51.0,35.0625,6,31.0,30.0,29.0,30.0,30.0,29.0,31.0,30.0,30.0,32.0,32.0,51.0,48.0,42.0,44.0,42.0
2025-12-25T12:18:44.372066,11254.511,4040,Middle,motor_10_open,51.0,35.0625,6,31.0,30.0,29.0,30.0,30.0,29.0,31.0,30.0,30.0,32.0,32.0,51.0,48.0,42.0,44.0,42.0
2025-12-25T12:18:45.268019,11255.408,4041,Ring,motor_4_flexed,51.0,35.0625,6,31.0,30.0,29.0,30.0,30.0,29.0,31.0,30.0,30.0,32.0,32.0,51.0,48.0,42.0,44.0,42.0
2025-12-25T12:18:47.155919,11257.294,4041,Ring,motor_4_open,51.0,35.0625,6,31.0,30.0,29.0,30.0,30.0,29.0,31.0,30.0,30.0,32.0,32.0,51.0,48.0,42.0,44.0,42.0
2025-12-25T12:18:48.051867,11258.188,4042,Ring,motor_5_flexed,51.0,35.0625,6,31.0,30.0,29.0,30.0,30.0,29.0,31.0,30.0,30.0,32.0,32.0,51.0,48.0,42.0,44.0,42.0
2025-12-25T12:18:49.939772,11260.076,4042,Ring,motor_5_open,51.0,35.0625,6,31.0,30.0,29.0,30.0,30.0,29.0,31.0,30.0,30.0,32.0,32.0,51.0,48.0,42.0,44.0,42.0
2025-12-25T12:18:50.835725,11260.971,4043,Ring,motor_6_flexed,51.0,35.0,6,31.0,30.0,29.0,30.0,30.0,29.0,31.0,30.0,30.0,32.0,32.0,51.0,48.0,42.0,44.0,41.0
2025-12-25T12:18:52.723629,11262.861,4043,Ring,motor_6_open,51.0,35.0625,6,31.0,30.0,29.0,30.0,30.0,29.0,31.0,30.0,30.0,32.0,32.0,51.0,48.0,42.0,44.0,42.0
2025-12-25T12:18:53.619581,11263.756,4044,Pinky,motor_7_flexed,51.0,34.9375,6,31.0,30.0,29.0,30.0,30.0,29.0,31.0,30.0,30.0,32.0,32.0,51.0,48.0,42.0,45.0,39.0
2025-12-25T12:18:55.507480,11265.644,4044,Pinky,motor_7_open,51.0,35.0625,6,31.0,30.0,29.0,30.0,30.0,29.0,31.0,30.0,30.0,32.0,32.0,51.0,48.0,42.0,44.0,42.0
2025-12-25T12:18:56.403436,11266.542,4045,Pinky,motor_8_flexed,51.0,35.0625,6,31.0,30.0,29.0,30.0,30.0,29.0,31.0,30.0,30.0,32.0,32.0,51.0,48.0,42.0,44.0,42.0
2025-12-25T12:18:58.291325,11268.431,4045,Pinky,motor_8_open,51.0,35.0625,6,31.0,30.0,29.0,30.0,30.0,29.0,31.0,30.0,30.0,32.0,32.0,51.0,48.0,42.0,44.0,42.0
2025-12-25T12:18:59.187279,11269.323,4046,Pinky,motor_9_flexed,51.0,35.125,6,31.0,30.0,29.0,30.0,30.0,29.0,31.0,30.0,30.0,32.0,32.0,51.0,48.0,42.0,45.0,42.0
2025-12-25T12:19:01.075178,11271.214,4046,Pinky,motor_9_open,51.0,35.0625,6,31.0,30.0,29.0,30.0,30.0,29.0,31.0,30.0,30.0,32.0,32.0,51.0,48.0,42.0,44.0,42.0
2025-12-25T12:19:01.971129,11272.102,4047,Thumb,motor_13_flexed,51.0,35.0625,6,31.0,30.0,29.0,30.0,30.0,29.0,31.0,30.0,30.0,32.0,32.0,51.0,48.0,42.0,44.0,42.0
2025-12-25T12:19:03.859029,11273.994,4047,Thumb,motor_13_open,51.0,35.125,6,31.0,30.0,29.0,30.0,30.0,29.0,31.0,30.0,30.0,32.0,32.0,51.0,48.0,42.0,45.0,42.0
2025-12-25T12:19:04.754984,11274.888,4048,Thumb,motor_14_flexed,51.0,35.0625,6,31.0,30.0,29.0,30.0,30.0,29.0,31.0,30.0,30.0,32.0,32.0,51.0,48.0,42.0,44.0,42.0
2025-12-25T12:19:06.642896,11276.778,4048,Thumb,motor_14_open,51.0,35.0625,6,31.0,30.0,29.0,30.0,30.0,29.0,31.0,30.0,30.0,32.0,32.0,51.0,48.0,42.0,44.0,42.0
2025-12-25T12:19:07.538846,11277.676,4049,Thumb,motor_12_flexed,51.0,35.0625,6,31.0,30.0,29.0,30.0,30.0,29.0,31.0,30.0,30.0,32.0,32.0,51.0,48.0,42.0,44.0,42.0
2025-12-25T12:19:09.426747,11279.563,4049,Thumb,motor_12_open,51.0,34.9375,6,31.0,30.0,29.0,30.0,30.0,29.0,31.0,30.0,30.0,32.0,32.0,51.0,47.0,42.0,45.0,40.0
2025-12-25T12:19:10.018717,11280.153,4049,Thumb,motor_12_open_hold,51.0,35.0,6,31.0,30.0,29.0,30.0,30.0,29.0,31.0,30.0,30.0,32.0,32.0,51.0,47.0,42.0,44.0,42.0
2025-12-25T12:19:10.418698,11280.557,4050,Index,motor_2_flexed,51.0,35.0,6,31.0,30.0,29.0,30.0,30.0,29.0,31.0,30.0,30.0,32.0,32.0,51.0,47.0,42.0,44.0,42.0
2025-12-25T12:19:12.306587,11282.442,4050,Index,motor_2_open,51.0,35.0625,6,31.0,30.0,29.0,30.0,30.0,29.0,31.0,30.0,30.0,32.0,32.0,51.0,47.0,42.0,45.0,42.0
2025-12-25T12:19:13.202536,11283.333,4051,Index,motor_1_flexed,51.0,34.9375,6,31.0,30.0,29.0,30.0,30.0,29.0,31.0,30.0,30.0,32.0,32.0,51.0,47.0,42.0,44.0,41.0
2025-12-25T12:19:15.090441,11285.226,4051,Index,motor_1_open,51.0,35.0,6,31.0,30.0,29.0,30.0,30.0,29.0,31.0,30.0,30.0,32.0,32.0,51.0,47.0,42.0,44.0,42.0
2025-12-25T12:19:15.986391,11286.117,4052,Index,motor_3_flexed,51.0,35.0,6,31.0,30.0,29.0,30.0,30.0,29.0,31.0,30.0,30.0,32.0,32.0,51.0,47.0,42.0,44.0,42.0
2025-12-25T12:19:17.874305,11288.011,4052,Index,motor_3_open,51.0,35.0,6,31.0,30.0,29.0,30.0,30.0,29.0,31.0,30.0,30.0,32.0,32.0,51.0,47.0,42.0,44.0,42.0
2025-12-25T12:19:18.770270,11288.905,4053,Middle,motor_11_flexed,51.0,35.0,6,31.0,30.0,29.0,30.0,30.0,29.0,31.0,30.0,30.0,32.0,32.0,51.0,47.0,42.0,44.0,42.0
2025-12-25T12:19:20.658151,11290.795,4053,Middle,motor_11_open,51.0,35.0,6,31.0,30.0,29.0,30.0,30.0,29.0,31.0,30.0,30.0,32.0,32.0,51.0,47.0,42.0,45.0,41.0
2025-12-25T12:19:21.554108,11291.692,4054,Middle,motor_10_flexed,51.0,35.0,6,31.0,30.0,29.0,30.0,30.0,29.0,31.0,30.0,30.0,32.0,32.0,51.0,47.0,42.0,44.0,42.0
2025-12-25T12:19:23.442017,11293.581,4054,Middle,motor_10_open,51.0,35.0,6,31.0,30.0,29.0,30.0,30.0,29.0,31.0,30.0,30.0,32.0,32.0,51.0,47.0,42.0,44.0,42.0
2025-12-25T12:19:24.337954,11294.477,4055,Ring,motor_4_flexed,51.0,34.9375,6,31.0,30.0,29.0,30.0,30.0,29.0,31.0,30.0,30.0,32.0,32.0,51.0,47.0,42.0,44.0,41.0
2025-12-25T12:19:26.225854,11296.357,4055,Ring,motor_4_open,51.0,35.0,6,31.0,30.0,29.0,30.0,30.0,29.0,31.0,30.0,30.0,32.0,32.0,51.0,47.0,42.0,44.0,42.0
2025-12-25T12:19:27.121805,11297.258,4056,Ring,motor_5_flexed,51.0,35.0625,6,31.0,30.0,29.0,30.0,30.0,29.0,31.0,30.0,30.0,32.0,32.0,51.0,47.0,42.0,45.0,42.0
2025-12-25T12:19:29.009709,11299.149,4056,Ring,motor_5_open,51.0,35.0,6,31.0,30.0,29.0,30.0,30.0,29.0,31.0,30.0,30.0,32.0,32.0,51.0,47.0,42.0,44.0,42.0
2025-12-25T12:19:29.905660,11300.04,4057,Ring,motor_6_flexed,51.0,34.9375,6,31.0,30.0,29.0,30.0,30.0,29.0,31.0,30.0,30.0,32.0,32.0,51.0,47.0,42.0,44.0,41.0
2025-12-25T12:19:31.793578,11301.93,4057,Ring,motor_6_open,51.0,35.0625,6,31.0,30.0,29.0,30.0,30.0,29.0,31.0,30.0,30.0,32.0,32.0,51.0,48.0,42.0,44.0,42.0
2025-12-25T12:19:32.689549,11302.827,4058,Pinky,motor_7_flexed,51.0,35.0625,6,31.0,30.0,29.0,30.0,30.0,29.0,31.0,30.0,30.0,32.0,32.0,51.0,48.0,42.0,44.0,42.0
2025-12-25T12:19:34.577434,11304.717,4058,Pinky,motor_7_open,51.0,35.0625,6,31.0,30.0,29.0,30.0,30.0,29.0,31.0,30.0,30.0,32.0,32.0,51.0,48.0,42.0,44.0,42.0
2025-12-25T12:19:35.473397,11305.608,4059,Pinky,motor_8_flexed,51.0,35.0625,6,31.0,30.0,29.0,30.0,30.0,29.0,31.0,30.0,30.0,32.0,32.0,51.0,48.0,42.0,44.0,42.0
2025-12-25T12:19:37.361286,11307.497,4059,Pinky,motor_8_open,51.0,35.0625,6,31.0,30.0,29.0,30.0,30.0,29.0,31.0,30.0,30.0,32.0,32.0,51.0,48.0,42.0,44.0,42.0
2025-12-25T12:19:38.257239,11308.395,4060,Pinky,motor_9_flexed,51.0,35.0625,6,31.0,30.0,29.0,30.0,30.0,29.0,31.0,30.0,30.0,32.0,32.0,51.0,48.0,42.0,44.0,42.0
2025-12-25T12:19:40.145135,11310.279,4060,Pinky,motor_9_open,51.0,35.0625,6,31.0,30.0,29.0,30.0,30.0,29.0,31.0,30.0,30.0,32.0,32.0,51.0,48.0,42.0,44.0,42.0
2025-12-25T12:19:41.041085,11311.182,4061,Thumb,motor_13_flexed,51.0,35.0625,6,31.0,30.0,29.0,30.0,30.0,29.0,31.0,30.0,30.0,32.0,32.0,51.0,48.0,42.0,44.0,42.0
2025-12-25T12:19:42.928988,11313.068,4061,Thumb,motor_13_open,51.0,35.0625,6,31.0,30.0,29.0,30.0,30.0,29.0,31.0,30.0,30.0,32.0,32.0,51.0,48.0,42.0,44.0,42.0
2025-12-25T12:19:43.824941,11313.961,4062,Thumb,motor_14_flexed,51.0,35.0625,6,31.0,30.0,29.0,30.0,30.0,29.0,31.0,30.0,30.0,32.0,32.0,51.0,48.0,42.0,44.0,42.0
2025-12-25T12:19:45.712844,11315.854,4062,Thumb,motor_14_open,51.0,35.0625,6,31.0,30.0,29.0,30.0,30.0,29.0,31.0,30.0,30.0,32.0,32.0,51.0,48.0,42.0,44.0,42.0
2025-12-25T12:19:46.608793,11316.747,4063,Thumb,motor_12_flexed,51.0,35.0625,6,31.0,30.0,29.0,30.0,30.0,29.0,31.0,30.0,30.0,32.0,32.0,51.0,48.0,42.0,44.0,42.0
2025-12-25T12:19:48.496694,11318.634,4063,Thumb,motor_12_open,51.0,35.0625,6,31.0,30.0,29.0,30.0,30.0,29.0,31.0,30.0,30.0,32.0,32.0,51.0,48.0,42.0,44.0,42.0
2025-12-25T12:19:49.392649,11319.53,4064,Index,motor_2_flexed,51.0,35.0,6,31.0,30.0,29.0,30.0,30.0,29.0,31.0,30.0,30.0,32.0,32.0,51.0,48.0,42.0,44.0,41.0
2025-12-25T12:19:51.280548,11321.421,4064,Index,motor_2_open,51.0,35.125,6,31.0,30.0,29.0,30.0,30.0,29.0,31.0,30.0,30.0,32.0,32.0,51.0,48.0,42.0,45.0,42.0
2025-12-25T12:19:52.176501,11322.317,4065,Index,motor_1_flexed,51.0,35.0,6,31.0,30.0,29.0,30.0,30.0,29.0,31.0,30.0,30.0,32.0,32.0,51.0,48.0,42.0,44.0,41.0
2025-12-25T12:19:54.064402,11324.202,4065,Index,motor_1_open,51.0,35.0625,6,31.0,30.0,29.0,30.0,30.0,29.0,31.0,30.0,30.0,32.0,32.0,51.0,48.0,42.0,44.0,42.0
2025-12-25T12:19:54.960356,11325.097,4066,Index,motor_3_flexed,51.0,35.0625,6,31.0,30.0,29.0,30.0,30.0,29.0,31.0,30.0,30.0,32.0,32.0,51.0,48.0,42.0,45.0,41.0
2025-12-25T12:19:56.848257,11326.987,4066,Index,motor_3_open,51.0,35.0625,6,31.0,30.0,29.0,30.0,30.0,29.0,31.0,30.0,30.0,32.0,32.0,51.0,48.0,42.0,44.0,42.0
2025-12-25T12:19:57.744209,11327.882,4067,Middle,motor_11_flexed,51.0,35.0625,6,31.0,30.0,29.0,30.0,30.0,29.0,31.0,30.0,30.0,32.0,32.0,51.0,48.0,42.0,44.0,42.0
2025-12-25T12:19:59.632112,11329.772,4067,Middle,motor_11_open,51.0,35.0625,6,31.0,30.0,29.0,30.0,30.0,29.0,31.0,30.0,30.0,32.0,32.0,51.0,48.0,42.0,44.0,42.0
2025-12-25T12:20:00.528060,11330.667,4068,Middle,motor_10_flexed,51.0,35.0625,6,31.0,30.0,29.0,30.0,30.0,29.0,31.0,30.0,30.0,32.0,32.0,51.0,48.0,42.0,44.0,42.0
2025-12-25T12:20:02.415967,11332.554,4068,Middle,motor_10_open,51.0,35.0625,6,31.0,30.0,29.0,30.0,30.0,29.0,31.0,30.0,30.0,32.0,32.0,51.0,48.0,42.0,44.0,42.0
2025-12-25T12:20:03.311916,11333.449,4069,Ring,motor_4_flexed,51.0,35.0,6,31.0,30.0,29.0,30.0,30.0,29.0,31.0,30.0,30.0,32.0,32.0,51.0,48.0,42.0,44.0,41.0
2025-12-25T12:20:05.199818,11335.335,4069,Ring,motor_4_open,51.0,35.125,6,31.0,30.0,29.0,30.0,30.0,29.0,31.0,30.0,30.0,32.0,32.0,51.0,48.0,42.0,45.0,42.0
2025-12-25T12:20:06.095771,11336.234,4070,Ring,motor_5_flexed,51.0,35.0625,6,31.0,30.0,29.0,30.0,30.0,29.0,31.0,30.0,30.0,32.0,32.0,51.0,48.0,42.0,44.0,42.0
2025-12-25T12:20:07.983669,11338.12,4070,Ring,motor_5_open,51.0,35.0,6,31.0,30.0,29.0,30.0,30.0,29.0,31.0,30.0,30.0,32.0,32.0,51.0,48.0,42.0,44.0,41.0
2025-12-25T12:20:08.879624,11339.02,4071,Ring,motor_6_flexed,51.0,35.125,6,31.0,30.0,29.0,30.0,30.0,29.0,31.0,30.0,30.0,32.0,32.0,51.0,48.0,42.0,45.0,42.0
2025-12-25T12:20:09.967566,11340.106,4071,Ring,motor_6_flex_hold,51.0,35.0625,6,31.0,30.0,29.0,30.0,30.0,29.0,31.0,30.0,30.0,32.0,32.0,51.0,48.0,42.0,44.0,42.0
2025-12-25T12:20:10.767523,11340.906,4071,Ring,motor_6_open,51.0,35.0625,6,31.0,30.0,29.0,30.0,30.0,29.0,31.0,30.0,30.0,32.0,32.0,51.0,48.0,42.0,44.0,42.0
2025-12-25T12:20:11.663481,11341.8,4072,Pinky,motor_7_flexed,51.0,35.0625,6,31.0,30.0,29.0,30.0,30.0,29.0,31.0,30.0,30.0,32.0,32.0,51.0,48.0,42.0,44.0,42.0
2025-12-25T12:20:13.551376,11343.687,4072,Pinky,motor_7_open,51.0,35.0625,6,31.0,30.0,29.0,30.0,30.0,29.0,31.0,30.0,30.0,32.0,32.0,51.0,48.0,42.0,44.0,42.0
2025-12-25T12:20:14.447330,11344.585,4073,Pinky,motor_8_flexed,51.0,35.0625,6,31.0,30.0,29.0,30.0,30.0,29.0,31.0,30.0,30.0,32.0,32.0,51.0,48.0,42.0,44.0,42.0
2025-12-25T12:20:16.335269,11346.474,4073,Pinky,motor_8_open,51.0,35.125,6,31.0,30.0,29.0,30.0,30.0,29.0,31.0,30.0,30.0,32.0,32.0,51.0,48.0,42.0,45.0,42.0
2025-12-25T12:20:17.231214,11347.369,4074,Pinky,motor_9_flexed,51.0,35.0625,6,31.0,30.0,29.0,30.0,30.0,29.0,31.0,30.0,30.0,32.0,32.0,51.0,48.0,42.0,44.0,42.0
2025-12-25T12:20:19.119116,11349.258,4074,Pinky,motor_9_open,51.0,35.0625,6,31.0,30.0,29.0,30.0,30.0,29.0,31.0,30.0,30.0,32.0,32.0,51.0,48.0,42.0,44.0,42.0
2025-12-25T12:20:20.015059,11350.154,4075,Thumb,motor_13_flexed,51.0,35.125,6,31.0,30.0,29.0,30.0,30.0,29.0,31.0,30.0,30.0,32.0,32.0,51.0,48.0,42.0,45.0,42.0
2025-12-25T12:20:21.902970,11352.044,4075,Thumb,motor_13_open,51.0,35.0625,6,31.0,30.0,29.0,30.0,30.0,29.0,31.0,30.0,30.0,32.0,32.0,51.0,48.0,42.0,44.0,42.0
2025-12-25T12:20:22.798924,11352.936,4076,Thumb,motor_14_flexed,51.0,35.125,6,31.0,30.0,29.0,30.0,30.0,29.0,31.0,30.0,30.0,32.0,32.0,51.0,48.0,42.0,45.0,42.0
2025-12-25T12:20:24.686827,11354.824,4076,Thumb,motor_14_open,51.0,35.0,6,31.0,30.0,29.0,30.0,30.0,29.0,31.0,30.0,30.0,32.0,32.0,51.0,48.0,42.0,44.0,41.0
2025-12-25T12:20:25.582784,11355.72,4077,Thumb,motor_12_flexed,51.0,35.0,6,31.0,30.0,29.0,30.0,30.0,29.0,31.0,30.0,30.0,32.0,32.0,51.0,48.0,42.0,44.0,41.0
2025-12-25T12:20:27.486673,11357.624,4077,Thumb,motor_12_open,51.0,35.0625,6,31.0,30.0,29.0,30.0,30.0,29.0,31.0,30.0,30.0,32.0,32.0,51.0,48.0,42.0,44.0,42.0
2025-12-25T12:20:28.382586,11358.519,4078,Index,motor_2_flexed,51.0,35.0625,6,31.0,30.0,29.0,30.0,30.0,29.0,31.0,30.0,30.0,32.0,32.0,51.0,48.0,42.0,44.0,42.0
2025-12-25T12:20:30.270501,11360.409,4078,Index,motor_2_open,51.0,35.0625,6,31.0,30.0,29.0,30.0,30.0,29.0,31.0,30.0,30.0,32.0,32.0,51.0,48.0,42.0,44.0,42.0
2025-12-25T12:20:31.166441,11361.303,4079,Index,motor_1_flexed,51.0,35.0625,6,31.0,30.0,29.0,30.0,30.0,29.0,31.0,30.0,30.0,32.0,32.0,51.0,48.0,42.0,44.0,42.0
2025-12-25T12:20:33.054350,11363.192,4079,Index,motor_1_open,51.0,35.0,6,31.0,30.0,29.0,30.0,30.0,29.0,31.0,30.0,30.0,32.0,32.0,51.0,48.0,42.0,44.0,41.0
2025-12-25T12:20:33.950304,11364.089,4080,Index,motor_3_flexed,51.0,35.125,6,31.0,30.0,29.0,30.0,30.0,29.0,31.0,30.0,30.0,32.0,32.0,51.0,48.0,42.0,45.0,42.0
2025-12-25T12:20:35.838208,11365.978,4080,Index,motor_3_open,51.0,35.0625,6,31.0,30.0,29.0,30.0,30.0,29.0,31.0,30.0,30.0,32.0,32.0,51.0,48.0,42.0,44.0,42.0
2025-12-25T12:20:36.734158,11366.872,4081,Middle,motor_11_flexed,51.0,35.0625,6,31.0,30.0,29.0,30.0,30.0,29.0,31.0,30.0,30.0,32.0,32.0,51.0,48.0,42.0,44.0,42.0
2025-12-25T12:20:38.622059,11368.763,4081,Middle,motor_11_open,51.0,35.0625,6,31.0,30.0,29.0,30.0,30.0,29.0,31.0,30.0,30.0,32.0,32.0,51.0,48.0,42.0,44.0,42.0
2025-12-25T12:20:39.518027,11369.657,4082,Middle,motor_10_flexed,51.0,35.125,6,31.0,30.0,29.0,30.0,30.0,29.0,31.0,30.0,30.0,32.0,32.0,51.0,48.0,42.0,45.0,42.0
2025-12-25T12:20:41.405912,11371.543,4082,Middle,motor_10_open,51.0,35.0625,6,31.0,30.0,29.0,30.0,30.0,29.0,31.0,30.0,30.0,32.0,32.0,51.0,48.0,42.0,45.0,41.0
2025-12-25T12:20:42.301864,11372.441,4083,Ring,motor_4_flexed,51.0,35.0625,6,31.0,30.0,29.0,30.0,30.0,29.0,31.0,30.0,30.0,32.0,32.0,51.0,48.0,42.0,44.0,42.0
2025-12-25T12:20:44.189766,11374.329,4083,Ring,motor_4_open,51.0,35.0,6,31.0,30.0,29.0,30.0,30.0,29.0,31.0,30.0,30.0,32.0,32.0,51.0,48.0,42.0,43.0,42.0
2025-12-25T12:20:45.085719,11375.224,4084,Ring,motor_5_flexed,51.0,35.0625,6,31.0,30.0,29.0,30.0,30.0,29.0,31.0,30.0,30.0,32.0,32.0,51.0,48.0,42.0,44.0,42.0
2025-12-25T12:20:46.973619,11377.114,4084,Ring,motor_5_open,51.0,35.0625,6,31.0,30.0,29.0,30.0,30.0,29.0,31.0,30.0,30.0,32.0,32.0,51.0,48.0,42.0,44.0,42.0
2025-12-25T12:20:47.869572,11378.008,4085,Ring,motor_6_flexed,51.0,35.0,6,31.0,30.0,29.0,30.0,30.0,29.0,31.0,30.0,30.0,32.0,32.0,51.0,48.0,42.0,44.0,41.0
2025-12-25T12:20:49.757471,11379.896,4085,Ring,motor_6_open,51.0,35.0625,6,31.0,30.0,29.0,30.0,30.0,29.0,31.0,30.0,30.0,32.0,32.0,51.0,48.0,42.0,44.0,42.0
2025-12-25T12:20:50.653418,11380.793,4086,Pinky,motor_7_flexed,51.0,35.125,6,31.0,30.0,29.0,30.0,30.0,29.0,31.0,30.0,30.0,32.0,32.0,51.0,48.0,42.0,45.0,42.0
2025-12-25T12:20:52.541317,11382.682,4086,Pinky,motor_7_open,51.0,35.0625,6,31.0,30.0,29.0,30.0,30.0,29.0,31.0,30.0,30.0,32.0,32.0,51.0,48.0,42.0,44.0,42.0
2025-12-25T12:20:53.437270,11383.575,4087,Pinky,motor_8_flexed,51.0,35.0625,6,31.0,30.0,29.0,30.0,30.0,29.0,31.0,30.0,30.0,32.0,32.0,51.0,48.0,42.0,44.0,42.0
2025-12-25T12:20:55.325168,11385.462,4087,Pinky,motor_8_open,51.0,35.0625,6,31.0,30.0,29.0,30.0,30.0,29.0,31.0,30.0,30.0,32.0,32.0,51.0,48.0,42.0,45.0,41.0
2025-12-25T12:20:56.221123,11386.359,4088,Pinky,motor_9_flexed,51.0,35.0625,6,31.0,30.0,29.0,30.0,30.0,29.0,31.0,30.0,30.0,32.0,32.0,51.0,48.0,42.0,44.0,42.0
2025-12-25T12:20:58.109020,11388.24,4088,Pinky,motor_9_open,51.0,35.0625,6,31.0,30.0,29.0,30.0,30.0,29.0,31.0,30.0,30.0,32.0,32.0,51.0,48.0,42.0,44.0,42.0
2025-12-25T12:20:59.004971,11389.136,4089,Thumb,motor_13_flexed,51.0,35.0625,6,31.0,30.0,29.0,30.0,30.0,29.0,31.0,30.0,30.0,32.0,32.0,51.0,48.0,42.0,44.0,42.0
2025-12-25T12:21:00.892875,11391.024,4089,Thumb,motor_13_open,51.0,35.0625,6,31.0,30.0,29.0,30.0,30.0,29.0,31.0,30.0,30.0,32.0,32.0,51.0,48.0,42.0,44.0,42.0
2025-12-25T12:21:01.788830,11391.925,4090,Thumb,motor_14_flexed,51.0,35.0625,6,31.0,30.0,29.0,30.0,30.0,29.0,31.0,30.0,30.0,32.0,32.0,51.0,48.0,42.0,44.0,42.0
2025-12-25T12:21:03.676729,11393.814,4090,Thumb,motor_14_open,51.0,35.0625,6,31.0,30.0,29.0,30.0,30.0,29.0,31.0,30.0,30.0,32.0,32.0,51.0,48.0,42.0,44.0,42.0
2025-12-25T12:21:04.572692,11394.71,4091,Thumb,motor_12_flexed,51.0,35.125,6,31.0,30.0,29.0,30.0,30.0,29.0,31.0,30.0,30.0,32.0,32.0,51.0,48.0,42.0,45.0,42.0
2025-12-25T12:21:06.476592,11396.612,4091,Thumb,motor_12_open,51.0,35.125,6,31.0,30.0,29.0,30.0,30.0,29.0,31.0,30.0,30.0,32.0,32.0,51.0,48.0,42.0,45.0,42.0
2025-12-25T12:21:07.372546,11397.51,4092,Index,motor_2_flexed,51.0,35.125,6,31.0,30.0,29.0,30.0,30.0,29.0,31.0,30.0,30.0,32.0,32.0,51.0,48.0,42.0,45.0,42.0
2025-12-25T12:21:09.260451,11399.4,4092,Index,motor_2_open,51.0,35.125,6,31.0,30.0,29.0,30.0,30.0,29.0,31.0,30.0,30.0,32.0,32.0,51.0,48.0,42.0,45.0,42.0
2025-12-25T12:21:10.156400,11400.296,4093,Index,motor_1_flexed,51.0,35.0,6,31.0,30.0,29.0,30.0,30.0,29.0,31.0,30.0,30.0,32.0,32.0,51.0,48.0,42.0,44.0,41.0
2025-12-25T12:21:12.044299,11402.182,4093,Index,motor_1_open,51.0,35.0,6,31.0,30.0,29.0,30.0,30.0,29.0,31.0,30.0,30.0,32.0,32.0,51.0,48.0,42.0,44.0,41.0
2025-12-25T12:21:12.940252,11403.079,4094,Index,motor_3_flexed,51.0,35.0625,6,31.0,30.0,29.0,30.0,30.0,29.0,31.0,30.0,30.0,32.0,32.0,51.0,48.0,42.0,44.0,42.0
2025-12-25T12:21:14.828150,11404.97,4094,Index,motor_3_open,51.0,35.0625,6,31.0,30.0,29.0,30.0,30.0,29.0,31.0,30.0,30.0,32.0,32.0,51.0,48.0,42.0,44.0,42.0
2025-12-25T12:21:15.724105,11405.863,4095,Middle,motor_11_flexed,51.0,35.0625,6,31.0,30.0,29.0,30.0,30.0,29.0,31.0,30.0,30.0,32.0,32.0,51.0,48.0,42.0,44.0,42.0
2025-12-25T12:21:17.612005,11407.751,4095,Middle,motor_11_open,51.0,35.0625,6,31.0,30.0,29.0,30.0,30.0,29.0,31.0,30.0,30.0,32.0,32.0,51.0,48.0,42.0,44.0,42.0
2025-12-25T12:21:18.507963,11408.646,4096,Middle,motor_10_flexed,51.0,35.0,6,31.0,30.0,29.0,30.0,30.0,29.0,31.0,30.0,30.0,32.0,32.0,51.0,48.0,42.0,44.0,41.0
2025-12-25T12:21:20.395856,11410.536,4096,Middle,motor_10_open,51.0,35.0625,6,31.0,30.0,29.0,30.0,30.0,29.0,31.0,30.0,30.0,32.0,32.0,51.0,48.0,42.0,44.0,42.0
2025-12-25T12:21:21.291811,11411.429,4097,Ring,motor_4_flexed,51.0,35.0625,6,31.0,30.0,29.0,30.0,30.0,29.0,31.0,30.0,30.0,32.0,32.0,51.0,48.0,42.0,44.0,42.0
2025-12-25T12:21:23.179720,11413.316,4097,Ring,motor_4_open,51.0,35.0625,6,31.0,30.0,29.0,30.0,30.0,29.0,31.0,30.0,30.0,32.0,32.0,51.0,48.0,42.0,44.0,42.0
2025-12-25T12:21:24.075668,11414.213,4098,Ring,motor_5_flexed,51.0,35.0625,6,31.0,30.0,29.0,30.0,30.0,29.0,31.0,30.0,30.0,32.0,32.0,51.0,48.0,42.0,44.0,42.0
2025-12-25T12:21:25.963565,11416.102,4098,Ring,motor_5_open,51.0,35.0,6,31.0,30.0,29.0,30.0,30.0,29.0,31.0,30.0,30.0,32.0,32.0,51.0,48.0,42.0,44.0,41.0
2025-12-25T12:21:26.859511,11416.998,4099,Ring,motor_6_flexed,51.0,35.0625,6,31.0,30.0,29.0,30.0,30.0,29.0,31.0,30.0,30.0,32.0,32.0,51.0,48.0,42.0,44.0,42.0
2025-12-25T12:21:28.747412,11418.886,4099,Ring,motor_6_open,51.0,35.0625,6,31.0,30.0,29.0,30.0,30.0,29.0,31.0,30.0,30.0,32.0,32.0,51.0,48.0,42.0,44.0,42.0
2025-12-25T12:21:29.643362,11419.781,4100,Pinky,motor_7_flexed,51.0,35.0,6,31.0,30.0,29.0,30.0,30.0,29.0,31.0,30.0,30.0,32.0,32.0,51.0,48.0,42.0,44.0,41.0
2025-12-25T12:21:31.531275,11421.667,4100,Pinky,motor_7_open,51.0,35.0625,6,31.0,30.0,29.0,30.0,30.0,29.0,31.0,30.0,30.0,32.0,32.0,51.0,48.0,42.0,44.0,42.0
2025-12-25T12:21:32.427237,11422.567,4101,Pinky,motor_8_flexed,51.0,35.0625,6,31.0,30.0,29.0,30.0,30.0,29.0,31.0,30.0,30.0,32.0,32.0,51.0,48.0,42.0,44.0,42.0
2025-12-25T12:21:34.315125,11424.454,4101,Pinky,motor_8_open,51.0,35.125,6,31.0,30.0,29.0,30.0,30.0,29.0,31.0,30.0,30.0,32.0,32.0,51.0,48.0,42.0,45.0,42.0
2025-12-25T12:21:35.211077,11425.348,4102,Pinky,motor_9_flexed,51.0,35.0,6,31.0,30.0,29.0,30.0,30.0,29.0,31.0,30.0,30.0,32.0,32.0,51.0,48.0,42.0,44.0,41.0
2025-12-25T12:21:37.099022,11427.236,4102,Pinky,motor_9_open,51.0,35.0625,6,31.0,30.0,29.0,30.0,30.0,29.0,31.0,30.0,30.0,32.0,32.0,51.0,48.0,42.0,44.0,42.0
2025-12-25T12:21:37.994964,11428.135,4103,Thumb,motor_13_flexed,51.0,35.0625,6,31.0,30.0,29.0,30.0,30.0,29.0,31.0,30.0,30.0,32.0,32.0,51.0,48.0,42.0,44.0,42.0
2025-12-25T12:21:39.882863,11430.023,4103,Thumb,motor_13_open,51.0,35.0625,6,31.0,30.0,29.0,30.0,30.0,29.0,31.0,30.0,30.0,32.0,32.0,51.0,48.0,42.0,44.0,42.0
2025-12-25T12:21:40.778808,11430.918,4104,Thumb,motor_14_flexed,51.0,35.0625,6,31.0,30.0,29.0,30.0,30.0,29.0,31.0,30.0,30.0,32.0,32.0,51.0,48.0,42.0,44.0,42.0
2025-12-25T12:21:42.666711,11432.801,4104,Thumb,motor_14_open,51.0,35.0625,6,31.0,30.0,29.0,30.0,30.0,29.0,31.0,30.0,30.0,32.0,32.0,51.0,48.0,42.0,44.0,42.0
2025-12-25T12:21:43.562661,11433.7,4105,Thumb,motor_12_flexed,51.0,35.0625,6,31.0,30.0,29.0,30.0,30.0,29.0,31.0,30.0,30.0,32.0,32.0,51.0,48.0,42.0,44.0,42.0
2025-12-25T12:21:45.450563,11435.588,4105,Thumb,motor_12_open,51.0,35.0625,6,31.0,30.0,29.0,30.0,30.0,29.0,31.0,30.0,30.0,32.0,32.0,51.0,48.0,42.0,44.0,42.0
2025-12-25T12:21:46.346540,11436.485,4106,Index,motor_2_flexed,51.0,35.0625,6,31.0,30.0,29.0,30.0,30.0,29.0,31.0,30.0,30.0,32.0,32.0,51.0,48.0,42.0,44.0,42.0
2025-12-25T12:21:48.234417,11438.373,4106,Index,motor_2_open,51.0,35.125,6,31.0,30.0,29.0,30.0,30.0,29.0,31.0,30.0,30.0,32.0,32.0,51.0,48.0,42.0,45.0,42.0
2025-12-25T12:21:49.130368,11439.27,4107,Index,motor_1_flexed,51.0,35.125,6,31.0,30.0,29.0,30.0,30.0,29.0,31.0,30.0,30.0,32.0,32.0,51.0,48.0,42.0,45.0,42.0
2025-12-25T12:21:51.018296,11441.158,4107,Index,motor_1_open,51.0,35.125,6,31.0,30.0,29.0,30.0,30.0,29.0,31.0,30.0,30.0,32.0,32.0,51.0,48.0,42.0,45.0,42.0
2025-12-25T12:21:51.914232,11442.052,4108,Index,motor_3_flexed,51.0,35.0625,6,31.0,30.0,29.0,30.0,30.0,29.0,31.0,30.0,30.0,32.0,32.0,51.0,48.0,42.0,44.0,42.0
2025-12-25T12:21:53.802123,11443.941,4108,Index,motor_3_open,51.0,35.0625,6,31.0,30.0,29.0,30.0,30.0,29.0,31.0,30.0,30.0,32.0,32.0,51.0,48.0,42.0,44.0,42.0
2025-12-25T12:21:54.698071,11444.836,4109,Middle,motor_11_flexed,51.0,35.0625,6,31.0,30.0,29.0,30.0,30.0,29.0,31.0,30.0,30.0,32.0,32.0,51.0,48.0,42.0,45.0,41.0
2025-12-25T12:21:56.585986,11446.726,4109,Middle,motor_11_open,51.0,35.0625,6,31.0,30.0,29.0,30.0,30.0,29.0,31.0,30.0,30.0,32.0,32.0,51.0,48.0,42.0,44.0,42.0
2025-12-25T12:21:57.481936,11447.621,4110,Middle,motor_10_flexed,51.0,35.0625,6,31.0,30.0,29.0,30.0,30.0,29.0,31.0,30.0,30.0,32.0,32.0,51.0,48.0,42.0,44.0,42.0
2025-12-25T12:21:59.369836,11449.509,4110,Middle,motor_10_open,51.0,35.0625,6,31.0,30.0,29.0,30.0,30.0,29.0,31.0,30.0,30.0,32.0,32.0,51.0,48.0,42.0,44.0,42.0
2025-12-25T12:22:00.265811,11450.403,4111,Ring,motor_4_flexed,51.0,35.0625,6,31.0,30.0,29.0,30.0,30.0,29.0,31.0,30.0,30.0,32.0,32.0,51.0,48.0,42.0,45.0,41.0
2025-12-25T12:22:02.153688,11452.293,4111,Ring,motor_4_open,51.0,35.0625,6,31.0,30.0,29.0,30.0,30.0,29.0,31.0,30.0,30.0,32.0,32.0,51.0,48.0,42.0,44.0,42.0
2025-12-25T12:22:03.049643,11453.187,4112,Ring,motor_5_flexed,51.0,35.0625,6,31.0,30.0,29.0,30.0,30.0,29.0,31.0,30.0,30.0,32.0,32.0,51.0,48.0,42.0,44.0,42.0
2025-12-25T12:22:04.937543,11455.076,4112,Ring,motor_5_open,51.0,35.0625,6,31.0,30.0,29.0,30.0,30.0,29.0,31.0,30.0,30.0,32.0,32.0,51.0,48.0,42.0,44.0,42.0
2025-12-25T12:22:05.833498,11455.971,4113,Ring,motor_6_flexed,51.0,35.0625,6,31.0,30.0,29.0,30.0,30.0,29.0,31.0,30.0,30.0,32.0,32.0,51.0,48.0,42.0,44.0,42.0
2025-12-25T12:22:07.721397,11457.861,4113,Ring,motor_6_open,51.0,35.0625,6,31.0,30.0,29.0,30.0,30.0,29.0,31.0,30.0,30.0,32.0,32.0,51.0,48.0,42.0,45.0,41.0
2025-12-25T12:22:08.617350,11458.757,4114,Pinky,motor_7_flexed,51.0,35.0625,6,31.0,30.0,29.0,30.0,30.0,29.0,31.0,30.0,30.0,32.0,32.0,51.0,48.0,42.0,44.0,42.0
2025-12-25T12:22:10.201241,11460.343,4114,Pinky,motor_7_flex_hold,51.0,35.0,6,31.0,30.0,29.0,30.0,30.0,29.0,31.0,30.0,30.0,32.0,32.0,51.0,48.0,42.0,44.0,41.0
2025-12-25T12:22:10.601244,11460.74,4114,Pinky,motor_7_open,51.0,35.0625,6,31.0,30.0,29.0,30.0,30.0,29.0,31.0,30.0,30.0,32.0,32.0,51.0,48.0,42.0,44.0,42.0
2025-12-25T12:22:11.497188,11461.639,4115,Pinky,motor_8_flexed,51.0,35.0625,6,31.0,30.0,29.0,30.0,30.0,29.0,31.0,30.0,30.0,32.0,32.0,51.0,48.0,42.0,45.0,41.0
2025-12-25T12:22:13.385087,11463.524,4115,Pinky,motor_8_open,51.0,35.0625,6,31.0,30.0,29.0,30.0,30.0,29.0,31.0,30.0,30.0,32.0,32.0,51.0,48.0,42.0,44.0,42.0
2025-12-25T12:22:14.281039,11464.421,4116,Pinky,motor_9_flexed,51.0,35.0625,6,31.0,30.0,29.0,30.0,30.0,29.0,31.0,30.0,30.0,32.0,32.0,51.0,48.0,42.0,44.0,42.0
2025-12-25T12:22:16.168942,11466.311,4116,Pinky,motor_9_open,51.0,35.0625,6,31.0,30.0,29.0,30.0,30.0,29.0,31.0,30.0,30.0,32.0,32.0,51.0,48.0,42.0,44.0,42.0
2025-12-25T12:22:17.064891,11467.207,4117,Thumb,motor_13_flexed,51.0,35.0,6,31.0,30.0,29.0,30.0,30.0,29.0,31.0,30.0,30.0,32.0,32.0,51.0,48.0,42.0,44.0,41.0
2025-12-25T12:22:18.952792,11469.093,4117,Thumb,motor_13_open,51.0,35.0625,6,31.0,30.0,29.0,30.0,30.0,29.0,31.0,30.0,30.0,32.0,32.0,51.0,48.0,42.0,44.0,42.0
2025-12-25T12:22:19.848748,11469.99,4118,Thumb,motor_14_flexed,51.0,35.0625,6,31.0,30.0,29.0,30.0,30.0,29.0,31.0,30.0,30.0,32.0,32.0,51.0,48.0,42.0,44.0,42.0
2025-12-25T12:22:21.736633,11471.878,4118,Thumb,motor_14_open,51.0,35.0625,6,31.0,30.0,29.0,30.0,30.0,29.0,31.0,30.0,30.0,32.0,32.0,51.0,48.0,42.0,45.0,41.0
2025-12-25T12:22:22.632601,11472.772,4119,Thumb,motor_12_flexed,51.0,35.0,6,31.0,30.0,29.0,30.0,30.0,29.0,31.0,30.0,30.0,32.0,32.0,51.0,48.0,42.0,44.0,41.0
2025-12-25T12:22:24.520500,11474.659,4119,Thumb,motor_12_open,51.0,35.0625,6,31.0,30.0,29.0,30.0,30.0,29.0,31.0,30.0,30.0,32.0,32.0,51.0,48.0,42.0,45.0,41.0
2025-12-25T12:22:25.416461,11475.555,4120,Index,motor_2_flexed,51.0,35.0625,6,31.0,30.0,29.0,30.0,30.0,29.0,31.0,30.0,30.0,32.0,32.0,51.0,48.0,42.0,45.0,41.0
2025-12-25T12:22:27.304338,11477.446,4120,Index,motor_2_open,51.0,35.125,6,31.0,30.0,29.0,30.0,30.0,29.0,31.0,30.0,30.0,32.0,32.0,51.0,48.0,42.0,45.0,42.0
2025-12-25T12:22:28.200306,11478.341,4121,Index,motor_1_flexed,51.0,35.125,6,31.0,30.0,29.0,30.0,30.0,29.0,31.0,30.0,30.0,32.0,32.0,51.0,48.0,42.0,45.0,42.0
2025-12-25T12:22:30.088217,11480.228,4121,Index,motor_1_open,51.0,35.0625,6,31.0,30.0,29.0,30.0,30.0,29.0,31.0,30.0,30.0,32.0,32.0,51.0,48.0,42.0,44.0,42.0
2025-12-25T12:22:30.984160,11481.123,4122,Index,motor_3_flexed,51.0,35.0625,6,31.0,30.0,29.0,30.0,30.0,29.0,31.0,30.0,30.0,32.0,32.0,51.0,48.0,42.0,44.0,42.0
2025-12-25T12:22:32.872061,11483.013,4122,Index,motor_3_open,51.0,35.125,6,31.0,30.0,29.0,30.0,30.0,29.0,31.0,30.0,30.0,32.0,32.0,51.0,48.0,42.0,44.0,43.0
2025-12-25T12:22:33.768009,11483.909,4123,Middle,motor_11_flexed,51.0,35.0625,6,31.0,30.0,29.0,30.0,30.0,29.0,31.0,30.0,30.0,32.0,32.0,51.0,48.0,42.0,45.0,41.0
2025-12-25T12:22:35.655900,11485.794,4123,Middle,motor_11_open,51.0,35.0625,6,31.0,30.0,29.0,30.0,30.0,29.0,31.0,30.0,30.0,32.0,32.0,51.0,48.0,42.0,44.0,42.0
2025-12-25T12:22:36.551867,11486.691,4124,Middle,motor_10_flexed,51.0,35.125,6,31.0,30.0,29.0,30.0,30.0,29.0,31.0,30.0,30.0,32.0,32.0,51.0,48.0,42.0,45.0,42.0
2025-12-25T12:22:38.439766,11488.579,4124,Middle,motor_10_open,51.0,35.0625,6,31.0,30.0,29.0,30.0,30.0,29.0,31.0,30.0,30.0,32.0,32.0,51.0,48.0,42.0,44.0,42.0
2025-12-25T12:22:39.335716,11489.477,4125,Ring,motor_4_flexed,51.0,35.0625,6,31.0,30.0,29.0,30.0,30.0,29.0,31.0,30.0,30.0,32.0,32.0,51.0,48.0,42.0,44.0,42.0
2025-12-25T12:22:41.223619,11491.365,4125,Ring,motor_4_open,51.0,34.9375,6,31.0,30.0,29.0,30.0,30.0,28.0,31.0,30.0,30.0,32.0,32.0,51.0,48.0,42.0,44.0,41.0
2025-12-25T12:22:42.119576,11492.257,4126,Ring,motor_5_flexed,51.0,35.0,6,31.0,30.0,29.0,30.0,30.0,29.0,31.0,30.0,30.0,32.0,32.0,51.0,48.0,42.0,44.0,41.0
2025-12-25T12:22:44.007489,11494.145,4126,Ring,motor_5_open,51.0,35.125,6,31.0,30.0,29.0,30.0,30.0,29.0,31.0,30.0,30.0,32.0,32.0,51.0,48.0,42.0,45.0,42.0
2025-12-25T12:22:44.903412,11495.043,4127,Ring,motor_6_flexed,51.0,35.0625,6,31.0,30.0,29.0,30.0,30.0,29.0,31.0,30.0,30.0,32.0,32.0,51.0,48.0,42.0,44.0,42.0
2025-12-25T12:22:46.791328,11496.929,4127,Ring,motor_6_open,51.0,35.0625,6,31.0,30.0,29.0,30.0,30.0,29.0,31.0,30.0,30.0,32.0,32.0,51.0,48.0,42.0,44.0,42.0
2025-12-25T12:22:47.687279,11497.825,4128,Pinky,motor_7_flexed,51.0,35.0625,6,31.0,30.0,29.0,30.0,30.0,29.0,31.0,30.0,30.0,32.0,32.0,51.0,48.0,42.0,44.0,42.0
2025-12-25T12:22:49.575179,11499.714,4128,Pinky,motor_7_open,51.0,35.125,6,31.0,30.0,29.0,30.0,30.0,29.0,31.0,30.0,30.0,32.0,32.0,51.0,48.0,42.0,45.0,42.0
2025-12-25T12:22:50.471119,11500.61,4129,Pinky,motor_8_flexed,51.0,35.0625,6,31.0,30.0,29.0,30.0,30.0,29.0,31.0,30.0,30.0,32.0,32.0,51.0,48.0,42.0,44.0,42.0
2025-12-25T12:22:52.359033,11502.498,4129,Pinky,motor_8_open,51.0,35.0625,6,31.0,30.0,29.0,30.0,30.0,29.0,31.0,30.0,30.0,32.0,32.0,51.0,48.0,42.0,44.0,42.0
2025-12-25T12:22:53.255001,11503.393,4130,Pinky,motor_9_flexed,51.0,35.0625,6,31.0,30.0,29.0,30.0,30.0,29.0,31.0,30.0,30.0,32.0,32.0,51.0,48.0,42.0,44.0,42.0
2025-12-25T12:22:55.142884,11505.282,4130,Pinky,motor_9_open,51.0,35.0625,6,31.0,30.0,29.0,30.0,30.0,29.0,31.0,30.0,30.0,32.0,32.0,51.0,48.0,42.0,44.0,42.0
2025-12-25T12:22:56.038838,11506.178,4131,Thumb,motor_13_flexed,51.0,35.0625,6,31.0,30.0,29.0,30.0,30.0,29.0,31.0,30.0,30.0,32.0,32.0,51.0,48.0,42.0,44.0,42.0
2025-12-25T12:22:57.926737,11508.066,4131,Thumb,motor_13_open,51.0,35.0625,6,31.0,30.0,29.0,30.0,30.0,29.0,31.0,30.0,30.0,32.0,32.0,51.0,48.0,42.0,44.0,42.0
2025-12-25T12:22:58.822672,11508.959,4132,Thumb,motor_14_flexed,51.0,35.0625,6,31.0,30.0,29.0,30.0,30.0,29.0,31.0,30.0,30.0,32.0,32.0,51.0,48.0,42.0,44.0,42.0
2025-12-25T12:23:00.710574,11510.847,4132,Thumb,motor_14_open,51.0,35.0625,6,31.0,30.0,29.0,30.0,30.0,29.0,31.0,30.0,30.0,32.0,32.0,51.0,48.0,42.0,44.0,42.0
2025-12-25T12:23:01.606526,11511.742,4133,Thumb,motor_12_flexed,51.0,35.0625,6,31.0,30.0,29.0,30.0,30.0,29.0,31.0,30.0,30.0,32.0,32.0,51.0,48.0,42.0,44.0,42.0
2025-12-25T12:23:03.494450,11513.634,4133,Thumb,motor_12_open,51.0,35.0625,6,31.0,30.0,29.0,30.0,30.0,29.0,31.0,30.0,30.0,32.0,32.0,51.0,48.0,42.0,44.0,42.0
2025-12-25T12:23:04.390384,11514.521,4134,Index,motor_2_flexed,51.0,35.125,6,31.0,30.0,29.0,30.0,30.0,29.0,31.0,30.0,30.0,32.0,32.0,51.0,48.0,42.0,45.0,42.0
2025-12-25T12:23:06.278367,11516.416,4134,Index,motor_2_open,51.0,35.0,6,31.0,30.0,29.0,30.0,30.0,29.0,31.0,30.0,30.0,32.0,32.0,51.0,48.0,42.0,44.0,41.0
2025-12-25T12:23:07.174362,11517.312,4135,Index,motor_1_flexed,51.0,35.0625,6,31.0,30.0,29.0,30.0,30.0,29.0,31.0,30.0,30.0,32.0,32.0,51.0,48.0,42.0,44.0,42.0
2025-12-25T12:23:09.062346,11519.202,4135,Index,motor_1_open,51.0,35.0625,6,31.0,30.0,29.0,30.0,30.0,29.0,31.0,30.0,30.0,32.0,32.0,51.0,48.0,42.0,44.0,42.0
2025-12-25T12:23:09.958349,11520.098,4136,Index,motor_3_flexed,51.0,35.0625,6,31.0,30.0,29.0,30.0,30.0,29.0,31.0,30.0,30.0,32.0,32.0,51.0,48.0,42.0,44.0,42.0
2025-12-25T12:23:11.846316,11521.985,4136,Index,motor_3_open,51.0,35.0625,6,31.0,30.0,29.0,30.0,30.0,29.0,31.0,30.0,30.0,32.0,32.0,51.0,48.0,42.0,44.0,42.0
2025-12-25T12:23:12.742307,11522.878,4137,Middle,motor_11_flexed,51.0,35.1875,6,31.0,30.0,29.0,30.0,30.0,29.0,31.0,30.0,30.0,32.0,32.0,51.0,48.0,42.0,46.0,42.0
2025-12-25T12:23:14.630295,11524.772,4137,Middle,motor_11_open,51.0,35.0625,6,31.0,30.0,29.0,30.0,30.0,29.0,31.0,30.0,30.0,32.0,32.0,51.0,48.0,42.0,44.0,42.0
2025-12-25T12:23:15.526289,11525.664,4138,Middle,motor_10_flexed,51.0,35.0,6,31.0,30.0,29.0,30.0,30.0,29.0,31.0,30.0,30.0,32.0,32.0,51.0,48.0,42.0,44.0,41.0
2025-12-25T12:23:17.414269,11527.553,4138,Middle,motor_10_open,51.0,35.125,6,31.0,30.0,29.0,30.0,30.0,29.0,31.0,30.0,30.0,32.0,32.0,51.0,48.0,42.0,45.0,42.0
2025-12-25T12:23:18.310263,11528.45,4139,Ring,motor_4_flexed,51.0,35.125,6,31.0,30.0,29.0,30.0,30.0,29.0,31.0,30.0,30.0,32.0,32.0,51.0,48.0,42.0,45.0,42.0
2025-12-25T12:23:20.198257,11530.339,4139,Ring,motor_4_open,51.0,35.125,6,31.0,30.0,29.0,30.0,30.0,29.0,31.0,30.0,30.0,32.0,32.0,51.0,48.0,42.0,44.0,43.0
2025-12-25T12:23:21.094251,11531.234,4140,Ring,motor_5_flexed,51.0,35.125,6,31.0,30.0,29.0,30.0,30.0,29.0,31.0,30.0,30.0,32.0,32.0,51.0,48.0,42.0,45.0,42.0
2025-12-25T12:23:22.982230,11533.113,4140,Ring,motor_5_open,51.0,35.0625,6,31.0,30.0,29.0,30.0,30.0,29.0,31.0,30.0,30.0,32.0,32.0,51.0,48.0,42.0,44.0,42.0
2025-12-25T12:23:23.878235,11534.018,4141,Ring,motor_6_flexed,51.0,35.0,6,31.0,30.0,29.0,30.0,30.0,29.0,31.0,30.0,30.0,32.0,32.0,51.0,48.0,42.0,44.0,41.0
2025-12-25T12:23:25.766219,11535.905,4141,Ring,motor_6_open,51.0,35.0625,6,31.0,30.0,29.0,30.0,30.0,29.0,31.0,30.0,30.0,32.0,32.0,51.0,48.0,42.0,44.0,42.0
2025-12-25T12:23:26.662212,11536.8,4142,Pinky,motor_7_flexed,51.0,35.0625,6,31.0,30.0,29.0,30.0,30.0,29.0,31.0,30.0,30.0,32.0,32.0,51.0,48.0,42.0,44.0,42.0
2025-12-25T12:23:28.550197,11538.687,4142,Pinky,motor_7_open,51.0,35.0625,6,31.0,30.0,29.0,30.0,30.0,29.0,31.0,30.0,30.0,32.0,32.0,51.0,48.0,42.0,44.0,42.0
2025-12-25T12:23:29.446190,11539.584,4143,Pinky,motor_8_flexed,51.0,35.125,6,31.0,30.0,29.0,30.0,30.0,29.0,31.0,30.0,30.0,32.0,32.0,51.0,48.0,42.0,45.0,42.0
2025-12-25T12:23:31.334176,11541.473,4143,Pinky,motor_8_open,51.0,35.0625,6,31.0,30.0,29.0,30.0,30.0,29.0,31.0,30.0,30.0,32.0,32.0,51.0,48.0,42.0,44.0,42.0
2025-12-25T12:23:32.230172,11542.369,4144,Pinky,motor_9_flexed,51.0,35.0625,6,31.0,30.0,29.0,30.0,30.0,29.0,31.0,30.0,30.0,32.0,32.0,51.0,48.0,42.0,44.0,42.0
2025-12-25T12:23:34.118154,11544.256,4144,Pinky,motor_9_open,51.0,35.0625,6,31.0,30.0,29.0,30.0,30.0,29.0,31.0,30.0,30.0,32.0,32.0,51.0,48.0,42.0,44.0,42.0
2025-12-25T12:23:35.014138,11545.151,4145,Thumb,motor_13_flexed,51.0,35.0625,6,31.0,30.0,29.0,30.0,30.0,29.0,31.0,30.0,30.0,32.0,32.0,51.0,48.0,42.0,44.0,42.0
2025-12-25T12:23:36.902139,11547.037,4145,Thumb,motor_13_open,51.0,35.0625,6,31.0,30.0,29.0,30.0,30.0,29.0,31.0,30.0,30.0,32.0,32.0,51.0,48.0,42.0,44.0,42.0
2025-12-25T12:23:37.798121,11547.936,4146,Thumb,motor_14_flexed,51.0,35.125,6,31.0,30.0,29.0,30.0,30.0,29.0,31.0,30.0,30.0,32.0,32.0,51.0,48.0,42.0,44.0,43.0
2025-12-25T12:23:39.686097,11549.821,4146,Thumb,motor_14_open,51.0,35.0625,6,31.0,30.0,29.0,30.0,30.0,29.0,31.0,30.0,30.0,32.0,32.0,51.0,48.0,42.0,44.0,42.0
2025-12-25T12:23:40.582099,11550.713,4147,Thumb,motor_12_flexed,51.0,35.0625,6,31.0,30.0,29.0,30.0,30.0,29.0,31.0,30.0,30.0,32.0,32.0,51.0,48.0,42.0,44.0,42.0
2025-12-25T12:23:42.470086,11552.607,4147,Thumb,motor_12_open,51.0,35.0625,6,31.0,30.0,29.0,30.0,30.0,29.0,31.0,30.0,30.0,32.0,32.0,51.0,48.0,42.0,44.0,42.0
2025-12-25T12:23:43.366075,11553.501,4148,Index,motor_2_flexed,51.0,35.0625,6,31.0,30.0,29.0,30.0,30.0,29.0,31.0,30.0,30.0,32.0,32.0,51.0,48.0,42.0,44.0,42.0
2025-12-25T12:23:45.254060,11555.393,4148,Index,motor_2_open,51.0,35.0625,6,31.0,30.0,29.0,30.0,30.0,29.0,31.0,30.0,30.0,32.0,32.0,51.0,48.0,42.0,44.0,42.0
2025-12-25T12:23:46.150060,11556.286,4149,Index,motor_1_flexed,51.0,35.0625,6,31.0,30.0,29.0,30.0,30.0,29.0,31.0,30.0,30.0,32.0,32.0,51.0,48.0,42.0,44.0,42.0
2025-12-25T12:23:48.038038,11558.175,4149,Index,motor_1_open,51.0,35.25,6,31.0,30.0,29.0,30.0,30.0,29.0,31.0,30.0,30.0,32.0,32.0,51.0,48.0,42.0,44.0,45.0
2025-12-25T12:23:48.934029,11559.073,4150,Index,motor_3_flexed,51.0,35.0625,6,31.0,30.0,29.0,30.0,30.0,29.0,31.0,30.0,30.0,32.0,32.0,51.0,48.0,42.0,44.0,42.0
2025-12-25T12:23:50.822020,11560.957,4150,Index,motor_3_open,51.0,35.0625,6,31.0,30.0,29.0,30.0,30.0,29.0,31.0,30.0,30.0,32.0,32.0,51.0,48.0,42.0,44.0,42.0
2025-12-25T12:23:51.718002,11561.857,4151,Middle,motor_11_flexed,51.0,35.0625,6,31.0,30.0,29.0,30.0,30.0,29.0,31.0,30.0,30.0,32.0,32.0,51.0,48.0,42.0,44.0,42.0
2025-12-25T12:23:53.605983,11563.744,4151,Middle,motor_11_open,51.0,35.0625,6,31.0,30.0,29.0,30.0,30.0,29.0,31.0,30.0,30.0,32.0,32.0,51.0,48.0,42.0,44.0,42.0
2025-12-25T12:23:54.501979,11564.64,4152,Middle,motor_10_flexed,51.0,35.0625,6,31.0,30.0,29.0,30.0,30.0,29.0,31.0,30.0,30.0,32.0,32.0,51.0,48.0,42.0,44.0,42.0
2025-12-25T12:23:56.389958,11566.531,4152,Middle,motor_10_open,51.0,35.0625,6,31.0,30.0,29.0,30.0,30.0,29.0,31.0,30.0,30.0,32.0,32.0,51.0,48.0,42.0,44.0,42.0
2025-12-25T12:23:57.285948,11567.425,4153,Ring,motor_4_flexed,51.0,35.0625,6,31.0,30.0,29.0,30.0,30.0,29.0,31.0,30.0,30.0,32.0,32.0,51.0,48.0,42.0,44.0,42.0
2025-12-25T12:23:59.173922,11569.312,4153,Ring,motor_4_open,51.0,35.0625,6,31.0,30.0,29.0,30.0,30.0,29.0,31.0,30.0,30.0,32.0,32.0,51.0,48.0,42.0,44.0,42.0
2025-12-25T12:24:00.069928,11570.207,4154,Ring,motor_5_flexed,51.0,35.0625,6,31.0,30.0,29.0,30.0,30.0,29.0,31.0,30.0,30.0,32.0,32.0,51.0,48.0,42.0,44.0,42.0
2025-12-25T12:24:01.957895,11572.096,4154,Ring,motor_5_open,51.0,35.0625,6,31.0,30.0,29.0,30.0,30.0,29.0,31.0,30.0,30.0,32.0,32.0,51.0,48.0,42.0,44.0,42.0
2025-12-25T12:24:02.853888,11572.995,4155,Ring,motor_6_flexed,51.0,35.0625,6,31.0,30.0,29.0,30.0,30.0,29.0,31.0,30.0,30.0,32.0,32.0,51.0,48.0,42.0,44.0,42.0
2025-12-25T12:24:04.741892,11574.88,4155,Ring,motor_6_open,51.0,35.0625,6,31.0,30.0,29.0,30.0,30.0,29.0,31.0,30.0,30.0,32.0,32.0,51.0,48.0,42.0,44.0,42.0
2025-12-25T12:24:05.637928,11575.773,4156,Pinky,motor_7_flexed,51.0,35.125,6,31.0,30.0,29.0,30.0,30.0,29.0,31.0,30.0,30.0,32.0,32.0,51.0,48.0,42.0,44.0,43.0
2025-12-25T12:24:07.525847,11577.663,4156,Pinky,motor_7_open,51.0,35.0625,6,31.0,30.0,29.0,30.0,30.0,29.0,31.0,30.0,30.0,32.0,32.0,51.0,48.0,42.0,44.0,42.0
2025-12-25T12:24:08.421838,11578.561,4157,Pinky,motor_8_flexed,51.0,35.0625,6,31.0,30.0,29.0,30.0,30.0,29.0,31.0,30.0,30.0,32.0,32.0,51.0,48.0,42.0,44.0,42.0
2025-12-25T12:24:10.005838,11580.148,4157,Pinky,motor_8_flex_hold,51.0,35.0625,6,31.0,30.0,29.0,30.0,30.0,29.0,31.0,30.0,30.0,32.0,32.0,51.0,48.0,42.0,44.0,42.0
2025-12-25T12:24:10.405837,11580.543,4157,Pinky,motor_8_open,51.0,35.125,6,31.0,30.0,29.0,30.0,30.0,29.0,31.0,30.0,30.0,32.0,32.0,51.0,48.0,42.0,44.0,43.0
2025-12-25T12:24:11.301828,11581.439,4158,Pinky,motor_9_flexed,51.0,35.0625,6,31.0,30.0,29.0,30.0,30.0,29.0,31.0,30.0,30.0,32.0,32.0,51.0,48.0,42.0,44.0,42.0
2025-12-25T12:24:13.189804,11583.322,4158,Pinky,motor_9_open,51.0,35.0625,6,31.0,30.0,29.0,30.0,30.0,29.0,31.0,30.0,30.0,32.0,32.0,51.0,48.0,42.0,44.0,42.0
2025-12-25T12:24:14.085796,11584.224,4159,Thumb,motor_13_flexed,51.0,35.0625,6,31.0,30.0,29.0,30.0,30.0,29.0,31.0,30.0,30.0,32.0,32.0,51.0,48.0,42.0,44.0,42.0
2025-12-25T12:24:15.973780,11586.113,4159,Thumb,motor_13_open,51.0,35.125,6,31.0,30.0,29.0,30.0,30.0,29.0,31.0,30.0,30.0,32.0,32.0,51.0,48.0,42.0,44.0,43.0
2025-12-25T12:24:16.869767,11587.008,4160,Thumb,motor_14_flexed,51.0,35.0625,6,31.0,30.0,29.0,30.0,30.0,29.0,31.0,30.0,30.0,32.0,32.0,51.0,48.0,42.0,44.0,42.0
2025-12-25T12:24:18.757749,11588.894,4160,Thumb,motor_14_open,51.0,35.0625,6,31.0,30.0,29.0,30.0,30.0,29.0,31.0,30.0,30.0,32.0,32.0,51.0,48.0,42.0,44.0,42.0
2025-12-25T12:24:19.653740,11589.792,4161,Thumb,motor_12_flexed,51.0,35.0625,6,31.0,30.0,29.0,30.0,30.0,29.0,31.0,30.0,30.0,32.0,32.0,51.0,48.0,42.0,44.0,42.0
2025-12-25T12:24:21.541712,11591.679,4161,Thumb,motor_12_open,51.0,35.0625,6,31.0,30.0,29.0,30.0,30.0,29.0,31.0,30.0,30.0,32.0,32.0,51.0,48.0,42.0,44.0,42.0
2025-12-25T12:24:22.437705,11592.576,4162,Index,motor_2_flexed,51.0,35.0625,6,31.0,30.0,29.0,30.0,30.0,29.0,31.0,30.0,30.0,32.0,32.0,51.0,48.0,42.0,44.0,42.0
2025-12-25T12:24:24.325655,11594.462,4162,Index,motor_2_open,51.0,35.0625,6,31.0,30.0,29.0,30.0,30.0,29.0,31.0,30.0,30.0,32.0,32.0,51.0,48.0,42.0,44.0,42.0
2025-12-25T12:24:25.221645,11595.358,4163,Index,motor_1_flexed,51.0,35.0625,6,31.0,30.0,29.0,30.0,30.0,29.0,31.0,30.0,30.0,32.0,32.0,51.0,48.0,42.0,44.0,42.0
2025-12-25T12:24:27.109630,11597.25,4163,Index,motor_1_open,51.0,35.0625,6,31.0,30.0,29.0,30.0,30.0,29.0,31.0,30.0,30.0,32.0,32.0,51.0,48.0,42.0,44.0,42.0
2025-12-25T12:24:28.005618,11598.141,4164,Index,motor_3_flexed,51.0,35.0625,6,31.0,30.0,29.0,30.0,30.0,29.0,31.0,30.0,30.0,32.0,32.0,51.0,48.0,42.0,44.0,42.0
2025-12-25T12:24:29.893594,11600.031,4164,Index,motor_3_open,51.0,35.0625,6,31.0,30.0,29.0,30.0,30.0,29.0,31.0,30.0,30.0,32.0,32.0,51.0,48.0,42.0,44.0,42.0
2025-12-25T12:24:30.789587,11600.927,4165,Middle,motor_11_flexed,51.0,35.0625,6,31.0,30.0,29.0,30.0,30.0,29.0,31.0,30.0,30.0,32.0,32.0,51.0,48.0,42.0,44.0,42.0
2025-12-25T12:24:32.677567,11602.816,4165,Middle,motor_11_open,51.0,35.0625,6,31.0,30.0,29.0,30.0,30.0,29.0,31.0,30.0,30.0,32.0,32.0,51.0,48.0,42.0,44.0,42.0
2025-12-25T12:24:33.573553,11603.713,4166,Middle,motor_10_flexed,51.0,35.0625,6,31.0,30.0,29.0,30.0,30.0,29.0,31.0,30.0,30.0,32.0,32.0,51.0,48.0,42.0,44.0,42.0
2025-12-25T12:24:35.461520,11605.598,4166,Middle,motor_10_open,51.0,35.0625,6,31.0,30.0,29.0,30.0,30.0,29.0,31.0,30.0,30.0,32.0,32.0,51.0,48.0,42.0,44.0,42.0
2025-12-25T12:24:36.357510,11606.495,4167,Ring,motor_4_flexed,51.0,35.0625,6,31.0,30.0,29.0,30.0,30.0,29.0,31.0,30.0,30.0,32.0,32.0,51.0,48.0,42.0,44.0,42.0
2025-12-25T12:24:38.245485,11608.384,4167,Ring,motor_4_open,51.0,35.125,6,31.0,30.0,29.0,30.0,30.0,29.0,31.0,30.0,30.0,32.0,32.0,51.0,48.0,42.0,45.0,42.0
2025-12-25T12:24:39.141514,11609.28,4168,Ring,motor_5_flexed,51.0,35.0625,6,31.0,30.0,29.0,30.0,30.0,29.0,31.0,30.0,30.0,32.0,32.0,51.0,48.0,42.0,44.0,42.0
2025-12-25T12:24:41.029453,11611.17,4168,Ring,motor_5_open,51.0,35.125,6,31.0,30.0,29.0,30.0,30.0,29.0,31.0,30.0,30.0,32.0,32.0,51.0,48.0,42.0,44.0,43.0
2025-12-25T12:24:41.925441,11612.063,4169,Ring,motor_6_flexed,51.0,35.0625,6,31.0,30.0,29.0,30.0,30.0,29.0,31.0,30.0,30.0,32.0,32.0,51.0,48.0,42.0,44.0,42.0
2025-12-25T12:24:43.813426,11613.951,4169,Ring,motor_6_open,51.0,35.0625,6,31.0,30.0,29.0,30.0,30.0,29.0,31.0,30.0,30.0,32.0,32.0,51.0,48.0,42.0,44.0,42.0
2025-12-25T12:24:44.709405,11614.848,4170,Pinky,motor_7_flexed,51.0,35.0625,6,31.0,30.0,29.0,30.0,30.0,29.0,31.0,30.0,30.0,32.0,32.0,51.0,48.0,42.0,44.0,42.0
2025-12-25T12:24:46.597376,11616.731,4170,Pinky,motor_7_open,51.0,35.0625,6,31.0,30.0,29.0,30.0,30.0,29.0,31.0,30.0,30.0,32.0,32.0,51.0,48.0,42.0,44.0,42.0
2025-12-25T12:24:47.493367,11617.625,4171,Pinky,motor_8_flexed,51.0,35.0625,6,31.0,30.0,29.0,30.0,30.0,29.0,31.0,30.0,30.0,32.0,32.0,51.0,48.0,42.0,44.0,42.0
2025-12-25T12:24:49.381344,11619.518,4171,Pinky,motor_8_open,51.0,35.0625,6,31.0,30.0,29.0,30.0,30.0,29.0,31.0,30.0,30.0,32.0,32.0,51.0,48.0,42.0,44.0,42.0
2025-12-25T12:24:50.277329,11620.414,4172,Pinky,motor_9_flexed,51.0,35.125,6,31.0,30.0,29.0,30.0,30.0,29.0,31.0,30.0,30.0,32.0,32.0,51.0,48.0,42.0,45.0,42.0
2025-12-25T12:24:52.165305,11622.302,4172,Pinky,motor_9_open,51.0,35.125,6,31.0,30.0,29.0,30.0,30.0,29.0,31.0,30.0,30.0,32.0,32.0,51.0,48.0,42.0,44.0,43.0
2025-12-25T12:24:53.061319,11623.199,4173,Thumb,motor_13_flexed,51.0,35.0625,6,31.0,30.0,29.0,30.0,30.0,29.0,31.0,30.0,30.0,32.0,32.0,51.0,48.0,42.0,44.0,42.0
2025-12-25T12:24:54.949272,11625.086,4173,Thumb,motor_13_open,51.0,35.0625,6,31.0,30.0,29.0,30.0,30.0,29.0,31.0,30.0,30.0,32.0,32.0,51.0,48.0,42.0,44.0,42.0
2025-12-25T12:24:55.845259,11625.985,4174,Thumb,motor_14_flexed,51.0,35.1875,6,31.0,30.0,29.0,30.0,30.0,29.0,31.0,30.0,30.0,32.0,32.0,51.0,48.0,42.0,45.0,43.0
2025-12-25T12:24:57.733248,11627.873,4174,Thumb,motor_14_open,51.0,35.0625,6,31.0,30.0,29.0,30.0,30.0,29.0,31.0,30.0,30.0,32.0,32.0,51.0,48.0,42.0,44.0,42.0
2025-12-25T12:24:58.629232,11628.767,4175,Thumb,motor_12_flexed,51.0,35.125,6,31.0,30.0,29.0,30.0,30.0,29.0,31.0,30.0,30.0,32.0,32.0,51.0,48.0,42.0,44.0,43.0
2025-12-25T12:25:00.517204,11630.654,4175,Thumb,motor_12_open,51.0,35.0625,6,31.0,30.0,29.0,30.0,30.0,29.0,31.0,30.0,30.0,32.0,32.0,51.0,48.0,42.0,44.0,42.0
2025-12-25T12:25:01.413192,11631.55,4176,Index,motor_2_flexed,51.0,35.0625,6,31.0,30.0,29.0,30.0,30.0,29.0,31.0,30.0,30.0,32.0,32.0,51.0,48.0,42.0,44.0,42.0
2025-12-25T12:25:03.301158,11633.44,4176,Index,motor_2_open,51.0,35.0625,6,31.0,30.0,29.0,30.0,30.0,29.0,31.0,30.0,30.0,32.0,32.0,51.0,48.0,42.0,44.0,42.0
2025-12-25T12:25:04.197153,11634.335,4177,Index,motor_1_flexed,51.0,35.0625,6,31.0,30.0,29.0,30.0,30.0,29.0,31.0,30.0,30.0,32.0,32.0,51.0,48.0,42.0,44.0,42.0
2025-12-25T12:25:06.085126,11636.222,4177,Index,motor_1_open,51.0,35.0625,6,31.0,30.0,29.0,30.0,30.0,29.0,31.0,30.0,30.0,32.0,32.0,51.0,48.0,42.0,44.0,42.0
2025-12-25T12:25:06.981130,11637.119,4178,Index,motor_3_flexed,51.0,35.0625,6,31.0,30.0,29.0,30.0,30.0,29.0,31.0,30.0,30.0,32.0,32.0,51.0,48.0,42.0,44.0,42.0
2025-12-25T12:25:08.869070,11639.008,4178,Index,motor_3_open,51.0,35.0625,6,31.0,30.0,29.0,30.0,30.0,29.0,31.0,30.0,30.0,32.0,32.0,51.0,48.0,42.0,44.0,42.0
2025-12-25T12:25:09.765075,11639.903,4179,Middle,motor_11_flexed,51.0,35.0625,6,31.0,30.0,29.0,30.0,30.0,29.0,31.0,30.0,30.0,32.0,32.0,51.0,48.0,42.0,44.0,42.0
2025-12-25T12:25:10.853059,11640.991,4179,Middle,motor_11_flex_hold,51.0,35.0625,6,31.0,30.0,29.0,30.0,30.0,29.0,31.0,30.0,30.0,32.0,32.0,51.0,48.0,42.0,44.0,42.0
2025-12-25T12:25:11.653046,11641.788,4179,Middle,motor_11_open,51.0,35.125,6,31.0,30.0,29.0,30.0,30.0,29.0,31.0,30.0,30.0,32.0,32.0,51.0,48.0,42.0,45.0,42.0
2025-12-25T12:25:12.549032,11642.686,4180,Middle,motor_10_flexed,51.0,35.0625,6,31.0,30.0,29.0,30.0,30.0,29.0,31.0,30.0,30.0,32.0,32.0,51.0,48.0,42.0,44.0,42.0
2025-12-25T12:25:14.437005,11644.576,4180,Middle,motor_10_open,51.0,35.0625,6,31.0,30.0,29.0,30.0,30.0,29.0,31.0,30.0,30.0,32.0,32.0,51.0,48.0,42.0,44.0,42.0
2025-12-25T12:25:15.332990,11645.47,4181,Ring,motor_4_flexed,51.0,35.125,6,31.0,30.0,29.0,30.0,30.0,29.0,31.0,30.0,30.0,32.0,32.0,51.0,48.0,42.0,45.0,42.0
2025-12-25T12:25:17.220964,11647.359,4181,Ring,motor_4_open,51.0,35.0625,6,31.0,30.0,29.0,30.0,30.0,29.0,31.0,30.0,30.0,32.0,32.0,51.0,48.0,42.0,44.0,42.0
2025-12-25T12:25:18.116949,11648.248,4182,Ring,motor_5_flexed,51.0,35.125,6,31.0,30.0,29.0,30.0,30.0,29.0,31.0,30.0,30.0,32.0,32.0,51.0,48.0,42.0,45.0,42.0
2025-12-25T12:25:20.004921,11650.145,4182,Ring,motor_5_open,51.0,35.0625,6,31.0,30.0,29.0,30.0,30.0,29.0,31.0,30.0,30.0,32.0,32.0,51.0,48.0,42.0,44.0,42.0
2025-12-25T12:25:20.900898,11651.038,4183,Ring,motor_6_flexed,51.0,35.0625,6,31.0,30.0,29.0,30.0,30.0,29.0,31.0,30.0,30.0,32.0,32.0,51.0,48.0,42.0,44.0,42.0
2025-12-25T12:25:22.788869,11652.925,4183,Ring,motor_6_open,51.0,35.0,6,31.0,30.0,29.0,30.0,30.0,29.0,31.0,30.0,30.0,32.0,32.0,51.0,48.0,42.0,44.0,41.0
2025-12-25T12:25:23.684863,11653.816,4184,Pinky,motor_7_flexed,51.0,35.0625,6,31.0,30.0,29.0,30.0,30.0,29.0,31.0,30.0,30.0,32.0,32.0,51.0,48.0,42.0,44.0,42.0
2025-12-25T12:25:25.572825,11655.704,4184,Pinky,motor_7_open,51.0,35.0625,6,31.0,30.0,29.0,30.0,30.0,29.0,31.0,30.0,30.0,32.0,32.0,51.0,48.0,42.0,44.0,42.0
2025-12-25T12:25:26.468804,11656.6,4185,Pinky,motor_8_flexed,51.0,35.0625,6,31.0,30.0,29.0,30.0,30.0,29.0,31.0,30.0,30.0,32.0,32.0,51.0,48.0,42.0,44.0,42.0
2025-12-25T12:25:28.356782,11658.493,4185,Pinky,motor_8_open,51.0,35.0625,6,31.0,30.0,29.0,30.0,30.0,29.0,31.0,30.0,30.0,32.0,32.0,51.0,48.0,42.0,44.0,42.0
2025-12-25T12:25:29.252767,11659.388,4186,Pinky,motor_9_flexed,51.0,35.0625,6,31.0,30.0,29.0,30.0,30.0,29.0,31.0,30.0,30.0,32.0,32.0,51.0,48.0,42.0,44.0,42.0
2025-12-25T12:25:31.140740,11661.277,4186,Pinky,motor_9_open,51.0,35.0625,6,31.0,30.0,29.0,30.0,30.0,29.0,31.0,30.0,30.0,32.0,32.0,51.0,48.0,42.0,44.0,42.0
2025-12-25T12:25:32.036728,11662.173,4187,Thumb,motor_13_flexed,51.0,35.125,6,31.0,30.0,29.0,30.0,30.0,29.0,31.0,30.0,30.0,32.0,32.0,51.0,48.0,42.0,45.0,42.0
2025-12-25T12:25:33.924696,11664.063,4187,Thumb,motor_13_open,51.0,35.0625,6,31.0,30.0,29.0,30.0,30.0,29.0,31.0,30.0,30.0,32.0,32.0,51.0,48.0,42.0,44.0,42.0
2025-12-25T12:25:34.820684,11664.957,4188,Thumb,motor_14_flexed,51.0,35.0625,6,31.0,30.0,29.0,30.0,30.0,29.0,31.0,30.0,30.0,32.0,32.0,51.0,48.0,42.0,44.0,42.0
2025-12-25T12:25:36.708659,11666.845,4188,Thumb,motor_14_open,51.0,35.0,6,31.0,30.0,29.0,30.0,30.0,29.0,31.0,30.0,30.0,32.0,32.0,51.0,48.0,42.0,43.0,42.0
2025-12-25T12:25:37.604650,11667.74,4189,Thumb,motor_12_flexed,51.0,35.125,6,31.0,30.0,29.0,30.0,30.0,29.0,31.0,30.0,30.0,32.0,32.0,51.0,48.0,42.0,45.0,42.0
2025-12-25T12:25:39.492620,11669.632,4189,Thumb,motor_12_open,51.0,35.0625,6,31.0,30.0,29.0,30.0,30.0,29.0,31.0,30.0,30.0,32.0,32.0,51.0,48.0,42.0,44.0,42.0
2025-12-25T12:25:40.388604,11670.523,4190,Index,motor_2_flexed,51.0,35.125,6,31.0,30.0,29.0,30.0,30.0,29.0,31.0,30.0,30.0,32.0,32.0,51.0,48.0,42.0,45.0,42.0
2025-12-25T12:25:42.276574,11672.415,4190,Index,motor_2_open,51.0,35.125,6,31.0,30.0,29.0,30.0,30.0,29.0,31.0,30.0,30.0,32.0,32.0,51.0,48.0,42.0,45.0,42.0
2025-12-25T12:25:43.172559,11673.311,4191,Index,motor_1_flexed,51.0,35.125,6,31.0,30.0,29.0,30.0,30.0,29.0,31.0,30.0,30.0,32.0,32.0,51.0,48.0,42.0,45.0,42.0
2025-12-25T12:25:45.060510,11675.198,4191,Index,motor_1_open,51.0,35.0625,6,31.0,30.0,29.0,30.0,30.0,29.0,31.0,30.0,30.0,32.0,32.0,51.0,48.0,42.0,44.0,42.0
2025-12-25T12:25:45.956518,11676.094,4192,Index,motor_3_flexed,51.0,35.0625,6,31.0,30.0,29.0,30.0,30.0,29.0,31.0,30.0,30.0,32.0,32.0,51.0,48.0,42.0,44.0,42.0
2025-12-25T12:25:47.844484,11677.981,4192,Index,motor_3_open,51.0,35.0625,6,31.0,30.0,29.0,30.0,30.0,29.0,31.0,30.0,30.0,32.0,32.0,51.0,48.0,42.0,44.0,42.0
2025-12-25T12:25:48.740467,11678.877,4193,Middle,motor_11_flexed,51.0,35.0625,6,31.0,30.0,29.0,30.0,30.0,29.0,31.0,30.0,30.0,32.0,32.0,51.0,48.0,42.0,44.0,42.0
2025-12-25T12:25:50.628432,11680.768,4193,Middle,motor_11_open,51.0,35.0625,6,31.0,30.0,29.0,30.0,30.0,29.0,31.0,30.0,30.0,32.0,32.0,51.0,48.0,42.0,44.0,42.0
2025-12-25T12:25:51.524419,11681.663,4194,Middle,motor_10_flexed,51.0,35.0625,6,31.0,30.0,29.0,30.0,30.0,29.0,31.0,30.0,30.0,32.0,32.0,51.0,48.0,42.0,44.0,42.0
2025-12-25T12:25:53.412387,11683.551,4194,Middle,motor_10_open,51.0,35.0625,6,31.0,30.0,29.0,30.0,30.0,29.0,31.0,30.0,30.0,32.0,32.0,51.0,48.0,42.0,44.0,42.0
2025-12-25T12:25:54.308371,11684.446,4195,Ring,motor_4_flexed,51.0,35.125,6,31.0,30.0,29.0,30.0,30.0,29.0,31.0,30.0,30.0,32.0,32.0,51.0,48.0,42.0,45.0,42.0
2025-12-25T12:25:56.196338,11686.336,4195,Ring,motor_4_open,51.0,35.0625,6,31.0,30.0,29.0,30.0,30.0,29.0,31.0,30.0,30.0,32.0,32.0,51.0,48.0,42.0,44.0,42.0
2025-12-25T12:25:57.092325,11687.23,4196,Ring,motor_5_flexed,51.0,35.0625,6,31.0,30.0,29.0,30.0,30.0,29.0,31.0,30.0,30.0,32.0,32.0,51.0,48.0,42.0,44.0,42.0
2025-12-25T12:25:58.980292,11689.12,4196,Ring,motor_5_open,51.0,35.0625,6,31.0,30.0,29.0,30.0,30.0,29.0,31.0,30.0,30.0,32.0,32.0,51.0,48.0,42.0,44.0,42.0
2025-12-25T12:25:59.876287,11690.011,4197,Ring,motor_6_flexed,51.0,35.0625,6,31.0,30.0,29.0,30.0,30.0,29.0,31.0,30.0,30.0,32.0,32.0,51.0,48.0,42.0,44.0,42.0
2025-12-25T12:26:01.764243,11691.902,4197,Ring,motor_6_open,51.0,35.0625,6,31.0,30.0,29.0,30.0,30.0,29.0,31.0,30.0,30.0,32.0,32.0,51.0,48.0,42.0,44.0,42.0
2025-12-25T12:26:02.660229,11692.798,4198,Pinky,motor_7_flexed,51.0,35.0625,6,31.0,30.0,29.0,30.0,30.0,29.0,31.0,30.0,30.0,32.0,32.0,51.0,48.0,42.0,44.0,42.0
2025-12-25T12:26:04.548209,11694.687,4198,Pinky,motor_7_open,51.0,35.0625,6,31.0,30.0,29.0,30.0,30.0,29.0,31.0,30.0,30.0,32.0,32.0,51.0,48.0,42.0,44.0,42.0
2025-12-25T12:26:05.444180,11695.581,4199,Pinky,motor_8_flexed,51.0,35.0625,6,31.0,30.0,29.0,30.0,30.0,29.0,31.0,30.0,30.0,32.0,32.0,51.0,48.0,42.0,44.0,42.0
2025-12-25T12:26:07.332149,11697.468,4199,Pinky,motor_8_open,51.0,35.0625,6,31.0,30.0,29.0,30.0,30.0,29.0,31.0,30.0,30.0,32.0,32.0,51.0,48.0,42.0,44.0,42.0
2025-12-25T12:26:08.228131,11698.368,4200,Pinky,motor_9_flexed,51.0,35.0625,6,31.0,30.0,29.0,30.0,30.0,29.0,31.0,30.0,30.0,32.0,32.0,51.0,48.0,42.0,44.0,42.0
2025-12-25T12:26:10.116097,11700.255,4200,Pinky,motor_9_open,51.0,35.125,6,31.0,30.0,29.0,30.0,30.0,29.0,31.0,30.0,30.0,32.0,32.0,51.0,48.0,42.0,45.0,42.0
2025-12-25T12:26:11.012077,11701.151,4201,Thumb,motor_13_flexed,51.0,35.125,6,31.0,30.0,29.0,30.0,30.0,29.0,31.0,30.0,30.0,32.0,32.0,51.0,48.0,42.0,44.0,43.0
2025-12-25T12:26:12.900047,11703.039,4201,Thumb,motor_13_open,51.0,35.0625,6,31.0,30.0,29.0,30.0,30.0,29.0,31.0,30.0,30.0,32.0,32.0,51.0,48.0,42.0,45.0,41.0
2025-12-25T12:26:13.796044,11703.935,4202,Thumb,motor_14_flexed,51.0,35.0625,6,31.0,30.0,29.0,30.0,30.0,29.0,31.0,30.0,30.0,32.0,32.0,51.0,48.0,42.0,44.0,42.0
2025-12-25T12:26:15.683993,11705.823,4202,Thumb,motor_14_open,51.0,35.0625,6,31.0,30.0,29.0,30.0,30.0,29.0,31.0,30.0,30.0,32.0,32.0,51.0,48.0,42.0,44.0,42.0
2025-12-25T12:26:16.579971,11706.717,4203,Thumb,motor_12_flexed,51.0,35.125,6,31.0,30.0,29.0,30.0,30.0,29.0,31.0,30.0,30.0,32.0,32.0,51.0,48.0,42.0,45.0,42.0
2025-12-25T12:26:18.467950,11708.604,4203,Thumb,motor_12_open,51.0,35.0625,6,31.0,30.0,29.0,30.0,30.0,29.0,31.0,30.0,30.0,32.0,32.0,51.0,48.0,42.0,44.0,42.0
2025-12-25T12:26:19.363913,11709.502,4204,Index,motor_2_flexed,51.0,35.125,6,31.0,30.0,29.0,30.0,30.0,29.0,31.0,30.0,30.0,32.0,32.0,51.0,48.0,42.0,45.0,42.0
2025-12-25T12:26:21.251885,11711.388,4204,Index,motor_2_open,51.0,35.0625,6,31.0,30.0,29.0,30.0,30.0,29.0,31.0,30.0,30.0,32.0,32.0,51.0,48.0,42.0,44.0,42.0
2025-12-25T12:26:22.147866,11712.285,4205,Index,motor_1_flexed,51.0,35.0625,6,31.0,30.0,29.0,30.0,30.0,29.0,31.0,30.0,30.0,32.0,32.0,51.0,48.0,42.0,44.0,42.0
2025-12-25T12:26:24.035831,11714.174,4205,Index,motor_1_open,51.0,35.0625,6,31.0,30.0,29.0,30.0,30.0,29.0,31.0,30.0,30.0,32.0,32.0,51.0,48.0,42.0,44.0,42.0
2025-12-25T12:26:24.931826,11715.068,4206,Index,motor_3_flexed,51.0,35.0625,6,31.0,30.0,29.0,30.0,30.0,29.0,31.0,30.0,30.0,32.0,32.0,51.0,48.0,42.0,44.0,42.0
2025-12-25T12:26:26.819789,11716.957,4206,Index,motor_3_open,51.0,35.125,6,31.0,30.0,29.0,30.0,30.0,29.0,31.0,30.0,30.0,32.0,32.0,51.0,48.0,42.0,45.0,42.0
2025-12-25T12:26:27.715772,11717.854,4207,Middle,motor_11_flexed,51.0,35.0625,6,31.0,30.0,29.0,30.0,30.0,29.0,31.0,30.0,30.0,32.0,32.0,51.0,48.0,42.0,44.0,42.0
2025-12-25T12:26:29.603735,11719.742,4207,Middle,motor_11_open,51.0,35.0625,6,31.0,30.0,29.0,30.0,30.0,29.0,31.0,30.0,30.0,32.0,32.0,51.0,48.0,42.0,44.0,42.0
2025-12-25T12:26:30.499721,11720.637,4208,Middle,motor_10_flexed,51.0,35.0625,6,31.0,30.0,29.0,30.0,30.0,29.0,31.0,30.0,30.0,32.0,32.0,51.0,48.0,42.0,44.0,42.0
2025-12-25T12:26:32.387686,11722.526,4208,Middle,motor_10_open,51.0,35.0625,6,31.0,30.0,29.0,30.0,30.0,29.0,31.0,30.0,30.0,32.0,32.0,51.0,48.0,42.0,44.0,42.0
2025-12-25T12:26:33.283666,11723.423,4209,Ring,motor_4_flexed,51.0,35.125,6,31.0,30.0,29.0,30.0,30.0,29.0,31.0,30.0,30.0,32.0,32.0,51.0,48.0,42.0,45.0,42.0
2025-12-25T12:26:35.171622,11725.306,4209,Ring,motor_4_open,51.0,35.125,6,31.0,30.0,29.0,30.0,30.0,29.0,31.0,30.0,30.0,32.0,32.0,51.0,48.0,42.0,44.0,43.0
2025-12-25T12:26:36.067605,11726.204,4210,Ring,motor_5_flexed,51.0,35.125,6,31.0,30.0,29.0,30.0,30.0,29.0,31.0,30.0,30.0,32.0,32.0,51.0,48.0,42.0,45.0,42.0
2025-12-25T12:26:37.955565,11728.088,4210,Ring,motor_5_open,51.0,35.1875,6,31.0,30.0,29.0,30.0,30.0,29.0,31.0,30.0,30.0,32.0,32.0,51.0,48.0,42.0,45.0,43.0
2025-12-25T12:26:38.851551,11728.992,4211,Ring,motor_6_flexed,51.0,35.125,6,31.0,30.0,29.0,30.0,30.0,29.0,31.0,30.0,30.0,32.0,32.0,51.0,48.0,42.0,44.0,43.0
2025-12-25T12:26:40.739515,11730.874,4211,Ring,motor_6_open,51.0,35.0625,6,31.0,30.0,29.0,30.0,30.0,29.0,31.0,30.0,30.0,32.0,32.0,51.0,48.0,42.0,44.0,42.0
2025-12-25T12:26:41.635498,11731.771,4212,Pinky,motor_7_flexed,51.0,35.125,6,31.0,30.0,29.0,30.0,30.0,29.0,31.0,30.0,30.0,32.0,32.0,51.0,48.0,42.0,45.0,42.0
2025-12-25T12:26:43.523461,11733.66,4212,Pinky,motor_7_open,51.0,35.125,6,31.0,30.0,29.0,30.0,30.0,29.0,31.0,30.0,30.0,32.0,32.0,51.0,48.0,42.0,45.0,42.0
2025-12-25T12:26:44.419459,11734.558,4213,Pinky,motor_8_flexed,51.0,35.0625,6,31.0,30.0,29.0,30.0,30.0,29.0,31.0,30.0,30.0,32.0,32.0,51.0,48.0,42.0,44.0,42.0
2025-12-25T12:26:46.307431,11736.444,4213,Pinky,motor_8_open,51.0,35.0625,6,31.0,30.0,29.0,30.0,30.0,29.0,31.0,30.0,30.0,32.0,32.0,51.0,48.0,42.0,44.0,42.0
2025-12-25T12:26:47.203413,11737.342,4214,Pinky,motor_9_flexed,51.0,35.0625,6,31.0,30.0,29.0,30.0,30.0,29.0,31.0,30.0,30.0,32.0,32.0,51.0,48.0,42.0,44.0,42.0
2025-12-25T12:26:49.091378,11739.23,4214,Pinky,motor_9_open,51.0,35.125,6,31.0,30.0,29.0,30.0,30.0,29.0,31.0,30.0,30.0,32.0,32.0,51.0,48.0,42.0,45.0,42.0
2025-12-25T12:26:49.987360,11740.123,4215,Thumb,motor_13_flexed,51.0,35.125,6,31.0,30.0,29.0,30.0,30.0,29.0,31.0,30.0,30.0,32.0,32.0,51.0,48.0,42.0,44.0,43.0
2025-12-25T12:26:51.875320,11742.013,4215,Thumb,motor_13_open,51.0,35.0625,6,31.0,30.0,29.0,30.0,30.0,29.0,31.0,30.0,30.0,32.0,32.0,51.0,48.0,42.0,44.0,42.0
2025-12-25T12:26:52.771306,11742.908,4216,Thumb,motor_14_flexed,51.0,35.0625,6,31.0,30.0,29.0,30.0,30.0,29.0,31.0,30.0,30.0,32.0,32.0,51.0,48.0,42.0,44.0,42.0
2025-12-25T12:26:54.659249,11744.797,4216,Thumb,motor_14_open,51.0,35.125,6,31.0,30.0,29.0,30.0,30.0,29.0,31.0,30.0,30.0,32.0,32.0,51.0,48.0,42.0,45.0,42.0
2025-12-25T12:26:55.555229,11745.694,4217,Thumb,motor_12_flexed,51.0,35.0625,6,31.0,30.0,29.0,30.0,30.0,29.0,31.0,30.0,30.0,32.0,32.0,51.0,48.0,42.0,44.0,42.0
2025-12-25T12:26:57.443198,11747.584,4217,Thumb,motor_12_open,51.0,35.125,6,31.0,30.0,29.0,30.0,30.0,29.0,31.0,30.0,30.0,32.0,32.0,51.0,48.0,42.0,44.0,43.0
2025-12-25T12:26:58.339173,11748.477,4218,Index,motor_2_flexed,51.0,35.0625,6,31.0,30.0,29.0,30.0,30.0,29.0,31.0,30.0,30.0,32.0,32.0,51.0,48.0,42.0,44.0,42.0
2025-12-25T12:27:00.227155,11750.363,4218,Index,motor_2_open,51.0,35.125,6,31.0,30.0,29.0,30.0,30.0,29.0,31.0,30.0,30.0,32.0,32.0,51.0,48.0,42.0,45.0,42.0
2025-12-25T12:27:01.123137,11751.261,4219,Index,motor_1_flexed,51.0,35.0625,6,31.0,30.0,29.0,30.0,30.0,29.0,31.0,30.0,30.0,32.0,32.0,51.0,48.0,42.0,44.0,42.0
2025-12-25T12:27:03.011099,11753.15,4219,Index,motor_1_open,51.0,35.0625,6,31.0,30.0,29.0,30.0,30.0,29.0,31.0,30.0,30.0,32.0,32.0,51.0,48.0,42.0,44.0,42.0
2025-12-25T12:27:03.907070,11754.043,4220,Index,motor_3_flexed,51.0,35.0,6,31.0,30.0,29.0,30.0,30.0,29.0,31.0,30.0,30.0,32.0,32.0,51.0,48.0,42.0,44.0,41.0
2025-12-25T12:27:05.795029,11755.927,4220,Index,motor_3_open,51.0,35.1875,6,31.0,30.0,29.0,30.0,30.0,29.0,31.0,30.0,30.0,32.0,32.0,51.0,48.0,42.0,45.0,43.0
2025-12-25T12:27:06.691016,11756.827,4221,Middle,motor_11_flexed,51.0,35.125,6,31.0,30.0,29.0,30.0,30.0,29.0,31.0,30.0,30.0,32.0,32.0,51.0,48.0,42.0,44.0,43.0
2025-12-25T12:27:08.594983,11758.733,4221,Middle,motor_11_open,51.0,35.0625,6,31.0,30.0,29.0,30.0,30.0,29.0,31.0,30.0,30.0,32.0,32.0,51.0,48.0,42.0,44.0,42.0
2025-12-25T12:27:09.490935,11759.629,4222,Middle,motor_10_flexed,51.0,35.0625,6,31.0,30.0,29.0,30.0,30.0,29.0,31.0,30.0,30.0,32.0,32.0,51.0,48.0,42.0,44.0,42.0
2025-12-25T12:27:10.578911,11760.717,4222,Middle,motor_10_flex_hold,51.0,35.0625,6,31.0,30.0,29.0,30.0,30.0,29.0,31.0,30.0,30.0,32.0,32.0,51.0,48.0,42.0,44.0,42.0
2025-12-25T12:27:11.378916,11761.516,4222,Middle,motor_10_open,51.0,35.125,6,31.0,30.0,29.0,30.0,30.0,29.0,31.0,30.0,30.0,32.0,32.0,51.0,48.0,42.0,44.0,43.0
2025-12-25T12:27:12.274875,11762.413,4223,Ring,motor_4_flexed,51.0,35.0625,6,31.0,30.0,29.0,30.0,30.0,29.0,31.0,30.0,30.0,32.0,32.0,51.0,48.0,42.0,44.0,42.0
2025-12-25T12:27:14.162836,11764.299,4223,Ring,motor_4_open,51.0,35.0625,6,31.0,30.0,29.0,30.0,30.0,29.0,31.0,30.0,30.0,32.0,32.0,51.0,48.0,42.0,44.0,42.0
2025-12-25T12:27:15.058818,11765.198,4224,Ring,motor_5_flexed,51.0,35.0625,6,31.0,30.0,29.0,30.0,30.0,29.0,31.0,30.0,30.0,32.0,32.0,51.0,48.0,42.0,44.0,42.0
2025-12-25T12:27:16.946777,11767.084,4224,Ring,motor_5_open,51.0,35.0625,6,31.0,30.0,29.0,30.0,30.0,29.0,31.0,30.0,30.0,32.0,32.0,51.0,48.0,42.0,44.0,42.0
2025-12-25T12:27:17.842769,11767.979,4225,Ring,motor_6_flexed,51.0,35.25,6,31.0,30.0,29.0,30.0,30.0,29.0,31.0,30.0,30.0,32.0,32.0,51.0,48.0,42.0,45.0,44.0
2025-12-25T12:27:19.730729,11769.87,4225,Ring,motor_6_open,51.0,35.0625,6,31.0,30.0,29.0,30.0,30.0,29.0,31.0,30.0,30.0,32.0,32.0,51.0,48.0,42.0,44.0,42.0
2025-12-25T12:27:20.626721,11770.766,4226,Pinky,motor_7_flexed,51.0,35.125,6,31.0,30.0,29.0,30.0,30.0,29.0,31.0,30.0,30.0,32.0,32.0,51.0,48.0,42.0,44.0,43.0
2025-12-25T12:27:22.514666,11772.652,4226,Pinky,motor_7_open,51.0,35.0625,6,31.0,30.0,29.0,30.0,30.0,29.0,31.0,30.0,30.0,32.0,32.0,51.0,48.0,42.0,44.0,42.0
2025-12-25T12:27:23.410648,11773.548,4227,Pinky,motor_8_flexed,51.0,35.0625,6,31.0,30.0,29.0,30.0,30.0,29.0,31.0,30.0,30.0,32.0,32.0,51.0,48.0,42.0,44.0,42.0
2025-12-25T12:27:25.298623,11775.435,4227,Pinky,motor_8_open,51.0,35.125,6,31.0,30.0,29.0,30.0,30.0,29.0,31.0,30.0,30.0,32.0,32.0,51.0,48.0,42.0,44.0,43.0
2025-12-25T12:27:26.194576,11776.332,4228,Pinky,motor_9_flexed,51.0,35.0625,6,31.0,30.0,29.0,30.0,30.0,29.0,31.0,30.0,30.0,32.0,32.0,51.0,48.0,42.0,44.0,42.0
2025-12-25T12:27:28.082547,11778.219,4228,Pinky,motor_9_open,51.0,35.125,6,31.0,30.0,29.0,30.0,30.0,29.0,31.0,30.0,30.0,32.0,32.0,51.0,48.0,42.0,44.0,43.0
2025-12-25T12:27:28.978528,11779.118,4229,Thumb,motor_13_flexed,51.0,35.0625,6,31.0,30.0,29.0,30.0,30.0,29.0,31.0,30.0,30.0,32.0,32.0,51.0,48.0,42.0,44.0,42.0
2025-12-25T12:27:30.866486,11781.004,4229,Thumb,motor_13_open,51.0,35.0625,6,31.0,30.0,29.0,30.0,30.0,29.0,31.0,30.0,30.0,32.0,32.0,51.0,48.0,42.0,44.0,42.0
2025-12-25T12:27:31.762458,11781.9,4230,Thumb,motor_14_flexed,51.0,35.0625,6,31.0,30.0,29.0,30.0,30.0,29.0,31.0,30.0,30.0,32.0,32.0,51.0,48.0,42.0,44.0,42.0
2025-12-25T12:27:33.650414,11783.788,4230,Thumb,motor_14_open,51.0,35.125,6,31.0,30.0,29.0,30.0,30.0,29.0,31.0,30.0,30.0,32.0,32.0,51.0,48.0,42.0,44.0,43.0
2025-12-25T12:27:34.546412,11784.685,4231,Thumb,motor_12_flexed,51.0,35.0625,6,31.0,30.0,29.0,30.0,30.0,29.0,31.0,30.0,30.0,32.0,32.0,51.0,48.0,42.0,44.0,42.0
2025-12-25T12:27:36.434351,11786.57,4231,Thumb,motor_12_open,51.0,35.125,6,31.0,30.0,29.0,30.0,30.0,29.0,31.0,30.0,30.0,32.0,32.0,51.0,48.0,42.0,44.0,43.0
2025-12-25T12:27:37.330347,11787.468,4232,Index,motor_2_flexed,51.0,35.125,6,31.0,30.0,29.0,30.0,30.0,29.0,31.0,30.0,30.0,32.0,32.0,51.0,48.0,42.0,44.0,43.0
2025-12-25T12:27:39.218300,11789.356,4232,Index,motor_2_open,51.0,35.0625,6,31.0,30.0,29.0,30.0,30.0,29.0,31.0,30.0,30.0,32.0,32.0,51.0,48.0,42.0,44.0,42.0
2025-12-25T12:27:40.114278,11790.251,4233,Index,motor_1_flexed,51.0,35.125,6,31.0,30.0,29.0,30.0,30.0,29.0,31.0,30.0,30.0,32.0,32.0,51.0,48.0,42.0,45.0,42.0
2025-12-25T12:27:42.002235,11792.133,4233,Index,motor_1_open,51.0,35.0625,6,31.0,30.0,29.0,30.0,30.0,29.0,31.0,30.0,30.0,32.0,32.0,51.0,48.0,42.0,44.0,42.0
2025-12-25T12:27:42.898216,11793.035,4234,Index,motor_3_flexed,51.0,35.125,6,31.0,30.0,29.0,30.0,30.0,29.0,31.0,30.0,30.0,32.0,32.0,51.0,48.0,42.0,45.0,42.0
2025-12-25T12:27:44.786177,11794.925,4234,Index,motor_3_open,51.0,35.0625,6,31.0,30.0,29.0,30.0,30.0,29.0,31.0,30.0,30.0,32.0,32.0,51.0,48.0,42.0,44.0,42.0
2025-12-25T12:27:45.682154,11795.818,4235,Middle,motor_11_flexed,51.0,35.0625,6,31.0,30.0,29.0,30.0,30.0,29.0,31.0,30.0,30.0,32.0,32.0,51.0,48.0,42.0,44.0,42.0
2025-12-25T12:27:47.570113,11797.708,4235,Middle,motor_11_open,51.0,35.0625,6,31.0,30.0,29.0,30.0,30.0,29.0,31.0,30.0,30.0,32.0,32.0,51.0,48.0,42.0,44.0,42.0
2025-12-25T12:27:48.466092,11798.603,4236,Middle,motor_10_flexed,51.0,35.0625,6,31.0,30.0,29.0,30.0,30.0,29.0,31.0,30.0,30.0,32.0,32.0,51.0,48.0,42.0,44.0,42.0
2025-12-25T12:27:50.354041,11800.494,4236,Middle,motor_10_open,51.0,35.0625,6,31.0,30.0,29.0,30.0,30.0,29.0,31.0,30.0,30.0,32.0,32.0,51.0,48.0,42.0,44.0,42.0
2025-12-25T12:27:51.250021,11801.388,4237,Ring,motor_4_flexed,51.0,35.0625,6,31.0,30.0,29.0,30.0,30.0,29.0,31.0,30.0,30.0,32.0,32.0,51.0,48.0,42.0,44.0,42.0
2025-12-25T12:27:53.137976,11803.275,4237,Ring,motor_4_open,51.0,35.0625,6,31.0,30.0,29.0,30.0,30.0,29.0,31.0,30.0,30.0,32.0,32.0,51.0,48.0,42.0,44.0,42.0
2025-12-25T12:27:54.033955,11804.172,4238,Ring,motor_5_flexed,51.0,35.0625,6,31.0,30.0,29.0,30.0,30.0,29.0,31.0,30.0,30.0,32.0,32.0,51.0,48.0,42.0,44.0,42.0
2025-12-25T12:27:55.921921,11806.059,4238,Ring,motor_5_open,51.0,35.125,6,31.0,30.0,29.0,30.0,30.0,29.0,31.0,30.0,30.0,32.0,32.0,51.0,48.0,42.0,44.0,43.0
2025-12-25T12:27:56.817903,11806.955,4239,Ring,motor_6_flexed,51.0,35.1875,6,31.0,30.0,29.0,30.0,30.0,29.0,31.0,30.0,30.0,32.0,32.0,51.0,48.0,42.0,45.0,43.0
2025-12-25T12:27:58.705858,11808.842,4239,Ring,motor_6_open,51.0,35.0625,6,31.0,30.0,29.0,30.0,30.0,29.0,31.0,30.0,30.0,32.0,32.0,51.0,48.0,42.0,44.0,42.0
2025-12-25T12:27:59.601838,11809.74,4240,Pinky,motor_7_flexed,51.0,35.0625,6,31.0,30.0,29.0,30.0,30.0,29.0,31.0,30.0,30.0,32.0,32.0,51.0,48.0,42.0,44.0,42.0
2025-12-25T12:28:01.489794,11811.629,4240,Pinky,motor_7_open,51.0,35.0625,6,31.0,30.0,29.0,30.0,30.0,29.0,31.0,30.0,30.0,32.0,32.0,51.0,48.0,42.0,44.0,42.0
2025-12-25T12:28:02.385774,11812.523,4241,Pinky,motor_8_flexed,51.0,35.0625,6,31.0,30.0,29.0,30.0,30.0,29.0,31.0,30.0,30.0,32.0,32.0,51.0,48.0,42.0,44.0,42.0
2025-12-25T12:28:04.273732,11814.411,4241,Pinky,motor_8_open,51.0,35.0625,6,31.0,30.0,29.0,30.0,30.0,29.0,31.0,30.0,30.0,32.0,32.0,51.0,48.0,42.0,44.0,42.0
2025-12-25T12:28:05.169710,11815.305,4242,Pinky,motor_9_flexed,51.0,35.0625,6,31.0,30.0,29.0,30.0,30.0,29.0,31.0,30.0,30.0,32.0,32.0,51.0,48.0,42.0,44.0,42.0
2025-12-25T12:28:07.057663,11817.195,4242,Pinky,motor_9_open,51.0,35.125,6,31.0,30.0,29.0,30.0,30.0,29.0,31.0,30.0,30.0,32.0,32.0,51.0,48.0,42.0,45.0,42.0
2025-12-25T12:28:07.953640,11818.092,4243,Thumb,motor_13_flexed,51.0,35.125,6,31.0,30.0,29.0,30.0,30.0,29.0,31.0,30.0,30.0,32.0,32.0,51.0,48.0,42.0,45.0,42.0
2025-12-25T12:28:09.841596,11819.977,4243,Thumb,motor_13_open,51.0,35.0625,6,31.0,30.0,29.0,30.0,30.0,29.0,31.0,30.0,30.0,32.0,32.0,51.0,48.0,42.0,44.0,42.0
2025-12-25T12:28:10.433583,11820.567,4243,Thumb,motor_13_open_hold,51.0,35.0625,6,31.0,30.0,29.0,30.0,30.0,29.0,31.0,30.0,30.0,32.0,32.0,51.0,48.0,42.0,44.0,42.0
2025-12-25T12:28:10.833571,11820.969,4244,Thumb,motor_14_flexed,51.0,35.0625,6,31.0,30.0,29.0,30.0,30.0,29.0,31.0,30.0,30.0,32.0,32.0,51.0,48.0,42.0,44.0,42.0
2025-12-25T12:28:12.721529,11822.857,4244,Thumb,motor_14_open,51.0,35.125,6,31.0,30.0,29.0,30.0,30.0,29.0,31.0,30.0,30.0,32.0,32.0,51.0,48.0,42.0,45.0,42.0
2025-12-25T12:28:13.617518,11823.755,4245,Thumb,motor_12_flexed,51.0,35.0625,6,31.0,30.0,29.0,30.0,30.0,29.0,31.0,30.0,30.0,32.0,32.0,51.0,48.0,42.0,44.0,42.0
2025-12-25T12:28:15.505461,11825.644,4245,Thumb,motor_12_open,51.0,35.125,6,31.0,30.0,29.0,30.0,30.0,29.0,31.0,30.0,30.0,32.0,32.0,51.0,48.0,42.0,45.0,42.0
2025-12-25T12:28:16.401443,11826.537,4246,Index,motor_2_flexed,51.0,35.0625,6,31.0,30.0,29.0,30.0,30.0,29.0,31.0,30.0,30.0,32.0,32.0,51.0,48.0,42.0,44.0,42.0
2025-12-25T12:28:18.289410,11828.427,4246,Index,motor_2_open,51.0,35.125,6,31.0,30.0,29.0,30.0,30.0,29.0,31.0,30.0,30.0,32.0,32.0,51.0,48.0,42.0,44.0,43.0
2025-12-25T12:28:19.185374,11829.322,4247,Index,motor_1_flexed,51.0,35.0625,6,31.0,30.0,29.0,30.0,30.0,29.0,31.0,30.0,30.0,32.0,32.0,51.0,48.0,42.0,44.0,42.0
2025-12-25T12:28:21.073330,11831.213,4247,Index,motor_1_open,51.0,35.0625,6,31.0,30.0,29.0,30.0,30.0,29.0,31.0,30.0,30.0,32.0,32.0,51.0,48.0,42.0,44.0,42.0
2025-12-25T12:28:21.969307,11832.107,4248,Index,motor_3_flexed,51.0,35.125,6,31.0,30.0,29.0,30.0,30.0,29.0,31.0,30.0,30.0,32.0,32.0,51.0,48.0,42.0,44.0,43.0
2025-12-25T12:28:23.857259,11833.995,4248,Index,motor_3_open,51.0,35.125,6,31.0,30.0,29.0,30.0,30.0,29.0,31.0,30.0,30.0,32.0,32.0,51.0,48.0,42.0,45.0,42.0
2025-12-25T12:28:24.753241,11834.891,4249,Middle,motor_11_flexed,51.0,35.125,6,31.0,30.0,29.0,30.0,30.0,29.0,31.0,30.0,30.0,32.0,32.0,51.0,48.0,42.0,44.0,43.0
2025-12-25T12:28:26.641194,11836.782,4249,Middle,motor_11_open,51.0,35.0625,6,31.0,30.0,29.0,30.0,30.0,29.0,31.0,30.0,30.0,32.0,32.0,51.0,48.0,42.0,44.0,42.0
2025-12-25T12:28:27.537188,11837.675,4250,Middle,motor_10_flexed,51.0,35.0625,6,31.0,30.0,29.0,30.0,30.0,29.0,31.0,30.0,30.0,32.0,32.0,51.0,48.0,42.0,44.0,42.0
2025-12-25T12:28:29.425126,11839.563,4250,Middle,motor_10_open,51.0,35.0625,6,31.0,30.0,29.0,30.0,30.0,29.0,31.0,30.0,30.0,32.0,32.0,51.0,48.0,42.0,44.0,42.0
2025-12-25T12:28:30.321106,11840.458,4251,Ring,motor_4_flexed,51.0,35.125,6,31.0,30.0,29.0,30.0,30.0,29.0,31.0,30.0,30.0,32.0,32.0,51.0,48.0,42.0,45.0,42.0
2025-12-25T12:28:32.209056,11842.348,4251,Ring,motor_4_open,51.0,35.125,6,31.0,30.0,29.0,30.0,30.0,29.0,31.0,30.0,30.0,32.0,32.0,51.0,48.0,42.0,44.0,43.0
2025-12-25T12:28:33.105035,11843.243,4252,Ring,motor_5_flexed,51.0,35.125,6,31.0,30.0,29.0,30.0,30.0,29.0,31.0,30.0,30.0,32.0,32.0,51.0,48.0,42.0,45.0,42.0
2025-12-25T12:28:34.992990,11845.131,4252,Ring,motor_5_open,51.0,35.0625,6,31.0,30.0,29.0,30.0,30.0,29.0,31.0,30.0,30.0,32.0,32.0,51.0,48.0,42.0,44.0,42.0
2025-12-25T12:28:35.888966,11846.021,4253,Ring,motor_6_flexed,51.0,35.0625,6,31.0,30.0,29.0,30.0,30.0,29.0,31.0,30.0,30.0,32.0,32.0,51.0,48.0,42.0,44.0,42.0
2025-12-25T12:28:37.776920,11847.914,4253,Ring,motor_6_open,51.0,35.125,6,31.0,30.0,29.0,30.0,30.0,29.0,31.0,30.0,30.0,32.0,32.0,51.0,48.0,42.0,45.0,42.0
2025-12-25T12:28:38.672900,11848.812,4254,Pinky,motor_7_flexed,51.0,35.0625,6,31.0,30.0,29.0,30.0,30.0,29.0,31.0,30.0,30.0,32.0,32.0,51.0,48.0,42.0,44.0,42.0
2025-12-25T12:28:40.560850,11850.699,4254,Pinky,motor_7_open,51.0,35.125,6,31.0,30.0,29.0,30.0,30.0,29.0,31.0,30.0,30.0,32.0,32.0,51.0,48.0,42.0,45.0,42.0
2025-12-25T12:28:41.456831,11851.594,4255,Pinky,motor_8_flexed,51.0,35.0625,6,31.0,30.0,29.0,30.0,30.0,29.0,31.0,30.0,30.0,32.0,32.0,51.0,48.0,42.0,44.0,42.0
2025-12-25T12:28:43.344783,11853.483,4255,Pinky,motor_8_open,51.0,35.0625,6,31.0,30.0,29.0,30.0,30.0,29.0,31.0,30.0,30.0,32.0,32.0,51.0,48.0,42.0,44.0,42.0
2025-12-25T12:28:44.240759,11854.378,4256,Pinky,motor_9_flexed,51.0,35.125,6,31.0,30.0,29.0,30.0,30.0,29.0,31.0,30.0,30.0,32.0,32.0,51.0,48.0,42.0,44.0,43.0
2025-12-25T12:28:46.128712,11856.271,4256,Pinky,motor_9_open,51.0,35.0625,6,31.0,30.0,29.0,30.0,30.0,29.0,31.0,30.0,30.0,32.0,32.0,51.0,48.0,42.0,44.0,42.0
2025-12-25T12:28:47.024678,11857.164,4257,Thumb,motor_13_flexed,51.0,35.0625,6,31.0,30.0,29.0,30.0,30.0,29.0,31.0,30.0,30.0,32.0,32.0,51.0,48.0,42.0,44.0,42.0
2025-12-25T12:28:48.912644,11859.05,4257,Thumb,motor_13_open,51.0,35.0625,6,31.0,30.0,29.0,30.0,30.0,29.0,31.0,30.0,30.0,32.0,32.0,51.0,48.0,42.0,44.0,42.0
2025-12-25T12:28:49.808620,11859.948,4258,Thumb,motor_14_flexed,51.0,35.0625,6,31.0,30.0,29.0,30.0,30.0,29.0,31.0,30.0,30.0,32.0,32.0,51.0,48.0,42.0,44.0,42.0
2025-12-25T12:28:51.696571,11861.835,4258,Thumb,motor_14_open,51.0,35.0625,6,31.0,30.0,29.0,30.0,30.0,29.0,31.0,30.0,30.0,32.0,32.0,51.0,48.0,42.0,44.0,42.0
2025-12-25T12:28:52.592548,11862.731,4259,Thumb,motor_12_flexed,51.0,35.0625,6,31.0,30.0,29.0,30.0,30.0,29.0,31.0,30.0,30.0,32.0,32.0,51.0,48.0,42.0,44.0,42.0
2025-12-25T12:28:54.480500,11864.617,4259,Thumb,motor_12_open,51.0,35.0625,6,31.0,30.0,29.0,30.0,30.0,29.0,31.0,30.0,30.0,32.0,32.0,51.0,48.0,42.0,44.0,42.0
2025-12-25T12:28:55.376477,11865.514,4260,Index,motor_2_flexed,51.0,35.0625,6,31.0,30.0,29.0,30.0,30.0,29.0,31.0,30.0,30.0,32.0,32.0,51.0,48.0,42.0,44.0,42.0
2025-12-25T12:28:57.264433,11867.403,4260,Index,motor_2_open,51.0,35.125,6,31.0,30.0,29.0,30.0,30.0,29.0,31.0,30.0,30.0,32.0,32.0,51.0,48.0,42.0,44.0,43.0
2025-12-25T12:28:58.160405,11868.298,4261,Index,motor_1_flexed,51.0,35.125,6,31.0,30.0,29.0,30.0,30.0,29.0,31.0,30.0,30.0,32.0,32.0,51.0,48.0,42.0,45.0,42.0
2025-12-25T12:29:00.048357,11870.185,4261,Index,motor_1_open,51.0,35.0625,6,31.0,30.0,29.0,30.0,30.0,29.0,31.0,30.0,30.0,32.0,32.0,51.0,48.0,42.0,44.0,42.0
2025-12-25T12:29:00.944336,11871.082,4262,Index,motor_3_flexed,51.0,35.0625,6,31.0,30.0,29.0,30.0,30.0,29.0,31.0,30.0,30.0,32.0,32.0,51.0,48.0,42.0,44.0,42.0
2025-12-25T12:29:02.832276,11872.963,4262,Index,motor_3_open,51.0,35.0625,6,31.0,30.0,29.0,30.0,30.0,29.0,31.0,30.0,30.0,32.0,32.0,51.0,48.0,42.0,44.0,42.0
2025-12-25T12:29:03.728261,11873.869,4263,Middle,motor_11_flexed,51.0,35.0625,6,31.0,30.0,29.0,30.0,30.0,29.0,31.0,30.0,30.0,32.0,32.0,51.0,48.0,42.0,44.0,42.0
2025-12-25T12:29:05.616209,11875.754,4263,Middle,motor_11_open,51.0,35.0625,6,31.0,30.0,29.0,30.0,30.0,29.0,31.0,30.0,30.0,32.0,32.0,51.0,48.0,42.0,44.0,42.0
2025-12-25T12:29:06.512195,11876.65,4264,Middle,motor_10_flexed,51.0,35.0625,6,31.0,30.0,29.0,30.0,30.0,29.0,31.0,30.0,30.0,32.0,32.0,51.0,48.0,42.0,44.0,42.0
2025-12-25T12:29:08.400143,11878.541,4264,Middle,motor_10_open,51.0,35.0625,6,31.0,30.0,29.0,30.0,30.0,29.0,31.0,30.0,30.0,32.0,32.0,51.0,48.0,42.0,44.0,42.0
2025-12-25T12:29:09.296119,11879.435,4265,Ring,motor_4_flexed,51.0,35.0625,6,31.0,30.0,29.0,30.0,30.0,29.0,31.0,30.0,30.0,32.0,32.0,51.0,48.0,42.0,44.0,42.0
2025-12-25T12:29:10.384110,11880.522,4265,Ring,motor_4_flex_hold,51.0,35.0625,6,31.0,30.0,29.0,30.0,30.0,29.0,31.0,30.0,30.0,32.0,32.0,51.0,48.0,42.0,44.0,42.0
2025-12-25T12:29:11.184097,11881.322,4265,Ring,motor_4_open,51.0,35.125,6,31.0,30.0,29.0,30.0,30.0,29.0,31.0,30.0,30.0,32.0,32.0,51.0,48.0,42.0,45.0,42.0
2025-12-25T12:29:12.080065,11882.217,4266,Ring,motor_5_flexed,51.0,35.0625,6,31.0,30.0,29.0,30.0,30.0,29.0,31.0,30.0,30.0,32.0,32.0,51.0,48.0,42.0,44.0,42.0
2025-12-25T12:29:13.968013,11884.106,4266,Ring,motor_5_open,51.0,35.0625,6,31.0,30.0,29.0,30.0,30.0,29.0,31.0,30.0,30.0,32.0,32.0,51.0,48.0,42.0,44.0,42.0
2025-12-25T12:29:14.864049,11885.002,4267,Ring,motor_6_flexed,51.0,35.125,6,31.0,30.0,29.0,30.0,30.0,29.0,31.0,30.0,30.0,32.0,32.0,51.0,48.0,42.0,44.0,43.0
2025-12-25T12:29:16.751946,11886.891,4267,Ring,motor_6_open,51.0,35.0625,6,31.0,30.0,29.0,30.0,30.0,29.0,31.0,30.0,30.0,32.0,32.0,51.0,48.0,42.0,45.0,41.0
2025-12-25T12:29:17.647923,11887.785,4268,Pinky,motor_7_flexed,51.0,35.125,6,31.0,30.0,29.0,30.0,30.0,29.0,31.0,30.0,30.0,32.0,32.0,51.0,48.0,42.0,45.0,42.0
2025-12-25T12:29:19.535849,11889.673,4268,Pinky,motor_7_open,51.0,35.125,6,31.0,30.0,29.0,30.0,30.0,29.0,31.0,30.0,30.0,32.0,32.0,51.0,48.0,42.0,45.0,42.0
2025-12-25T12:29:20.431833,11890.563,4269,Pinky,motor_8_flexed,51.0,35.0625,6,31.0,30.0,29.0,30.0,30.0,29.0,31.0,30.0,30.0,32.0,32.0,51.0,48.0,42.0,44.0,42.0
2025-12-25T12:29:22.319768,11892.456,4269,Pinky,motor_8_open,51.0,35.125,6,31.0,30.0,29.0,30.0,30.0,29.0,31.0,30.0,30.0,32.0,32.0,51.0,48.0,42.0,45.0,42.0
2025-12-25T12:29:23.215741,11893.352,4270,Pinky,motor_9_flexed,51.0,35.125,6,31.0,30.0,29.0,30.0,30.0,29.0,31.0,30.0,30.0,32.0,32.0,51.0,48.0,42.0,44.0,43.0
2025-12-25T12:29:25.103714,11895.24,4270,Pinky,motor_9_open,51.0,35.125,6,31.0,30.0,29.0,30.0,30.0,29.0,31.0,30.0,30.0,32.0,32.0,51.0,48.0,42.0,45.0,42.0
2025-12-25T12:29:25.999677,11896.14,4271,Thumb,motor_13_flexed,51.0,35.0,6,31.0,30.0,29.0,30.0,30.0,29.0,31.0,30.0,30.0,32.0,32.0,51.0,48.0,42.0,43.0,42.0
2025-12-25T12:29:27.887627,11898.024,4271,Thumb,motor_13_open,51.0,35.0625,6,31.0,30.0,29.0,30.0,30.0,29.0,31.0,30.0,30.0,32.0,32.0,51.0,48.0,42.0,44.0,42.0
2025-12-25T12:29:28.783606,11898.921,4272,Thumb,motor_14_flexed,51.0,35.0625,6,31.0,30.0,29.0,30.0,30.0,29.0,31.0,30.0,30.0,32.0,32.0,51.0,48.0,42.0,44.0,42.0
2025-12-25T12:29:30.671550,11900.806,4272,Thumb,motor_14_open,51.0,35.0625,6,31.0,30.0,29.0,30.0,30.0,29.0,31.0,30.0,30.0,32.0,32.0,51.0,48.0,42.0,44.0,42.0
2025-12-25T12:29:31.567531,11901.707,4273,Thumb,motor_12_flexed,51.0,35.0625,6,31.0,30.0,29.0,30.0,30.0,29.0,31.0,30.0,30.0,32.0,32.0,51.0,48.0,42.0,44.0,42.0
2025-12-25T12:29:33.455476,11903.593,4273,Thumb,motor_12_open,51.0,35.0625,6,31.0,30.0,29.0,30.0,30.0,29.0,31.0,30.0,30.0,32.0,32.0,51.0,48.0,42.0,44.0,42.0
2025-12-25T12:29:34.351469,11904.49,4274,Index,motor_2_flexed,51.0,35.0625,6,31.0,30.0,29.0,30.0,30.0,29.0,31.0,30.0,30.0,32.0,32.0,51.0,48.0,42.0,44.0,42.0
2025-12-25T12:29:36.239402,11906.377,4274,Index,motor_2_open,51.0,35.0625,6,31.0,30.0,29.0,30.0,30.0,29.0,31.0,30.0,30.0,32.0,32.0,51.0,48.0,42.0,44.0,42.0
2025-12-25T12:29:37.135366,11907.273,4275,Index,motor_1_flexed,51.0,35.0625,6,31.0,30.0,29.0,30.0,30.0,29.0,31.0,30.0,30.0,32.0,32.0,51.0,48.0,42.0,44.0,42.0
2025-12-25T12:29:39.023331,11909.157,4275,Index,motor_1_open,51.0,35.0625,6,31.0,30.0,29.0,30.0,30.0,29.0,31.0,30.0,30.0,32.0,32.0,51.0,48.0,42.0,44.0,42.0
2025-12-25T12:29:39.919293,11910.056,4276,Index,motor_3_flexed,51.0,35.1875,6,31.0,30.0,29.0,30.0,30.0,29.0,31.0,30.0,30.0,32.0,32.0,51.0,48.0,42.0,45.0,43.0
2025-12-25T12:29:41.807242,11911.943,4276,Index,motor_3_open,51.0,35.125,6,31.0,30.0,29.0,30.0,30.0,29.0,31.0,30.0,30.0,32.0,32.0,51.0,48.0,42.0,45.0,42.0
2025-12-25T12:29:42.703214,11912.84,4277,Middle,motor_11_flexed,51.0,35.0625,6,31.0,30.0,29.0,30.0,30.0,29.0,31.0,30.0,30.0,32.0,32.0,51.0,48.0,42.0,44.0,42.0
2025-12-25T12:29:44.591165,11914.723,4277,Middle,motor_11_open,51.0,35.125,6,31.0,30.0,29.0,30.0,30.0,29.0,31.0,30.0,30.0,32.0,32.0,51.0,48.0,42.0,44.0,43.0
2025-12-25T12:29:45.487142,11915.621,4278,Middle,motor_10_flexed,51.0,35.125,6,31.0,30.0,29.0,30.0,30.0,29.0,31.0,30.0,30.0,32.0,32.0,51.0,48.0,42.0,45.0,42.0
2025-12-25T12:29:47.375088,11917.51,4278,Middle,motor_10_open,51.0,35.0625,6,31.0,30.0,29.0,30.0,30.0,29.0,31.0,30.0,30.0,32.0,32.0,51.0,48.0,42.0,44.0,42.0
2025-12-25T12:29:48.271090,11918.407,4279,Ring,motor_4_flexed,51.0,35.125,6,31.0,30.0,29.0,30.0,30.0,29.0,31.0,30.0,30.0,32.0,32.0,51.0,48.0,42.0,45.0,42.0
2025-12-25T12:29:50.159022,11920.297,4279,Ring,motor_4_open,51.0,35.0625,6,31.0,30.0,29.0,30.0,30.0,29.0,31.0,30.0,30.0,32.0,32.0,51.0,48.0,42.0,44.0,42.0
2025-12-25T12:29:51.054998,11921.191,4280,Ring,motor_5_flexed,51.0,35.0625,6,31.0,30.0,29.0,30.0,30.0,29.0,31.0,30.0,30.0,32.0,32.0,51.0,48.0,42.0,44.0,42.0
2025-12-25T12:29:52.942945,11923.079,4280,Ring,motor_5_open,51.0,35.0625,6,31.0,30.0,29.0,30.0,30.0,29.0,31.0,30.0,30.0,32.0,32.0,51.0,48.0,42.0,44.0,42.0
2025-12-25T12:29:53.838920,11923.974,4281,Ring,motor_6_flexed,51.0,35.0625,6,31.0,30.0,29.0,30.0,30.0,29.0,31.0,30.0,30.0,32.0,32.0,51.0,48.0,42.0,44.0,42.0
2025-12-25T12:29:55.726869,11925.864,4281,Ring,motor_6_open,51.0,35.0625,6,31.0,30.0,29.0,30.0,30.0,29.0,31.0,30.0,30.0,32.0,32.0,51.0,48.0,42.0,44.0,42.0
2025-12-25T12:29:56.622844,11926.76,4282,Pinky,motor_7_flexed,51.0,35.125,6,31.0,30.0,29.0,30.0,30.0,29.0,31.0,30.0,30.0,32.0,32.0,51.0,48.0,42.0,45.0,42.0
2025-12-25T12:29:58.510793,11928.649,4282,Pinky,motor_7_open,51.0,35.0625,6,31.0,30.0,29.0,30.0,30.0,29.0,31.0,30.0,30.0,32.0,32.0,51.0,48.0,42.0,44.0,42.0
2025-12-25T12:29:59.406767,11929.544,4283,Pinky,motor_8_flexed,51.0,35.0625,6,31.0,30.0,29.0,30.0,30.0,29.0,31.0,30.0,30.0,32.0,32.0,51.0,48.0,42.0,44.0,42.0
2025-12-25T12:30:01.294714,11931.431,4283,Pinky,motor_8_open,51.0,35.125,6,31.0,30.0,29.0,30.0,30.0,29.0,31.0,30.0,30.0,32.0,32.0,51.0,48.0,42.0,45.0,42.0
2025-12-25T12:30:02.190689,11932.329,4284,Pinky,motor_9_flexed,51.0,35.0625,6,31.0,30.0,29.0,30.0,30.0,29.0,31.0,30.0,30.0,32.0,32.0,51.0,48.0,42.0,44.0,42.0
2025-12-25T12:30:04.078637,11934.217,4284,Pinky,motor_9_open,51.0,35.0625,6,31.0,30.0,29.0,30.0,30.0,29.0,31.0,30.0,30.0,32.0,32.0,51.0,48.0,42.0,44.0,42.0
2025-12-25T12:30:04.974611,11935.111,4285,Thumb,motor_13_flexed,51.0,35.0625,6,31.0,30.0,29.0,30.0,30.0,29.0,31.0,30.0,30.0,32.0,32.0,51.0,48.0,42.0,44.0,42.0
2025-12-25T12:30:06.862559,11937.002,4285,Thumb,motor_13_open,51.0,35.0625,6,31.0,30.0,29.0,30.0,30.0,29.0,31.0,30.0,30.0,32.0,32.0,51.0,48.0,42.0,44.0,42.0
2025-12-25T12:30:07.758534,11937.896,4286,Thumb,motor_14_flexed,51.0,35.0625,6,31.0,30.0,29.0,30.0,30.0,29.0,31.0,30.0,30.0,32.0,32.0,51.0,48.0,42.0,44.0,42.0
2025-12-25T12:30:09.646477,11939.785,4286,Thumb,motor_14_open,51.0,35.0625,6,31.0,30.0,29.0,30.0,30.0,29.0,31.0,30.0,30.0,32.0,32.0,51.0,48.0,42.0,44.0,42.0
2025-12-25T12:30:10.238463,11940.373,4286,Thumb,motor_14_open_hold,51.0,35.0625,6,31.0,30.0,29.0,30.0,30.0,29.0,31.0,30.0,30.0,32.0,32.0,51.0,48.0,42.0,44.0,42.0
2025-12-25T12:30:10.638449,11940.775,4287,Thumb,motor_12_flexed,51.0,35.0625,6,31.0,30.0,29.0,30.0,30.0,29.0,31.0,30.0,30.0,32.0,32.0,51.0,48.0,42.0,44.0,42.0
2025-12-25T12:30:12.526399,11942.665,4287,Thumb,motor_12_open,51.0,35.0625,6,31.0,30.0,29.0,30.0,30.0,29.0,31.0,30.0,30.0,32.0,32.0,51.0,48.0,42.0,44.0,42.0
2025-12-25T12:30:13.422380,11943.56,4288,Index,motor_2_flexed,51.0,35.0625,6,31.0,30.0,29.0,30.0,30.0,29.0,31.0,30.0,30.0,32.0,32.0,51.0,48.0,42.0,44.0,42.0
2025-12-25T12:30:15.310317,11945.449,4288,Index,motor_2_open,51.0,35.0625,6,31.0,30.0,29.0,30.0,30.0,29.0,31.0,30.0,30.0,32.0,32.0,51.0,48.0,42.0,44.0,42.0
2025-12-25T12:30:16.206295,11946.343,4289,Index,motor_1_flexed,51.0,35.0625,6,31.0,30.0,29.0,30.0,30.0,29.0,31.0,30.0,30.0,32.0,32.0,51.0,48.0,42.0,44.0,42.0
2025-12-25T12:30:18.094248,11948.229,4289,Index,motor_1_open,51.0,35.0625,6,31.0,30.0,29.0,30.0,30.0,29.0,31.0,30.0,30.0,32.0,32.0,51.0,48.0,42.0,44.0,42.0
2025-12-25T12:30:18.990215,11949.127,4290,Index,motor_3_flexed,51.0,35.0625,6,31.0,30.0,29.0,30.0,30.0,29.0,31.0,30.0,30.0,32.0,32.0,51.0,48.0,42.0,44.0,42.0
2025-12-25T12:30:20.878161,11951.016,4290,Index,motor_3_open,51.0,35.125,6,31.0,30.0,29.0,30.0,30.0,29.0,31.0,30.0,30.0,32.0,32.0,51.0,48.0,42.0,45.0,42.0
2025-12-25T12:30:21.774134,11951.915,4291,Middle,motor_11_flexed,51.0,35.0625,6,31.0,30.0,29.0,30.0,30.0,29.0,31.0,30.0,30.0,32.0,32.0,51.0,48.0,42.0,45.0,41.0
2025-12-25T12:30:23.662078,11953.8,4291,Middle,motor_11_open,51.0,35.125,6,31.0,30.0,29.0,30.0,30.0,29.0,31.0,30.0,30.0,32.0,32.0,51.0,48.0,42.0,45.0,42.0
2025-12-25T12:30:24.558053,11954.693,4292,Middle,motor_10_flexed,51.0,35.0625,6,31.0,30.0,29.0,30.0,30.0,29.0,31.0,30.0,30.0,32.0,32.0,51.0,48.0,42.0,44.0,42.0
2025-12-25T12:30:26.446001,11956.584,4292,Middle,motor_10_open,51.0,35.125,6,31.0,30.0,29.0,30.0,30.0,29.0,31.0,30.0,30.0,32.0,32.0,51.0,48.0,42.0,45.0,42.0
2025-12-25T12:30:27.341986,11957.48,4293,Ring,motor_4_flexed,51.0,35.0625,6,31.0,30.0,29.0,30.0,30.0,29.0,31.0,30.0,30.0,32.0,32.0,51.0,48.0,42.0,44.0,42.0
2025-12-25T12:30:29.229922,11959.366,4293,Ring,motor_4_open,51.0,35.0625,6,31.0,30.0,29.0,30.0,30.0,29.0,31.0,30.0,30.0,32.0,32.0,51.0,48.0,42.0,44.0,42.0
2025-12-25T12:30:30.125897,11960.263,4294,Ring,motor_5_flexed,51.0,35.0625,6,31.0,30.0,29.0,30.0,30.0,29.0,31.0,30.0,30.0,32.0,32.0,51.0,48.0,42.0,44.0,42.0
2025-12-25T12:30:32.013851,11962.15,4294,Ring,motor_5_open,51.0,35.0625,6,31.0,30.0,29.0,30.0,30.0,29.0,31.0,30.0,30.0,32.0,32.0,51.0,48.0,42.0,44.0,42.0
2025-12-25T12:30:32.909815,11963.046,4295,Ring,motor_6_flexed,51.0,35.0625,6,31.0,30.0,29.0,30.0,30.0,29.0,31.0,30.0,30.0,32.0,32.0,51.0,48.0,42.0,44.0,42.0
2025-12-25T12:30:34.797760,11964.935,4295,Ring,motor_6_open,51.0,35.0,6,31.0,30.0,29.0,30.0,30.0,29.0,31.0,30.0,30.0,32.0,32.0,51.0,48.0,42.0,43.0,42.0
2025-12-25T12:30:35.693733,11965.83,4296,Pinky,motor_7_flexed,51.0,35.0625,6,31.0,30.0,29.0,30.0,30.0,29.0,31.0,30.0,30.0,32.0,32.0,51.0,48.0,42.0,44.0,42.0
2025-12-25T12:30:37.581677,11967.721,4296,Pinky,motor_7_open,51.0,35.0625,6,31.0,30.0,29.0,30.0,30.0,29.0,31.0,30.0,30.0,32.0,32.0,51.0,48.0,42.0,44.0,42.0
2025-12-25T12:30:38.477652,11968.614,4297,Pinky,motor_8_flexed,51.0,35.0625,6,31.0,30.0,29.0,30.0,30.0,29.0,31.0,30.0,30.0,32.0,32.0,51.0,48.0,42.0,44.0,42.0
2025-12-25T12:30:40.365599,11970.503,4297,Pinky,motor_8_open,51.0,35.0625,6,31.0,30.0,29.0,30.0,30.0,29.0,31.0,30.0,30.0,32.0,32.0,51.0,48.0,42.0,44.0,42.0
2025-12-25T12:30:41.261587,11971.398,4298,Pinky,motor_9_flexed,51.0,35.125,6,31.0,30.0,29.0,30.0,30.0,29.0,31.0,30.0,30.0,32.0,32.0,51.0,48.0,42.0,45.0,42.0
2025-12-25T12:30:43.149516,11973.29,4298,Pinky,motor_9_open,51.0,35.125,6,31.0,30.0,29.0,30.0,30.0,29.0,31.0,30.0,30.0,32.0,32.0,51.0,48.0,42.0,45.0,42.0
2025-12-25T12:30:44.045492,11974.185,4299,Thumb,motor_13_flexed,51.0,35.0625,6,31.0,30.0,29.0,30.0,30.0,29.0,31.0,30.0,30.0,32.0,32.0,51.0,48.0,42.0,44.0,42.0
2025-12-25T12:30:45.933435,11976.072,4299,Thumb,motor_13_open,51.0,35.0625,6,31.0,30.0,29.0,30.0,30.0,29.0,31.0,30.0,30.0,32.0,32.0,51.0,48.0,42.0,44.0,42.0
2025-12-25T12:30:46.829409,11976.966,4300,Thumb,motor_14_flexed,51.0,35.0625,6,31.0,30.0,29.0,30.0,30.0,29.0,31.0,30.0,30.0,32.0,32.0,51.0,48.0,42.0,44.0,42.0
2025-12-25T12:30:48.717355,11978.856,4300,Thumb,motor_14_open,51.0,35.0625,6,31.0,30.0,29.0,30.0,30.0,29.0,31.0,30.0,30.0,32.0,32.0,51.0,48.0,42.0,44.0,42.0
2025-12-25T12:30:49.613325,11979.751,4301,Thumb,motor_12_flexed,51.0,35.0625,6,31.0,30.0,29.0,30.0,30.0,29.0,31.0,30.0,30.0,32.0,32.0,51.0,48.0,42.0,44.0,42.0
2025-12-25T12:30:51.501269,11981.642,4301,Thumb,motor_12_open,51.0,35.0625,6,31.0,30.0,29.0,30.0,30.0,29.0,31.0,30.0,30.0,32.0,32.0,51.0,48.0,42.0,44.0,42.0
2025-12-25T12:30:52.397243,11982.534,4302,Index,motor_2_flexed,51.0,35.0625,6,31.0,30.0,29.0,30.0,30.0,29.0,31.0,30.0,30.0,32.0,32.0,51.0,48.0,42.0,44.0,42.0
2025-12-25T12:30:54.285187,11984.423,4302,Index,motor_2_open,51.0,35.125,6,31.0,30.0,29.0,30.0,30.0,29.0,31.0,30.0,30.0,32.0,32.0,51.0,48.0,42.0,45.0,42.0
2025-12-25T12:30:55.181160,11985.32,4303,Index,motor_1_flexed,51.0,35.0625,6,31.0,30.0,29.0,30.0,30.0,29.0,31.0,30.0,30.0,32.0,32.0,51.0,48.0,42.0,44.0,42.0
2025-12-25T12:30:57.069107,11987.209,4303,Index,motor_1_open,51.0,35.0625,6,31.0,30.0,29.0,30.0,30.0,29.0,31.0,30.0,30.0,32.0,32.0,51.0,48.0,42.0,44.0,42.0
2025-12-25T12:30:57.965079,11988.102,4304,Index,motor_3_flexed,51.0,35.0625,6,31.0,30.0,29.0,30.0,30.0,29.0,31.0,30.0,30.0,32.0,32.0,51.0,48.0,42.0,44.0,42.0
2025-12-25T12:30:59.853022,11989.991,4304,Index,motor_3_open,51.0,35.0625,6,31.0,30.0,29.0,30.0,30.0,29.0,31.0,30.0,30.0,32.0,32.0,51.0,48.0,42.0,44.0,42.0
2025-12-25T12:31:00.748993,11990.888,4305,Middle,motor_11_flexed,51.0,35.0625,6,31.0,30.0,29.0,30.0,30.0,29.0,31.0,30.0,30.0,32.0,32.0,51.0,48.0,42.0,44.0,42.0
2025-12-25T12:31:02.636939,11992.777,4305,Middle,motor_11_open,51.0,35.0625,6,31.0,30.0,29.0,30.0,30.0,29.0,31.0,30.0,30.0,32.0,32.0,51.0,48.0,42.0,44.0,42.0
2025-12-25T12:31:03.532914,11993.671,4306,Middle,motor_10_flexed,51.0,35.125,6,31.0,30.0,29.0,30.0,30.0,29.0,31.0,30.0,30.0,32.0,32.0,51.0,48.0,42.0,45.0,42.0
2025-12-25T12:31:05.420856,11995.557,4306,Middle,motor_10_open,51.0,35.0625,6,31.0,30.0,29.0,30.0,30.0,29.0,31.0,30.0,30.0,32.0,32.0,51.0,48.0,42.0,44.0,42.0
2025-12-25T12:31:06.316831,11996.457,4307,Ring,motor_4_flexed,51.0,35.0625,6,31.0,30.0,29.0,30.0,30.0,29.0,31.0,30.0,30.0,32.0,32.0,51.0,48.0,42.0,44.0,42.0
2025-12-25T12:31:08.204758,11998.343,4307,Ring,motor_4_open,51.0,35.0625,6,31.0,30.0,29.0,30.0,30.0,29.0,31.0,30.0,30.0,32.0,32.0,51.0,48.0,42.0,44.0,42.0
2025-12-25T12:31:09.100743,11999.239,4308,Ring,motor_5_flexed,51.0,35.125,6,31.0,30.0,29.0,30.0,30.0,29.0,31.0,30.0,30.0,32.0,32.0,51.0,48.0,42.0,45.0,42.0
2025-12-25T12:31:10.188711,12000.327,4308,Ring,motor_5_flex_hold,51.0,35.0625,6,31.0,30.0,29.0,30.0,30.0,29.0,31.0,30.0,30.0,32.0,32.0,51.0,48.0,42.0,44.0,42.0
2025-12-25T12:31:10.988688,12001.127,4308,Ring,motor_5_open,51.0,35.0625,6,31.0,30.0,29.0,30.0,30.0,29.0,31.0,30.0,30.0,32.0,32.0,51.0,48.0,42.0,44.0,42.0
2025-12-25T12:31:11.884662,12002.021,4309,Ring,motor_6_flexed,51.0,35.0625,6,31.0,30.0,29.0,30.0,30.0,29.0,31.0,30.0,30.0,32.0,32.0,51.0,48.0,42.0,44.0,42.0
2025-12-25T12:31:13.772606,12003.913,4309,Ring,motor_6_open,51.0,35.0625,6,31.0,30.0,29.0,30.0,30.0,29.0,31.0,30.0,30.0,32.0,32.0,51.0,48.0,42.0,44.0,42.0
2025-12-25T12:31:14.668571,12004.81,4310,Pinky,motor_7_flexed,51.0,35.125,6,31.0,30.0,29.0,30.0,30.0,29.0,31.0,30.0,30.0,32.0,32.0,51.0,48.0,42.0,45.0,42.0
2025-12-25T12:31:16.556522,12006.695,4310,Pinky,motor_7_open,51.0,35.3125,6,31.0,30.0,29.0,30.0,30.0,29.0,31.0,30.0,30.0,32.0,32.0,51.0,48.0,42.0,45.0,45.0
2025-12-25T12:31:17.452489,12007.589,4311,Pinky,motor_8_flexed,51.0,35.1875,6,31.0,30.0,29.0,30.0,30.0,29.0,31.0,30.0,30.0,32.0,32.0,51.0,48.0,42.0,45.0,43.0
2025-12-25T12:31:19.340422,12009.478,4311,Pinky,motor_8_open,51.0,35.0625,6,31.0,30.0,29.0,30.0,30.0,29.0,31.0,30.0,30.0,32.0,32.0,51.0,48.0,42.0,44.0,42.0
2025-12-25T12:31:20.236410,12010.375,4312,Pinky,motor_9_flexed,51.0,35.0625,6,31.0,30.0,29.0,30.0,30.0,29.0,31.0,30.0,30.0,32.0,32.0,51.0,48.0,42.0,44.0,42.0
2025-12-25T12:31:22.124349,12012.264,4312,Pinky,motor_9_open,51.0,35.125,6,31.0,30.0,29.0,30.0,30.0,29.0,31.0,31.0,30.0,32.0,32.0,51.0,48.0,42.0,44.0,42.0
2025-12-25T12:31:23.020321,12013.157,4313,Thumb,motor_13_flexed,51.0,35.125,6,31.0,30.0,29.0,30.0,30.0,29.0,31.0,30.0,30.0,32.0,32.0,51.0,48.0,42.0,44.0,43.0
2025-12-25T12:31:24.908266,12015.048,4313,Thumb,motor_13_open,51.0,35.0625,6,31.0,30.0,29.0,30.0,30.0,29.0,31.0,30.0,30.0,32.0,32.0,51.0,48.0,42.0,44.0,42.0
2025-12-25T12:31:25.804232,12015.945,4314,Thumb,motor_14_flexed,51.0,35.125,6,31.0,30.0,29.0,30.0,30.0,29.0,31.0,30.0,30.0,32.0,32.0,51.0,48.0,42.0,45.0,42.0
2025-12-25T12:31:27.692179,12017.832,4314,Thumb,motor_14_open,51.0,35.0625,6,31.0,30.0,29.0,30.0,30.0,29.0,31.0,30.0,30.0,32.0,32.0,51.0,48.0,42.0,44.0,42.0
2025-12-25T12:31:28.588150,12018.725,4315,Thumb,motor_12_flexed,51.0,35.0625,6,31.0,30.0,29.0,30.0,30.0,29.0,31.0,30.0,30.0,32.0,32.0,51.0,48.0,42.0,44.0,42.0
2025-12-25T12:31:30.476095,12020.615,4315,Thumb,motor_12_open,51.0,35.125,6,31.0,30.0,29.0,30.0,30.0,29.0,31.0,30.0,30.0,32.0,32.0,51.0,48.0,42.0,44.0,43.0
2025-12-25T12:31:31.372064,12021.511,4316,Index,motor_2_flexed,51.0,35.0625,6,31.0,30.0,29.0,30.0,30.0,29.0,31.0,30.0,30.0,32.0,32.0,51.0,48.0,42.0,44.0,42.0
2025-12-25T12:31:33.260008,12023.4,4316,Index,motor_2_open,51.0,35.0625,6,31.0,30.0,29.0,30.0,30.0,29.0,31.0,30.0,30.0,32.0,32.0,51.0,48.0,42.0,44.0,42.0
2025-12-25T12:31:34.155988,12024.292,4317,Index,motor_1_flexed,51.0,35.0625,6,31.0,30.0,29.0,30.0,30.0,29.0,31.0,30.0,30.0,32.0,32.0,51.0,48.0,42.0,44.0,42.0
2025-12-25T12:31:36.043922,12026.182,4317,Index,motor_1_open,51.0,35.0625,6,31.0,30.0,29.0,30.0,30.0,29.0,31.0,30.0,30.0,32.0,32.0,51.0,48.0,42.0,44.0,42.0
2025-12-25T12:31:36.939892,12027.079,4318,Index,motor_3_flexed,51.0,35.125,6,31.0,30.0,29.0,30.0,30.0,29.0,31.0,30.0,30.0,32.0,32.0,51.0,48.0,42.0,45.0,42.0
2025-12-25T12:31:38.827847,12028.967,4318,Index,motor_3_open,51.0,35.0625,6,31.0,30.0,29.0,30.0,30.0,29.0,31.0,30.0,30.0,32.0,32.0,51.0,48.0,42.0,44.0,42.0
2025-12-25T12:31:39.723808,12029.859,4319,Middle,motor_11_flexed,51.0,35.0625,6,31.0,30.0,29.0,30.0,30.0,29.0,31.0,30.0,30.0,32.0,32.0,51.0,48.0,42.0,44.0,42.0
2025-12-25T12:31:41.611738,12031.748,4319,Middle,motor_11_open,51.0,35.0625,6,31.0,30.0,29.0,30.0,30.0,29.0,31.0,30.0,30.0,32.0,32.0,51.0,48.0,42.0,44.0,42.0
2025-12-25T12:31:42.507712,12032.644,4320,Middle,motor_10_flexed,51.0,35.0625,6,31.0,30.0,29.0,30.0,30.0,29.0,31.0,30.0,30.0,32.0,32.0,51.0,48.0,42.0,44.0,42.0
2025-12-25T12:31:44.395653,12034.534,4320,Middle,motor_10_open,51.0,35.0625,6,31.0,30.0,29.0,30.0,30.0,29.0,31.0,30.0,30.0,32.0,32.0,51.0,48.0,42.0,44.0,42.0
2025-12-25T12:31:45.291626,12035.429,4321,Ring,motor_4_flexed,51.0,35.0625,6,31.0,30.0,29.0,30.0,30.0,29.0,31.0,30.0,30.0,32.0,32.0,51.0,48.0,42.0,44.0,42.0
2025-12-25T12:31:47.179564,12037.317,4321,Ring,motor_4_open,51.0,35.0625,6,31.0,30.0,29.0,30.0,30.0,29.0,31.0,30.0,30.0,32.0,32.0,51.0,48.0,42.0,44.0,42.0
2025-12-25T12:31:48.075562,12038.212,4322,Ring,motor_5_flexed,51.0,35.125,6,31.0,30.0,29.0,30.0,30.0,29.0,31.0,30.0,30.0,32.0,32.0,51.0,48.0,42.0,44.0,43.0
2025-12-25T12:31:49.979488,12040.118,4322,Ring,motor_5_open,51.0,35.0625,6,31.0,30.0,29.0,30.0,30.0,29.0,31.0,30.0,30.0,32.0,32.0,51.0,48.0,42.0,44.0,42.0
2025-12-25T12:31:50.875460,12041.01,4323,Ring,motor_6_flexed,51.0,35.1875,6,31.0,30.0,29.0,30.0,30.0,29.0,31.0,30.0,30.0,32.0,32.0,51.0,48.0,42.0,45.0,43.0
2025-12-25T12:31:52.763408,12042.902,4323,Ring,motor_6_open,51.0,35.0625,6,31.0,30.0,29.0,30.0,30.0,29.0,31.0,30.0,30.0,32.0,32.0,51.0,48.0,42.0,44.0,42.0
2025-12-25T12:31:53.659361,12043.791,4324,Pinky,motor_7_flexed,51.0,35.125,6,31.0,30.0,29.0,30.0,30.0,29.0,31.0,30.0,30.0,32.0,32.0,51.0,48.0,42.0,44.0,43.0
2025-12-25T12:31:55.547303,12045.68,4324,Pinky,motor_7_open,51.0,35.125,6,31.0,30.0,29.0,30.0,30.0,29.0,31.0,30.0,30.0,32.0,32.0,51.0,48.0,42.0,44.0,43.0
2025-12-25T12:31:56.443278,12046.58,4325,Pinky,motor_8_flexed,51.0,35.0625,6,31.0,30.0,29.0,30.0,30.0,29.0,31.0,30.0,30.0,32.0,32.0,51.0,48.0,42.0,44.0,42.0
2025-12-25T12:31:58.331217,12048.468,4325,Pinky,motor_8_open,51.0,35.125,6,31.0,30.0,29.0,30.0,30.0,29.0,31.0,30.0,30.0,32.0,32.0,51.0,48.0,42.0,44.0,43.0
2025-12-25T12:31:59.227187,12049.363,4326,Pinky,motor_9_flexed,51.0,35.0625,6,31.0,30.0,29.0,30.0,30.0,29.0,31.0,30.0,30.0,32.0,32.0,51.0,48.0,42.0,44.0,42.0
2025-12-25T12:32:01.115126,12051.253,4326,Pinky,motor_9_open,51.0,35.0625,6,31.0,30.0,29.0,30.0,30.0,29.0,31.0,30.0,30.0,32.0,32.0,51.0,48.0,42.0,44.0,42.0
2025-12-25T12:32:02.011100,12052.148,4327,Thumb,motor_13_flexed,51.0,35.0625,6,31.0,30.0,29.0,30.0,30.0,29.0,31.0,30.0,30.0,32.0,32.0,51.0,48.0,42.0,44.0,42.0
2025-12-25T12:32:03.899040,12054.036,4327,Thumb,motor_13_open,51.0,35.0625,6,31.0,30.0,29.0,30.0,30.0,29.0,31.0,30.0,30.0,32.0,32.0,51.0,48.0,42.0,44.0,42.0
2025-12-25T12:32:04.795012,12054.929,4328,Thumb,motor_14_flexed,51.0,35.0625,6,31.0,30.0,29.0,30.0,30.0,29.0,31.0,30.0,30.0,32.0,32.0,51.0,48.0,42.0,44.0,42.0
2025-12-25T12:32:06.682951,12056.82,4328,Thumb,motor_14_open,51.0,35.1875,6,31.0,30.0,29.0,30.0,30.0,29.0,31.0,30.0,30.0,32.0,32.0,51.0,48.0,42.0,45.0,43.0
2025-12-25T12:32:07.578923,12057.718,4329,Thumb,motor_12_flexed,51.0,35.125,6,31.0,30.0,29.0,30.0,30.0,29.0,31.0,30.0,30.0,32.0,32.0,51.0,48.0,42.0,44.0,43.0
2025-12-25T12:32:09.466862,12059.604,4329,Thumb,motor_12_open,51.0,35.0625,6,31.0,30.0,29.0,30.0,30.0,29.0,31.0,30.0,30.0,32.0,32.0,51.0,48.0,42.0,44.0,42.0
2025-12-25T12:32:10.058845,12060.193,4329,Thumb,motor_12_open_hold,51.0,35.0625,6,31.0,30.0,29.0,30.0,30.0,29.0,31.0,30.0,30.0,32.0,32.0,51.0,48.0,42.0,44.0,42.0
2025-12-25T12:32:10.458830,12060.592,4330,Index,motor_2_flexed,51.0,35.125,6,31.0,30.0,29.0,30.0,30.0,29.0,31.0,30.0,30.0,32.0,32.0,51.0,48.0,42.0,44.0,43.0
2025-12-25T12:32:12.346769,12062.478,4330,Index,motor_2_open,51.0,35.0625,6,31.0,30.0,29.0,30.0,30.0,29.0,31.0,30.0,30.0,32.0,32.0,51.0,48.0,42.0,44.0,42.0
2025-12-25T12:32:13.242744,12063.374,4331,Index,motor_1_flexed,51.0,35.0625,6,31.0,30.0,29.0,30.0,30.0,29.0,31.0,30.0,30.0,32.0,32.0,51.0,48.0,42.0,44.0,42.0
2025-12-25T12:32:15.130681,12065.263,4331,Index,motor_1_open,51.0,35.125,6,31.0,30.0,29.0,30.0,30.0,29.0,31.0,30.0,30.0,32.0,32.0,51.0,48.0,42.0,45.0,42.0
2025-12-25T12:32:16.026665,12066.158,4332,Index,motor_3_flexed,51.0,35.125,6,31.0,30.0,29.0,30.0,30.0,29.0,31.0,30.0,30.0,32.0,32.0,51.0,48.0,42.0,44.0,43.0
2025-12-25T12:32:17.914609,12068.053,4332,Index,motor_3_open,51.0,35.0625,6,31.0,30.0,29.0,30.0,30.0,29.0,31.0,30.0,30.0,32.0,32.0,51.0,48.0,42.0,44.0,42.0
2025-12-25T12:32:18.810576,12068.948,4333,Middle,motor_11_flexed,51.0,35.0625,6,31.0,30.0,29.0,30.0,30.0,29.0,31.0,30.0,30.0,32.0,32.0,51.0,48.0,42.0,44.0,42.0
2025-12-25T12:32:20.698516,12070.838,4333,Middle,motor_11_open,51.0,35.0625,6,31.0,30.0,29.0,30.0,30.0,29.0,31.0,30.0,30.0,32.0,32.0,51.0,48.0,42.0,44.0,42.0
2025-12-25T12:32:21.594474,12071.734,4334,Middle,motor_10_flexed,51.0,35.0625,6,31.0,30.0,29.0,30.0,30.0,29.0,31.0,30.0,30.0,32.0,32.0,51.0,48.0,42.0,44.0,42.0
2025-12-25T12:32:23.482413,12073.62,4334,Middle,motor_10_open,51.0,35.0625,6,31.0,30.0,29.0,30.0,30.0,29.0,31.0,30.0,30.0,32.0,32.0,51.0,48.0,42.0,44.0,42.0
2025-12-25T12:32:24.378395,12074.515,4335,Ring,motor_4_flexed,51.0,35.125,6,31.0,30.0,29.0,30.0,30.0,29.0,31.0,30.0,30.0,32.0,32.0,51.0,48.0,42.0,44.0,43.0
2025-12-25T12:32:26.266321,12076.398,4335,Ring,motor_4_open,51.0,35.0625,6,31.0,30.0,29.0,30.0,30.0,29.0,31.0,30.0,30.0,32.0,32.0,51.0,48.0,42.0,44.0,42.0
2025-12-25T12:32:27.162323,12077.294,4336,Ring,motor_5_flexed,51.0,35.125,6,31.0,30.0,29.0,30.0,30.0,29.0,31.0,30.0,30.0,32.0,32.0,51.0,48.0,42.0,44.0,43.0
2025-12-25T12:32:29.050255,12079.181,4336,Ring,motor_5_open,51.0,35.0625,6,31.0,30.0,29.0,30.0,30.0,29.0,31.0,30.0,30.0,32.0,32.0,51.0,48.0,42.0,44.0,42.0
2025-12-25T12:32:29.946225,12080.081,4337,Ring,motor_6_flexed,51.0,35.0625,6,31.0,30.0,29.0,30.0,30.0,29.0,31.0,30.0,30.0,32.0,32.0,51.0,48.0,42.0,44.0,42.0
2025-12-25T12:32:31.834186,12081.971,4337,Ring,motor_6_open,51.0,35.0625,6,31.0,30.0,29.0,30.0,30.0,29.0,31.0,30.0,30.0,32.0,32.0,51.0,48.0,42.0,44.0,42.0
2025-12-25T12:32:32.730150,12082.869,4338,Pinky,motor_7_flexed,51.0,35.0625,6,31.0,30.0,29.0,30.0,30.0,29.0,31.0,30.0,30.0,32.0,32.0,51.0,48.0,42.0,44.0,42.0
2025-12-25T12:32:34.618089,12084.756,4338,Pinky,motor_7_open,51.0,35.0625,6,31.0,30.0,29.0,30.0,30.0,29.0,31.0,30.0,30.0,32.0,32.0,51.0,48.0,42.0,44.0,42.0
2025-12-25T12:32:35.514047,12085.651,4339,Pinky,motor_8_flexed,51.0,34.9375,6,31.0,30.0,29.0,30.0,30.0,29.0,31.0,30.0,30.0,32.0,32.0,51.0,48.0,42.0,44.0,40.0
2025-12-25T12:32:37.401996,12087.541,4339,Pinky,motor_8_open,51.0,35.1875,6,31.0,30.0,29.0,30.0,30.0,29.0,31.0,30.0,30.0,32.0,32.0,51.0,48.0,42.0,45.0,43.0
2025-12-25T12:32:38.297969,12088.438,4340,Pinky,motor_9_flexed,51.0,35.0625,6,31.0,30.0,29.0,30.0,30.0,29.0,31.0,30.0,30.0,32.0,32.0,51.0,48.0,42.0,44.0,42.0
2025-12-25T12:32:40.185901,12090.325,4340,Pinky,motor_9_open,51.0,35.0625,6,31.0,30.0,29.0,30.0,30.0,29.0,31.0,30.0,30.0,32.0,32.0,51.0,48.0,42.0,44.0,42.0
2025-12-25T12:32:41.081885,12091.219,4341,Thumb,motor_13_flexed,51.0,35.25,6,31.0,30.0,29.0,30.0,30.0,29.0,31.0,31.0,30.0,32.0,32.0,51.0,48.0,42.0,45.0,43.0
2025-12-25T12:32:42.969811,12093.107,4341,Thumb,motor_13_open,51.0,35.125,6,31.0,30.0,29.0,30.0,30.0,29.0,31.0,30.0,30.0,32.0,32.0,51.0,48.0,42.0,44.0,43.0
2025-12-25T12:32:43.865785,12094.004,4342,Thumb,motor_14_flexed,51.0,35.0625,6,31.0,30.0,29.0,30.0,30.0,29.0,31.0,30.0,30.0,32.0,32.0,51.0,48.0,42.0,44.0,42.0
2025-12-25T12:32:45.753734,12095.893,4342,Thumb,motor_14_open,51.0,35.125,6,31.0,30.0,29.0,30.0,30.0,29.0,31.0,30.0,30.0,32.0,32.0,51.0,48.0,42.0,45.0,42.0
2025-12-25T12:32:46.649692,12096.79,4343,Thumb,motor_12_flexed,51.0,35.0625,6,31.0,30.0,29.0,30.0,30.0,29.0,31.0,30.0,30.0,32.0,32.0,51.0,48.0,42.0,44.0,42.0
2025-12-25T12:32:48.537645,12098.676,4343,Thumb,motor_12_open,51.0,35.125,6,31.0,30.0,29.0,30.0,30.0,29.0,31.0,30.0,30.0,32.0,32.0,51.0,48.0,42.0,45.0,42.0
2025-12-25T12:32:49.433613,12099.574,4344,Index,motor_2_flexed,51.0,35.0625,6,31.0,30.0,29.0,30.0,30.0,29.0,31.0,30.0,30.0,32.0,32.0,51.0,48.0,42.0,44.0,42.0
2025-12-25T12:32:51.321546,12101.46,4344,Index,motor_2_open,51.0,35.0625,6,31.0,30.0,29.0,30.0,30.0,29.0,31.0,30.0,30.0,32.0,32.0,51.0,48.0,42.0,44.0,42.0
2025-12-25T12:32:52.217490,12102.353,4345,Index,motor_1_flexed,51.0,35.0625,6,31.0,30.0,29.0,30.0,30.0,29.0,31.0,30.0,30.0,32.0,32.0,51.0,48.0,42.0,44.0,42.0
2025-12-25T12:32:54.105453,12104.243,4345,Index,motor_1_open,51.0,35.0625,6,31.0,30.0,29.0,30.0,30.0,29.0,31.0,30.0,30.0,32.0,32.0,51.0,48.0,42.0,44.0,42.0
2025-12-25T12:32:55.001418,12105.14,4346,Index,motor_3_flexed,51.0,35.0625,6,31.0,30.0,29.0,30.0,30.0,29.0,31.0,30.0,30.0,32.0,32.0,51.0,48.0,42.0,44.0,42.0
2025-12-25T12:32:56.889339,12107.032,4346,Index,motor_3_open,51.0,35.0625,6,31.0,30.0,29.0,30.0,30.0,29.0,31.0,30.0,30.0,32.0,32.0,51.0,48.0,42.0,44.0,42.0
2025-12-25T12:32:57.785329,12107.926,4347,Middle,motor_11_flexed,51.0,35.0625,6,31.0,30.0,29.0,30.0,30.0,29.0,31.0,30.0,30.0,32.0,32.0,51.0,48.0,42.0,44.0,42.0
2025-12-25T12:32:59.673243,12109.811,4347,Middle,motor_11_open,51.0,35.0625,6,31.0,30.0,29.0,30.0,30.0,29.0,31.0,30.0,30.0,32.0,32.0,51.0,48.0,42.0,44.0,42.0
2025-12-25T12:33:00.569215,12110.708,4348,Middle,motor_10_flexed,51.0,35.0625,6,31.0,30.0,29.0,30.0,30.0,29.0,31.0,30.0,30.0,32.0,32.0,51.0,48.0,42.0,44.0,42.0
2025-12-25T12:33:02.457151,12112.592,4348,Middle,motor_10_open,51.0,35.0625,6,31.0,30.0,29.0,30.0,30.0,29.0,31.0,30.0,30.0,32.0,32.0,51.0,48.0,42.0,44.0,42.0
2025-12-25T12:33:03.353110,12113.49,4349,Ring,motor_4_flexed,51.0,35.0625,6,31.0,30.0,29.0,30.0,30.0,29.0,31.0,30.0,30.0,32.0,32.0,51.0,48.0,42.0,44.0,42.0
2025-12-25T12:33:05.241056,12115.379,4349,Ring,motor_4_open,51.0,35.125,6,31.0,30.0,29.0,30.0,30.0,29.0,31.0,30.0,30.0,32.0,32.0,51.0,48.0,42.0,45.0,42.0
2025-12-25T12:33:06.137025,12116.273,4350,Ring,motor_5_flexed,51.0,35.125,6,31.0,30.0,29.0,30.0,30.0,29.0,31.0,30.0,30.0,32.0,32.0,51.0,48.0,42.0,45.0,42.0
2025-12-25T12:33:08.024962,12118.164,4350,Ring,motor_5_open,51.0,35.0625,6,31.0,30.0,29.0,30.0,30.0,29.0,31.0,30.0,30.0,32.0,32.0,51.0,48.0,42.0,44.0,42.0
2025-12-25T12:33:08.920936,12119.06,4351,Ring,motor_6_flexed,51.0,35.0625,6,31.0,30.0,29.0,30.0,30.0,29.0,31.0,30.0,30.0,32.0,32.0,51.0,48.0,42.0,44.0,42.0
2025-12-25T12:33:10.008897,12120.147,4351,Ring,motor_6_flex_hold,51.0,35.0625,6,31.0,30.0,29.0,30.0,30.0,29.0,31.0,30.0,30.0,32.0,32.0,51.0,48.0,42.0,44.0,42.0
2025-12-25T12:33:10.808871,12120.946,4351,Ring,motor_6_open,51.0,35.125,6,31.0,30.0,29.0,30.0,30.0,29.0,31.0,30.0,30.0,32.0,32.0,51.0,48.0,42.0,45.0,42.0
2025-12-25T12:33:11.704841,12121.844,4352,Pinky,motor_7_flexed,51.0,35.1875,6,31.0,30.0,29.0,30.0,30.0,29.0,31.0,30.0,30.0,32.0,32.0,51.0,48.0,42.0,45.0,43.0
2025-12-25T12:33:13.592778,12123.731,4352,Pinky,motor_7_open,51.0,35.0625,6,31.0,30.0,29.0,30.0,30.0,29.0,31.0,30.0,30.0,32.0,32.0,51.0,48.0,42.0,44.0,42.0
2025-12-25T12:33:14.488748,12124.628,4353,Pinky,motor_8_flexed,51.0,35.0625,6,31.0,30.0,29.0,30.0,30.0,29.0,31.0,30.0,30.0,32.0,32.0,51.0,48.0,42.0,44.0,42.0
2025-12-25T12:33:16.376684,12126.513,4353,Pinky,motor_8_open,51.0,35.0625,6,31.0,30.0,29.0,30.0,30.0,29.0,31.0,30.0,30.0,32.0,32.0,51.0,48.0,42.0,44.0,42.0
2025-12-25T12:33:17.272654,12127.41,4354,Pinky,motor_9_flexed,51.0,35.125,6,31.0,30.0,29.0,30.0,30.0,29.0,31.0,30.0,30.0,32.0,32.0,51.0,48.0,42.0,44.0,43.0
2025-12-25T12:33:19.160592,12129.299,4354,Pinky,motor_9_open,51.0,35.0625,6,31.0,30.0,29.0,30.0,30.0,29.0,31.0,30.0,30.0,32.0,32.0,51.0,48.0,42.0,44.0,42.0
2025-12-25T12:33:20.056564,12130.196,4355,Thumb,motor_13_flexed,51.0,35.0625,6,31.0,30.0,29.0,30.0,30.0,29.0,31.0,30.0,30.0,32.0,32.0,51.0,48.0,42.0,44.0,42.0
2025-12-25T12:33:21.944500,12132.083,4355,Thumb,motor_13_open,51.0,35.0625,6,31.0,30.0,29.0,30.0,30.0,29.0,31.0,30.0,30.0,32.0,32.0,51.0,48.0,42.0,44.0,42.0
2025-12-25T12:33:22.840469,12132.975,4356,Thumb,motor_14_flexed,51.0,35.0625,6,31.0,30.0,29.0,30.0,30.0,29.0,31.0,30.0,30.0,32.0,32.0,51.0,48.0,42.0,44.0,42.0
2025-12-25T12:33:24.728401,12134.866,4356,Thumb,motor_14_open,51.0,35.0625,6,31.0,30.0,29.0,30.0,30.0,29.0,31.0,30.0,30.0,32.0,32.0,51.0,48.0,42.0,44.0,42.0
2025-12-25T12:33:25.624367,12135.765,4357,Thumb,motor_12_flexed,51.0,35.125,6,31.0,30.0,29.0,30.0,30.0,29.0,31.0,30.0,30.0,32.0,32.0,51.0,48.0,42.0,45.0,42.0
2025-12-25T12:33:27.512304,12137.653,4357,Thumb,motor_12_open,51.0,35.125,6,31.0,30.0,29.0,30.0,30.0,29.0,31.0,30.0,30.0,32.0,32.0,51.0,48.0,42.0,45.0,42.0
2025-12-25T12:33:28.408275,12138.545,4358,Index,motor_2_flexed,51.0,35.0625,6,31.0,30.0,29.0,30.0,30.0,29.0,31.0,30.0,30.0,32.0,32.0,51.0,48.0,42.0,44.0,42.0
2025-12-25T12:33:30.296207,12140.43,4358,Index,motor_2_open,51.0,35.0625,6,31.0,30.0,29.0,30.0,30.0,29.0,31.0,30.0,30.0,32.0,32.0,51.0,48.0,42.0,44.0,42.0
2025-12-25T12:33:31.192184,12141.33,4359,Index,motor_1_flexed,51.0,35.0625,6,31.0,30.0,29.0,30.0,30.0,29.0,31.0,30.0,30.0,32.0,32.0,51.0,48.0,42.0,44.0,42.0
2025-12-25T12:33:33.080123,12143.219,4359,Index,motor_1_open,51.0,35.0625,6,31.0,30.0,29.0,30.0,30.0,29.0,31.0,30.0,30.0,32.0,32.0,51.0,48.0,42.0,44.0,42.0
2025-12-25T12:33:33.976095,12144.112,4360,Index,motor_3_flexed,51.0,35.0625,6,31.0,30.0,29.0,30.0,30.0,29.0,31.0,30.0,30.0,32.0,32.0,51.0,48.0,42.0,44.0,42.0
2025-12-25T12:33:35.864029,12145.999,4360,Index,motor_3_open,51.0,35.125,6,31.0,30.0,29.0,30.0,30.0,29.0,31.0,30.0,30.0,32.0,32.0,51.0,48.0,42.0,45.0,42.0
2025-12-25T12:33:36.759999,12146.898,4361,Middle,motor_11_flexed,51.0,35.0625,6,31.0,30.0,29.0,30.0,30.0,29.0,31.0,30.0,30.0,32.0,32.0,51.0,48.0,42.0,44.0,42.0
2025-12-25T12:33:38.647942,12148.786,4361,Middle,motor_11_open,51.0,35.0625,6,31.0,30.0,29.0,30.0,30.0,29.0,31.0,30.0,30.0,32.0,32.0,51.0,48.0,42.0,45.0,41.0
2025-12-25T12:33:39.543902,12149.681,4362,Middle,motor_10_flexed,51.0,35.0625,6,31.0,30.0,29.0,30.0,30.0,29.0,31.0,30.0,30.0,32.0,32.0,51.0,48.0,42.0,44.0,42.0
2025-12-25T12:33:41.431839,12151.57,4362,Middle,motor_10_open,51.0,34.9375,6,31.0,30.0,29.0,30.0,30.0,29.0,31.0,30.0,30.0,32.0,32.0,51.0,48.0,42.0,44.0,40.0
2025-12-25T12:33:42.327808,12152.466,4363,Ring,motor_4_flexed,51.0,35.125,6,31.0,30.0,29.0,30.0,30.0,29.0,31.0,30.0,30.0,32.0,32.0,51.0,48.0,42.0,45.0,42.0
2025-12-25T12:33:44.215744,12154.357,4363,Ring,motor_4_open,51.0,35.0625,6,31.0,30.0,29.0,30.0,30.0,29.0,31.0,30.0,30.0,32.0,32.0,51.0,48.0,42.0,44.0,42.0
2025-12-25T12:33:45.111713,12155.252,4364,Ring,motor_5_flexed,51.0,35.0625,6,31.0,30.0,29.0,30.0,30.0,29.0,31.0,30.0,30.0,32.0,32.0,51.0,48.0,42.0,44.0,42.0
2025-12-25T12:33:46.999647,12157.139,4364,Ring,motor_5_open,51.0,35.0625,6,31.0,30.0,29.0,30.0,30.0,29.0,31.0,30.0,30.0,32.0,32.0,51.0,48.0,42.0,44.0,42.0
2025-12-25T12:33:47.895617,12158.028,4365,Ring,motor_6_flexed,51.0,35.125,6,31.0,30.0,29.0,30.0,30.0,29.0,31.0,30.0,30.0,32.0,32.0,51.0,48.0,42.0,45.0,42.0
2025-12-25T12:33:49.783551,12159.921,4365,Ring,motor_6_open,51.0,35.0625,6,31.0,30.0,29.0,30.0,30.0,29.0,31.0,30.0,30.0,32.0,32.0,51.0,48.0,42.0,44.0,42.0
2025-12-25T12:33:50.679526,12160.819,4366,Pinky,motor_7_flexed,51.0,35.0625,6,31.0,30.0,29.0,30.0,30.0,29.0,31.0,30.0,30.0,32.0,32.0,51.0,48.0,42.0,44.0,42.0
2025-12-25T12:33:52.567470,12162.705,4366,Pinky,motor_7_open,51.0,35.0625,6,31.0,30.0,29.0,30.0,30.0,29.0,31.0,30.0,30.0,32.0,32.0,51.0,48.0,42.0,44.0,42.0
2025-12-25T12:33:53.463427,12163.6,4367,Pinky,motor_8_flexed,51.0,35.125,6,31.0,30.0,29.0,30.0,30.0,29.0,31.0,30.0,30.0,32.0,32.0,51.0,48.0,42.0,44.0,43.0
2025-12-25T12:33:55.351362,12165.491,4367,Pinky,motor_8_open,51.0,35.0625,6,31.0,30.0,29.0,30.0,30.0,29.0,31.0,30.0,30.0,32.0,32.0,51.0,48.0,42.0,44.0,42.0
2025-12-25T12:33:56.247330,12166.386,4368,Pinky,motor_9_flexed,51.0,35.125,6,31.0,30.0,29.0,30.0,30.0,29.0,31.0,30.0,30.0,32.0,32.0,51.0,48.0,42.0,45.0,42.0
2025-12-25T12:33:58.135264,12168.271,4368,Pinky,motor_9_open,51.0,35.0625,6,31.0,30.0,29.0,30.0,30.0,29.0,31.0,30.0,30.0,32.0,32.0,51.0,48.0,42.0,44.0,42.0
2025-12-25T12:33:59.031233,12169.166,4369,Thumb,motor_13_flexed,51.0,35.0625,6,31.0,30.0,29.0,30.0,30.0,29.0,31.0,30.0,30.0,32.0,32.0,51.0,48.0,42.0,44.0,42.0
2025-12-25T12:34:00.919170,12171.057,4369,Thumb,motor_13_open,51.0,35.0625,6,31.0,30.0,29.0,30.0,30.0,29.0,31.0,30.0,30.0,32.0,32.0,51.0,48.0,42.0,44.0,42.0
2025-12-25T12:34:01.815152,12171.954,4370,Thumb,motor_14_flexed,51.0,35.0625,6,31.0,30.0,29.0,30.0,30.0,29.0,31.0,30.0,30.0,32.0,32.0,51.0,48.0,42.0,44.0,42.0
2025-12-25T12:34:03.703070,12173.84,4370,Thumb,motor_14_open,51.0,35.125,6,31.0,30.0,29.0,30.0,30.0,29.0,31.0,30.0,30.0,32.0,32.0,51.0,48.0,42.0,45.0,42.0
2025-12-25T12:34:04.599034,12174.737,4371,Thumb,motor_12_flexed,51.0,35.0625,6,31.0,30.0,29.0,30.0,30.0,29.0,31.0,30.0,30.0,32.0,32.0,51.0,48.0,42.0,44.0,42.0
2025-12-25T12:34:06.486993,12176.623,4371,Thumb,motor_12_open,51.0,35.125,6,31.0,30.0,29.0,30.0,30.0,29.0,31.0,30.0,30.0,32.0,32.0,51.0,48.0,42.0,45.0,42.0
2025-12-25T12:34:07.382943,12177.521,4372,Index,motor_2_flexed,51.0,35.125,6,31.0,30.0,29.0,30.0,30.0,29.0,31.0,30.0,30.0,32.0,32.0,51.0,48.0,42.0,45.0,42.0
2025-12-25T12:34:09.270884,12179.409,4372,Index,motor_2_open,51.0,35.0625,6,31.0,30.0,29.0,30.0,30.0,29.0,31.0,30.0,30.0,32.0,32.0,51.0,48.0,42.0,44.0,42.0
2025-12-25T12:34:10.166850,12180.303,4373,Index,motor_1_flexed,51.0,35.0625,6,31.0,30.0,29.0,30.0,30.0,29.0,31.0,30.0,30.0,32.0,32.0,51.0,48.0,42.0,44.0,42.0
2025-12-25T12:34:12.070783,12182.206,4373,Index,motor_1_open,51.0,35.125,6,31.0,30.0,29.0,30.0,30.0,29.0,31.0,30.0,30.0,32.0,32.0,51.0,48.0,42.0,45.0,42.0
2025-12-25T12:34:12.966754,12183.103,4374,Index,motor_3_flexed,51.0,35.0625,6,31.0,30.0,29.0,30.0,30.0,29.0,31.0,30.0,30.0,32.0,32.0,51.0,48.0,42.0,44.0,42.0
2025-12-25T12:34:14.854687,12184.992,4374,Index,motor_3_open,51.0,35.0625,6,31.0,30.0,29.0,30.0,30.0,29.0,31.0,30.0,30.0,32.0,32.0,51.0,48.0,42.0,44.0,42.0
2025-12-25T12:34:15.750656,12185.887,4375,Middle,motor_11_flexed,51.0,35.0625,6,31.0,30.0,29.0,30.0,30.0,29.0,31.0,30.0,30.0,32.0,32.0,51.0,48.0,42.0,45.0,41.0
2025-12-25T12:34:17.638589,12187.774,4375,Middle,motor_11_open,51.0,35.0625,6,31.0,30.0,29.0,30.0,30.0,29.0,31.0,30.0,30.0,32.0,32.0,51.0,48.0,42.0,44.0,42.0
2025-12-25T12:34:18.534559,12188.673,4376,Middle,motor_10_flexed,51.0,35.0625,6,31.0,30.0,29.0,30.0,30.0,29.0,31.0,30.0,30.0,32.0,32.0,51.0,48.0,42.0,44.0,42.0
2025-12-25T12:34:20.422493,12190.561,4376,Middle,motor_10_open,51.0,35.125,6,31.0,30.0,29.0,30.0,30.0,29.0,31.0,30.0,30.0,32.0,32.0,51.0,48.0,42.0,45.0,42.0
2025-12-25T12:34:21.318461,12191.454,4377,Ring,motor_4_flexed,51.0,35.0625,6,31.0,30.0,29.0,30.0,30.0,29.0,31.0,30.0,30.0,32.0,32.0,51.0,48.0,42.0,44.0,42.0
2025-12-25T12:34:23.206405,12193.344,4377,Ring,motor_4_open,51.0,35.0625,6,31.0,30.0,29.0,30.0,30.0,29.0,31.0,30.0,30.0,32.0,32.0,51.0,48.0,42.0,44.0,42.0
2025-12-25T12:34:24.102358,12194.239,4378,Ring,motor_5_flexed,51.0,35.125,6,31.0,30.0,29.0,30.0,30.0,29.0,31.0,30.0,30.0,32.0,32.0,51.0,48.0,42.0,45.0,42.0
2025-12-25T12:34:25.990297,12196.13,4378,Ring,motor_5_open,51.0,35.0625,6,31.0,30.0,29.0,30.0,30.0,29.0,31.0,30.0,30.0,32.0,32.0,51.0,48.0,42.0,44.0,42.0
2025-12-25T12:34:26.886256,12197.024,4379,Ring,motor_6_flexed,51.0,35.0625,6,31.0,30.0,29.0,30.0,30.0,29.0,31.0,30.0,30.0,32.0,32.0,51.0,48.0,42.0,44.0,42.0
2025-12-25T12:34:28.774188,12198.905,4379,Ring,motor_6_open,51.0,35.0625,6,31.0,30.0,29.0,30.0,30.0,29.0,31.0,30.0,30.0,32.0,32.0,51.0,48.0,42.0,44.0,42.0
2025-12-25T12:34:29.670153,12199.808,4380,Pinky,motor_7_flexed,51.0,35.125,6,31.0,30.0,29.0,30.0,30.0,29.0,31.0,30.0,30.0,32.0,32.0,51.0,48.0,42.0,45.0,42.0
2025-12-25T12:34:31.558102,12201.694,4380,Pinky,motor_7_open,51.0,35.0,6,31.0,30.0,29.0,30.0,30.0,29.0,31.0,30.0,30.0,32.0,32.0,51.0,48.0,42.0,44.0,41.0
2025-12-25T12:34:32.454070,12202.593,4381,Pinky,motor_8_flexed,51.0,35.0625,6,31.0,30.0,29.0,30.0,30.0,29.0,31.0,30.0,30.0,32.0,32.0,51.0,48.0,42.0,44.0,42.0
2025-12-25T12:34:34.342004,12204.478,4381,Pinky,motor_8_open,51.0,35.125,6,31.0,30.0,29.0,30.0,30.0,29.0,31.0,30.0,30.0,32.0,32.0,51.0,48.0,42.0,45.0,42.0
2025-12-25T12:34:35.237972,12205.374,4382,Pinky,motor_9_flexed,51.0,35.125,6,31.0,30.0,29.0,30.0,30.0,29.0,31.0,30.0,30.0,32.0,32.0,51.0,48.0,42.0,45.0,42.0
2025-12-25T12:34:37.125903,12207.262,4382,Pinky,motor_9_open,51.0,35.125,6,31.0,30.0,29.0,30.0,30.0,29.0,31.0,30.0,30.0,32.0,32.0,51.0,48.0,42.0,44.0,43.0
2025-12-25T12:34:38.021873,12208.161,4383,Thumb,motor_13_flexed,51.0,35.0625,6,31.0,30.0,29.0,30.0,30.0,29.0,31.0,30.0,30.0,32.0,32.0,51.0,48.0,42.0,44.0,42.0
2025-12-25T12:34:39.909809,12210.047,4383,Thumb,motor_13_open,51.0,35.0625,6,31.0,30.0,29.0,30.0,30.0,29.0,31.0,30.0,30.0,32.0,32.0,51.0,48.0,42.0,44.0,42.0
2025-12-25T12:34:40.805778,12210.938,4384,Thumb,motor_14_flexed,51.0,35.0625,6,31.0,30.0,29.0,30.0,30.0,29.0,31.0,30.0,30.0,32.0,32.0,51.0,48.0,42.0,44.0,42.0
2025-12-25T12:34:42.693710,12212.832,4384,Thumb,motor_14_open,51.0,35.125,6,31.0,30.0,29.0,30.0,30.0,29.0,31.0,30.0,30.0,32.0,32.0,51.0,48.0,42.0,45.0,42.0
2025-12-25T12:34:43.589677,12213.731,4385,Thumb,motor_12_flexed,51.0,35.0625,6,31.0,30.0,29.0,30.0,30.0,29.0,31.0,30.0,30.0,32.0,32.0,51.0,48.0,42.0,45.0,41.0
2025-12-25T12:34:45.477607,12215.617,4385,Thumb,motor_12_open,51.0,35.125,6,31.0,30.0,29.0,30.0,30.0,29.0,31.0,30.0,30.0,32.0,32.0,51.0,48.0,42.0,45.0,42.0
2025-12-25T12:34:46.373573,12216.509,4386,Index,motor_2_flexed,51.0,35.125,6,31.0,30.0,29.0,30.0,30.0,29.0,31.0,30.0,30.0,32.0,32.0,51.0,48.0,42.0,45.0,42.0
2025-12-25T12:34:48.261513,12218.397,4386,Index,motor_2_open,51.0,35.0625,6,31.0,30.0,29.0,30.0,30.0,29.0,31.0,30.0,30.0,32.0,32.0,51.0,48.0,42.0,44.0,42.0
2025-12-25T12:34:49.157478,12219.296,4387,Index,motor_1_flexed,51.0,35.0625,6,31.0,30.0,29.0,30.0,30.0,29.0,31.0,30.0,30.0,32.0,32.0,51.0,48.0,42.0,44.0,42.0
2025-12-25T12:34:51.045412,12221.182,4387,Index,motor_1_open,51.0,35.0625,6,31.0,30.0,29.0,30.0,30.0,29.0,31.0,30.0,30.0,32.0,32.0,51.0,48.0,42.0,44.0,42.0
2025-12-25T12:34:51.941381,12222.077,4388,Index,motor_3_flexed,51.0,35.0625,6,31.0,30.0,29.0,30.0,30.0,29.0,31.0,30.0,30.0,32.0,32.0,51.0,48.0,42.0,44.0,42.0
2025-12-25T12:34:53.829316,12223.966,4388,Index,motor_3_open,51.0,35.0625,6,31.0,30.0,29.0,30.0,30.0,29.0,31.0,30.0,30.0,32.0,32.0,51.0,48.0,42.0,44.0,42.0
2025-12-25T12:34:54.725289,12224.863,4389,Middle,motor_11_flexed,51.0,35.125,6,31.0,30.0,29.0,30.0,30.0,29.0,31.0,30.0,30.0,32.0,32.0,51.0,48.0,42.0,45.0,42.0
2025-12-25T12:34:56.613214,12226.753,4389,Middle,motor_11_open,51.0,35.0625,6,31.0,30.0,29.0,30.0,30.0,29.0,31.0,30.0,30.0,32.0,32.0,51.0,48.0,42.0,44.0,42.0
2025-12-25T12:34:57.509184,12227.647,4390,Middle,motor_10_flexed,51.0,35.0625,6,31.0,30.0,29.0,30.0,30.0,29.0,31.0,30.0,30.0,32.0,32.0,51.0,48.0,42.0,44.0,42.0
2025-12-25T12:34:59.397126,12229.533,4390,Middle,motor_10_open,51.0,35.0625,6,31.0,30.0,29.0,30.0,30.0,29.0,31.0,30.0,30.0,32.0,32.0,51.0,48.0,42.0,44.0,42.0
2025-12-25T12:35:00.293083,12230.432,4391,Ring,motor_4_flexed,51.0,35.125,6,31.0,30.0,29.0,30.0,30.0,29.0,31.0,30.0,30.0,32.0,32.0,51.0,48.0,42.0,45.0,42.0
2025-12-25T12:35:02.181017,12232.321,4391,Ring,motor_4_open,51.0,35.0625,6,31.0,30.0,29.0,30.0,30.0,29.0,31.0,30.0,30.0,32.0,32.0,51.0,48.0,42.0,44.0,42.0
2025-12-25T12:35:03.076983,12233.215,4392,Ring,motor_5_flexed,51.0,35.0625,6,31.0,30.0,29.0,30.0,30.0,29.0,31.0,30.0,30.0,32.0,32.0,51.0,48.0,42.0,44.0,42.0
2025-12-25T12:35:04.964911,12235.102,4392,Ring,motor_5_open,51.0,35.125,6,31.0,30.0,29.0,30.0,30.0,29.0,31.0,30.0,30.0,32.0,32.0,51.0,48.0,42.0,45.0,42.0
2025-12-25T12:35:05.860876,12235.995,4393,Ring,motor_6_flexed,51.0,35.0625,6,31.0,30.0,29.0,30.0,30.0,29.0,31.0,30.0,30.0,32.0,32.0,51.0,48.0,42.0,44.0,42.0
2025-12-25T12:35:07.748806,12237.889,4393,Ring,motor_6_open,51.0,35.0625,6,31.0,30.0,29.0,30.0,30.0,29.0,31.0,30.0,30.0,32.0,32.0,51.0,48.0,42.0,44.0,42.0
2025-12-25T12:35:08.644786,12238.785,4394,Pinky,motor_7_flexed,51.0,35.0625,6,31.0,30.0,29.0,30.0,30.0,29.0,31.0,30.0,30.0,32.0,32.0,51.0,48.0,42.0,44.0,42.0
2025-12-25T12:35:10.228719,12240.371,4394,Pinky,motor_7_flex_hold,51.0,35.0625,6,31.0,30.0,29.0,30.0,30.0,29.0,31.0,30.0,30.0,32.0,32.0,51.0,48.0,42.0,44.0,42.0
2025-12-25T12:35:10.628705,12240.766,4394,Pinky,motor_7_open,51.0,35.0625,6,31.0,30.0,29.0,30.0,30.0,29.0,31.0,30.0,30.0,32.0,32.0,51.0,48.0,42.0,44.0,42.0
2025-12-25T12:35:11.524682,12241.661,4395,Pinky,motor_8_flexed,51.0,35.0625,6,31.0,30.0,29.0,30.0,30.0,29.0,31.0,30.0,30.0,32.0,32.0,51.0,48.0,42.0,44.0,42.0
2025-12-25T12:35:13.412602,12243.547,4395,Pinky,motor_8_open,51.0,35.125,6,31.0,30.0,29.0,30.0,30.0,29.0,31.0,30.0,30.0,32.0,32.0,51.0,48.0,42.0,45.0,42.0
2025-12-25T12:35:14.308571,12244.448,4396,Pinky,motor_9_flexed,51.0,35.0625,6,31.0,30.0,29.0,30.0,30.0,29.0,31.0,30.0,30.0,32.0,32.0,51.0,48.0,42.0,44.0,42.0
2025-12-25T12:35:16.196512,12246.336,4396,Pinky,motor_9_open,51.0,35.0625,6,31.0,30.0,29.0,30.0,30.0,29.0,31.0,31.0,30.0,32.0,32.0,51.0,48.0,42.0,44.0,41.0
2025-12-25T12:35:17.092483,12247.232,4397,Thumb,motor_13_flexed,51.0,35.125,6,31.0,30.0,29.0,30.0,30.0,29.0,31.0,30.0,30.0,32.0,32.0,51.0,48.0,42.0,45.0,42.0
2025-12-25T12:35:18.980412,12249.118,4397,Thumb,motor_13_open,51.0,35.125,6,31.0,30.0,29.0,30.0,30.0,29.0,31.0,31.0,30.0,32.0,32.0,51.0,48.0,42.0,44.0,42.0
2025-12-25T12:35:19.876378,12250.014,4398,Thumb,motor_14_flexed,51.0,35.0625,6,31.0,30.0,29.0,30.0,30.0,29.0,31.0,30.0,30.0,32.0,32.0,51.0,48.0,42.0,44.0,42.0
2025-12-25T12:35:21.764312,12251.903,4398,Thumb,motor_14_open,51.0,35.0625,6,31.0,30.0,29.0,30.0,30.0,29.0,31.0,30.0,30.0,32.0,32.0,51.0,48.0,42.0,44.0,42.0
2025-12-25T12:35:22.660280,12252.798,4399,Thumb,motor_12_flexed,51.0,35.0625,6,31.0,30.0,29.0,30.0,30.0,29.0,31.0,30.0,30.0,32.0,32.0,51.0,48.0,42.0,44.0,42.0
2025-12-25T12:35:24.548211,12254.683,4399,Thumb,motor_12_open,51.0,35.0625,6,31.0,30.0,29.0,30.0,30.0,29.0,31.0,30.0,30.0,32.0,32.0,51.0,48.0,42.0,44.0,42.0
2025-12-25T12:35:25.444179,12255.581,4400,Index,motor_2_flexed,51.0,35.0625,6,31.0,30.0,29.0,30.0,30.0,29.0,31.0,30.0,30.0,32.0,32.0,51.0,48.0,42.0,44.0,42.0
2025-12-25T12:35:27.332108,12257.468,4400,Index,motor_2_open,51.0,35.0625,6,31.0,30.0,29.0,30.0,30.0,29.0,31.0,30.0,30.0,32.0,32.0,51.0,48.0,42.0,44.0,42.0
2025-12-25T12:35:28.228080,12258.369,4401,Index,motor_1_flexed,51.0,35.125,6,31.0,30.0,29.0,30.0,30.0,29.0,31.0,30.0,30.0,32.0,32.0,51.0,48.0,42.0,45.0,42.0
2025-12-25T12:35:30.116011,12260.255,4401,Index,motor_1_open,51.0,35.0625,6,31.0,30.0,29.0,30.0,30.0,29.0,31.0,30.0,30.0,32.0,32.0,51.0,48.0,42.0,44.0,42.0
2025-12-25T12:35:31.011979,12261.151,4402,Index,motor_3_flexed,51.0,35.0625,6,31.0,30.0,29.0,30.0,30.0,29.0,31.0,30.0,30.0,32.0,32.0,51.0,48.0,42.0,44.0,42.0
2025-12-25T12:35:32.899910,12263.039,4402,Index,motor_3_open,51.0,35.125,6,31.0,30.0,29.0,30.0,30.0,29.0,31.0,30.0,30.0,32.0,32.0,51.0,48.0,42.0,45.0,42.0
2025-12-25T12:35:33.795878,12263.934,4403,Middle,motor_11_flexed,51.0,35.125,6,31.0,30.0,29.0,30.0,30.0,29.0,31.0,30.0,30.0,32.0,32.0,51.0,48.0,42.0,45.0,42.0
2025-12-25T12:35:35.683808,12265.822,4403,Middle,motor_11_open,51.0,35.0625,6,31.0,30.0,29.0,30.0,30.0,29.0,31.0,30.0,30.0,32.0,32.0,51.0,48.0,42.0,44.0,42.0
2025-12-25T12:35:36.579774,12266.719,4404,Middle,motor_10_flexed,51.0,35.0625,6,31.0,30.0,29.0,30.0,30.0,29.0,31.0,30.0,30.0,32.0,32.0,51.0,48.0,42.0,44.0,42.0
2025-12-25T12:35:38.467709,12268.607,4404,Middle,motor_10_open,51.0,35.0625,6,31.0,30.0,29.0,30.0,30.0,29.0,31.0,30.0,30.0,32.0,32.0,51.0,48.0,42.0,44.0,42.0
2025-12-25T12:35:39.363673,12269.501,4405,Ring,motor_4_flexed,51.0,35.0625,6,31.0,30.0,29.0,30.0,30.0,29.0,31.0,30.0,30.0,32.0,32.0,51.0,48.0,42.0,44.0,42.0
2025-12-25T12:35:41.251606,12271.388,4405,Ring,motor_4_open,51.0,35.0625,6,31.0,30.0,29.0,30.0,30.0,29.0,31.0,30.0,30.0,32.0,32.0,51.0,48.0,42.0,44.0,42.0
2025-12-25T12:35:42.147572,12272.285,4406,Ring,motor_5_flexed,51.0,35.0625,6,31.0,30.0,29.0,30.0,30.0,29.0,31.0,30.0,30.0,32.0,32.0,51.0,48.0,42.0,44.0,42.0
2025-12-25T12:35:44.035503,12274.173,4406,Ring,motor_5_open,51.0,35.125,6,31.0,30.0,29.0,30.0,30.0,29.0,31.0,30.0,30.0,32.0,32.0,51.0,48.0,42.0,45.0,42.0
2025-12-25T12:35:44.931470,12275.07,4407,Ring,motor_6_flexed,51.0,35.125,6,31.0,30.0,29.0,30.0,30.0,29.0,31.0,30.0,30.0,32.0,32.0,51.0,48.0,42.0,45.0,42.0
2025-12-25T12:35:46.819402,12276.958,4407,Ring,motor_6_open,51.0,35.0625,6,31.0,30.0,29.0,30.0,30.0,29.0,31.0,30.0,30.0,32.0,32.0,51.0,48.0,42.0,44.0,42.0
2025-12-25T12:35:47.715376,12277.85,4408,Pinky,motor_7_flexed,51.0,35.125,6,31.0,30.0,29.0,30.0,30.0,29.0,31.0,30.0,30.0,32.0,32.0,51.0,48.0,42.0,45.0,42.0
2025-12-25T12:35:49.603300,12279.743,4408,Pinky,motor_7_open,51.0,35.125,6,31.0,30.0,29.0,30.0,30.0,29.0,31.0,30.0,30.0,32.0,32.0,51.0,48.0,42.0,45.0,42.0
2025-12-25T12:35:50.499269,12280.636,4409,Pinky,motor_8_flexed,51.0,35.0625,6,31.0,30.0,29.0,30.0,30.0,29.0,31.0,30.0,30.0,32.0,32.0,51.0,48.0,42.0,44.0,42.0
2025-12-25T12:35:52.387204,12282.521,4409,Pinky,motor_8_open,51.0,35.125,6,31.0,30.0,29.0,30.0,30.0,29.0,31.0,30.0,30.0,32.0,32.0,51.0,48.0,42.0,45.0,42.0
2025-12-25T12:35:53.283167,12283.419,4410,Pinky,motor_9_flexed,51.0,35.125,6,31.0,30.0,29.0,30.0,30.0,29.0,31.0,30.0,30.0,32.0,32.0,51.0,48.0,42.0,45.0,42.0
2025-12-25T12:35:55.171096,12285.309,4410,Pinky,motor_9_open,51.0,35.125,6,31.0,30.0,29.0,30.0,30.0,29.0,31.0,31.0,30.0,32.0,32.0,51.0,48.0,42.0,44.0,42.0
2025-12-25T12:35:56.067056,12286.203,4411,Thumb,motor_13_flexed,51.0,35.0625,6,31.0,30.0,29.0,30.0,30.0,29.0,31.0,30.0,30.0,32.0,32.0,51.0,48.0,42.0,44.0,42.0
2025-12-25T12:35:57.954987,12288.093,4411,Thumb,motor_13_open,51.0,35.125,6,31.0,30.0,29.0,30.0,30.0,29.0,31.0,30.0,30.0,32.0,32.0,51.0,48.0,42.0,45.0,42.0
2025-12-25T12:35:58.850959,12288.988,4412,Thumb,motor_14_flexed,51.0,35.0625,6,31.0,30.0,29.0,30.0,30.0,29.0,31.0,30.0,30.0,32.0,32.0,51.0,48.0,42.0,44.0,42.0
2025-12-25T12:36:00.738893,12290.876,4412,Thumb,motor_14_open,51.0,35.0625,6,31.0,30.0,29.0,30.0,30.0,29.0,31.0,30.0,30.0,32.0,32.0,51.0,48.0,42.0,44.0,42.0
2025-12-25T12:36:01.634866,12291.774,4413,Thumb,motor_12_flexed,51.0,35.125,6,31.0,30.0,29.0,30.0,30.0,29.0,31.0,30.0,30.0,32.0,32.0,51.0,48.0,42.0,45.0,42.0
2025-12-25T12:36:03.522788,12293.662,4413,Thumb,motor_12_open,51.0,35.0625,6,31.0,30.0,29.0,30.0,30.0,29.0,31.0,30.0,30.0,32.0,32.0,51.0,48.0,42.0,44.0,42.0
2025-12-25T12:36:04.418757,12294.554,4414,Index,motor_2_flexed,51.0,35.0625,6,31.0,30.0,29.0,30.0,30.0,29.0,31.0,30.0,30.0,32.0,32.0,51.0,48.0,42.0,44.0,42.0
2025-12-25T12:36:06.306689,12296.444,4414,Index,motor_2_open,51.0,35.0625,6,31.0,30.0,29.0,30.0,30.0,29.0,31.0,30.0,30.0,32.0,32.0,51.0,48.0,42.0,44.0,42.0
2025-12-25T12:36:07.202641,12297.339,4415,Index,motor_1_flexed,51.0,35.0625,6,31.0,30.0,29.0,30.0,30.0,29.0,31.0,30.0,30.0,32.0,32.0,51.0,48.0,42.0,45.0,41.0
2025-12-25T12:36:09.090574,12299.227,4415,Index,motor_1_open,51.0,35.125,6,31.0,30.0,29.0,30.0,30.0,29.0,31.0,30.0,30.0,32.0,32.0,51.0,48.0,42.0,45.0,42.0
2025-12-25T12:36:09.986541,12300.125,4416,Index,motor_3_flexed,51.0,35.125,6,31.0,30.0,29.0,30.0,30.0,29.0,31.0,30.0,30.0,32.0,32.0,51.0,48.0,42.0,45.0,42.0
2025-12-25T12:36:11.874480,12302.011,4416,Index,motor_3_open,51.0,35.0625,6,31.0,30.0,29.0,30.0,30.0,29.0,31.0,30.0,30.0,32.0,32.0,51.0,48.0,42.0,44.0,42.0
2025-12-25T12:36:12.770448,12302.906,4417,Middle,motor_11_flexed,51.0,35.0625,6,31.0,30.0,29.0,30.0,30.0,29.0,31.0,30.0,30.0,32.0,32.0,51.0,48.0,42.0,44.0,42.0
2025-12-25T12:36:14.658377,12304.797,4417,Middle,motor_11_open,51.0,35.0625,6,31.0,30.0,29.0,30.0,30.0,29.0,31.0,30.0,30.0,32.0,32.0,51.0,48.0,42.0,44.0,42.0
2025-12-25T12:36:15.554349,12305.69,4418,Middle,motor_10_flexed,51.0,35.0625,6,31.0,30.0,29.0,30.0,30.0,29.0,31.0,30.0,30.0,32.0,32.0,51.0,48.0,42.0,44.0,42.0
2025-12-25T12:36:17.442274,12307.581,4418,Middle,motor_10_open,51.0,35.0,6,31.0,30.0,29.0,30.0,30.0,29.0,31.0,30.0,30.0,32.0,32.0,51.0,48.0,42.0,44.0,41.0
2025-12-25T12:36:18.338242,12308.478,4419,Ring,motor_4_flexed,51.0,35.0,6,31.0,30.0,29.0,30.0,30.0,29.0,31.0,30.0,30.0,32.0,32.0,51.0,48.0,42.0,44.0,41.0
2025-12-25T12:36:20.226187,12310.363,4419,Ring,motor_4_open,51.0,35.0625,6,31.0,30.0,29.0,30.0,30.0,29.0,31.0,30.0,30.0,32.0,32.0,51.0,48.0,42.0,44.0,42.0
2025-12-25T12:36:21.122128,12311.258,4420,Ring,motor_5_flexed,51.0,35.0625,6,31.0,30.0,29.0,30.0,30.0,29.0,31.0,30.0,30.0,32.0,32.0,51.0,48.0,42.0,44.0,42.0
2025-12-25T12:36:23.010059,12313.148,4420,Ring,motor_5_open,51.0,35.0625,6,31.0,30.0,29.0,30.0,30.0,29.0,31.0,30.0,30.0,32.0,32.0,51.0,48.0,42.0,44.0,42.0
2025-12-25T12:36:23.906024,12314.043,4421,Ring,motor_6_flexed,51.0,35.0625,6,31.0,30.0,29.0,30.0,30.0,29.0,31.0,30.0,30.0,32.0,32.0,51.0,48.0,42.0,44.0,42.0
2025-12-25T12:36:25.793956,12315.933,4421,Ring,motor_6_open,51.0,35.0625,6,31.0,30.0,29.0,30.0,30.0,29.0,31.0,30.0,30.0,32.0,32.0,51.0,48.0,42.0,44.0,42.0
2025-12-25T12:36:26.689936,12316.827,4422,Pinky,motor_7_flexed,51.0,35.0625,6,31.0,30.0,29.0,30.0,30.0,29.0,31.0,30.0,30.0,32.0,32.0,51.0,48.0,42.0,44.0,42.0
2025-12-25T12:36:28.577861,12318.714,4422,Pinky,motor_7_open,51.0,35.0625,6,31.0,30.0,29.0,30.0,30.0,29.0,31.0,30.0,30.0,32.0,32.0,51.0,48.0,42.0,44.0,42.0
2025-12-25T12:36:29.473828,12319.609,4423,Pinky,motor_8_flexed,51.0,35.125,6,31.0,30.0,29.0,30.0,30.0,29.0,31.0,30.0,30.0,32.0,32.0,51.0,48.0,42.0,45.0,42.0
2025-12-25T12:36:31.361754,12321.497,4423,Pinky,motor_8_open,51.0,35.0625,6,31.0,30.0,29.0,30.0,30.0,29.0,31.0,30.0,30.0,32.0,32.0,51.0,48.0,42.0,44.0,42.0
2025-12-25T12:36:32.257721,12322.397,4424,Pinky,motor_9_flexed,51.0,35.0625,6,31.0,30.0,29.0,30.0,30.0,29.0,31.0,30.0,30.0,32.0,32.0,51.0,48.0,42.0,44.0,42.0
2025-12-25T12:36:34.145652,12324.286,4424,Pinky,motor_9_open,51.0,35.0625,6,31.0,30.0,29.0,30.0,30.0,29.0,31.0,30.0,30.0,32.0,32.0,51.0,48.0,42.0,44.0,42.0
2025-12-25T12:36:35.041617,12325.178,4425,Thumb,motor_13_flexed,51.0,35.0,6,31.0,30.0,29.0,30.0,30.0,29.0,31.0,30.0,30.0,32.0,32.0,51.0,48.0,42.0,44.0,41.0
2025-12-25T12:36:36.929546,12327.067,4425,Thumb,motor_13_open,51.0,35.0625,6,31.0,30.0,29.0,30.0,30.0,29.0,31.0,30.0,30.0,32.0,32.0,51.0,48.0,42.0,44.0,42.0
2025-12-25T12:36:37.825513,12327.963,4426,Thumb,motor_14_flexed,51.0,35.0,6,31.0,30.0,29.0,30.0,30.0,29.0,31.0,30.0,30.0,32.0,32.0,51.0,48.0,42.0,44.0,41.0
2025-12-25T12:36:39.713443,12329.848,4426,Thumb,motor_14_open,51.0,35.0625,6,31.0,30.0,29.0,30.0,30.0,29.0,31.0,30.0,30.0,32.0,32.0,51.0,48.0,42.0,44.0,42.0
2025-12-25T12:36:40.609409,12330.747,4427,Thumb,motor_12_flexed,51.0,35.0625,6,31.0,30.0,29.0,30.0,30.0,29.0,31.0,30.0,30.0,32.0,32.0,51.0,48.0,42.0,44.0,42.0
2025-12-25T12:36:42.497339,12332.632,4427,Thumb,motor_12_open,51.0,35.0625,6,31.0,30.0,29.0,30.0,30.0,29.0,31.0,30.0,30.0,32.0,32.0,51.0,48.0,42.0,45.0,41.0
2025-12-25T12:36:43.393306,12333.534,4428,Index,motor_2_flexed,51.0,35.125,6,31.0,30.0,29.0,30.0,30.0,29.0,31.0,30.0,30.0,32.0,32.0,51.0,48.0,42.0,45.0,42.0
2025-12-25T12:36:45.281236,12335.421,4428,Index,motor_2_open,51.0,35.0625,6,31.0,30.0,29.0,30.0,30.0,29.0,31.0,30.0,30.0,32.0,32.0,51.0,48.0,42.0,44.0,42.0
2025-12-25T12:36:46.177201,12336.315,4429,Index,motor_1_flexed,51.0,35.125,6,31.0,30.0,29.0,30.0,30.0,29.0,31.0,30.0,30.0,32.0,32.0,51.0,48.0,42.0,45.0,42.0
2025-12-25T12:36:48.065129,12338.202,4429,Index,motor_1_open,51.0,35.0625,6,31.0,30.0,29.0,30.0,30.0,29.0,31.0,30.0,30.0,32.0,32.0,51.0,48.0,42.0,44.0,42.0
2025-12-25T12:36:48.961095,12339.099,4430,Index,motor_3_flexed,51.0,35.0,6,31.0,30.0,29.0,30.0,30.0,29.0,31.0,30.0,30.0,32.0,32.0,51.0,48.0,42.0,44.0,41.0
2025-12-25T12:36:50.849024,12340.988,4430,Index,motor_3_open,51.0,35.0625,6,31.0,30.0,29.0,30.0,30.0,29.0,31.0,30.0,30.0,32.0,32.0,51.0,48.0,42.0,45.0,41.0
2025-12-25T12:36:51.744992,12341.883,4431,Middle,motor_11_flexed,51.0,35.0,6,31.0,30.0,29.0,30.0,30.0,29.0,31.0,30.0,30.0,32.0,32.0,51.0,48.0,42.0,44.0,41.0
2025-12-25T12:36:53.632912,12343.769,4431,Middle,motor_11_open,51.0,35.0625,6,31.0,30.0,29.0,30.0,30.0,29.0,31.0,30.0,30.0,32.0,32.0,51.0,48.0,42.0,45.0,41.0
2025-12-25T12:36:54.528879,12344.666,4432,Middle,motor_10_flexed,51.0,35.0625,6,31.0,30.0,29.0,30.0,30.0,29.0,31.0,30.0,30.0,32.0,32.0,51.0,48.0,42.0,44.0,42.0
2025-12-25T12:36:56.416807,12346.556,4432,Middle,motor_10_open,51.0,35.0,6,31.0,30.0,29.0,30.0,30.0,29.0,31.0,30.0,30.0,32.0,32.0,51.0,48.0,42.0,44.0,41.0
2025-12-25T12:36:57.312782,12347.451,4433,Ring,motor_4_flexed,51.0,35.0625,6,31.0,30.0,29.0,30.0,30.0,29.0,31.0,30.0,30.0,32.0,32.0,51.0,48.0,42.0,44.0,42.0
2025-12-25T12:36:59.200708,12349.339,4433,Ring,motor_4_open,51.0,35.0625,6,31.0,30.0,29.0,30.0,30.0,29.0,31.0,30.0,30.0,32.0,32.0,51.0,48.0,42.0,44.0,42.0
2025-12-25T12:37:00.096679,12350.235,4434,Ring,motor_5_flexed,51.0,35.125,6,31.0,30.0,29.0,30.0,30.0,29.0,31.0,30.0,30.0,32.0,32.0,51.0,48.0,42.0,45.0,42.0
2025-12-25T12:37:01.984605,12352.124,4434,Ring,motor_5_open,51.0,35.125,6,31.0,30.0,29.0,30.0,30.0,29.0,31.0,30.0,30.0,32.0,32.0,51.0,48.0,42.0,45.0,42.0
2025-12-25T12:37:02.880565,12353.018,4435,Ring,motor_6_flexed,51.0,35.0,6,31.0,30.0,29.0,30.0,30.0,29.0,31.0,30.0,30.0,32.0,32.0,51.0,48.0,42.0,44.0,41.0
2025-12-25T12:37:04.768506,12354.907,4435,Ring,motor_6_open,51.0,35.125,6,31.0,30.0,29.0,30.0,30.0,29.0,31.0,30.0,30.0,32.0,32.0,51.0,48.0,42.0,45.0,42.0
2025-12-25T12:37:05.664471,12355.8,4436,Pinky,motor_7_flexed,51.0,35.0625,6,31.0,30.0,29.0,30.0,30.0,29.0,31.0,30.0,30.0,32.0,32.0,51.0,48.0,42.0,44.0,42.0
2025-12-25T12:37:07.552396,12357.693,4436,Pinky,motor_7_open,51.0,35.0625,6,31.0,30.0,29.0,30.0,30.0,29.0,31.0,30.0,30.0,32.0,32.0,51.0,48.0,42.0,45.0,41.0
2025-12-25T12:37:08.448368,12358.588,4437,Pinky,motor_8_flexed,51.0,35.0625,6,31.0,30.0,29.0,30.0,30.0,29.0,31.0,30.0,30.0,32.0,32.0,51.0,48.0,42.0,44.0,42.0
2025-12-25T12:37:10.032301,12360.174,4437,Pinky,motor_8_flex_hold,51.0,35.125,6,31.0,30.0,29.0,31.0,30.0,29.0,31.0,30.0,30.0,32.0,32.0,51.0,48.0,42.0,44.0,42.0
2025-12-25T12:37:10.432286,12360.571,4437,Pinky,motor_8_open,51.0,35.0625,6,31.0,30.0,29.0,30.0,30.0,29.0,31.0,30.0,30.0,32.0,32.0,51.0,48.0,42.0,44.0,42.0
2025-12-25T12:37:11.328251,12361.465,4438,Pinky,motor_9_flexed,51.0,35.125,6,31.0,30.0,29.0,30.0,30.0,29.0,31.0,30.0,30.0,32.0,32.0,51.0,48.0,42.0,45.0,42.0
2025-12-25T12:37:13.216196,12363.353,4438,Pinky,motor_9_open,51.0,35.0625,6,31.0,30.0,29.0,30.0,30.0,29.0,31.0,30.0,30.0,32.0,32.0,51.0,48.0,42.0,44.0,42.0
2025-12-25T12:37:14.112145,12364.252,4439,Thumb,motor_13_flexed,51.0,35.0625,6,31.0,30.0,29.0,30.0,30.0,29.0,31.0,30.0,30.0,32.0,32.0,51.0,48.0,42.0,44.0,42.0
2025-12-25T12:37:16.000076,12366.14,4439,Thumb,motor_13_open,51.0,35.125,6,31.0,30.0,29.0,30.0,30.0,29.0,31.0,30.0,30.0,32.0,32.0,51.0,48.0,42.0,45.0,42.0
2025-12-25T12:37:16.896041,12367.034,4440,Thumb,motor_14_flexed,51.0,35.0625,6,31.0,30.0,29.0,30.0,30.0,29.0,31.0,30.0,30.0,32.0,32.0,51.0,48.0,42.0,44.0,42.0
2025-12-25T12:37:18.784021,12368.919,4440,Thumb,motor_14_open,51.0,35.0625,6,31.0,30.0,29.0,30.0,30.0,29.0,31.0,30.0,30.0,32.0,32.0,51.0,48.0,42.0,44.0,42.0
2025-12-25T12:37:19.679932,12369.819,4441,Thumb,motor_12_flexed,51.0,35.0625,6,31.0,30.0,29.0,30.0,30.0,29.0,31.0,30.0,30.0,32.0,32.0,51.0,48.0,42.0,44.0,42.0
2025-12-25T12:37:21.567862,12371.707,4441,Thumb,motor_12_open,51.0,35.125,6,31.0,30.0,29.0,30.0,30.0,29.0,31.0,30.0,30.0,32.0,32.0,51.0,48.0,42.0,45.0,42.0
2025-12-25T12:37:22.463845,12372.602,4442,Index,motor_2_flexed,51.0,35.125,6,31.0,30.0,29.0,30.0,30.0,29.0,31.0,30.0,30.0,32.0,32.0,51.0,48.0,42.0,44.0,43.0
2025-12-25T12:37:24.351758,12374.49,4442,Index,motor_2_open,51.0,35.0625,6,31.0,30.0,29.0,30.0,30.0,29.0,31.0,30.0,30.0,32.0,32.0,51.0,48.0,42.0,44.0,42.0
2025-12-25T12:37:25.247721,12375.387,4443,Index,motor_1_flexed,51.0,35.0625,6,31.0,30.0,29.0,30.0,30.0,29.0,31.0,30.0,30.0,32.0,32.0,51.0,48.0,42.0,44.0,42.0
2025-12-25T12:37:27.135652,12377.272,4443,Index,motor_1_open,51.0,35.0625,6,31.0,30.0,29.0,30.0,30.0,29.0,31.0,30.0,30.0,32.0,32.0,51.0,48.0,42.0,44.0,42.0
2025-12-25T12:37:28.031617,12378.172,4444,Index,motor_3_flexed,51.0,35.0625,6,31.0,30.0,29.0,30.0,30.0,29.0,31.0,30.0,30.0,32.0,32.0,51.0,48.0,42.0,44.0,42.0
2025-12-25T12:37:29.919542,12380.057,4444,Index,motor_3_open,51.0,35.0625,6,31.0,30.0,29.0,30.0,30.0,29.0,31.0,30.0,30.0,32.0,32.0,51.0,48.0,42.0,44.0,42.0
2025-12-25T12:37:30.815511,12380.955,4445,Middle,motor_11_flexed,51.0,35.0625,6,31.0,30.0,29.0,30.0,30.0,29.0,31.0,30.0,30.0,32.0,32.0,51.0,48.0,42.0,44.0,42.0
2025-12-25T12:37:32.703437,12382.843,4445,Middle,motor_11_open,51.0,35.125,6,31.0,30.0,29.0,30.0,30.0,29.0,31.0,30.0,30.0,32.0,32.0,51.0,48.0,42.0,45.0,42.0
2025-12-25T12:37:33.599403,12383.737,4446,Middle,motor_10_flexed,51.0,35.0625,6,31.0,30.0,29.0,30.0,30.0,29.0,31.0,30.0,30.0,32.0,32.0,51.0,48.0,42.0,44.0,42.0
2025-12-25T12:37:35.487331,12385.624,4446,Middle,motor_10_open,51.0,35.0625,6,31.0,30.0,29.0,30.0,30.0,29.0,31.0,30.0,30.0,32.0,32.0,51.0,48.0,42.0,44.0,42.0
2025-12-25T12:37:36.383296,12386.521,4447,Ring,motor_4_flexed,51.0,35.125,6,31.0,30.0,29.0,30.0,30.0,29.0,31.0,30.0,30.0,32.0,32.0,51.0,48.0,42.0,45.0,42.0
2025-12-25T12:37:38.271223,12388.412,4447,Ring,motor_4_open,51.0,35.0625,6,31.0,30.0,29.0,30.0,30.0,29.0,31.0,30.0,30.0,32.0,32.0,51.0,48.0,42.0,44.0,42.0
2025-12-25T12:37:39.167187,12389.305,4448,Ring,motor_5_flexed,51.0,35.0625,6,31.0,30.0,29.0,30.0,30.0,29.0,31.0,30.0,30.0,32.0,32.0,51.0,48.0,42.0,44.0,42.0
2025-12-25T12:37:41.055119,12391.192,4448,Ring,motor_5_open,51.0,35.0625,6,31.0,30.0,29.0,30.0,30.0,29.0,31.0,30.0,30.0,32.0,32.0,51.0,48.0,42.0,44.0,42.0
2025-12-25T12:37:41.951084,12392.09,4449,Ring,motor_6_flexed,51.0,35.0625,6,31.0,30.0,29.0,30.0,30.0,29.0,31.0,30.0,30.0,32.0,32.0,51.0,48.0,42.0,44.0,42.0
2025-12-25T12:37:43.839009,12393.975,4449,Ring,motor_6_open,51.0,35.0625,6,31.0,30.0,29.0,30.0,30.0,29.0,31.0,30.0,30.0,32.0,32.0,51.0,48.0,42.0,44.0,42.0
2025-12-25T12:37:44.734967,12394.873,4450,Pinky,motor_7_flexed,51.0,35.0,6,31.0,30.0,29.0,30.0,30.0,29.0,31.0,30.0,30.0,32.0,32.0,51.0,48.0,42.0,44.0,41.0
2025-12-25T12:37:46.622903,12396.759,4450,Pinky,motor_7_open,51.0,35.0625,6,31.0,30.0,29.0,30.0,30.0,29.0,31.0,30.0,30.0,32.0,32.0,51.0,48.0,42.0,44.0,42.0
2025-12-25T12:37:47.518868,12397.653,4451,Pinky,motor_8_flexed,51.0,35.0,6,31.0,30.0,29.0,30.0,30.0,29.0,31.0,30.0,30.0,32.0,32.0,51.0,48.0,42.0,44.0,41.0
2025-12-25T12:37:49.406797,12399.543,4451,Pinky,motor_8_open,51.0,35.0625,6,31.0,30.0,29.0,30.0,30.0,29.0,31.0,30.0,30.0,32.0,32.0,51.0,48.0,42.0,44.0,42.0
2025-12-25T12:37:50.302762,12400.44,4452,Pinky,motor_9_flexed,51.0,35.0625,6,31.0,30.0,29.0,30.0,30.0,29.0,31.0,30.0,30.0,32.0,32.0,51.0,48.0,42.0,44.0,42.0
2025-12-25T12:37:52.190692,12402.326,4452,Pinky,motor_9_open,51.0,35.0,6,31.0,30.0,29.0,30.0,30.0,29.0,31.0,30.0,30.0,32.0,32.0,51.0,48.0,42.0,44.0,41.0
2025-12-25T12:37:53.086653,12403.222,4453,Thumb,motor_13_flexed,51.0,35.0,6,31.0,30.0,29.0,30.0,30.0,29.0,31.0,30.0,30.0,32.0,32.0,51.0,48.0,42.0,45.0,40.0
2025-12-25T12:37:54.974582,12405.113,4453,Thumb,motor_13_open,51.0,35.0625,6,31.0,30.0,29.0,30.0,30.0,29.0,31.0,30.0,30.0,32.0,32.0,51.0,48.0,42.0,44.0,42.0
2025-12-25T12:37:55.870547,12406.009,4454,Thumb,motor_14_flexed,51.0,35.0625,6,31.0,30.0,29.0,30.0,30.0,29.0,31.0,30.0,30.0,32.0,32.0,51.0,48.0,42.0,44.0,42.0
2025-12-25T12:37:57.758475,12407.898,4454,Thumb,motor_14_open,51.0,35.0625,6,31.0,30.0,29.0,30.0,30.0,29.0,31.0,30.0,30.0,32.0,32.0,51.0,48.0,42.0,44.0,42.0
2025-12-25T12:37:58.654440,12408.791,4455,Thumb,motor_12_flexed,51.0,35.0625,6,31.0,30.0,29.0,30.0,30.0,29.0,31.0,30.0,30.0,32.0,32.0,51.0,48.0,42.0,44.0,42.0
2025-12-25T12:38:00.542355,12410.677,4455,Thumb,motor_12_open,51.0,35.0,6,31.0,30.0,29.0,30.0,30.0,29.0,31.0,30.0,30.0,32.0,32.0,51.0,48.0,42.0,44.0,41.0
2025-12-25T12:38:01.438334,12411.575,4456,Index,motor_2_flexed,51.0,35.125,6,31.0,30.0,29.0,30.0,30.0,29.0,31.0,30.0,30.0,32.0,32.0,51.0,48.0,42.0,45.0,42.0
2025-12-25T12:38:03.326260,12413.465,4456,Index,motor_2_open,51.0,35.0625,6,31.0,30.0,29.0,30.0,30.0,29.0,31.0,30.0,30.0,32.0,32.0,51.0,48.0,42.0,44.0,42.0
2025-12-25T12:38:04.222226,12414.358,4457,Index,motor_1_flexed,51.0,35.0625,6,31.0,30.0,29.0,30.0,30.0,29.0,31.0,30.0,30.0,32.0,32.0,51.0,48.0,42.0,44.0,42.0
2025-12-25T12:38:06.110160,12416.247,4457,Index,motor_1_open,51.0,35.125,6,31.0,30.0,29.0,30.0,30.0,29.0,31.0,30.0,30.0,32.0,32.0,51.0,48.0,42.0,44.0,43.0
2025-12-25T12:38:07.006119,12417.144,4458,Index,motor_3_flexed,51.0,35.0625,6,31.0,30.0,29.0,30.0,30.0,29.0,31.0,30.0,30.0,32.0,32.0,51.0,48.0,42.0,44.0,42.0
2025-12-25T12:38:08.894045,12419.034,4458,Index,motor_3_open,51.0,35.0625,6,31.0,30.0,29.0,30.0,30.0,29.0,31.0,30.0,30.0,32.0,32.0,51.0,48.0,42.0,44.0,42.0
2025-12-25T12:38:09.790007,12419.926,4459,Middle,motor_11_flexed,51.0,35.0,6,31.0,30.0,29.0,30.0,30.0,29.0,31.0,30.0,30.0,32.0,32.0,51.0,48.0,42.0,44.0,41.0
2025-12-25T12:38:10.877973,12421.016,4459,Middle,motor_11_flex_hold,51.0,35.0625,6,31.0,30.0,29.0,30.0,30.0,29.0,31.0,30.0,30.0,32.0,32.0,51.0,48.0,42.0,44.0,42.0
2025-12-25T12:38:11.677938,12421.814,4459,Middle,motor_11_open,51.0,35.1875,6,31.0,30.0,29.0,30.0,30.0,29.0,31.0,30.0,30.0,32.0,32.0,51.0,48.0,42.0,45.0,43.0
2025-12-25T12:38:12.573900,12422.71,4460,Middle,motor_10_flexed,51.0,35.0,6,31.0,30.0,29.0,30.0,30.0,29.0,31.0,30.0,30.0,32.0,32.0,51.0,48.0,42.0,43.0,42.0
2025-12-25T12:38:14.461817,12424.599,4460,Middle,motor_10_open,51.0,35.0625,6,31.0,30.0,29.0,30.0,30.0,29.0,31.0,30.0,30.0,32.0,32.0,51.0,48.0,42.0,44.0,42.0
2025-12-25T12:38:15.357793,12425.495,4461,Ring,motor_4_flexed,51.0,35.125,6,31.0,30.0,29.0,30.0,30.0,29.0,31.0,30.0,30.0,32.0,32.0,51.0,48.0,42.0,45.0,42.0
2025-12-25T12:38:17.245720,12427.384,4461,Ring,motor_4_open,51.0,35.0625,6,31.0,30.0,29.0,30.0,30.0,29.0,31.0,30.0,30.0,32.0,32.0,51.0,48.0,42.0,44.0,42.0
2025-12-25T12:38:18.141683,12428.281,4462,Ring,motor_5_flexed,51.0,35.0625,6,31.0,30.0,29.0,30.0,30.0,29.0,31.0,30.0,30.0,32.0,32.0,51.0,48.0,42.0,44.0,42.0
2025-12-25T12:38:20.029623,12430.167,4462,Ring,motor_5_open,51.0,35.0625,6,31.0,30.0,29.0,30.0,30.0,29.0,31.0,30.0,30.0,32.0,32.0,51.0,48.0,42.0,44.0,42.0
2025-12-25T12:38:20.925575,12431.057,4463,Ring,motor_6_flexed,51.0,35.0625,6,31.0,30.0,29.0,30.0,30.0,29.0,31.0,30.0,30.0,32.0,32.0,51.0,48.0,42.0,44.0,42.0
2025-12-25T12:38:22.813489,12432.945,4463,Ring,motor_6_open,51.0,35.0625,6,31.0,30.0,29.0,30.0,30.0,29.0,31.0,30.0,30.0,32.0,32.0,51.0,48.0,42.0,44.0,42.0
2025-12-25T12:38:23.709454,12433.84,4464,Pinky,motor_7_flexed,51.0,35.0,6,31.0,30.0,29.0,30.0,30.0,29.0,31.0,30.0,30.0,32.0,32.0,51.0,48.0,42.0,44.0,41.0
2025-12-25T12:38:25.597383,12435.734,4464,Pinky,motor_7_open,51.0,35.0,6,31.0,30.0,29.0,30.0,30.0,29.0,31.0,30.0,30.0,32.0,32.0,51.0,48.0,42.0,44.0,41.0
2025-12-25T12:38:26.493350,12436.63,4465,Pinky,motor_8_flexed,51.0,35.0625,6,31.0,30.0,29.0,30.0,30.0,29.0,31.0,30.0,30.0,32.0,32.0,51.0,48.0,42.0,44.0,42.0
2025-12-25T12:38:28.381287,12438.517,4465,Pinky,motor_8_open,51.0,35.0,6,31.0,30.0,29.0,30.0,30.0,29.0,31.0,30.0,30.0,32.0,32.0,51.0,48.0,42.0,44.0,41.0
2025-12-25T12:38:29.277265,12439.414,4466,Pinky,motor_9_flexed,51.0,35.0625,6,31.0,30.0,29.0,30.0,30.0,29.0,31.0,30.0,30.0,32.0,32.0,51.0,48.0,42.0,44.0,42.0
2025-12-25T12:38:31.165169,12441.302,4466,Pinky,motor_9_open,51.0,35.0,6,31.0,30.0,29.0,30.0,30.0,29.0,31.0,30.0,30.0,32.0,32.0,51.0,48.0,42.0,44.0,41.0
2025-12-25T12:38:32.061133,12442.198,4467,Thumb,motor_13_flexed,51.0,35.0625,6,31.0,30.0,29.0,30.0,30.0,29.0,31.0,30.0,30.0,32.0,32.0,51.0,48.0,42.0,44.0,42.0
2025-12-25T12:38:33.949088,12444.089,4467,Thumb,motor_13_open,51.0,35.125,6,31.0,30.0,29.0,30.0,30.0,29.0,31.0,30.0,30.0,32.0,32.0,51.0,48.0,42.0,44.0,43.0
2025-12-25T12:38:34.845035,12444.982,4468,Thumb,motor_14_flexed,51.0,35.0625,6,31.0,30.0,29.0,30.0,30.0,29.0,31.0,30.0,30.0,32.0,32.0,51.0,48.0,42.0,44.0,42.0
2025-12-25T12:38:36.732958,12446.87,4468,Thumb,motor_14_open,51.0,35.0,6,31.0,30.0,29.0,30.0,30.0,29.0,31.0,30.0,30.0,32.0,32.0,51.0,48.0,42.0,44.0,41.0
2025-12-25T12:38:37.628925,12447.766,4469,Thumb,motor_12_flexed,51.0,35.0625,6,31.0,30.0,29.0,30.0,30.0,29.0,31.0,30.0,30.0,32.0,32.0,51.0,48.0,42.0,44.0,42.0
2025-12-25T12:38:39.516853,12449.657,4469,Thumb,motor_12_open,51.0,35.0625,6,31.0,30.0,29.0,30.0,30.0,29.0,31.0,30.0,30.0,32.0,32.0,51.0,48.0,42.0,44.0,42.0
2025-12-25T12:38:40.412814,12450.551,4470,Index,motor_2_flexed,51.0,35.0625,6,31.0,30.0,29.0,30.0,30.0,29.0,31.0,30.0,30.0,32.0,32.0,51.0,48.0,42.0,44.0,42.0
2025-12-25T12:38:42.300743,12452.439,4470,Index,motor_2_open,51.0,35.0625,6,31.0,30.0,29.0,30.0,30.0,29.0,31.0,30.0,30.0,32.0,32.0,51.0,48.0,42.0,44.0,42.0
2025-12-25T12:38:43.196711,12453.328,4471,Index,motor_1_flexed,51.0,35.0625,6,31.0,30.0,29.0,30.0,30.0,29.0,31.0,30.0,30.0,32.0,32.0,51.0,48.0,42.0,44.0,42.0
2025-12-25T12:38:45.084622,12455.22,4471,Index,motor_1_open,51.0,35.0625,6,31.0,30.0,29.0,30.0,30.0,29.0,31.0,30.0,30.0,32.0,32.0,51.0,48.0,42.0,44.0,42.0
2025-12-25T12:38:45.980614,12456.118,4472,Index,motor_3_flexed,51.0,35.0625,6,31.0,30.0,29.0,30.0,30.0,29.0,31.0,30.0,30.0,32.0,32.0,51.0,48.0,42.0,44.0,42.0
2025-12-25T12:38:47.868523,12458.008,4472,Index,motor_3_open,51.0,35.0625,6,31.0,30.0,29.0,30.0,30.0,29.0,31.0,30.0,30.0,32.0,32.0,51.0,48.0,42.0,45.0,41.0
2025-12-25T12:38:48.764484,12458.904,4473,Middle,motor_11_flexed,51.0,35.0625,6,31.0,30.0,29.0,30.0,30.0,29.0,31.0,30.0,30.0,32.0,32.0,51.0,48.0,42.0,44.0,42.0
2025-12-25T12:38:50.652417,12460.794,4473,Middle,motor_11_open,51.0,35.125,6,31.0,30.0,29.0,30.0,30.0,29.0,31.0,30.0,30.0,32.0,32.0,51.0,48.0,42.0,45.0,42.0
2025-12-25T12:38:51.548380,12461.684,4474,Middle,motor_10_flexed,51.0,35.125,6,31.0,30.0,29.0,30.0,30.0,29.0,31.0,30.0,30.0,32.0,32.0,51.0,48.0,42.0,45.0,42.0
2025-12-25T12:38:53.436305,12463.573,4474,Middle,motor_10_open,51.0,35.0625,6,31.0,30.0,29.0,30.0,30.0,29.0,31.0,30.0,30.0,32.0,32.0,51.0,48.0,42.0,44.0,42.0
2025-12-25T12:38:54.332263,12464.47,4475,Ring,motor_4_flexed,51.0,35.125,6,31.0,30.0,29.0,30.0,30.0,29.0,31.0,30.0,30.0,32.0,32.0,51.0,48.0,42.0,45.0,42.0
2025-12-25T12:38:56.220196,12466.361,4475,Ring,motor_4_open,51.0,35.0625,6,31.0,30.0,29.0,30.0,30.0,29.0,31.0,30.0,30.0,32.0,32.0,51.0,48.0,42.0,44.0,42.0
2025-12-25T12:38:57.116162,12467.257,4476,Ring,motor_5_flexed,51.0,35.0625,6,31.0,30.0,29.0,30.0,30.0,29.0,31.0,30.0,30.0,32.0,32.0,51.0,48.0,42.0,45.0,41.0
2025-12-25T12:38:59.004086,12469.143,4476,Ring,motor_5_open,51.0,35.0625,6,31.0,30.0,29.0,30.0,30.0,29.0,31.0,30.0,30.0,32.0,32.0,51.0,48.0,42.0,44.0,42.0
2025-12-25T12:38:59.900051,12470.038,4477,Ring,motor_6_flexed,51.0,35.0,6,31.0,30.0,29.0,30.0,30.0,29.0,31.0,30.0,30.0,32.0,32.0,51.0,48.0,42.0,44.0,41.0
2025-12-25T12:39:01.787973,12471.93,4477,Ring,motor_6_open,51.0,35.0625,6,31.0,30.0,29.0,30.0,30.0,29.0,31.0,30.0,30.0,32.0,32.0,51.0,48.0,42.0,44.0,42.0
2025-12-25T12:39:02.683939,12472.824,4478,Pinky,motor_7_flexed,51.0,35.0625,6,31.0,30.0,29.0,30.0,30.0,29.0,31.0,30.0,30.0,32.0,32.0,51.0,48.0,42.0,44.0,42.0
2025-12-25T12:39:04.571863,12474.71,4478,Pinky,motor_7_open,51.0,35.0625,6,31.0,30.0,29.0,30.0,30.0,29.0,31.0,30.0,30.0,32.0,32.0,51.0,48.0,42.0,44.0,42.0
2025-12-25T12:39:05.467831,12475.605,4479,Pinky,motor_8_flexed,51.0,35.0,6,31.0,30.0,29.0,30.0,30.0,29.0,31.0,30.0,30.0,32.0,32.0,51.0,48.0,42.0,43.0,42.0
2025-12-25T12:39:07.355757,12477.492,4479,Pinky,motor_8_open,51.0,35.0,6,31.0,30.0,29.0,30.0,30.0,29.0,31.0,30.0,30.0,32.0,32.0,51.0,48.0,42.0,44.0,41.0
2025-12-25T12:39:08.251725,12478.383,4480,Pinky,motor_9_flexed,51.0,35.0625,6,31.0,30.0,29.0,30.0,30.0,29.0,31.0,30.0,30.0,32.0,32.0,51.0,48.0,42.0,44.0,42.0
2025-12-25T12:39:10.139656,12480.275,4480,Pinky,motor_9_open,51.0,35.125,6,31.0,30.0,29.0,30.0,30.0,29.0,31.0,30.0,30.0,32.0,32.0,51.0,48.0,42.0,45.0,42.0
2025-12-25T12:39:11.035620,12481.166,4481,Thumb,motor_13_flexed,51.0,35.0625,6,31.0,30.0,29.0,30.0,30.0,29.0,31.0,30.0,30.0,32.0,32.0,51.0,48.0,42.0,44.0,42.0
2025-12-25T12:39:12.923544,12483.055,4481,Thumb,motor_13_open,51.0,35.0625,6,31.0,30.0,29.0,30.0,30.0,29.0,31.0,30.0,30.0,32.0,32.0,51.0,48.0,42.0,44.0,42.0
2025-12-25T12:39:13.819509,12483.957,4482,Thumb,motor_14_flexed,51.0,35.0625,6,31.0,30.0,29.0,30.0,30.0,29.0,31.0,30.0,30.0,32.0,32.0,51.0,48.0,42.0,44.0,42.0
2025-12-25T12:39:15.707449,12485.847,4482,Thumb,motor_14_open,51.0,35.125,6,31.0,30.0,29.0,30.0,30.0,29.0,31.0,30.0,30.0,32.0,32.0,51.0,48.0,42.0,45.0,42.0
2025-12-25T12:39:16.603412,12486.739,4483,Thumb,motor_12_flexed,51.0,35.0,6,31.0,30.0,29.0,30.0,30.0,29.0,31.0,30.0,30.0,32.0,32.0,51.0,48.0,42.0,44.0,41.0
2025-12-25T12:39:18.491339,12488.629,4483,Thumb,motor_12_open,51.0,35.0625,6,31.0,30.0,29.0,30.0,30.0,29.0,31.0,30.0,30.0,32.0,32.0,51.0,48.0,42.0,44.0,42.0
2025-12-25T12:39:19.387302,12489.526,4484,Index,motor_2_flexed,51.0,35.0,6,31.0,30.0,29.0,30.0,30.0,29.0,31.0,30.0,30.0,32.0,32.0,51.0,48.0,42.0,44.0,41.0
2025-12-25T12:39:21.275229,12491.413,4484,Index,motor_2_open,51.0,35.0625,6,31.0,30.0,29.0,30.0,30.0,29.0,31.0,30.0,30.0,32.0,32.0,51.0,48.0,42.0,45.0,41.0
2025-12-25T12:39:22.171175,12492.308,4485,Index,motor_1_flexed,51.0,35.0625,6,31.0,30.0,29.0,30.0,30.0,29.0,31.0,30.0,30.0,32.0,32.0,51.0,48.0,42.0,44.0,42.0
2025-12-25T12:39:24.059097,12494.198,4485,Index,motor_1_open,51.0,35.0625,6,31.0,30.0,29.0,30.0,30.0,29.0,31.0,30.0,30.0,32.0,32.0,51.0,48.0,42.0,44.0,42.0
2025-12-25T12:39:24.955058,12495.093,4486,Index,motor_3_flexed,51.0,35.0625,6,31.0,30.0,29.0,30.0,30.0,29.0,31.0,30.0,30.0,32.0,32.0,51.0,48.0,42.0,44.0,42.0
2025-12-25T12:39:26.842992,12496.983,4486,Index,motor_3_open,51.0,35.125,6,31.0,30.0,29.0,30.0,30.0,29.0,31.0,30.0,30.0,32.0,32.0,51.0,48.0,42.0,45.0,42.0
2025-12-25T12:39:27.738950,12497.878,4487,Middle,motor_11_flexed,51.0,35.0625,6,31.0,30.0,29.0,30.0,30.0,29.0,31.0,30.0,30.0,32.0,32.0,51.0,48.0,42.0,44.0,42.0
2025-12-25T12:39:29.626875,12499.762,4487,Middle,motor_11_open,51.0,35.0625,6,31.0,30.0,29.0,30.0,30.0,29.0,31.0,30.0,30.0,32.0,32.0,51.0,48.0,42.0,44.0,42.0
2025-12-25T12:39:30.522827,12500.661,4488,Middle,motor_10_flexed,51.0,35.0625,6,31.0,30.0,29.0,30.0,30.0,29.0,31.0,30.0,30.0,32.0,32.0,51.0,48.0,42.0,44.0,42.0
2025-12-25T12:39:32.410751,12502.544,4488,Middle,motor_10_open,51.0,35.0625,6,31.0,30.0,29.0,30.0,30.0,29.0,31.0,30.0,30.0,32.0,32.0,51.0,48.0,42.0,44.0,42.0
2025-12-25T12:39:33.306716,12503.442,4489,Ring,motor_4_flexed,51.0,35.0625,6,31.0,30.0,29.0,30.0,30.0,29.0,31.0,30.0,30.0,32.0,32.0,51.0,48.0,42.0,44.0,42.0
2025-12-25T12:39:35.194641,12505.33,4489,Ring,motor_4_open,51.0,35.0625,6,31.0,30.0,29.0,30.0,30.0,29.0,31.0,30.0,30.0,32.0,32.0,51.0,48.0,42.0,45.0,41.0
2025-12-25T12:39:36.090613,12506.228,4490,Ring,motor_5_flexed,51.0,35.0625,6,31.0,30.0,29.0,30.0,30.0,29.0,31.0,30.0,30.0,32.0,32.0,51.0,48.0,42.0,44.0,42.0
2025-12-25T12:39:37.978559,12508.114,4490,Ring,motor_5_open,51.0,35.0,6,31.0,30.0,29.0,30.0,30.0,29.0,31.0,30.0,30.0,32.0,32.0,51.0,48.0,42.0,44.0,41.0
2025-12-25T12:39:38.874528,12509.011,4491,Ring,motor_6_flexed,51.0,35.0625,6,31.0,30.0,29.0,30.0,30.0,29.0,31.0,30.0,30.0,32.0,32.0,51.0,48.0,42.0,44.0,42.0
2025-12-25T12:39:40.762449,12510.9,4491,Ring,motor_6_open,51.0,35.125,6,31.0,30.0,29.0,30.0,30.0,29.0,31.0,30.0,30.0,32.0,32.0,51.0,48.0,42.0,45.0,42.0
2025-12-25T12:39:41.658412,12511.797,4492,Pinky,motor_7_flexed,51.0,35.0625,6,31.0,30.0,29.0,30.0,30.0,29.0,31.0,30.0,30.0,32.0,32.0,51.0,48.0,42.0,44.0,42.0
2025-12-25T12:39:43.546340,12513.687,4492,Pinky,motor_7_open,51.0,35.0625,6,31.0,30.0,29.0,30.0,30.0,29.0,31.0,30.0,30.0,32.0,32.0,51.0,48.0,42.0,44.0,42.0
2025-12-25T12:39:44.442300,12514.583,4493,Pinky,motor_8_flexed,51.0,35.0625,6,31.0,30.0,29.0,30.0,30.0,29.0,31.0,30.0,30.0,32.0,32.0,51.0,48.0,42.0,44.0,42.0
2025-12-25T12:39:46.330228,12516.467,4493,Pinky,motor_8_open,51.0,35.0,6,31.0,30.0,29.0,30.0,30.0,29.0,31.0,30.0,30.0,32.0,32.0,51.0,48.0,42.0,44.0,41.0
2025-12-25T12:39:47.226191,12517.364,4494,Pinky,motor_9_flexed,51.0,35.125,6,31.0,30.0,29.0,31.0,30.0,29.0,31.0,30.0,30.0,32.0,32.0,51.0,48.0,42.0,44.0,42.0
2025-12-25T12:39:49.114101,12519.255,4494,Pinky,motor_9_open,51.0,35.0625,6,31.0,30.0,29.0,30.0,30.0,29.0,31.0,30.0,30.0,32.0,32.0,51.0,48.0,42.0,44.0,42.0
2025-12-25T12:39:50.010097,12520.15,4495,Thumb,motor_13_flexed,51.0,35.0625,6,31.0,30.0,29.0,30.0,30.0,29.0,31.0,30.0,30.0,32.0,32.0,51.0,48.0,42.0,44.0,42.0
2025-12-25T12:39:51.898012,12522.037,4495,Thumb,motor_13_open,51.0,35.0625,6,31.0,30.0,29.0,30.0,30.0,29.0,31.0,30.0,30.0,32.0,32.0,51.0,48.0,42.0,44.0,42.0
2025-12-25T12:39:52.793938,12522.931,4496,Thumb,motor_14_flexed,51.0,35.0625,6,31.0,30.0,29.0,30.0,30.0,29.0,31.0,30.0,30.0,32.0,32.0,51.0,48.0,42.0,44.0,42.0
2025-12-25T12:39:54.681892,12524.819,4496,Thumb,motor_14_open,51.0,35.0625,6,31.0,30.0,29.0,30.0,30.0,29.0,31.0,30.0,30.0,32.0,32.0,51.0,48.0,42.0,44.0,42.0
2025-12-25T12:39:55.577839,12525.715,4497,Thumb,motor_12_flexed,51.0,35.0625,6,31.0,30.0,29.0,30.0,30.0,29.0,31.0,30.0,30.0,32.0,32.0,51.0,48.0,42.0,44.0,42.0
2025-12-25T12:39:57.465753,12527.603,4497,Thumb,motor_12_open,51.0,35.0625,6,31.0,30.0,29.0,30.0,30.0,29.0,31.0,30.0,30.0,32.0,32.0,51.0,48.0,42.0,44.0,42.0
2025-12-25T12:39:58.361718,12528.498,4498,Index,motor_2_flexed,51.0,35.0625,6,31.0,30.0,29.0,30.0,30.0,29.0,31.0,30.0,30.0,32.0,32.0,51.0,48.0,42.0,44.0,42.0
2025-12-25T12:40:00.249651,12530.387,4498,Index,motor_2_open,51.0,35.0625,6,31.0,30.0,29.0,30.0,30.0,29.0,31.0,30.0,30.0,32.0,32.0,51.0,48.0,42.0,44.0,42.0
2025-12-25T12:40:01.145616,12531.283,4499,Index,motor_1_flexed,51.0,35.0,6,31.0,30.0,29.0,30.0,30.0,29.0,31.0,30.0,30.0,32.0,32.0,51.0,48.0,42.0,44.0,41.0
2025-12-25T12:40:03.033608,12533.171,4499,Index,motor_1_open,51.0,35.0625,6,31.0,30.0,29.0,30.0,30.0,29.0,31.0,30.0,30.0,32.0,32.0,51.0,48.0,42.0,44.0,42.0
2025-12-25T12:40:03.929505,12534.07,4500,Index,motor_3_flexed,51.0,35.0,6,31.0,30.0,29.0,30.0,30.0,29.0,31.0,30.0,30.0,32.0,32.0,51.0,48.0,42.0,44.0,41.0
2025-12-25T12:40:05.817428,12535.954,4500,Index,motor_3_open,51.0,35.0625,6,31.0,30.0,29.0,30.0,30.0,29.0,31.0,30.0,30.0,32.0,32.0,51.0,48.0,42.0,44.0,42.0
2025-12-25T12:40:06.713394,12536.85,4501,Middle,motor_11_flexed,51.0,35.125,6,31.0,30.0,29.0,30.0,30.0,29.0,31.0,30.0,30.0,32.0,32.0,51.0,48.0,42.0,45.0,42.0
2025-12-25T12:40:08.601317,12538.732,4501,Middle,motor_11_open,51.0,35.0625,6,31.0,30.0,29.0,30.0,30.0,29.0,31.0,30.0,30.0,32.0,32.0,51.0,48.0,42.0,44.0,42.0
2025-12-25T12:40:09.497283,12539.634,4502,Middle,motor_10_flexed,51.0,35.0625,6,31.0,30.0,29.0,30.0,30.0,29.0,31.0,30.0,30.0,32.0,32.0,51.0,48.0,42.0,44.0,42.0
2025-12-25T12:40:10.585243,12540.724,4502,Middle,motor_10_flex_hold,51.0,35.0,6,31.0,30.0,29.0,30.0,30.0,29.0,31.0,30.0,30.0,32.0,32.0,51.0,48.0,42.0,44.0,41.0
2025-12-25T12:40:11.385205,12541.523,4502,Middle,motor_10_open,51.0,35.0625,6,31.0,30.0,29.0,30.0,30.0,29.0,31.0,30.0,30.0,32.0,32.0,51.0,48.0,42.0,44.0,42.0
2025-12-25T12:40:12.281170,12542.418,4503,Ring,motor_4_flexed,51.0,35.0625,6,31.0,30.0,29.0,30.0,30.0,29.0,31.0,30.0,30.0,32.0,32.0,51.0,48.0,42.0,44.0,42.0
2025-12-25T12:40:14.169091,12544.309,4503,Ring,motor_4_open,51.0,35.0625,6,31.0,30.0,29.0,30.0,30.0,29.0,31.0,30.0,30.0,32.0,32.0,51.0,48.0,42.0,44.0,42.0
2025-12-25T12:40:15.065055,12545.203,4504,Ring,motor_5_flexed,51.0,35.0625,6,31.0,30.0,29.0,30.0,30.0,29.0,31.0,30.0,30.0,32.0,32.0,51.0,48.0,42.0,44.0,42.0
2025-12-25T12:40:16.952980,12547.09,4504,Ring,motor_5_open,51.0,35.125,6,31.0,30.0,29.0,30.0,30.0,29.0,31.0,30.0,30.0,32.0,32.0,51.0,48.0,42.0,45.0,42.0
2025-12-25T12:40:17.848945,12547.986,4505,Ring,motor_6_flexed,51.0,35.0625,6,31.0,30.0,29.0,30.0,30.0,29.0,31.0,30.0,30.0,32.0,32.0,51.0,48.0,42.0,44.0,42.0
2025-12-25T12:40:19.736872,12549.874,4505,Ring,motor_6_open,51.0,35.0625,6,31.0,30.0,29.0,30.0,30.0,29.0,31.0,30.0,30.0,32.0,32.0,51.0,48.0,42.0,44.0,42.0
2025-12-25T12:40:20.632833,12550.772,4506,Pinky,motor_7_flexed,51.0,35.0625,6,31.0,30.0,29.0,30.0,30.0,29.0,31.0,30.0,30.0,32.0,32.0,51.0,48.0,42.0,44.0,42.0
2025-12-25T12:40:22.520757,12552.657,4506,Pinky,motor_7_open,51.0,35.125,6,31.0,30.0,29.0,31.0,30.0,29.0,31.0,30.0,30.0,32.0,32.0,51.0,48.0,42.0,44.0,42.0
2025-12-25T12:40:23.416722,12553.555,4507,Pinky,motor_8_flexed,51.0,35.0625,6,31.0,30.0,29.0,30.0,30.0,29.0,31.0,30.0,30.0,32.0,32.0,51.0,48.0,42.0,44.0,42.0
2025-12-25T12:40:25.304638,12555.44,4507,Pinky,motor_8_open,51.0,35.0625,6,31.0,30.0,29.0,30.0,30.0,29.0,31.0,30.0,30.0,32.0,32.0,51.0,48.0,42.0,44.0,42.0
2025-12-25T12:40:26.200607,12556.34,4508,Pinky,motor_9_flexed,51.0,35.0625,6,31.0,30.0,29.0,30.0,30.0,29.0,31.0,30.0,30.0,32.0,32.0,51.0,48.0,42.0,44.0,42.0
2025-12-25T12:40:28.088530,12558.226,4508,Pinky,motor_9_open,51.0,35.125,6,31.0,30.0,29.0,30.0,30.0,29.0,31.0,30.0,30.0,32.0,32.0,51.0,48.0,42.0,45.0,42.0
2025-12-25T12:40:28.984497,12559.123,4509,Thumb,motor_13_flexed,51.0,35.0625,6,31.0,30.0,29.0,30.0,30.0,29.0,31.0,30.0,30.0,32.0,32.0,51.0,48.0,42.0,44.0,42.0
2025-12-25T12:40:30.872416,12561.012,4509,Thumb,motor_13_open,51.0,35.125,6,31.0,30.0,29.0,30.0,30.0,29.0,31.0,30.0,30.0,32.0,32.0,51.0,48.0,42.0,45.0,42.0
2025-12-25T12:40:31.768370,12561.904,4510,Thumb,motor_14_flexed,51.0,35.125,6,31.0,30.0,29.0,30.0,30.0,29.0,31.0,30.0,30.0,32.0,32.0,51.0,48.0,42.0,44.0,43.0
2025-12-25T12:40:33.656304,12563.796,4510,Thumb,motor_14_open,51.0,35.0625,6,31.0,30.0,29.0,30.0,30.0,29.0,31.0,30.0,30.0,32.0,32.0,51.0,48.0,42.0,44.0,42.0
2025-12-25T12:40:34.552271,12564.692,4511,Thumb,motor_12_flexed,51.0,35.125,6,31.0,30.0,29.0,30.0,30.0,29.0,31.0,30.0,30.0,32.0,32.0,51.0,48.0,42.0,45.0,42.0
2025-12-25T12:40:36.440189,12566.579,4511,Thumb,motor_12_open,51.0,35.0625,6,31.0,30.0,29.0,30.0,30.0,29.0,31.0,30.0,30.0,32.0,32.0,51.0,48.0,42.0,44.0,42.0
2025-12-25T12:40:37.336157,12567.475,4512,Index,motor_2_flexed,51.0,35.0,6,31.0,30.0,29.0,30.0,30.0,29.0,31.0,30.0,30.0,32.0,32.0,51.0,48.0,42.0,44.0,41.0
2025-12-25T12:40:39.224080,12569.363,4512,Index,motor_2_open,51.0,35.0625,6,31.0,30.0,29.0,30.0,30.0,29.0,31.0,30.0,30.0,32.0,32.0,51.0,48.0,42.0,44.0,42.0
2025-12-25T12:40:40.120045,12570.257,4513,Index,motor_1_flexed,51.0,35.0,6,31.0,30.0,29.0,30.0,30.0,29.0,31.0,30.0,30.0,32.0,32.0,51.0,48.0,42.0,44.0,41.0
2025-12-25T12:40:42.007966,12572.146,4513,Index,motor_1_open,51.0,35.0625,6,31.0,30.0,29.0,30.0,30.0,29.0,31.0,30.0,30.0,32.0,32.0,51.0,48.0,42.0,44.0,42.0
2025-12-25T12:40:42.903945,12573.044,4514,Index,motor_3_flexed,51.0,35.0625,6,31.0,30.0,29.0,30.0,30.0,29.0,31.0,30.0,30.0,32.0,32.0,51.0,48.0,42.0,44.0,42.0
2025-12-25T12:40:44.791884,12574.93,4514,Index,motor_3_open,51.0,35.0625,6,31.0,30.0,29.0,30.0,30.0,29.0,31.0,30.0,30.0,32.0,32.0,51.0,48.0,42.0,44.0,42.0
2025-12-25T12:40:45.687847,12575.828,4515,Middle,motor_11_flexed,51.0,35.125,6,31.0,30.0,29.0,30.0,30.0,29.0,31.0,30.0,30.0,32.0,32.0,51.0,48.0,42.0,45.0,42.0
2025-12-25T12:40:47.575781,12577.715,4515,Middle,motor_11_open,51.0,35.0625,6,31.0,30.0,29.0,30.0,30.0,29.0,31.0,30.0,30.0,32.0,32.0,51.0,48.0,42.0,44.0,42.0
2025-12-25T12:40:48.471702,12578.612,4516,Middle,motor_10_flexed,51.0,35.0625,6,31.0,30.0,29.0,30.0,30.0,29.0,31.0,30.0,30.0,32.0,32.0,51.0,48.0,42.0,44.0,42.0
2025-12-25T12:40:50.359660,12580.499,4516,Middle,motor_10_open,51.0,35.0,6,31.0,30.0,29.0,30.0,30.0,29.0,31.0,30.0,30.0,32.0,32.0,51.0,48.0,42.0,44.0,41.0
2025-12-25T12:40:51.255624,12581.396,4517,Ring,motor_4_flexed,51.0,35.0625,6,31.0,30.0,29.0,30.0,30.0,29.0,31.0,30.0,30.0,32.0,32.0,51.0,48.0,42.0,44.0,42.0
2025-12-25T12:40:53.159547,12583.297,4517,Ring,motor_4_open,51.0,35.0625,6,31.0,30.0,29.0,30.0,30.0,29.0,31.0,30.0,30.0,32.0,32.0,51.0,48.0,42.0,44.0,42.0
2025-12-25T12:40:54.055512,12584.194,4518,Ring,motor_5_flexed,51.0,35.0625,6,31.0,30.0,29.0,30.0,30.0,29.0,31.0,30.0,30.0,32.0,32.0,51.0,48.0,42.0,44.0,42.0
2025-12-25T12:40:55.943434,12586.081,4518,Ring,motor_5_open,51.0,35.0625,6,31.0,30.0,29.0,30.0,30.0,29.0,31.0,30.0,30.0,32.0,32.0,51.0,48.0,42.0,44.0,42.0
2025-12-25T12:40:56.839395,12586.977,4519,Ring,motor_6_flexed,51.0,35.0625,6,31.0,30.0,29.0,30.0,30.0,29.0,31.0,30.0,30.0,32.0,32.0,51.0,48.0,42.0,44.0,42.0
2025-12-25T12:40:58.727307,12588.863,4519,Ring,motor_6_open,51.0,35.0625,6,31.0,30.0,29.0,30.0,30.0,29.0,31.0,30.0,30.0,32.0,32.0,51.0,48.0,42.0,44.0,42.0
2025-12-25T12:40:59.623272,12589.762,4520,Pinky,motor_7_flexed,51.0,35.0625,6,31.0,30.0,29.0,30.0,30.0,29.0,31.0,30.0,30.0,32.0,32.0,51.0,48.0,42.0,44.0,42.0
2025-12-25T12:41:01.511209,12591.651,4520,Pinky,motor_7_open,51.0,35.0625,6,31.0,30.0,29.0,30.0,30.0,29.0,31.0,30.0,30.0,32.0,32.0,51.0,48.0,42.0,44.0,42.0
2025-12-25T12:41:02.407158,12592.547,4521,Pinky,motor_8_flexed,51.0,35.0625,6,31.0,30.0,29.0,30.0,30.0,29.0,31.0,30.0,30.0,32.0,32.0,51.0,48.0,42.0,44.0,42.0
2025-12-25T12:41:04.295070,12594.429,4521,Pinky,motor_8_open,51.0,35.0,6,31.0,30.0,29.0,30.0,30.0,29.0,31.0,30.0,30.0,32.0,32.0,51.0,48.0,42.0,44.0,41.0
2025-12-25T12:41:05.191021,12595.327,4522,Pinky,motor_9_flexed,51.0,35.125,6,31.0,30.0,29.0,30.0,30.0,29.0,31.0,30.0,30.0,32.0,32.0,51.0,48.0,42.0,45.0,42.0
2025-12-25T12:41:07.078953,12597.217,4522,Pinky,motor_9_open,51.0,35.0625,6,31.0,30.0,29.0,30.0,30.0,29.0,31.0,30.0,30.0,32.0,32.0,51.0,48.0,42.0,44.0,42.0
2025-12-25T12:41:07.974936,12598.112,4523,Thumb,motor_13_flexed,51.0,35.0625,6,31.0,30.0,29.0,30.0,30.0,29.0,31.0,31.0,30.0,32.0,32.0,51.0,48.0,42.0,44.0,41.0
2025-12-25T12:41:09.862846,12600.001,4523,Thumb,motor_13_open,51.0,35.125,6,31.0,30.0,29.0,30.0,30.0,29.0,31.0,30.0,30.0,32.0,32.0,51.0,48.0,42.0,45.0,42.0
